id_data,ano,mes,dia,id_dia_semana,periodo,br,id_causa_acidente,id_tipo_acidente,id_uso_solo,pessoas,veiculos
44955,2023,1,29,1,4,116,67,10,0,4,3
44955,2023,1,29,1,4,40,49,10,1,2,2
44955,2023,1,29,1,4,163,49,10,1,2,2
44955,2023,1,29,1,4,101,80,7,1,2,2
44956,2023,1,30,2,1,116,11,12,1,2,2
44956,2023,1,30,2,2,50,18,12,0,2,2
44956,2023,1,30,2,2,116,16,12,0,3,3
44956,2023,1,30,2,2,20,18,20,0,2,1
44956,2023,1,30,2,1,40,16,15,1,4,3
44956,2023,1,30,2,2,101,67,9,1,5,4
44956,2023,1,30,2,2,381,16,12,1,3,2
44954,2023,1,28,7,4,381,13,21,0,1,1
44956,2023,1,30,2,2,101,83,21,0,3,2
44956,2023,1,30,2,2,101,16,12,1,2,2
44956,2023,1,30,2,2,101,33,9,1,2,2
44956,2023,1,30,2,2,101,11,12,1,6,6
44956,2023,1,30,2,2,101,67,4,0,1,1
44956,2023,1,30,2,2,470,16,12,0,3,2
44956,2023,1,30,2,2,40,28,18,0,1,1
44956,2023,1,30,2,2,116,1,11,1,3,3
44956,2023,1,30,2,2,158,1,11,0,2,2
44956,2023,1,30,2,2,116,80,7,0,2,2
44956,2023,1,30,2,3,386,28,18,0,1,1
44956,2023,1,30,2,3,116,83,9,0,2,2
44956,2023,1,30,2,3,277,83,21,0,1,1
44956,2023,1,30,2,3,282,51,9,1,2,2
44944,2023,1,18,4,3,40,4,20,0,2,1
44956,2023,1,30,2,3,365,4,20,0,1,1
44956,2023,1,30,2,3,354,83,21,0,1,1
44956,2023,1,30,2,3,153,2,21,0,3,2
44956,2023,1,30,2,3,277,67,20,0,2,2
44956,2023,1,30,2,3,116,11,12,0,3,2
44951,2023,1,25,4,1,222,2,12,0,3,2
44956,2023,1,30,2,3,376,83,21,0,1,1
44956,2023,1,30,2,4,163,16,12,0,2,2
44956,2023,1,30,2,3,116,67,9,0,4,4
44956,2023,1,30,2,4,101,11,21,0,1,1
44956,2023,1,30,2,3,407,11,20,0,2,1
44956,2023,1,30,2,4,101,1,12,1,2,2
44956,2023,1,30,2,4,282,80,7,0,4,2
44956,2023,1,30,2,4,262,80,10,0,6,2
44956,2023,1,30,2,4,116,80,7,1,3,3
44957,2023,1,31,3,1,285,16,12,0,2,2
44957,2023,1,31,3,1,470,11,20,0,1,1
44957,2023,1,31,3,1,277,80,7,0,2,2
44957,2023,1,31,3,1,381,52,10,0,2,2
44956,2023,1,30,2,4,70,67,20,0,1,1
44957,2023,1,31,3,2,104,65,3,0,1,1
44957,2023,1,31,3,2,70,11,21,0,1,1
44957,2023,1,31,3,2,163,67,9,1,2,2
44941,2023,1,15,1,4,470,83,7,1,4,2
44957,2023,1,31,3,2,153,80,7,0,4,3
44957,2023,1,31,3,2,116,11,10,0,8,2
44957,2023,1,31,3,2,101,64,4,0,2,1
44957,2023,1,31,3,2,101,1,9,0,3,2
44957,2023,1,31,3,2,468,33,11,0,2,2
44957,2023,1,31,3,1,163,83,21,0,2,1
44957,2023,1,31,3,2,153,80,7,0,3,2
44957,2023,1,31,3,2,101,51,12,1,2,2
44957,2023,1,31,3,2,116,12,9,0,3,2
44957,2023,1,31,3,2,290,52,9,1,2,2
44957,2023,1,31,3,2,365,1,21,0,2,2
44957,2023,1,31,3,3,116,67,12,1,2,2
44957,2023,1,31,3,3,116,67,9,0,6,3
44957,2023,1,31,3,2,381,14,4,0,3,3
44957,2023,1,31,3,2,101,1,11,0,2,2
44957,2023,1,31,3,2,116,63,21,1,2,2
44957,2023,1,31,3,2,364,16,9,0,2,2
44957,2023,1,31,3,2,163,52,9,0,2,2
44957,2023,1,31,3,2,163,1,11,0,2,2
44957,2023,1,31,3,2,365,83,7,0,7,3
44957,2023,1,31,3,3,282,83,9,0,3,3
44957,2023,1,31,3,3,50,51,20,0,2,1
44957,2023,1,31,3,3,376,65,4,0,2,2
44957,2023,1,31,3,3,116,11,9,1,3,3
44957,2023,1,31,3,3,101,16,12,1,2,2
44957,2023,1,31,3,3,116,1,9,1,2,2
44957,2023,1,31,3,3,163,11,12,1,2,2
44957,2023,1,31,3,3,101,11,12,0,3,2
44957,2023,1,31,3,3,40,67,4,0,1,1
44957,2023,1,31,3,4,470,33,11,0,2,2
44946,2023,1,20,6,1,116,67,12,0,5,5
44957,2023,1,31,3,3,277,21,21,0,1,1
44951,2023,1,25,4,4,282,28,21,0,1,1
44957,2023,1,31,3,4,116,7,20,0,4,1
44958,2023,2,1,4,1,116,28,18,1,2,2
44957,2023,1,31,3,4,116,1,2,0,2,2
44958,2023,2,1,4,1,232,28,21,0,2,1
44958,2023,2,1,4,1,153,53,7,0,2,2
44957,2023,1,31,3,4,101,83,12,0,2,2
44958,2023,2,1,4,1,277,67,12,0,24,2
44958,2023,2,1,4,1,153,18,7,0,4,2
44958,2023,2,1,4,1,282,80,10,0,3,2
44957,2023,1,31,3,4,251,18,21,0,1,1
44946,2023,1,20,6,4,277,33,11,1,2,2
44957,2023,1,31,3,4,381,11,18,0,1,1
44958,2023,2,1,4,2,153,52,9,1,3,3
44958,2023,2,1,4,2,116,11,12,0,3,2
44958,2023,2,1,4,2,104,67,20,0,2,1
44958,2023,2,1,4,2,163,67,15,1,3,3
44958,2023,2,1,4,1,381,83,9,0,3,2
44958,2023,2,1,4,2,101,52,12,1,2,2
44958,2023,2,1,4,2,101,16,12,1,3,2
44958,2023,2,1,4,2,101,52,9,1,4,3
44958,2023,2,1,4,2,423,60,2,1,2,2
44948,2023,1,22,1,2,60,55,12,0,2,2
44943,2023,1,17,3,3,50,16,15,0,8,4
44958,2023,2,1,4,2,376,67,15,1,9,6
44958,2023,2,1,4,2,285,67,11,0,4,4
44938,2023,1,12,5,2,20,52,12,0,3,2
44958,2023,2,1,4,2,386,52,9,1,2,2
44958,2023,2,1,4,2,116,28,18,0,1,1
44957,2023,1,31,3,1,393,83,21,0,1,1
44958,2023,2,1,4,3,277,82,7,0,2,2
44958,2023,2,1,4,3,116,1,11,1,2,2
44929,2023,1,3,3,1,116,18,7,0,4,2
44958,2023,2,1,4,3,316,28,18,1,1,1
44958,2023,2,1,4,3,60,11,21,0,2,2
44958,2023,2,1,4,3,116,49,12,0,2,2
44958,2023,2,1,4,3,163,15,20,0,4,3
44958,2023,2,1,4,3,277,83,21,0,1,1
44958,2023,2,1,4,2,381,1,12,0,2,2
44958,2023,2,1,4,4,376,16,9,0,7,3
44959,2023,2,2,5,1,116,11,12,0,3,2
44958,2023,2,1,4,4,70,67,12,1,3,2
44959,2023,2,2,5,1,222,18,20,0,5,2
44958,2023,2,1,4,4,412,67,7,0,3,2
44959,2023,2,2,5,1,116,67,20,0,1,1
44959,2023,2,2,5,1,40,28,20,0,1,1
44959,2023,2,2,5,2,381,14,21,0,1,1
44959,2023,2,2,5,1,262,18,20,0,1,1
44959,2023,2,2,5,2,163,52,10,0,2,2
44958,2023,2,1,4,4,210,1,10,0,2,2
44959,2023,2,2,5,2,101,57,7,1,4,4
44959,2023,2,2,5,2,407,18,20,0,1,1
44959,2023,2,2,5,2,40,78,12,1,3,3
44959,2023,2,2,5,2,316,1,11,1,2,2
44959,2023,2,2,5,2,163,1,11,1,4,3
44959,2023,2,2,5,2,381,67,15,0,5,4
44959,2023,2,2,5,2,163,11,21,0,1,1
44959,2023,2,2,5,2,116,67,15,1,9,8
44959,2023,2,2,5,2,101,35,2,0,2,2
44959,2023,2,2,5,2,116,11,12,1,3,2
44959,2023,2,2,5,2,304,1,12,1,9,3
44959,2023,2,2,5,2,153,11,21,0,1,1
44959,2023,2,2,5,2,101,67,9,1,2,2
44959,2023,2,2,5,2,116,83,21,0,1,1
44959,2023,2,2,5,2,101,1,11,0,3,2
44959,2023,2,2,5,2,364,63,9,0,2,2
44959,2023,2,2,5,3,153,20,7,0,3,2
44959,2023,2,2,5,3,101,11,12,0,3,2
44959,2023,2,2,5,3,324,16,12,1,2,2
44959,2023,2,2,5,3,251,67,21,0,1,1
44959,2023,2,2,5,3,251,67,20,0,1,1
44959,2023,2,2,5,3,116,67,12,0,2,2
44959,2023,2,2,5,3,101,67,12,0,2,2
44959,2023,2,2,5,3,153,72,7,0,2,2
44959,2023,2,2,5,3,116,11,12,0,3,2
44959,2023,2,2,5,3,280,83,21,0,1,1
44959,2023,2,2,5,4,116,67,7,0,2,2
44959,2023,2,2,5,4,364,28,18,0,1,1
44959,2023,2,2,5,2,116,11,9,0,3,2
44959,2023,2,2,5,3,242,28,18,0,1,1
44959,2023,2,2,5,3,277,67,7,0,6,3
44959,2023,2,2,5,3,163,52,7,0,2,2
44959,2023,2,2,5,4,116,80,7,0,2,2
44959,2023,2,2,5,4,230,82,9,1,2,2
44959,2023,2,2,5,4,116,63,20,0,1,1
44960,2023,2,3,6,1,101,52,9,1,4,2
44960,2023,2,3,6,1,277,11,12,0,3,2
44959,2023,2,2,5,4,242,9,1,0,2,1
44960,2023,2,3,6,1,262,18,20,0,1,1
44960,2023,2,3,6,1,470,15,20,0,2,2
44960,2023,2,3,6,1,101,11,12,0,2,2
44960,2023,2,3,6,1,222,49,7,0,4,2
44960,2023,2,3,6,1,101,1,4,1,2,2
44960,2023,2,3,6,2,470,64,9,0,3,3
44960,2023,2,3,6,2,116,16,12,0,2,2
44960,2023,2,3,6,2,381,60,2,0,4,2
44960,2023,2,3,6,2,381,67,4,0,1,1
44960,2023,2,3,6,2,135,52,12,1,4,4
44960,2023,2,3,6,2,226,80,7,0,2,2
44960,2023,2,3,6,2,101,1,11,1,2,2
44960,2023,2,3,6,2,470,82,11,0,2,2
44960,2023,2,3,6,2,101,82,9,1,2,2
44960,2023,2,3,6,2,70,1,9,0,4,2
44960,2023,2,3,6,2,20,51,9,1,3,2
44960,2023,2,3,6,2,463,15,20,0,2,1
44960,2023,2,3,6,2,376,52,9,1,3,2
44960,2023,2,3,6,2,262,11,20,0,2,1
44960,2023,2,3,6,2,116,49,10,0,2,2
44960,2023,2,3,6,2,381,67,12,0,2,2
44960,2023,2,3,6,2,470,80,7,0,2,2
44960,2023,2,3,6,2,163,80,10,0,4,4
44960,2023,2,3,6,3,448,13,20,0,1,1
44960,2023,2,3,6,2,116,83,21,0,1,1
44960,2023,2,3,6,3,153,67,3,0,4,1
44960,2023,2,3,6,3,20,64,20,1,1,1
44960,2023,2,3,6,3,20,64,20,1,1,1
44960,2023,2,3,6,3,116,5,21,0,3,2
44960,2023,2,3,6,3,277,83,21,1,1,1
44960,2023,2,3,6,2,135,52,12,1,2,2
44960,2023,2,3,6,3,163,41,2,0,2,2
44960,2023,2,3,6,3,116,1,2,0,3,3
44960,2023,2,3,6,3,116,28,21,1,1,1
44960,2023,2,3,6,3,101,67,12,1,2,2
44960,2023,2,3,6,3,293,15,20,0,1,1
44960,2023,2,3,6,3,153,63,11,0,2,2
44960,2023,2,3,6,3,153,11,11,0,2,2
44960,2023,2,3,6,3,230,80,7,0,4,3
44960,2023,2,3,6,3,163,52,10,0,2,2
44960,2023,2,3,6,4,262,21,10,0,2,2
44960,2023,2,3,6,3,70,11,20,0,1,1
44960,2023,2,3,6,3,324,52,12,1,3,2
44960,2023,2,3,6,4,153,1,11,0,3,3
44960,2023,2,3,6,3,116,1,11,0,3,2
44960,2023,2,3,6,1,135,18,20,0,1,1
44960,2023,2,3,6,4,467,50,12,0,3,3
44960,2023,2,3,6,4,230,28,18,0,1,1
44961,2023,2,4,7,1,50,67,4,0,1,1
44960,2023,2,3,6,4,116,80,7,1,3,3
44961,2023,2,4,7,1,163,64,20,0,1,1
44961,2023,2,4,7,1,101,16,12,1,5,2
44961,2023,2,4,7,1,101,80,10,0,2,2
44960,2023,2,3,6,4,116,49,12,0,2,2
44961,2023,2,4,7,1,116,11,20,0,1,1
44961,2023,2,4,7,2,153,11,4,0,1,1
44948,2023,1,22,1,4,290,82,7,0,2,2
44960,2023,2,3,6,3,158,83,21,0,2,2
44960,2023,2,3,6,4,365,28,18,0,1,1
44961,2023,2,4,7,2,101,52,12,1,5,2
44961,2023,2,4,7,2,386,36,9,1,3,3
44961,2023,2,4,7,2,153,16,12,1,3,3
44961,2023,2,4,7,2,116,52,9,1,5,2
44961,2023,2,4,7,2,230,2,7,1,2,2
44961,2023,2,4,7,2,376,67,12,1,2,2
44961,2023,2,4,7,2,116,67,21,0,1,1
44961,2023,2,4,7,2,262,18,20,0,1,1
44961,2023,2,4,7,2,381,52,12,1,4,3
44961,2023,2,4,7,2,101,11,21,0,3,1
44961,2023,2,4,7,3,101,82,9,1,3,3
44961,2023,2,4,7,3,230,16,12,1,3,2
44953,2023,1,27,6,4,262,9,20,1,1,1
44961,2023,2,4,7,3,163,52,11,0,3,2
44961,2023,2,4,7,3,163,67,11,1,4,2
44961,2023,2,4,7,3,364,11,20,0,1,1
44961,2023,2,4,7,3,104,65,21,0,1,1
44961,2023,2,4,7,3,163,33,11,0,2,2
44961,2023,2,4,7,3,242,67,20,0,1,1
44961,2023,2,4,7,3,381,80,10,0,4,2
44961,2023,2,4,7,3,110,49,7,1,4,2
44961,2023,2,4,7,4,277,49,7,1,2,2
44961,2023,2,4,7,3,364,52,9,0,2,2
44961,2023,2,4,7,4,101,52,7,0,2,2
44961,2023,2,4,7,4,116,52,9,0,2,2
44961,2023,2,4,7,3,158,83,20,0,3,3
44961,2023,2,4,7,3,277,48,12,1,2,2
44961,2023,2,4,7,4,242,49,11,0,2,2
44961,2023,2,4,7,4,153,63,12,0,2,2
44959,2023,2,2,5,4,101,67,20,0,1,1
44961,2023,2,4,7,3,116,16,9,0,2,2
44961,2023,2,4,7,4,316,80,7,0,5,2
44961,2023,2,4,7,4,50,65,12,1,3,2
44961,2023,2,4,7,3,158,14,18,1,1,1
44961,2023,2,4,7,2,158,82,7,0,2,2
44961,2023,2,4,7,4,116,60,2,0,2,2
44962,2023,2,5,1,1,101,18,7,0,2,2
44962,2023,2,5,1,1,40,11,4,0,1,1
44962,2023,2,5,1,1,386,80,7,1,3,2
44962,2023,2,5,1,1,430,80,7,0,18,2
44962,2023,2,5,1,1,116,38,11,0,2,2
44962,2023,2,5,1,1,262,18,20,0,1,1
44962,2023,2,5,1,2,316,65,2,0,2,2
44961,2023,2,4,7,1,452,49,7,0,2,2
44962,2023,2,5,1,2,452,65,18,0,1,1
44946,2023,1,20,6,4,376,76,12,0,2,2
44946,2023,1,20,6,3,280,16,12,0,2,2
44961,2023,2,4,7,3,116,52,10,0,2,2
44962,2023,2,5,1,2,70,49,20,1,2,1
44962,2023,2,5,1,2,101,3,21,0,1,1
44962,2023,2,5,1,3,423,28,20,0,1,1
44962,2023,2,5,1,3,277,11,10,0,4,3
44962,2023,2,5,1,1,101,11,12,1,2,2
44962,2023,2,5,1,3,277,49,4,0,2,2
44962,2023,2,5,1,3,101,49,4,1,2,2
44962,2023,2,5,1,3,381,67,7,0,2,2
44962,2023,2,5,1,4,101,52,9,0,3,3
44962,2023,2,5,1,4,116,49,7,0,2,2
44962,2023,2,5,1,3,316,82,9,0,3,2
44962,2023,2,5,1,4,153,67,10,0,11,2
44962,2023,2,5,1,4,226,80,7,0,4,2
44963,2023,2,6,2,1,101,67,12,1,3,3
44963,2023,2,6,2,1,153,11,11,0,3,2
44963,2023,2,6,2,1,153,60,2,0,2,2
44963,2023,2,6,2,1,290,80,10,0,2,2
44963,2023,2,6,2,2,470,11,4,1,1,1
44963,2023,2,6,2,2,393,83,21,0,1,1
44963,2023,2,6,2,1,50,83,20,0,2,2
44963,2023,2,6,2,2,304,11,9,1,2,2
44963,2023,2,6,2,2,116,1,9,1,2,2
44962,2023,2,5,1,3,158,11,21,0,1,1
44963,2023,2,6,2,2,467,52,9,1,2,2
44963,2023,2,6,2,2,386,18,7,0,2,2
44963,2023,2,6,2,2,101,11,12,1,3,3
44945,2023,1,19,5,1,153,52,7,0,2,2
44963,2023,2,6,2,2,381,15,7,0,2,2
44963,2023,2,6,2,2,60,11,12,0,2,2
44963,2023,2,6,2,2,40,61,2,0,2,2
44963,2023,2,6,2,2,163,1,11,1,3,2
44963,2023,2,6,2,2,40,67,20,0,1,1
44963,2023,2,6,2,1,262,18,21,0,1,1
44963,2023,2,6,2,2,153,33,11,1,26,2
44963,2023,2,6,2,2,116,35,2,1,2,2
44960,2023,2,3,6,2,476,28,20,0,2,1
44963,2023,2,6,2,2,116,28,12,1,2,2
44963,2023,2,6,2,2,116,28,18,1,1,1
44963,2023,2,6,2,2,153,63,4,0,1,1
44963,2023,2,6,2,3,408,16,12,1,2,2
44939,2023,1,13,6,3,282,16,12,0,4,4
44963,2023,2,6,2,2,282,65,21,0,1,1
44963,2023,2,6,2,3,158,1,11,1,2,2
44963,2023,2,6,2,3,230,52,9,1,4,3
44963,2023,2,6,2,3,116,4,9,0,2,2
44963,2023,2,6,2,3,116,67,4,1,2,2
44963,2023,2,6,2,3,101,16,12,1,4,2
44963,2023,2,6,2,2,70,15,7,0,2,2
44963,2023,2,6,2,3,101,1,11,1,2,2
44963,2023,2,6,2,3,153,83,12,0,2,2
44963,2023,2,6,2,3,376,52,9,0,4,3
44963,2023,2,6,2,3,116,20,7,1,5,2
44963,2023,2,6,2,3,393,82,9,0,2,2
44963,2023,2,6,2,3,116,80,7,0,3,3
44963,2023,2,6,2,3,230,52,9,0,4,3
44963,2023,2,6,2,4,285,52,10,1,2,2
44963,2023,2,6,2,4,20,67,4,0,1,1
44963,2023,2,6,2,3,262,80,20,0,8,2
44963,2023,2,6,2,2,40,16,9,1,2,2
44963,2023,2,6,2,3,158,11,20,0,1,1
44963,2023,2,6,2,4,116,49,11,1,2,2
44963,2023,2,6,2,4,376,28,18,1,2,2
44963,2023,2,6,2,4,101,11,21,0,1,1
44963,2023,2,6,2,4,230,80,7,0,2,2
44964,2023,2,7,3,1,116,67,12,0,3,3
44964,2023,2,7,3,2,423,16,12,0,2,2
44964,2023,2,7,3,2,285,1,11,1,2,2
44964,2023,2,7,3,2,232,1,12,1,3,3
44964,2023,2,7,3,2,116,16,12,0,2,2
44953,2023,1,27,6,3,158,1,21,0,3,3
44952,2023,1,26,5,4,392,33,11,1,3,2
44964,2023,2,7,3,2,116,51,4,1,3,3
44964,2023,2,7,3,2,153,65,12,0,3,3
44964,2023,2,7,3,3,116,11,12,0,3,2
44964,2023,2,7,3,2,364,16,12,1,4,2
44947,2023,1,21,7,1,470,80,7,0,5,2
44964,2023,2,7,3,3,40,11,12,0,3,3
44964,2023,2,7,3,3,116,1,9,1,2,2
44964,2023,2,7,3,3,101,67,20,0,1,1
44964,2023,2,7,3,3,116,16,15,0,5,5
44964,2023,2,7,3,2,282,80,7,0,4,3
44964,2023,2,7,3,3,153,49,9,0,2,2
44964,2023,2,7,3,3,40,4,15,1,8,3
44964,2023,2,7,3,2,470,67,20,0,1,1
44964,2023,2,7,3,3,251,83,10,0,2,2
44964,2023,2,7,3,3,101,52,9,1,4,2
44957,2023,1,31,3,4,277,82,7,1,7,3
44964,2023,2,7,3,3,232,11,12,0,4,2
44964,2023,2,7,3,4,116,18,4,0,3,3
44964,2023,2,7,3,4,232,67,21,0,2,2
44929,2023,1,3,3,3,386,16,12,1,2,2
44964,2023,2,7,3,3,316,29,7,0,2,2
44964,2023,2,7,3,4,386,52,11,0,2,2
44964,2023,2,7,3,4,116,36,9,1,6,4
44964,2023,2,7,3,4,153,67,21,0,1,1
44964,2023,2,7,3,3,343,15,4,0,2,2
44964,2023,2,7,3,4,381,28,18,1,1,1
44964,2023,2,7,3,3,365,28,20,0,1,1
44964,2023,2,7,3,4,70,67,21,0,1,1
44965,2023,2,8,4,1,406,11,20,1,1,1
44964,2023,2,7,3,4,476,67,7,0,2,2
44964,2023,2,7,3,4,116,67,21,0,1,1
44965,2023,2,8,4,1,381,67,12,0,2,2
44965,2023,2,8,4,1,364,11,20,0,2,1
44965,2023,2,8,4,1,153,82,7,0,5,2
44965,2023,2,8,4,1,101,14,14,0,2,2
44965,2023,2,8,4,1,153,16,12,1,2,2
44965,2023,2,8,4,2,101,66,21,0,1,1
44965,2023,2,8,4,1,163,67,10,0,2,2
44965,2023,2,8,4,2,386,28,7,0,2,2
44957,2023,1,31,3,4,381,52,9,1,3,2
44965,2023,2,8,4,2,277,16,15,1,4,3
44965,2023,2,8,4,2,101,2,11,1,2,2
44965,2023,2,8,4,2,116,67,20,0,3,2
44965,2023,2,8,4,2,116,1,2,1,2,2
44965,2023,2,8,4,2,290,80,10,0,5,2
44964,2023,2,7,3,1,476,83,7,0,3,3
44965,2023,2,8,4,2,356,18,10,0,2,2
44965,2023,2,8,4,2,369,67,9,0,2,2
44965,2023,2,8,4,2,101,1,11,0,9,3
44965,2023,2,8,4,2,158,1,11,1,2,2
44951,2023,1,25,4,2,277,16,12,0,8,2
44965,2023,2,8,4,3,153,28,18,0,2,2
44949,2023,1,23,2,3,365,15,7,0,3,2
44965,2023,2,8,4,2,163,11,12,1,3,3
44965,2023,2,8,4,3,116,67,12,1,5,3
44959,2023,2,2,5,3,476,49,9,0,2,2
44965,2023,2,8,4,3,101,15,20,0,2,1
44965,2023,2,8,4,3,116,67,21,0,1,1
44965,2023,2,8,4,3,376,83,9,0,3,3
44965,2023,2,8,4,3,153,67,12,0,2,2
44961,2023,2,4,7,3,116,14,4,1,2,2
44965,2023,2,8,4,2,376,83,9,0,11,7
44965,2023,2,8,4,3,290,67,12,0,3,2
44965,2023,2,8,4,2,356,83,21,0,2,1
44965,2023,2,8,4,3,393,35,2,1,2,2
44965,2023,2,8,4,4,304,11,12,0,2,2
44965,2023,2,8,4,4,116,11,7,0,2,2
44965,2023,2,8,4,4,369,1,12,0,3,3
44965,2023,2,8,4,4,381,67,12,0,3,2
44966,2023,2,9,5,1,101,11,21,0,1,1
44966,2023,2,9,5,1,101,28,21,0,1,1
44966,2023,2,9,5,2,101,52,7,1,2,2
44966,2023,2,9,5,2,153,16,12,1,2,2
44966,2023,2,9,5,2,116,18,12,0,2,2
44966,2023,2,9,5,1,230,50,20,1,1,1
44957,2023,1,31,3,1,116,1,7,1,2,2
44965,2023,2,8,4,4,262,82,20,0,1,1
44958,2023,2,1,4,3,153,28,18,0,1,1
44966,2023,2,9,5,2,40,11,11,1,2,2
44966,2023,2,9,5,2,101,80,7,0,2,2
44966,2023,2,9,5,2,101,13,4,0,2,1
44966,2023,2,9,5,2,316,1,12,1,2,2
44966,2023,2,9,5,2,116,52,9,1,2,2
44966,2023,2,9,5,2,262,83,3,0,1,1
44959,2023,2,2,5,4,282,51,7,0,3,2
44966,2023,2,9,5,2,153,11,9,0,5,4
44930,2023,1,4,4,2,476,16,12,1,3,3
44966,2023,2,9,5,2,101,52,9,1,3,3
44966,2023,2,9,5,2,101,2,12,1,3,2
44966,2023,2,9,5,3,50,60,2,1,2,2
44966,2023,2,9,5,2,116,83,21,0,1,1
44966,2023,2,9,5,3,285,35,2,0,2,2
44966,2023,2,9,5,3,101,14,21,0,1,1
44966,2023,2,9,5,2,153,1,21,0,1,1
44966,2023,2,9,5,3,290,11,21,1,1,1
44966,2023,2,9,5,3,262,11,12,0,4,3
44966,2023,2,9,5,2,10,67,4,0,2,2
44966,2023,2,9,5,3,101,33,11,1,3,3
44966,2023,2,9,5,2,104,1,11,1,2,2
44966,2023,2,9,5,3,476,16,12,1,3,2
44966,2023,2,9,5,3,153,83,12,0,2,2
44966,2023,2,9,5,4,101,11,4,0,1,1
44966,2023,2,9,5,4,101,16,9,1,3,3
44966,2023,2,9,5,3,116,80,7,0,3,2
44966,2023,2,9,5,3,116,52,9,1,2,2
44966,2023,2,9,5,4,116,1,9,0,3,3
44966,2023,2,9,5,3,101,80,7,0,2,2
44966,2023,2,9,5,4,324,60,2,0,4,4
44966,2023,2,9,5,4,364,67,12,0,4,3
44966,2023,2,9,5,4,324,1,11,0,2,2
44951,2023,1,25,4,2,116,16,15,1,6,4
44966,2023,2,9,5,4,277,52,11,0,3,3
44966,2023,2,9,5,3,174,62,20,0,2,1
44966,2023,2,9,5,4,60,18,12,0,3,2
44966,2023,2,9,5,4,277,11,21,0,2,1
44966,2023,2,9,5,4,116,28,18,0,1,1
44966,2023,2,9,5,4,381,67,20,0,3,3
44966,2023,2,9,5,3,364,28,18,0,1,1
44967,2023,2,10,6,1,40,11,7,0,2,2
44967,2023,2,10,6,1,262,83,21,0,1,1
44967,2023,2,10,6,1,364,67,21,0,1,1
44967,2023,2,10,6,1,376,67,21,0,3,1
44966,2023,2,9,5,4,259,14,21,1,1,1
44967,2023,2,10,6,1,381,80,7,0,2,2
44967,2023,2,10,6,1,153,18,20,0,1,1
44967,2023,2,10,6,2,376,2,11,0,3,2
44967,2023,2,10,6,1,101,80,7,0,2,2
44967,2023,2,10,6,2,280,20,11,1,2,2
44967,2023,2,10,6,1,282,67,4,1,1,1
44967,2023,2,10,6,1,153,80,7,0,3,2
44967,2023,2,10,6,2,101,1,11,0,3,2
44947,2023,1,21,7,3,104,13,21,1,2,2
44967,2023,2,10,6,2,262,67,10,0,4,2
44967,2023,2,10,6,1,135,62,20,0,1,1
44967,2023,2,10,6,2,163,14,4,0,1,1
44967,2023,2,10,6,2,101,67,15,1,6,4
44967,2023,2,10,6,2,158,28,18,0,1,1
44967,2023,2,10,6,2,116,11,12,0,3,2
44942,2023,1,16,2,3,153,67,20,0,4,1
44955,2023,1,29,1,4,153,67,20,0,2,1
44967,2023,2,10,6,2,376,83,21,0,1,1
44967,2023,2,10,6,3,101,67,12,1,4,3
44967,2023,2,10,6,2,369,11,12,0,2,2
44960,2023,2,3,6,2,493,67,20,0,1,1
44967,2023,2,10,6,3,290,67,20,0,2,1
44967,2023,2,10,6,3,277,65,12,0,3,3
44967,2023,2,10,6,3,101,11,12,0,4,3
44952,2023,1,26,5,3,330,1,11,0,3,2
44967,2023,2,10,6,3,290,13,20,0,1,1
44967,2023,2,10,6,2,364,70,7,1,2,2
44928,2023,1,2,2,4,101,16,12,0,2,2
44967,2023,2,10,6,3,116,67,12,1,7,2
44967,2023,2,10,6,3,116,67,12,0,2,2
44967,2023,2,10,6,3,381,83,9,0,3,2
44962,2023,2,5,1,3,135,20,7,0,3,3
44967,2023,2,10,6,3,70,51,20,0,1,1
44967,2023,2,10,6,3,101,44,12,0,3,2
44954,2023,1,28,7,3,251,16,12,0,2,2
44967,2023,2,10,6,3,158,65,12,0,6,3
44967,2023,2,10,6,3,101,52,9,1,2,2
44967,2023,2,10,6,3,364,4,9,0,2,2
44967,2023,2,10,6,3,222,52,9,1,3,2
44965,2023,2,8,4,3,415,16,12,0,3,3
44956,2023,1,30,2,4,222,44,21,0,1,1
44967,2023,2,10,6,3,476,67,3,1,1,1
44967,2023,2,10,6,3,376,67,12,0,2,2
44967,2023,2,10,6,3,364,49,12,0,2,2
44967,2023,2,10,6,3,369,1,11,1,2,2
44967,2023,2,10,6,3,116,28,21,0,1,1
44948,2023,1,22,1,1,135,11,21,0,2,1
44967,2023,2,10,6,2,282,11,20,0,1,1
44967,2023,2,10,6,3,290,67,21,0,3,1
44967,2023,2,10,6,4,364,11,21,0,1,1
44967,2023,2,10,6,4,393,1,11,1,3,2
44968,2023,2,11,7,1,277,11,15,0,12,9
44967,2023,2,10,6,4,277,2,7,0,3,3
44968,2023,2,11,7,1,282,80,7,0,3,2
44968,2023,2,11,7,1,40,80,7,0,21,2
44968,2023,2,11,7,1,423,80,7,0,3,2
44968,2023,2,11,7,1,153,11,21,0,2,1
44968,2023,2,11,7,1,153,67,12,0,2,2
44968,2023,2,11,7,2,470,49,11,1,4,2
44967,2023,2,10,6,4,364,82,9,1,3,2
44968,2023,2,11,7,1,364,82,20,0,2,2
44968,2023,2,11,7,2,116,11,7,1,3,3
44968,2023,2,11,7,2,116,1,11,1,2,2
44964,2023,2,7,3,4,476,83,3,0,1,1
44968,2023,2,11,7,1,116,52,10,0,2,2
44968,2023,2,11,7,2,50,11,9,0,2,2
44968,2023,2,11,7,2,376,83,21,0,1,1
44968,2023,2,11,7,2,101,52,9,1,2,2
44968,2023,2,11,7,2,222,83,21,0,1,1
44946,2023,1,20,6,3,163,1,21,0,1,1
44968,2023,2,11,7,2,153,56,12,1,3,3
44968,2023,2,11,7,2,230,67,10,0,2,2