id_data,ano,mes,dia,id_dia_semana,periodo,br,id_causa_acidente,id_tipo_acidente,id_uso_solo,pessoas,veiculos
44968,2023,2,11,7,2,277,67,21,0,1,1
44968,2023,2,11,7,2,153,1,11,0,6,2
44968,2023,2,11,7,2,392,67,21,1,1,1
44968,2023,2,11,7,3,101,49,7,0,6,4
44968,2023,2,11,7,3,471,1,11,0,2,2
44968,2023,2,11,7,2,277,67,11,0,2,2
44968,2023,2,11,7,3,452,16,10,0,2,2
44968,2023,2,11,7,3,116,28,18,0,1,1
44968,2023,2,11,7,3,163,49,20,1,3,3
44968,2023,2,11,7,3,116,33,11,0,2,2
44968,2023,2,11,7,3,163,16,12,0,2,2
44968,2023,2,11,7,2,402,67,20,0,1,1
44965,2023,2,8,4,3,230,3,20,0,2,1
44968,2023,2,11,7,4,290,52,9,0,5,2
44968,2023,2,11,7,4,163,33,11,1,3,2
44968,2023,2,11,7,4,101,11,12,0,2,2
44968,2023,2,11,7,3,267,11,4,0,1,1
44968,2023,2,11,7,4,116,12,10,0,2,2
44968,2023,2,11,7,4,262,49,7,0,3,2
44968,2023,2,11,7,4,101,83,21,0,1,1
44968,2023,2,11,7,1,230,11,20,0,3,1
44968,2023,2,11,7,3,153,80,12,0,2,2
44968,2023,2,11,7,4,116,14,21,0,1,1
44969,2023,2,12,1,1,101,28,20,0,2,2
44968,2023,2,11,7,2,230,11,21,0,1,1
44968,2023,2,11,7,4,282,80,10,1,2,2
44968,2023,2,11,7,4,116,1,12,0,2,2
44969,2023,2,12,1,1,116,11,12,0,2,2
44968,2023,2,11,7,4,267,80,10,0,2,2
44968,2023,2,11,7,3,158,67,21,0,1,1
44969,2023,2,12,1,1,116,80,10,1,2,2
44969,2023,2,12,1,1,116,11,10,0,2,2
44969,2023,2,12,1,1,251,1,11,1,6,2
44957,2023,1,31,3,4,163,46,12,0,3,2
44968,2023,2,11,7,3,163,16,12,0,4,3
44969,2023,2,12,1,2,364,80,10,0,2,2
44969,2023,2,12,1,2,116,67,2,0,3,3
44949,2023,1,23,2,4,101,1,11,0,3,2
44969,2023,2,12,1,2,364,67,12,0,2,2
44969,2023,2,12,1,2,364,82,9,0,5,4
44969,2023,2,12,1,3,101,21,21,0,4,1
44969,2023,2,12,1,2,116,80,12,0,3,3
44969,2023,2,12,1,3,116,67,4,1,3,3
44969,2023,2,12,1,1,158,67,21,0,1,1
44969,2023,2,12,1,3,40,83,4,0,1,1
44969,2023,2,12,1,3,116,16,12,0,2,2
44969,2023,2,12,1,3,493,16,12,0,6,3
44969,2023,2,12,1,4,452,1,11,0,4,2
44969,2023,2,12,1,4,70,51,9,1,2,2
44969,2023,2,12,1,4,277,61,2,1,4,3
44969,2023,2,12,1,4,101,11,4,0,1,1
44969,2023,2,12,1,4,470,18,7,0,3,2
44969,2023,2,12,1,4,356,49,11,1,3,2
44969,2023,2,12,1,4,116,18,7,0,2,2
44969,2023,2,12,1,4,402,49,7,0,2,2
44970,2023,2,13,2,1,153,67,20,0,1,1
44970,2023,2,13,2,1,116,51,4,0,2,1
44970,2023,2,13,2,1,20,18,12,0,10,2
44970,2023,2,13,2,1,376,67,7,0,2,2
44969,2023,2,12,1,4,364,28,18,0,1,1
44969,2023,2,12,1,4,381,52,21,0,2,2
44970,2023,2,13,2,2,101,11,12,1,13,9
44970,2023,2,13,2,2,116,52,9,1,3,3
44969,2023,2,12,1,3,153,63,10,0,2,2
44969,2023,2,12,1,4,116,28,18,0,1,1
44970,2023,2,13,2,2,376,11,21,1,1,1
44970,2023,2,13,2,2,386,67,15,0,6,6
44970,2023,2,13,2,2,324,82,9,0,2,2
44970,2023,2,13,2,2,285,67,12,0,3,3
44970,2023,2,13,2,2,153,11,20,0,1,1
44965,2023,2,8,4,3,153,64,10,0,2,2
44970,2023,2,13,2,2,364,1,12,0,2,2
44970,2023,2,13,2,2,116,1,11,1,3,2
44970,2023,2,13,2,2,423,1,11,1,2,2
44970,2023,2,13,2,2,116,16,12,1,2,2
44970,2023,2,13,2,2,277,83,21,0,2,2
44970,2023,2,13,2,2,101,52,9,1,2,2
44970,2023,2,13,2,3,10,28,18,0,1,1
44969,2023,2,12,1,3,364,67,20,0,1,1
44970,2023,2,13,2,2,116,44,21,0,1,1
44970,2023,2,13,2,2,174,16,12,0,5,2
44970,2023,2,13,2,2,293,28,18,0,2,1
44970,2023,2,13,2,2,364,3,21,0,1,1
44970,2023,2,13,2,3,101,52,12,0,2,2
44970,2023,2,13,2,3,393,80,7,1,2,2
44970,2023,2,13,2,2,364,35,2,0,2,2
44959,2023,2,2,5,2,381,67,15,0,6,5
44970,2023,2,13,2,3,472,67,4,1,1,1
44970,2023,2,13,2,3,290,67,9,0,2,2
44970,2023,2,13,2,3,101,33,11,0,4,2
44970,2023,2,13,2,3,116,11,15,0,5,5
44970,2023,2,13,2,4,376,83,20,0,1,1
44970,2023,2,13,2,4,262,83,12,0,3,3
44969,2023,2,12,1,4,116,80,7,0,2,2
44970,2023,2,13,2,3,470,33,11,1,2,2
44970,2023,2,13,2,4,163,1,11,1,2,2
44970,2023,2,13,2,4,470,82,21,1,2,2
44970,2023,2,13,2,4,101,49,10,0,2,2
44970,2023,2,13,2,4,343,80,7,0,3,2
44970,2023,2,13,2,4,101,44,20,1,1,1
44970,2023,2,13,2,4,153,82,7,0,7,2
44970,2023,2,13,2,4,381,18,12,0,2,2
44970,2023,2,13,2,4,116,11,4,0,1,1
44970,2023,2,13,2,4,101,1,11,0,2,2
44970,2023,2,13,2,4,116,83,12,0,2,2
44971,2023,2,14,3,1,381,5,4,0,2,2
44971,2023,2,14,3,1,60,28,18,1,1,1
44971,2023,2,14,3,1,163,1,11,0,4,3
44970,2023,2,13,2,4,277,82,9,0,2,2
44971,2023,2,14,3,1,101,67,12,1,3,3
44970,2023,2,13,2,4,381,28,18,0,1,1
44967,2023,2,10,6,2,242,67,21,0,1,1
44951,2023,1,25,4,3,101,11,15,0,6,4
44971,2023,2,14,3,2,116,1,20,0,2,1
44971,2023,2,14,3,2,101,52,9,0,4,4
44971,2023,2,14,3,2,277,21,21,0,1,1
44971,2023,2,14,3,2,116,48,12,1,3,2
44970,2023,2,13,2,4,410,11,20,0,1,1
44971,2023,2,14,3,2,40,16,12,1,6,2
44971,2023,2,14,3,3,40,7,20,0,1,1
44956,2023,1,30,2,3,101,52,12,1,3,2
44971,2023,2,14,3,3,116,1,12,0,3,3
44953,2023,1,27,6,4,174,52,7,0,4,2
44971,2023,2,14,3,2,163,82,7,0,3,3
44971,2023,2,14,3,2,60,83,12,0,3,2
44971,2023,2,14,3,3,101,29,21,0,1,1
44971,2023,2,14,3,3,262,16,12,0,2,2
44971,2023,2,14,3,3,116,64,4,0,1,1
44971,2023,2,14,3,3,153,11,9,0,4,2
44971,2023,2,14,3,3,158,67,11,0,4,2
44971,2023,2,14,3,3,116,16,20,1,1,1
44971,2023,2,14,3,3,361,80,10,0,2,2
44971,2023,2,14,3,3,101,82,9,0,2,2
44971,2023,2,14,3,3,282,15,7,0,3,2
44971,2023,2,14,3,3,262,83,7,0,2,2
44971,2023,2,14,3,4,232,33,11,1,3,2
44971,2023,2,14,3,4,116,60,2,0,3,3
44971,2023,2,14,3,4,290,18,20,0,1,1
44971,2023,2,14,3,3,242,82,10,0,6,2
44971,2023,2,14,3,4,101,67,20,0,1,1
44971,2023,2,14,3,4,116,60,2,0,2,2
44971,2023,2,14,3,4,116,15,10,0,2,2
44971,2023,2,14,3,4,470,49,12,0,2,2
44971,2023,2,14,3,4,493,62,21,0,2,1
44972,2023,2,15,4,1,376,67,20,0,1,1
44972,2023,2,15,4,1,324,49,10,1,2,2
44972,2023,2,15,4,1,40,21,21,0,1,1
44972,2023,2,15,4,1,316,18,10,0,2,2
44972,2023,2,15,4,1,376,11,4,1,1,1
44972,2023,2,15,4,1,163,1,9,0,2,2
44972,2023,2,15,4,2,20,16,12,1,3,2
44972,2023,2,15,4,2,282,78,11,1,2,2
44972,2023,2,15,4,2,60,1,9,1,2,2
44972,2023,2,15,4,2,101,16,12,0,4,4
44972,2023,2,15,4,2,163,28,18,0,2,1
44972,2023,2,15,4,2,101,52,9,0,4,2
44972,2023,2,15,4,2,116,11,12,1,3,2
44972,2023,2,15,4,2,116,83,21,0,1,1
44972,2023,2,15,4,2,262,64,20,0,1,1
44972,2023,2,15,4,2,277,28,4,0,3,2
44952,2023,1,26,5,3,470,67,11,1,2,2
44972,2023,2,15,4,2,277,52,9,0,4,4
44972,2023,2,15,4,3,101,52,11,1,2,2
44972,2023,2,15,4,2,470,67,10,0,4,3
44972,2023,2,15,4,2,101,19,20,1,2,2
44972,2023,2,15,4,3,408,1,9,1,2,2
44972,2023,2,15,4,2,381,83,20,0,1,1
44972,2023,2,15,4,3,101,83,4,0,1,1
44972,2023,2,15,4,3,153,67,4,0,2,1
44972,2023,2,15,4,3,116,83,10,0,7,3
44972,2023,2,15,4,3,476,83,10,0,3,3
44972,2023,2,15,4,3,364,83,20,0,3,1
44972,2023,2,15,4,3,316,49,9,0,2,2
44972,2023,2,15,4,3,381,72,11,1,3,2
44972,2023,2,15,4,3,163,7,10,0,3,3
44948,2023,1,22,1,2,153,52,7,0,4,3
44972,2023,2,15,4,2,493,67,12,1,2,2
44972,2023,2,15,4,4,60,52,12,1,3,2
44972,2023,2,15,4,2,381,51,7,1,2,2
44972,2023,2,15,4,2,163,67,20,0,1,1
44972,2023,2,15,4,4,282,82,9,0,4,2
44972,2023,2,15,4,3,354,11,21,0,1,1
44972,2023,2,15,4,4,101,52,21,1,1,1
44972,2023,2,15,4,4,101,11,20,0,1,1
44972,2023,2,15,4,4,476,83,10,0,2,2
44972,2023,2,15,4,4,364,83,20,0,1,1
44973,2023,2,16,5,1,381,11,20,0,1,1
44973,2023,2,16,5,1,364,11,20,0,1,1
44973,2023,2,16,5,1,101,1,9,1,2,2
44972,2023,2,15,4,3,365,16,15,0,5,5
44973,2023,2,16,5,1,116,11,12,0,3,2
44973,2023,2,16,5,1,381,18,4,1,2,2
44973,2023,2,16,5,1,116,83,21,0,1,1
44973,2023,2,16,5,1,116,18,20,0,1,1
44973,2023,2,16,5,2,60,18,20,0,1,1
44972,2023,2,15,4,2,393,19,11,0,2,2
44973,2023,2,16,5,2,230,78,9,1,5,3
44973,2023,2,16,5,1,242,28,18,0,1,1
44973,2023,2,16,5,1,304,18,4,0,1,1
44973,2023,2,16,5,2,153,28,18,0,1,1
44973,2023,2,16,5,1,381,14,21,0,1,1
44973,2023,2,16,5,1,365,18,20,0,1,1
44973,2023,2,16,5,1,101,83,21,0,1,1
44973,2023,2,16,5,2,386,80,7,0,2,2
44973,2023,2,16,5,2,230,11,4,0,1,1
44971,2023,2,14,3,1,153,67,12,1,2,2
44973,2023,2,16,5,2,163,16,12,1,2,2
44973,2023,2,16,5,2,262,83,7,0,3,3
44973,2023,2,16,5,3,101,35,2,1,2,2
44953,2023,1,27,6,1,116,1,11,0,4,2
44973,2023,2,16,5,2,369,1,11,1,3,2
44973,2023,2,16,5,2,376,67,20,0,1,1
44973,2023,2,16,5,3,116,67,9,1,3,2
44973,2023,2,16,5,2,381,28,18,0,1,1
44973,2023,2,16,5,3,20,51,20,1,2,2
44973,2023,2,16,5,3,101,16,12,1,2,2
44973,2023,2,16,5,3,364,33,11,0,4,2
44973,2023,2,16,5,3,101,67,12,0,7,3
44973,2023,2,16,5,2,364,52,11,0,3,2
44973,2023,2,16,5,3,459,1,11,0,2,2
44973,2023,2,16,5,3,476,14,4,0,4,2
44964,2023,2,7,3,1,365,11,12,0,2,2
44965,2023,2,8,4,1,369,16,12,0,2,2
44953,2023,1,27,6,4,381,65,18,0,1,1
44973,2023,2,16,5,3,262,1,11,1,2,2
44973,2023,2,16,5,4,116,52,9,1,2,2
44973,2023,2,16,5,3,116,28,18,0,1,1
44973,2023,2,16,5,4,277,11,12,1,2,2
44973,2023,2,16,5,4,262,67,20,0,1,1
44973,2023,2,16,5,4,116,28,20,1,1,1
44973,2023,2,16,5,4,277,80,7,0,3,2
44973,2023,2,16,5,4,381,83,21,0,1,1
44973,2023,2,16,5,4,40,28,21,1,2,2
44973,2023,2,16,5,4,163,1,12,1,2,2
44973,2023,2,16,5,4,381,67,12,0,7,3
44973,2023,2,16,5,4,293,18,20,0,1,1
44973,2023,2,16,5,4,101,11,20,1,1,1
44973,2023,2,16,5,4,407,16,12,0,2,2
44974,2023,2,17,6,1,116,11,4,0,1,1
44974,2023,2,17,6,1,116,11,12,1,2,2
44974,2023,2,17,6,1,116,11,20,0,1,1
44974,2023,2,17,6,1,381,83,4,1,1,1
44974,2023,2,17,6,1,40,1,9,1,3,2
44974,2023,2,17,6,2,50,11,12,1,2,2
44974,2023,2,17,6,2,116,67,2,1,2,2
44974,2023,2,17,6,2,116,78,9,1,2,2
44974,2023,2,17,6,1,381,83,4,0,1,1
44974,2023,2,17,6,1,393,16,12,0,4,3
44974,2023,2,17,6,2,277,52,9,0,3,2
44974,2023,2,17,6,2,158,83,20,0,1,1
44974,2023,2,17,6,2,230,1,9,1,2,2
44974,2023,2,17,6,2,116,78,9,0,4,3
44942,2023,1,16,2,4,163,15,21,0,1,1
44974,2023,2,17,6,2,40,18,12,0,2,2
44974,2023,2,17,6,2,373,1,11,0,2,2
44974,2023,2,17,6,2,116,29,21,1,1,1
44974,2023,2,17,6,2,101,67,11,1,3,3
44974,2023,2,17,6,2,116,52,9,0,2,2
44974,2023,2,17,6,2,116,18,7,0,3,2
44974,2023,2,17,6,2,116,20,11,0,2,2
44974,2023,2,17,6,2,153,80,7,0,2,2
44974,2023,2,17,6,2,304,67,9,1,4,2
44974,2023,2,17,6,2,116,12,4,0,2,2
44974,2023,2,17,6,2,452,1,11,0,2,2
44974,2023,2,17,6,2,428,28,18,0,1,1
44974,2023,2,17,6,3,316,4,20,0,2,1
44974,2023,2,17,6,3,369,52,9,1,2,2
44974,2023,2,17,6,3,40,16,15,1,4,4
44974,2023,2,17,6,3,40,67,9,1,4,2
44974,2023,2,17,6,3,277,16,15,0,3,3
44974,2023,2,17,6,3,277,18,20,0,1,1
44971,2023,2,14,3,1,50,18,4,1,1,1
44974,2023,2,17,6,3,262,1,11,1,5,2
44974,2023,2,17,6,3,40,64,20,0,2,1
44974,2023,2,17,6,3,40,44,9,0,3,2
44974,2023,2,17,6,3,262,18,10,0,5,3
44974,2023,2,17,6,3,163,4,20,0,2,1
44974,2023,2,17,6,3,116,15,20,0,1,1
44974,2023,2,17,6,3,163,1,12,0,2,2
44974,2023,2,17,6,3,282,82,9,0,4,3
44974,2023,2,17,6,3,364,1,11,1,2,2
44974,2023,2,17,6,3,163,64,9,0,3,2
44943,2023,1,17,3,4,40,61,2,0,2,2
44974,2023,2,17,6,3,116,28,18,0,1,1
44974,2023,2,17,6,3,101,16,15,1,3,3
44974,2023,2,17,6,3,262,52,7,0,6,3
44974,2023,2,17,6,3,101,78,9,1,2,2
44974,2023,2,17,6,4,116,52,9,1,3,2
44974,2023,2,17,6,4,470,1,11,0,2,2
44974,2023,2,17,6,3,153,11,20,0,1,1
44974,2023,2,17,6,4,163,67,12,0,9,3
44974,2023,2,17,6,4,153,80,10,0,2,2
44974,2023,2,17,6,4,116,11,21,0,1,1
44975,2023,2,18,7,1,153,11,12,1,2,2
44974,2023,2,17,6,4,290,28,18,0,1,1
44974,2023,2,17,6,4,116,67,2,1,1,1
44975,2023,2,18,7,1,101,1,9,1,2,2
44975,2023,2,18,7,1,50,11,12,0,2,2
44975,2023,2,18,7,2,116,52,20,0,5,2
44975,2023,2,18,7,2,40,28,21,1,1,1
44975,2023,2,18,7,2,116,52,20,0,4,3
44975,2023,2,18,7,2,163,82,7,0,3,3
44975,2023,2,18,7,1,116,67,20,0,1,1
44975,2023,2,18,7,1,316,80,10,0,2,2
44974,2023,2,17,6,4,10,67,20,0,1,1
44975,2023,2,18,7,2,116,83,12,1,2,2
44975,2023,2,18,7,2,470,2,2,0,4,2
44975,2023,2,18,7,2,101,11,7,0,5,2
44975,2023,2,18,7,2,101,21,3,0,1,1
44975,2023,2,18,7,2,163,1,11,0,3,2
44975,2023,2,18,7,2,60,67,9,0,2,2
44975,2023,2,18,7,2,101,83,10,0,3,2
44975,2023,2,18,7,2,101,18,20,0,2,1
44975,2023,2,18,7,2,153,19,21,1,1,1
44975,2023,2,18,7,2,20,28,18,0,1,1
44975,2023,2,18,7,2,282,44,10,0,6,2
44975,2023,2,18,7,2,116,52,9,0,3,2
44975,2023,2,18,7,2,262,1,9,1,2,2
44975,2023,2,18,7,3,40,4,4,0,3,2
44975,2023,2,18,7,3,20,49,21,0,3,2
44975,2023,2,18,7,3,116,82,20,0,2,1
44975,2023,2,18,7,3,116,80,7,0,3,2
44975,2023,2,18,7,3,222,28,20,0,2,2
44975,2023,2,18,7,2,280,15,7,0,4,2
44975,2023,2,18,7,3,116,67,9,0,4,2
44975,2023,2,18,7,3,277,33,11,1,6,2
44975,2023,2,18,7,3,222,83,21,0,3,1
44975,2023,2,18,7,3,116,28,18,0,15,13
44975,2023,2,18,7,3,364,11,7,0,6,3
44975,2023,2,18,7,3,163,28,2,0,1,1
44975,2023,2,18,7,4,487,1,12,0,4,2
44975,2023,2,18,7,4,277,44,20,1,1,1
44975,2023,2,18,7,3,381,11,10,0,5,2
44975,2023,2,18,7,4,373,1,11,1,5,2
44975,2023,2,18,7,4,262,28,18,0,1,1
44975,2023,2,18,7,4,135,49,12,1,2,2
44975,2023,2,18,7,4,116,80,7,0,2,2
44975,2023,2,18,7,4,364,28,18,0,1,1
44975,2023,2,18,7,3,153,11,10,0,7,2
44975,2023,2,18,7,4,116,52,9,0,2,2
44975,2023,2,18,7,4,101,80,11,0,3,3
44976,2023,2,19,1,1,116,52,7,0,5,3
44975,2023,2,18,7,4,262,67,20,0,1,1
44976,2023,2,19,1,2,381,52,9,1,2,2
44976,2023,2,19,1,1,30,18,21,0,4,2
44976,2023,2,19,1,2,50,49,20,0,1,1
44976,2023,2,19,1,1,20,80,10,0,3,2
44976,2023,2,19,1,2,476,18,10,0,3,2
44976,2023,2,19,1,2,316,35,2,1,3,2
44976,2023,2,19,1,1,116,67,12,0,2,2
44976,2023,2,19,1,1,381,83,20,0,1,1
44976,2023,2,19,1,2,116,49,10,0,3,2
44976,2023,2,19,1,2,116,67,9,0,4,2
44976,2023,2,19,1,2,381,15,20,1,1,1
44976,2023,2,19,1,2,116,67,12,1,4,2
44976,2023,2,19,1,1,267,11,11,0,2,2
44976,2023,2,19,1,1,242,28,18,0,1,1
44976,2023,2,19,1,2,116,67,20,0,2,1
44976,2023,2,19,1,2,116,16,12,0,3,2
44976,2023,2,19,1,1,116,49,10,0,2,2
44976,2023,2,19,1,2,116,11,12,1,2,2
44976,2023,2,19,1,3,101,67,9,1,3,3
44976,2023,2,19,1,3,155,16,12,1,3,3
44976,2023,2,19,1,3,472,49,12,1,2,2
44976,2023,2,19,1,3,282,1,11,0,3,2
44976,2023,2,19,1,3,116,16,9,1,3,2
44976,2023,2,19,1,3,290,67,12,0,2,2
44976,2023,2,19,1,3,158,11,20,0,2,1
44976,2023,2,19,1,4,153,1,11,1,2,2
44976,2023,2,19,1,4,153,49,7,0,5,3
44976,2023,2,19,1,4,163,80,10,0,3,3
44976,2023,2,19,1,3,381,83,21,0,1,1
44976,2023,2,19,1,4,116,11,9,1,2,2
44976,2023,2,19,1,4,262,67,12,0,3,2
44976,2023,2,19,1,4,364,15,4,1,1,1
44976,2023,2,19,1,4,280,80,7,0,2,2
44976,2023,2,19,1,4,116,60,2,0,2,2
44977,2023,2,20,2,1,364,1,11,0,2,2
44977,2023,2,20,2,1,381,58,20,1,1,1
44977,2023,2,20,2,1,262,28,18,0,1,1
44976,2023,2,19,1,3,364,13,20,1,1,1
44977,2023,2,20,2,2,448,67,12,0,3,3
44977,2023,2,20,2,2,376,67,20,1,6,2
44977,2023,2,20,2,2,280,11,21,1,1,1
44963,2023,2,6,2,3,158,15,21,0,2,2
44977,2023,2,20,2,2,116,83,12,0,4,2
44977,2023,2,20,2,2,277,67,20,0,1,1
44977,2023,2,20,2,2,153,20,11,1,2,2
44977,2023,2,20,2,2,116,1,11,1,5,3
44977,2023,2,20,2,2,435,14,14,0,1,1
44977,2023,2,20,2,2,101,51,12,0,2,2
44977,2023,2,20,2,3,153,83,21,0,1,1
44977,2023,2,20,2,3,153,16,20,0,2,2
44977,2023,2,20,2,3,116,52,9,1,5,2
44977,2023,2,20,2,4,316,67,21,0,1,1
44977,2023,2,20,2,4,116,52,9,0,5,2
44977,2023,2,20,2,4,153,82,10,0,4,2
44977,2023,2,20,2,4,381,18,20,1,3,1
44977,2023,2,20,2,4,470,67,20,0,1,1
44978,2023,2,21,3,1,476,83,12,1,2,2
44978,2023,2,21,3,1,282,18,10,1,3,2
44978,2023,2,21,3,1,277,83,20,0,10,2
44978,2023,2,21,3,1,364,67,20,0,1,1
44978,2023,2,21,3,2,381,83,4,0,1,1
44976,2023,2,19,1,2,324,3,21,0,1,1
44978,2023,2,21,3,2,381,67,9,1,3,2
44978,2023,2,21,3,2,153,33,11,0,3,2
44978,2023,2,21,3,2,267,80,10,0,2,2
44978,2023,2,21,3,2,101,11,12,0,3,2
44978,2023,2,21,3,2,471,52,9,0,4,3
44978,2023,2,21,3,2,364,16,12,0,4,3
44978,2023,2,21,3,3,470,33,11,1,5,2
44978,2023,2,21,3,3,116,15,10,0,6,3
44978,2023,2,21,3,3,101,67,12,0,5,2
44978,2023,2,21,3,3,116,49,10,0,3,3
44978,2023,2,21,3,3,20,11,20,1,2,1
44978,2023,2,21,3,3,101,16,12,0,3,2
44978,2023,2,21,3,3,101,52,11,1,2,2
44978,2023,2,21,3,1,40,67,9,0,2,2
44978,2023,2,21,3,3,470,1,11,1,5,2
44978,2023,2,21,3,3,153,49,10,1,2,2
44978,2023,2,21,3,3,116,64,20,0,2,1
44978,2023,2,21,3,4,282,14,20,0,1,1
44978,2023,2,21,3,4,280,80,7,1,2,2
44978,2023,2,21,3,4,116,13,4,0,5,3
44978,2023,2,21,3,3,70,11,20,0,3,1
44978,2023,2,21,3,4,471,28,18,0,1,1
44979,2023,2,22,4,1,116,11,12,0,3,3
44978,2023,2,21,3,4,101,72,9,0,2,2
44979,2023,2,22,4,1,277,11,12,0,2,2
44978,2023,2,21,3,4,101,18,20,0,1,1
44979,2023,2,22,4,2,116,11,12,0,2,2
44975,2023,2,18,7,4,251,60,2,0,2,2
44979,2023,2,22,4,2,116,52,9,1,3,3
44979,2023,2,22,4,2,365,83,9,0,2,2
44977,2023,2,20,2,3,153,28,4,0,1,1
44979,2023,2,22,4,2,116,67,12,0,2,2
44979,2023,2,22,4,2,324,67,20,0,8,2
44979,2023,2,22,4,3,290,52,9,0,3,3
44967,2023,2,10,6,1,262,18,4,0,1,1
44972,2023,2,15,4,2,116,28,21,0,1,1
44979,2023,2,22,4,2,470,52,9,0,3,3
44979,2023,2,22,4,3,116,11,12,0,7,7
44979,2023,2,22,4,3,116,11,2,0,2,2
44979,2023,2,22,4,2,381,52,9,0,4,2
44979,2023,2,22,4,3,316,16,12,1,3,3
44979,2023,2,22,4,3,116,65,15,0,10,10
44979,2023,2,22,4,3,20,15,20,1,2,1
44979,2023,2,22,4,3,381,67,12,1,4,2
44979,2023,2,22,4,2,174,14,21,0,2,1
44979,2023,2,22,4,3,393,1,11,1,3,2
44979,2023,2,22,4,3,277,20,9,0,2,2
44979,2023,2,22,4,3,40,83,21,0,2,1
44979,2023,2,22,4,3,354,83,10,0,6,5
44979,2023,2,22,4,4,428,11,20,0,1,1
44979,2023,2,22,4,2,376,83,21,1,1,1
44979,2023,2,22,4,4,116,67,12,1,8,3
44979,2023,2,22,4,3,116,21,21,0,1,1
44979,2023,2,22,4,4,407,35,2,0,3,2
44979,2023,2,22,4,4,381,60,2,1,3,2
44979,2023,2,22,4,4,242,11,21,0,1,1
44979,2023,2,22,4,4,116,80,10,0,2,2
44979,2023,2,22,4,4,412,82,10,0,2,2
44979,2023,2,22,4,4,116,67,12,1,2,2
44980,2023,2,23,5,1,40,52,7,1,2,2
44980,2023,2,23,5,1,364,1,12,0,2,2
44980,2023,2,23,5,1,376,67,12,0,2,2
44979,2023,2,22,4,3,101,67,20,0,1,1
44980,2023,2,23,5,1,324,52,9,0,2,2
44979,2023,2,22,4,4,435,28,20,0,1,1
44980,2023,2,23,5,2,101,18,12,0,2,2
44980,2023,2,23,5,2,116,83,21,0,1,1
44979,2023,2,22,4,1,230,11,12,0,2,2
44980,2023,2,23,5,2,60,28,20,0,1,1
44980,2023,2,23,5,2,104,1,11,1,2,2
44980,2023,2,23,5,1,163,67,4,0,1,1
44980,2023,2,23,5,2,116,11,4,0,2,2
44980,2023,2,23,5,2,116,11,9,1,3,3
44980,2023,2,23,5,2,163,1,11,0,5,2
44980,2023,2,23,5,2,101,16,12,1,2,2
44980,2023,2,23,5,2,40,67,12,0,4,3
44980,2023,2,23,5,3,101,1,2,1,3,3
44980,2023,2,23,5,3,116,11,12,0,2,2
44980,2023,2,23,5,3,101,52,20,1,2,2
44980,2023,2,23,5,2,116,67,4,0,1,1
44980,2023,2,23,5,2,414,83,20,0,1,1
44980,2023,2,23,5,2,116,14,21,0,1,1
44964,2023,2,7,3,4,376,49,9,0,2,2
44980,2023,2,23,5,2,282,82,7,0,3,2
44980,2023,2,23,5,3,101,35,2,1,2,2
44940,2023,1,14,7,4,116,80,7,0,2,2
44980,2023,2,23,5,3,373,67,20,0,1,1
44980,2023,2,23,5,3,158,80,7,0,2,2
44980,2023,2,23,5,3,104,80,7,1,2,2
44980,2023,2,23,5,3,158,65,15,0,10,6
44980,2023,2,23,5,4,116,1,11,0,4,2
44980,2023,2,23,5,4,232,82,20,0,3,2
44980,2023,2,23,5,4,381,83,20,0,1,1
44980,2023,2,23,5,4,116,83,21,0,1,1
44980,2023,2,23,5,4,70,49,10,0,2,2
44981,2023,2,24,6,1,116,83,14,0,1,1
44981,2023,2,24,6,1,262,28,20,0,1,1
44981,2023,2,24,6,1,101,48,12,0,2,2
44981,2023,2,24,6,2,101,52,4,0,2,2
44981,2023,2,24,6,1,287,67,12,0,3,2
44980,2023,2,23,5,4,282,16,12,0,2,2
44981,2023,2,24,6,2,376,16,9,0,2,2
44981,2023,2,24,6,2,428,36,12,1,2,2
44981,2023,2,24,6,2,116,67,21,1,2,1
44981,2023,2,24,6,2,386,33,11,1,3,3
44981,2023,2,24,6,2,376,1,11,0,2,2
44981,2023,2,24,6,2,381,52,4,0,2,2
44981,2023,2,24,6,2,116,11,12,0,2,2
44981,2023,2,24,6,2,222,83,21,0,1,1
44966,2023,2,9,5,4,163,9,1,0,2,1
44981,2023,2,24,6,2,364,33,9,1,3,2
44981,2023,2,24,6,3,381,67,12,1,4,3
44981,2023,2,24,6,3,116,11,12,0,2,2
44981,2023,2,24,6,3,376,67,10,0,3,2
44981,2023,2,24,6,3,153,11,12,0,2,2
44981,2023,2,24,6,3,316,52,9,1,2,2
44981,2023,2,24,6,3,364,11,20,0,2,1
44981,2023,2,24,6,2,242,35,2,0,2,2
44981,2023,2,24,6,3,369,1,11,1,2,2
44981,2023,2,24,6,3,364,67,12,0,2,2
44981,2023,2,24,6,2,452,63,20,0,1,1
44942,2023,1,16,2,2,40,80,7,0,2,2
44981,2023,2,24,6,2,116,21,21,0,1,1
44981,2023,2,24,6,3,277,52,9,0,4,2
44981,2023,2,24,6,4,80,11,12,0,3,2
44981,2023,2,24,6,3,153,48,20,0,1,1
44981,2023,2,24,6,4,116,4,12,0,3,2
44981,2023,2,24,6,4,116,18,20,0,1,1