id_data,ano,mes,dia,id_dia_semana,periodo,br,id_causa_acidente,id_tipo_acidente,id_uso_solo,pessoas,veiculos
44982,2023,2,25,7,1,381,18,21,0,1,1
44982,2023,2,25,7,1,365,49,7,0,2,2
44982,2023,2,25,7,1,101,18,20,0,1,1
44982,2023,2,25,7,1,158,49,4,0,1,1
44981,2023,2,24,6,4,116,60,2,0,3,2
44982,2023,2,25,7,1,381,18,20,0,1,1
44982,2023,2,25,7,1,104,65,12,1,2,2
44982,2023,2,25,7,2,277,80,10,0,2,2
44982,2023,2,25,7,1,116,67,20,0,3,2
44981,2023,2,24,6,3,364,1,9,0,2,2
44982,2023,2,25,7,1,364,67,12,0,3,2
44982,2023,2,25,7,2,316,14,14,0,2,1
44982,2023,2,25,7,2,101,35,2,0,2,2
44982,2023,2,25,7,2,101,14,14,0,3,1
44982,2023,2,25,7,1,316,63,20,0,1,1
44982,2023,2,25,7,2,381,83,21,0,1,1
44982,2023,2,25,7,3,381,83,4,0,1,1
44982,2023,2,25,7,3,406,83,21,0,1,1
44982,2023,2,25,7,3,262,1,11,0,2,2
44982,2023,2,25,7,3,116,67,12,0,2,2
44981,2023,2,24,6,3,364,16,11,1,4,3
44982,2023,2,25,7,3,163,33,11,1,4,2
44982,2023,2,25,7,3,101,11,9,1,4,2
44982,2023,2,25,7,3,230,11,20,0,1,1
44982,2023,2,25,7,3,262,1,11,1,4,3
44982,2023,2,25,7,3,163,52,10,0,2,2
44982,2023,2,25,7,3,101,9,1,0,3,2
44982,2023,2,25,7,4,40,52,9,0,4,2
44982,2023,2,25,7,2,242,67,7,0,8,4
44982,2023,2,25,7,3,50,83,21,1,1,1
44982,2023,2,25,7,4,277,52,20,0,2,1
44982,2023,2,25,7,4,40,83,12,1,3,2
44982,2023,2,25,7,4,40,1,11,0,2,2
44982,2023,2,25,7,4,101,16,12,0,2,2
44982,2023,2,25,7,3,10,1,11,1,2,2
44982,2023,2,25,7,3,242,52,9,1,2,2
44982,2023,2,25,7,4,470,49,11,1,2,2
44982,2023,2,25,7,4,163,49,12,0,2,2
44982,2023,2,25,7,3,470,83,21,0,2,1
44982,2023,2,25,7,4,116,49,12,1,4,3
44982,2023,2,25,7,4,101,80,7,0,3,2
44983,2023,2,26,1,1,423,11,12,0,2,2
44983,2023,2,26,1,1,232,49,12,0,3,2
44983,2023,2,26,1,1,116,52,9,0,2,2
44983,2023,2,26,1,2,163,1,10,1,3,2
44983,2023,2,26,1,2,116,83,21,0,2,2
44983,2023,2,26,1,2,153,67,20,0,1,1
44983,2023,2,26,1,2,277,52,12,1,2,2
44983,2023,2,26,1,2,381,28,18,0,1,1
44983,2023,2,26,1,3,324,15,4,0,2,2
44983,2023,2,26,1,2,116,65,21,0,2,1
44983,2023,2,26,1,3,262,33,11,1,4,3
44983,2023,2,26,1,3,251,80,7,0,3,2
44983,2023,2,26,1,3,101,16,12,0,3,2
44983,2023,2,26,1,3,116,49,15,0,8,3
44983,2023,2,26,1,2,116,16,12,0,2,2
44983,2023,2,26,1,3,153,11,20,0,1,1
44983,2023,2,26,1,3,135,11,10,0,2,2
44983,2023,2,26,1,3,20,67,7,0,4,2
44983,2023,2,26,1,4,101,28,18,0,1,1
44983,2023,2,26,1,4,116,60,2,0,2,2
44983,2023,2,26,1,3,465,11,12,0,3,2
44983,2023,2,26,1,3,262,21,20,0,1,1
44983,2023,2,26,1,4,116,16,12,1,1,1
44983,2023,2,26,1,4,116,80,10,0,2,2
44983,2023,2,26,1,4,116,49,7,0,2,2
44983,2023,2,26,1,3,251,67,15,0,5,5
44983,2023,2,26,1,4,277,80,7,0,3,3
44975,2023,2,18,7,2,267,83,21,0,1,1
44984,2023,2,27,2,1,316,83,20,0,1,1
44984,2023,2,27,2,1,101,21,3,0,2,1
44984,2023,2,27,2,1,158,12,12,0,2,2
44984,2023,2,27,2,2,364,36,12,1,2,2
44984,2023,2,27,2,2,101,67,12,1,4,3
44984,2023,2,27,2,2,101,1,11,1,2,2
44984,2023,2,27,2,1,381,60,2,1,3,3
44984,2023,2,27,2,2,50,28,21,0,1,1
44946,2023,1,20,6,3,381,83,4,0,3,1
44984,2023,2,27,2,2,163,1,11,0,2,2
44984,2023,2,27,2,2,116,11,12,1,2,2
44984,2023,2,27,2,2,101,67,12,0,2,2
44984,2023,2,27,2,3,116,11,12,0,2,2
44984,2023,2,27,2,2,153,67,9,0,2,2
44984,2023,2,27,2,3,364,28,18,0,1,1
44984,2023,2,27,2,3,163,57,15,0,5,4
44984,2023,2,27,2,1,116,11,12,0,3,3
44984,2023,2,27,2,3,262,57,2,0,5,3
44964,2023,2,7,3,3,277,67,12,0,20,2
44984,2023,2,27,2,3,290,28,4,0,1,1
44984,2023,2,27,2,3,369,82,11,1,3,3
44984,2023,2,27,2,2,393,14,11,1,2,2
44984,2023,2,27,2,3,40,28,18,0,1,1
44984,2023,2,27,2,3,222,7,12,0,2,2
44984,2023,2,27,2,3,369,83,9,0,7,7
44984,2023,2,27,2,3,158,28,20,0,1,1
44984,2023,2,27,2,4,470,72,12,0,4,3
44984,2023,2,27,2,3,101,82,10,0,7,4
44984,2023,2,27,2,4,116,11,9,1,3,2
44984,2023,2,27,2,4,381,61,2,0,2,2
44984,2023,2,27,2,4,364,25,12,0,2,2
44984,2023,2,27,2,4,376,67,12,0,2,2
44984,2023,2,27,2,4,376,5,12,0,2,2
44984,2023,2,27,2,4,40,44,12,1,3,2
44984,2023,2,27,2,4,364,52,10,0,2,2
44985,2023,2,28,3,1,262,11,12,0,2,2
44985,2023,2,28,3,1,364,80,7,0,3,2
44985,2023,2,28,3,2,386,11,10,0,4,3
44985,2023,2,28,3,2,116,67,9,1,2,2
44985,2023,2,28,3,2,60,18,20,0,1,1
44985,2023,2,28,3,2,116,52,9,1,3,2
44985,2023,2,28,3,2,116,67,12,1,2,2
44985,2023,2,28,3,2,381,83,20,0,1,1
44985,2023,2,28,3,2,343,11,12,1,2,2
44985,2023,2,28,3,2,381,18,20,0,2,2
44985,2023,2,28,3,2,251,65,4,0,3,1
44971,2023,2,14,3,2,163,82,7,0,3,3
44980,2023,2,23,5,4,101,11,18,0,1,1
44985,2023,2,28,3,2,116,82,7,0,3,2
44985,2023,2,28,3,2,381,52,9,1,2,2
44985,2023,2,28,3,3,101,51,20,0,1,1
44985,2023,2,28,3,2,364,28,18,0,1,1
44985,2023,2,28,3,2,282,16,15,0,4,3
44985,2023,2,28,3,2,232,67,12,0,2,2
44985,2023,2,28,3,3,116,49,7,1,4,3
44985,2023,2,28,3,2,101,1,11,1,2,2
44985,2023,2,28,3,3,373,83,20,0,2,1
44985,2023,2,28,3,3,116,67,12,1,3,3
44985,2023,2,28,3,2,116,15,14,0,1,1
44985,2023,2,28,3,3,101,16,9,1,4,2
44985,2023,2,28,3,3,101,35,2,0,3,2
44985,2023,2,28,3,3,153,83,9,0,8,5
44985,2023,2,28,3,3,381,11,9,0,3,3
44985,2023,2,28,3,3,20,15,21,1,1,1
44985,2023,2,28,3,3,158,11,9,1,3,2
44985,2023,2,28,3,3,163,1,11,0,4,2
44985,2023,2,28,3,4,116,83,15,0,4,3
44985,2023,2,28,3,3,116,1,9,0,3,2
44984,2023,2,27,2,3,158,28,18,0,1,1
44985,2023,2,28,3,2,230,3,21,0,3,3
44985,2023,2,28,3,4,293,11,20,0,1,1
44985,2023,2,28,3,4,376,80,7,1,2,2
44985,2023,2,28,3,3,10,1,9,1,2,2
44985,2023,2,28,3,3,101,11,9,0,9,2
44985,2023,2,28,3,4,60,11,12,0,2,2
44985,2023,2,28,3,3,20,67,7,0,2,2
44985,2023,2,28,3,3,163,18,7,0,3,2
44985,2023,2,28,3,4,262,28,12,0,4,4
44985,2023,2,28,3,3,116,28,21,0,1,1
44985,2023,2,28,3,3,364,82,7,0,4,3
44985,2023,2,28,3,4,476,82,20,0,1,1
44985,2023,2,28,3,4,373,4,4,0,2,2
44985,2023,2,28,3,4,101,35,2,0,2,2
44985,2023,2,28,3,4,163,16,12,0,2,2
44985,2023,2,28,3,4,153,83,21,0,1,1
44985,2023,2,28,3,4,70,3,21,0,2,1
44986,2023,3,1,4,1,116,11,12,0,2,2
44985,2023,2,28,3,4,116,1,2,1,2,2
44986,2023,3,1,4,1,262,18,7,0,4,2
44975,2023,2,18,7,2,316,82,9,1,2,2
44986,2023,3,1,4,2,282,1,11,0,2,2
44986,2023,3,1,4,2,101,83,3,0,2,1
44986,2023,3,1,4,2,10,35,2,1,2,2
44986,2023,3,1,4,2,386,1,9,1,2,2
44986,2023,3,1,4,2,163,82,9,0,3,2
44986,2023,3,1,4,2,470,50,10,1,2,2
44986,2023,3,1,4,2,116,72,11,1,4,2
44986,2023,3,1,4,2,262,52,4,0,2,2
44986,2023,3,1,4,2,116,28,2,0,3,3
44986,2023,3,1,4,2,101,20,11,1,2,2
44986,2023,3,1,4,2,376,51,20,0,1,1
44986,2023,3,1,4,3,153,35,2,1,2,2
44986,2023,3,1,4,2,101,16,12,1,7,4
44986,2023,3,1,4,2,242,83,21,0,2,1
44986,2023,3,1,4,3,280,80,7,0,2,2
44986,2023,3,1,4,2,101,11,12,1,2,2
44986,2023,3,1,4,2,381,82,7,0,2,2
44986,2023,3,1,4,3,20,15,20,1,2,1
44986,2023,3,1,4,3,153,65,9,1,4,4
44986,2023,3,1,4,3,116,11,12,0,2,2
44986,2023,3,1,4,3,163,1,11,1,2,2
44958,2023,2,1,4,3,364,67,12,0,8,4
44985,2023,2,28,3,4,116,11,4,0,1,1
44986,2023,3,1,4,3,20,18,7,0,3,2
44986,2023,3,1,4,3,262,65,10,0,4,2
44986,2023,3,1,4,2,285,7,9,0,3,2
44986,2023,3,1,4,3,101,82,9,0,2,2
44986,2023,3,1,4,4,407,1,11,0,2,2
44986,2023,3,1,4,4,101,83,12,1,2,2
44986,2023,3,1,4,4,364,1,11,1,2,2
44986,2023,3,1,4,3,316,52,10,0,2,2
44987,2023,3,2,5,1,116,65,9,0,2,2
44986,2023,3,1,4,4,163,60,2,0,3,2
44987,2023,3,2,5,1,40,28,20,0,1,1
44987,2023,3,2,5,1,153,67,20,0,2,2
44987,2023,3,2,5,1,101,11,20,0,1,1
44987,2023,3,2,5,1,135,67,9,0,3,2
44986,2023,3,1,4,3,230,11,12,0,6,2
44987,2023,3,2,5,1,101,28,18,0,1,1
44986,2023,3,1,4,2,267,11,4,0,1,1
44987,2023,3,2,5,2,116,11,20,0,1,1
44987,2023,3,2,5,2,235,83,21,0,1,1
44986,2023,3,1,4,4,153,28,18,0,1,1
44987,2023,3,2,5,2,101,52,9,1,2,2
44987,2023,3,2,5,2,381,11,21,0,1,1
44987,2023,3,2,5,2,381,11,15,1,3,3
44985,2023,2,28,3,4,60,18,20,0,1,1
44987,2023,3,2,5,2,262,1,11,1,2,2
44987,2023,3,2,5,2,104,67,9,0,5,3
44987,2023,3,2,5,2,116,65,21,0,1,1
44987,2023,3,2,5,1,242,38,20,0,1,1
44987,2023,3,2,5,2,101,16,12,1,4,2
44987,2023,3,2,5,2,116,11,12,1,6,2
44987,2023,3,2,5,2,116,52,9,1,3,2
44987,2023,3,2,5,2,381,67,21,0,1,1
44987,2023,3,2,5,2,116,20,12,1,8,2
44976,2023,2,19,1,4,101,49,9,0,2,2
44987,2023,3,2,5,2,116,67,12,0,2,2
44987,2023,3,2,5,2,285,1,11,0,2,2
44987,2023,3,2,5,3,262,52,9,1,5,2
44987,2023,3,2,5,3,60,1,2,1,6,2
44987,2023,3,2,5,3,272,11,10,0,3,2
44987,2023,3,2,5,3,235,49,11,1,2,2
44987,2023,3,2,5,3,20,15,9,0,3,2
44987,2023,3,2,5,2,116,83,21,0,1,1
44987,2023,3,2,5,3,101,67,12,1,2,2
44987,2023,3,2,5,3,40,83,4,1,4,3
44987,2023,3,2,5,3,101,16,12,0,7,6
44987,2023,3,2,5,3,423,14,9,0,3,2
44987,2023,3,2,5,3,163,28,21,0,2,2
44987,2023,3,2,5,3,116,11,9,1,3,2
44987,2023,3,2,5,3,277,52,20,0,1,1
44987,2023,3,2,5,3,101,11,12,1,2,2
44987,2023,3,2,5,3,463,1,11,1,2,2
44987,2023,3,2,5,3,163,1,9,1,2,2
44987,2023,3,2,5,4,285,1,11,0,2,2
44987,2023,3,2,5,4,280,82,10,0,2,2
44987,2023,3,2,5,4,101,11,9,0,2,2
44987,2023,3,2,5,4,267,67,10,0,2,2
44985,2023,2,28,3,3,80,11,20,0,3,2
44987,2023,3,2,5,4,70,67,21,0,1,1
44987,2023,3,2,5,4,153,83,21,0,1,1
44987,2023,3,2,5,4,381,28,18,0,1,1
44987,2023,3,2,5,4,277,80,10,0,2,2
44988,2023,3,3,6,1,116,49,7,0,2,2
44988,2023,3,3,6,2,101,52,9,1,4,3
44988,2023,3,3,6,1,50,57,21,0,1,1
44988,2023,3,3,6,1,376,18,20,0,1,1
44988,2023,3,3,6,1,381,83,12,0,2,2
44988,2023,3,3,6,1,50,83,21,0,1,1
44988,2023,3,3,6,1,277,80,7,1,2,2
44988,2023,3,3,6,2,116,14,14,0,1,1
44988,2023,3,3,6,2,369,83,21,0,1,1
44988,2023,3,3,6,2,70,18,20,0,2,1
44988,2023,3,3,6,2,226,65,21,0,1,1
44988,2023,3,3,6,2,70,36,12,0,2,2
44973,2023,2,16,5,1,364,18,7,0,3,2
44988,2023,3,3,6,1,158,49,7,0,5,2
44988,2023,3,3,6,2,381,11,12,1,3,3
44988,2023,3,3,6,2,116,18,9,0,2,2
44988,2023,3,3,6,2,226,67,10,0,5,3
44988,2023,3,3,6,2,101,52,9,1,4,2
44978,2023,2,21,3,3,101,11,12,0,3,2
44988,2023,3,3,6,2,376,52,9,1,2,2
44988,2023,3,3,6,2,470,52,11,1,2,2
44988,2023,3,3,6,3,155,67,12,1,2,2
44988,2023,3,3,6,3,381,52,12,1,3,3
44961,2023,2,4,7,1,174,83,12,0,4,2
44988,2023,3,3,6,2,262,28,18,0,1,1
44988,2023,3,3,6,2,364,1,7,0,5,2
44988,2023,3,3,6,3,40,33,11,1,2,2
44972,2023,2,15,4,2,364,1,9,1,4,2
44988,2023,3,3,6,3,242,52,10,0,3,2
44988,2023,3,3,6,3,116,14,20,0,1,1
44988,2023,3,3,6,2,364,80,7,0,3,3
44988,2023,3,3,6,3,365,16,12,1,4,2
44988,2023,3,3,6,3,376,52,21,1,2,2
44988,2023,3,3,6,3,101,83,20,0,1,1
44988,2023,3,3,6,3,101,80,7,1,4,3
44988,2023,3,3,6,3,153,16,12,0,3,3
44988,2023,3,3,6,3,414,49,7,0,5,3
44988,2023,3,3,6,3,470,82,7,0,6,4
44988,2023,3,3,6,3,163,11,12,1,2,2
44988,2023,3,3,6,4,116,11,21,0,2,2
44988,2023,3,3,6,3,365,11,21,0,2,2
44988,2023,3,3,6,4,381,28,18,0,1,1
44988,2023,3,3,6,4,135,1,9,0,2,2
44988,2023,3,3,6,4,101,11,12,0,2,2
44988,2023,3,3,6,4,423,80,10,0,2,2
44988,2023,3,3,6,4,364,83,9,1,2,2
44988,2023,3,3,6,4,101,1,12,0,2,2
44988,2023,3,3,6,4,163,80,10,0,2,2
44988,2023,3,3,6,4,262,16,12,0,2,2
44989,2023,3,4,7,1,153,18,20,0,1,1
44989,2023,3,4,7,1,155,63,7,0,2,2
44989,2023,3,4,7,1,324,49,7,1,2,2
44989,2023,3,4,7,1,116,11,4,1,2,2
44989,2023,3,4,7,1,50,18,20,0,3,1
44989,2023,3,4,7,1,324,11,20,0,1,1
44989,2023,3,4,7,1,116,67,21,1,2,1
44969,2023,2,12,1,1,155,67,20,0,1,1
44989,2023,3,4,7,1,116,80,7,0,2,2
44989,2023,3,4,7,1,407,49,11,1,3,2
44989,2023,3,4,7,2,116,83,21,0,1,1
44989,2023,3,4,7,2,153,11,7,0,2,2
44989,2023,3,4,7,2,280,16,11,0,3,2
44989,2023,3,4,7,1,262,11,12,0,2,2
44973,2023,2,16,5,2,101,83,21,0,2,2
44989,2023,3,4,7,2,20,52,9,1,3,2
44989,2023,3,4,7,2,262,83,14,0,1,1
44988,2023,3,3,6,4,40,3,11,0,3,2
44981,2023,2,24,6,3,163,11,12,0,2,2
44989,2023,3,4,7,2,40,67,12,0,2,2
44949,2023,1,23,2,3,116,11,12,0,4,4
44985,2023,2,28,3,3,101,21,21,1,1,1
44986,2023,3,1,4,1,116,18,20,0,1,1
44989,2023,3,4,7,2,277,51,7,1,3,3
44989,2023,3,4,7,2,376,1,11,0,2,2
44989,2023,3,4,7,2,480,52,9,0,2,2
44989,2023,3,4,7,3,116,52,9,1,3,2
44989,2023,3,4,7,2,381,53,20,0,1,1
44989,2023,3,4,7,2,376,28,18,0,1,1
44989,2023,3,4,7,3,470,1,12,1,3,3
44989,2023,3,4,7,2,354,83,21,0,1,1
44989,2023,3,4,7,3,226,16,12,0,3,2
44989,2023,3,4,7,2,116,11,7,0,4,2
44988,2023,3,3,6,3,158,63,21,0,1,1
44989,2023,3,4,7,3,158,13,20,0,3,1
44989,2023,3,4,7,3,116,11,9,0,2,2
44989,2023,3,4,7,3,116,44,7,1,5,3
44989,2023,3,4,7,3,376,67,20,0,2,2
44989,2023,3,4,7,4,163,11,4,0,1,1
44989,2023,3,4,7,4,324,49,9,0,2,2
44989,2023,3,4,7,3,116,20,11,0,2,2
44989,2023,3,4,7,4,364,52,9,1,3,2
44989,2023,3,4,7,3,376,67,21,0,1,1
44989,2023,3,4,7,4,116,35,2,1,2,2
44989,2023,3,4,7,2,163,67,9,0,3,3
44989,2023,3,4,7,4,364,29,20,0,1,1
44990,2023,3,5,1,1,376,65,21,0,1,1
44989,2023,3,4,7,3,163,67,14,0,1,1
44990,2023,3,5,1,1,116,4,7,0,3,3
44990,2023,3,5,1,1,242,80,7,0,2,2
44989,2023,3,4,7,4,230,11,12,0,5,2
44965,2023,2,8,4,3,70,1,11,0,3,3
44990,2023,3,5,1,1,116,80,7,0,2,2
44990,2023,3,5,1,1,153,18,20,0,1,1
44990,2023,3,5,1,2,381,83,4,0,1,1
44990,2023,3,5,1,2,101,18,12,0,3,2
44990,2023,3,5,1,1,316,52,10,0,3,2
44989,2023,3,4,7,4,262,80,7,0,3,2
44990,2023,3,5,1,2,381,83,21,0,14,3
44990,2023,3,5,1,2,393,16,12,1,2,2
44989,2023,3,4,7,1,40,83,11,1,2,2
44990,2023,3,5,1,2,104,83,21,0,3,2
44990,2023,3,5,1,2,222,82,21,0,3,3
44990,2023,3,5,1,2,116,83,21,0,3,1
44990,2023,3,5,1,2,116,11,9,1,3,2
44990,2023,3,5,1,3,101,16,15,1,4,3
44990,2023,3,5,1,2,373,1,20,0,2,2
44990,2023,3,5,1,2,101,83,20,0,1,1
44942,2023,1,16,2,4,163,15,21,0,1,1
44990,2023,3,5,1,3,316,1,11,1,3,2
44990,2023,3,5,1,3,343,83,4,1,1,1
44990,2023,3,5,1,3,324,11,12,1,2,2
44990,2023,3,5,1,3,280,1,11,0,2,2
44990,2023,3,5,1,3,364,83,15,1,3,3
44990,2023,3,5,1,3,376,49,9,0,3,2
44990,2023,3,5,1,3,10,49,11,1,2,2
44990,2023,3,5,1,3,116,2,11,1,2,2
44990,2023,3,5,1,4,242,80,7,0,5,2
44990,2023,3,5,1,2,174,80,7,0,55,3
44990,2023,3,5,1,2,116,18,20,0,1,1
44990,2023,3,5,1,4,365,28,18,0,1,1
44990,2023,3,5,1,3,330,65,11,0,4,2
44990,2023,3,5,1,2,116,83,21,0,1,1
44990,2023,3,5,1,3,163,67,20,0,1,1
44991,2023,3,6,2,1,316,80,11,1,2,2
44991,2023,3,6,2,1,262,83,21,0,1,1
44991,2023,3,6,2,2,116,11,15,0,3,3
44991,2023,3,6,2,2,324,13,9,0,13,4
44991,2023,3,6,2,2,163,1,11,1,2,2
44991,2023,3,6,2,2,163,28,18,0,1,1
44991,2023,3,6,2,2,324,49,10,0,2,2
44991,2023,3,6,2,2,293,82,10,0,5,3
44991,2023,3,6,2,2,230,16,12,1,2,2
44991,2023,3,6,2,2,116,41,21,0,1,1
44991,2023,3,6,2,2,116,16,12,1,3,3
44991,2023,3,6,2,2,116,44,12,1,2,2
44991,2023,3,6,2,3,101,28,9,1,3,3
44991,2023,3,6,2,2,235,1,11,1,3,2
44991,2023,3,6,2,2,251,11,20,0,1,1
44991,2023,3,6,2,3,116,15,4,1,2,2
44991,2023,3,6,2,3,381,83,20,0,1,1
44991,2023,3,6,2,3,153,16,20,0,1,1
44991,2023,3,6,2,3,467,83,12,0,2,2
44991,2023,3,6,2,3,135,1,11,0,2,2
44991,2023,3,6,2,3,101,11,9,0,3,2
44991,2023,3,6,2,3,365,28,10,0,4,3
44991,2023,3,6,2,3,427,67,10,0,4,2
44991,2023,3,6,2,4,101,67,20,0,1,1
44991,2023,3,6,2,4,116,28,18,0,1,1
44991,2023,3,6,2,3,376,1,12,0,3,2
44991,2023,3,6,2,4,158,65,18,0,1,1
44991,2023,3,6,2,4,101,60,2,0,2,2
44991,2023,3,6,2,3,376,11,12,0,7,5
44991,2023,3,6,2,3,287,16,15,0,6,5
44991,2023,3,6,2,4,116,11,11,0,3,3
44991,2023,3,6,2,4,40,61,2,0,2,2
44991,2023,3,6,2,4,116,11,12,0,2,2
44991,2023,3,6,2,3,230,22,20,0,1,1
44991,2023,3,6,2,4,40,60,2,0,2,2
44991,2023,3,6,2,4,364,36,12,1,2,2
44991,2023,3,6,2,4,316,13,7,0,3,3
44992,2023,3,7,3,1,392,82,7,1,3,3
44992,2023,3,7,3,1,381,11,12,0,3,2
44992,2023,3,7,3,1,476,83,2,1,5,3
44992,2023,3,7,3,1,116,67,3,0,2,1
44992,2023,3,7,3,1,101,60,2,0,2,2
44992,2023,3,7,3,1,163,11,21,0,1,1
44992,2023,3,7,3,2,20,12,10,1,4,2
44991,2023,3,6,2,4,405,9,1,0,1,1
44992,2023,3,7,3,2,319,1,11,1,4,2
44992,2023,3,7,3,2,101,83,21,1,1,1
44992,2023,3,7,3,2,101,20,12,0,5,2
44992,2023,3,7,3,2,392,20,9,1,2,2
44992,2023,3,7,3,2,40,65,20,0,1,1
44992,2023,3,7,3,2,470,80,7,0,5,2
44992,2023,3,7,3,2,50,19,12,1,2,2
44992,2023,3,7,3,2,101,11,12,1,2,2
44992,2023,3,7,3,2,287,2,11,0,3,2
44992,2023,3,7,3,2,116,67,9,0,2,2
44964,2023,2,7,3,4,101,52,9,0,4,2
44992,2023,3,7,3,2,386,16,12,1,2,2
44975,2023,2,18,7,2,330,52,7,0,4,2
44992,2023,3,7,3,2,101,1,11,1,2,2
44992,2023,3,7,3,2,356,67,9,0,2,2
44992,2023,3,7,3,2,364,83,11,0,7,3
44992,2023,3,7,3,2,381,18,12,0,2,2
44992,2023,3,7,3,2,101,52,2,0,2,2
44992,2023,3,7,3,2,50,67,12,0,2,2
44992,2023,3,7,3,3,153,14,21,0,1,1
44992,2023,3,7,3,3,392,52,12,0,5,3
44931,2023,1,5,5,4,153,15,20,0,4,1
44992,2023,3,7,3,2,376,83,21,0,1,1
44992,2023,3,7,3,3,386,67,12,0,5,3
44992,2023,3,7,3,2,381,80,10,0,2,2
44992,2023,3,7,3,3,101,11,12,1,2,2
44991,2023,3,6,2,1,40,18,4,0,1,1
44992,2023,3,7,3,3,40,83,20,0,2,1
44992,2023,3,7,3,3,158,80,10,0,3,3
44946,2023,1,20,6,4,101,18,12,0,2,2
44992,2023,3,7,3,3,101,17,11,1,4,2
44992,2023,3,7,3,3,101,61,2,1,3,2
44992,2023,3,7,3,3,304,82,9,1,3,3
44992,2023,3,7,3,3,101,1,9,0,4,3
44944,2023,1,18,4,4,20,15,7,0,2,2
44992,2023,3,7,3,3,101,52,10,0,2,2
44992,2023,3,7,3,2,163,65,4,0,2,1
44992,2023,3,7,3,3,369,52,9,1,3,3
44992,2023,3,7,3,4,373,33,11,1,4,4
44992,2023,3,7,3,3,101,16,12,1,3,2
44992,2023,3,7,3,4,101,1,11,1,3,2
44992,2023,3,7,3,3,101,1,11,0,2,2
44992,2023,3,7,3,4,153,61,2,0,3,2
44992,2023,3,7,3,4,324,2,9,1,5,2
44992,2023,3,7,3,4,407,16,12,1,3,3
44992,2023,3,7,3,4,50,11,20,0,1,1
44992,2023,3,7,3,3,135,1,3,1,3,2
44992,2023,3,7,3,4,480,16,12,1,2,2
44992,2023,3,7,3,4,381,49,9,1,2,2
44992,2023,3,7,3,4,116,67,12,1,3,3
44939,2023,1,13,6,1,476,64,20,0,1,1
44992,2023,3,7,3,3,365,67,20,0,1,1
44992,2023,3,7,3,4,280,67,4,1,4,2
44953,2023,1,27,6,2,476,83,21,0,1,1
44992,2023,3,7,3,3,316,1,11,0,2,2
44992,2023,3,7,3,3,135,33,11,1,2,2
44992,2023,3,7,3,3,226,11,7,0,2,2
44992,2023,3,7,3,4,163,18,20,0,1,1
44992,2023,3,7,3,4,116,18,21,0,1,1
44993,2023,3,8,4,1,381,18,20,0,3,2
44993,2023,3,8,4,1,277,49,20,0,1,1
44993,2023,3,8,4,1,232,16,12,1,2,2
44993,2023,3,8,4,1,386,18,12,1,2,2
44993,2023,3,8,4,1,163,52,10,0,4,2
44992,2023,3,7,3,4,163,15,20,0,4,1
44993,2023,3,8,4,2,101,16,15,0,4,3
44993,2023,3,8,4,2,285,1,11,0,3,2
44960,2023,2,3,6,2,381,28,7,0,3,2
44993,2023,3,8,4,2,116,57,9,1,2,2
44993,2023,3,8,4,2,101,19,20,0,3,1
44993,2023,3,8,4,2,381,83,21,0,1,1
44993,2023,3,8,4,1,304,82,4,0,3,2
44993,2023,3,8,4,2,116,1,9,1,3,2
44993,2023,3,8,4,2,470,80,7,0,2,2
44993,2023,3,8,4,2,316,11,12,1,5,3
44957,2023,1,31,3,4,376,15,21,0,1,1
44993,2023,3,8,4,2,101,61,2,1,3,2
44993,2023,3,8,4,2,282,82,9,0,3,3
44993,2023,3,8,4,3,116,67,12,1,2,2
44993,2023,3,8,4,3,158,16,12,0,2,2
44993,2023,3,8,4,3,40,52,9,1,3,2
44993,2023,3,8,4,2,364,14,20,0,6,1
44993,2023,3,8,4,3,116,14,21,0,1,1
44993,2023,3,8,4,3,116,65,4,0,1,1
44993,2023,3,8,4,3,364,51,20,0,1,1
44993,2023,3,8,4,3,101,67,12,0,5,3
44993,2023,3,8,4,3,158,49,7,0,3,3
44993,2023,3,8,4,3,364,67,20,0,1,1
44993,2023,3,8,4,4,116,67,20,1,2,2
44993,2023,3,8,4,4,104,65,21,0,1,1
44993,2023,3,8,4,4,365,67,21,1,1,1
44993,2023,3,8,4,4,153,49,9,1,2,2
44993,2023,3,8,4,4,230,1,9,1,3,2
44993,2023,3,8,4,4,101,67,12,1,2,2
44993,2023,3,8,4,4,414,52,10,0,3,2
44993,2023,3,8,4,4,101,80,7,0,3,2
44993,2023,3,8,4,4,60,52,9,0,2,2
44993,2023,3,8,4,4,116,82,11,1,2,2
44993,2023,3,8,4,2,116,14,14,0,1,1
44993,2023,3,8,4,4,376,52,20,1,2,2
44990,2023,3,5,1,1,163,1,10,0,2,2
44994,2023,3,9,5,1,101,9,1,0,3,3
44993,2023,3,8,4,4,277,11,20,0,2,2
44993,2023,3,8,4,4,10,3,21,0,1,1
44994,2023,3,9,5,1,262,83,20,0,1,1
44994,2023,3,9,5,1,468,1,11,0,2,2
44993,2023,3,8,4,4,376,51,20,1,2,2
44994,2023,3,9,5,1,381,52,9,1,2,2
44993,2023,3,8,4,4,376,49,20,1,2,2
44994,2023,3,9,5,1,116,11,21,1,1,1
44993,2023,3,8,4,4,116,67,21,0,1,1
44993,2023,3,8,4,4,282,70,7,0,2,2
44994,2023,3,9,5,2,381,65,21,0,1,1
44994,2023,3,9,5,2,40,11,20,0,1,1
44994,2023,3,9,5,2,70,13,12,1,5,3
44994,2023,3,9,5,2,116,56,20,1,2,1
44994,2023,3,9,5,2,365,64,20,0,1,1
44994,2023,3,9,5,2,262,11,2,0,2,2
44994,2023,3,9,5,1,116,28,18,1,1,1
44994,2023,3,9,5,2,324,11,15,0,8,4
44994,2023,3,9,5,2,101,1,11,0,2,2
44994,2023,3,9,5,2,376,9,15,1,6,3
44994,2023,3,9,5,2,163,1,11,0,3,2