id_data,ano,mes,dia,id_dia_semana,periodo,br,id_causa_acidente,id_tipo_acidente,id_uso_solo,pessoas,veiculos
45004,2023,3,19,1,3,364,29,20,0,1,1
45004,2023,3,19,1,4,364,67,4,0,2,2
45004,2023,3,19,1,3,470,83,21,1,1,1
45004,2023,3,19,1,4,376,49,20,0,1,1
45004,2023,3,19,1,4,285,1,11,1,2,2
45004,2023,3,19,1,4,153,80,7,0,2,2
45004,2023,3,19,1,2,70,62,21,0,1,1
45004,2023,3,19,1,4,40,52,9,0,3,3
45005,2023,3,20,2,1,262,83,20,0,1,1
45005,2023,3,20,2,1,50,18,21,0,1,1
45005,2023,3,20,2,1,282,1,11,1,2,2
45005,2023,3,20,2,2,101,14,14,0,1,1
45005,2023,3,20,2,2,406,53,9,0,2,2
45005,2023,3,20,2,2,282,20,7,1,2,2
45005,2023,3,20,2,1,365,11,20,0,1,1
45005,2023,3,20,2,2,116,67,20,0,1,1
45005,2023,3,20,2,2,153,5,4,0,2,1
45005,2023,3,20,2,2,101,52,9,1,2,2
45005,2023,3,20,2,2,230,28,12,1,3,2
45005,2023,3,20,2,2,101,82,9,1,3,3
45005,2023,3,20,2,2,101,52,7,0,3,3
45005,2023,3,20,2,1,267,83,21,0,1,1
45005,2023,3,20,2,2,116,52,9,1,3,2
45005,2023,3,20,2,2,381,16,15,1,3,3
45005,2023,3,20,2,2,381,83,20,0,2,1
45005,2023,3,20,2,2,376,28,20,0,1,1
45005,2023,3,20,2,3,277,83,4,0,1,1
45005,2023,3,20,2,3,101,1,11,1,4,3
45005,2023,3,20,2,3,116,28,9,1,2,2
45005,2023,3,20,2,3,70,78,9,1,2,2
45005,2023,3,20,2,2,10,80,7,1,5,3
45005,2023,3,20,2,3,381,28,18,0,2,1
45005,2023,3,20,2,3,242,67,21,0,1,1
45005,2023,3,20,2,3,343,49,12,1,4,3
45005,2023,3,20,2,3,495,67,4,1,1,1
45002,2023,3,17,6,2,116,11,12,1,4,4
45005,2023,3,20,2,3,452,63,21,0,1,1
45005,2023,3,20,2,3,101,51,21,1,4,3
45005,2023,3,20,2,3,407,80,10,0,3,2
45005,2023,3,20,2,3,282,1,11,1,3,2
45005,2023,3,20,2,1,277,83,21,0,1,1
45005,2023,3,20,2,3,386,83,11,0,3,2
45005,2023,3,20,2,3,364,28,20,0,1,1
45005,2023,3,20,2,3,343,11,4,1,1,1
45005,2023,3,20,2,3,153,83,4,0,1,1
45005,2023,3,20,2,3,280,33,11,1,2,2
45005,2023,3,20,2,3,470,83,20,1,1,1
45005,2023,3,20,2,3,381,16,12,0,6,6
45005,2023,3,20,2,4,116,78,9,1,3,3
45005,2023,3,20,2,4,10,63,21,0,1,1
45005,2023,3,20,2,4,285,67,11,0,4,2
45005,2023,3,20,2,3,280,67,4,0,1,1
45005,2023,3,20,2,3,316,52,7,0,2,2
45005,2023,3,20,2,4,290,35,2,0,2,2
45005,2023,3,20,2,3,251,4,10,0,3,2
45005,2023,3,20,2,4,381,16,12,0,2,2
45005,2023,3,20,2,4,50,83,12,0,3,2
45005,2023,3,20,2,4,470,67,10,0,5,3
45005,2023,3,20,2,4,364,15,12,0,4,2
45005,2023,3,20,2,4,101,11,12,0,2,2
45005,2023,3,20,2,4,153,83,20,0,1,1
45006,2023,3,21,3,1,116,14,21,0,1,1
45006,2023,3,21,3,1,424,49,7,0,10,3
45006,2023,3,21,3,2,267,83,21,0,1,1
45006,2023,3,21,3,2,116,80,11,1,2,2
45006,2023,3,21,3,2,367,16,12,1,5,2
45005,2023,3,20,2,3,163,80,10,0,2,2
45006,2023,3,21,3,2,101,67,12,1,4,3
45003,2023,3,18,7,2,163,67,12,0,2,2
45006,2023,3,21,3,2,232,52,9,1,2,2
45006,2023,3,21,3,2,392,18,20,0,1,1
45006,2023,3,21,3,2,40,67,21,0,1,1
45006,2023,3,21,3,2,470,11,12,1,4,4
45006,2023,3,21,3,2,60,52,11,1,2,2
44946,2023,1,20,6,1,472,11,20,1,1,1
45006,2023,3,21,3,2,116,82,9,1,3,3
45006,2023,3,21,3,2,60,11,12,0,3,2
45006,2023,3,21,3,1,101,12,12,0,2,2
45006,2023,3,21,3,2,116,57,12,0,3,3
45006,2023,3,21,3,2,116,11,12,1,2,2
45006,2023,3,21,3,2,319,1,9,1,2,2
45006,2023,3,21,3,2,110,51,7,0,2,2
45006,2023,3,21,3,2,116,9,10,0,2,2
45006,2023,3,21,3,2,163,57,15,0,4,4
45006,2023,3,21,3,3,116,36,12,0,3,3
45006,2023,3,21,3,3,277,13,20,0,4,4
45006,2023,3,21,3,3,376,83,11,0,2,2
44981,2023,2,24,6,1,280,80,10,0,4,2
45006,2023,3,21,3,3,277,11,21,0,1,1
45006,2023,3,21,3,3,104,65,20,0,2,2
45006,2023,3,21,3,3,116,16,15,0,4,4
45006,2023,3,21,3,3,386,80,10,0,2,2
45006,2023,3,21,3,3,101,82,9,0,2,2
45006,2023,3,21,3,3,392,80,10,0,2,2
45006,2023,3,21,3,3,101,18,21,0,2,1
45006,2023,3,21,3,3,364,67,9,0,4,2
45006,2023,3,21,3,2,285,14,14,0,1,1
45006,2023,3,21,3,3,135,52,9,0,4,2
45006,2023,3,21,3,2,163,65,21,0,1,1
45006,2023,3,21,3,3,251,83,12,0,20,2
45006,2023,3,21,3,3,381,11,15,0,5,3
45006,2023,3,21,3,3,101,30,12,1,4,4
45006,2023,3,21,3,3,324,44,4,0,1,1
45006,2023,3,21,3,3,116,33,11,0,6,2
45006,2023,3,21,3,4,376,48,12,0,3,3
45006,2023,3,21,3,4,230,67,21,0,2,2
45006,2023,3,21,3,4,101,80,7,0,5,3
44989,2023,3,4,7,1,101,83,12,0,8,5
45006,2023,3,21,3,4,324,18,11,0,2,2
45006,2023,3,21,3,3,116,52,21,1,3,2
45006,2023,3,21,3,4,293,33,11,1,2,2
45006,2023,3,21,3,4,70,1,12,1,2,2
45005,2023,3,20,2,3,163,83,21,0,2,2
45006,2023,3,21,3,4,376,84,18,0,2,1
45006,2023,3,21,3,4,153,49,20,0,2,1
45007,2023,3,22,4,1,101,13,4,1,2,2
45007,2023,3,22,4,1,116,18,12,0,2,2
45006,2023,3,21,3,4,262,83,4,0,1,1
45007,2023,3,22,4,1,381,82,12,1,2,2
45007,2023,3,22,4,2,101,83,12,1,2,2
45006,2023,3,21,3,3,452,7,21,0,1,1
45007,2023,3,22,4,1,116,18,12,0,2,2
45007,2023,3,22,4,2,163,1,11,1,3,2
45007,2023,3,22,4,2,116,11,12,0,5,4
45007,2023,3,22,4,2,280,1,11,1,2,2
45007,2023,3,22,4,2,101,83,20,0,1,1
45007,2023,3,22,4,2,101,1,11,0,3,2
45007,2023,3,22,4,2,116,52,9,0,2,2
45007,2023,3,22,4,2,116,1,12,0,5,5
44958,2023,2,1,4,2,116,67,12,1,3,3
45007,2023,3,22,4,2,402,80,11,0,3,2
45007,2023,3,22,4,2,277,83,12,0,3,3
45007,2023,3,22,4,2,262,1,11,1,2,2
45007,2023,3,22,4,2,116,11,9,0,4,2
45007,2023,3,22,4,2,470,83,20,0,2,1
45007,2023,3,22,4,2,163,80,7,0,4,3
45007,2023,3,22,4,2,101,67,9,1,3,3
44947,2023,1,21,7,4,282,49,10,1,7,3
45007,2023,3,22,4,2,381,28,18,0,2,2
45007,2023,3,22,4,3,116,11,12,1,2,2
45007,2023,3,22,4,3,101,1,11,1,3,3
45007,2023,3,22,4,3,365,83,20,0,5,2
45007,2023,3,22,4,3,116,11,12,1,2,2
45007,2023,3,22,4,3,174,82,10,0,3,3
45007,2023,3,22,4,3,101,52,9,1,2,2
45007,2023,3,22,4,2,272,83,12,0,2,2
45001,2023,3,16,5,4,290,20,11,0,2,2
45007,2023,3,22,4,3,116,52,9,0,6,6
45007,2023,3,22,4,2,364,67,12,0,2,2
45007,2023,3,22,4,3,116,67,12,1,5,3
45007,2023,3,22,4,3,230,11,20,0,1,1
45007,2023,3,22,4,3,470,67,11,1,3,3
45007,2023,3,22,4,3,153,11,12,1,2,2
45007,2023,3,22,4,3,163,63,21,0,1,1
45007,2023,3,22,4,3,365,28,20,0,1,1
45007,2023,3,22,4,3,153,67,21,0,2,2
44994,2023,3,9,5,3,163,80,10,0,2,2
45007,2023,3,22,4,3,50,16,15,1,18,3
45007,2023,3,22,4,3,116,82,12,1,2,2
44997,2023,3,12,1,2,40,52,9,0,4,3
45007,2023,3,22,4,3,428,52,7,0,3,2
45007,2023,3,22,4,4,290,65,18,0,1,1
45007,2023,3,22,4,4,60,67,20,0,1,1
45007,2023,3,22,4,4,116,67,4,0,1,1
45007,2023,3,22,4,3,101,1,11,1,2,2
45007,2023,3,22,4,4,365,11,12,0,3,2
45007,2023,3,22,4,4,232,9,21,0,1,1
45008,2023,3,23,5,1,116,1,2,0,2,2
45007,2023,3,22,4,4,158,28,18,0,1,1
45007,2023,3,22,4,3,163,16,12,0,2,2
45007,2023,3,22,4,4,80,52,7,1,2,2
45008,2023,3,23,5,1,101,4,4,0,2,2
45008,2023,3,23,5,1,60,11,20,0,1,1
45008,2023,3,23,5,1,70,11,9,1,3,2
45008,2023,3,23,5,2,230,1,9,1,2,2
45008,2023,3,23,5,2,101,11,12,0,3,2
45008,2023,3,23,5,2,116,11,21,0,1,1
45008,2023,3,23,5,2,163,11,15,1,5,3
45008,2023,3,23,5,2,369,67,12,0,4,3
45008,2023,3,23,5,2,285,1,11,0,3,2
45008,2023,3,23,5,2,116,67,15,1,4,4
45008,2023,3,23,5,2,70,78,12,0,2,2
45008,2023,3,23,5,2,116,12,10,0,3,3
44995,2023,3,10,6,3,376,80,10,0,5,3
44956,2023,1,30,2,2,116,52,11,1,2,2
44940,2023,1,14,7,1,290,11,20,0,3,1
45008,2023,3,23,5,3,116,57,12,0,2,2
45008,2023,3,23,5,3,381,11,21,1,2,2
45008,2023,3,23,5,2,230,82,7,0,2,2
45008,2023,3,23,5,3,60,65,20,0,3,2
45008,2023,3,23,5,3,277,52,11,1,2,2
45008,2023,3,23,5,3,470,6,21,1,2,2
45008,2023,3,23,5,3,316,1,10,0,2,2
45008,2023,3,23,5,3,101,11,12,1,2,2
45008,2023,3,23,5,3,381,16,9,0,2,2
45008,2023,3,23,5,3,116,16,12,0,2,2
45008,2023,3,23,5,3,376,14,21,0,1,1
45008,2023,3,23,5,3,235,44,20,0,1,1
45008,2023,3,23,5,3,364,11,21,0,1,1
45008,2023,3,23,5,3,448,9,4,0,2,2
45008,2023,3,23,5,3,290,18,12,1,2,2
45008,2023,3,23,5,3,101,52,11,0,4,2
45008,2023,3,23,5,3,116,28,18,0,1,1
45008,2023,3,23,5,4,282,83,7,0,2,2
45008,2023,3,23,5,4,101,67,12,1,2,2
45008,2023,3,23,5,4,40,67,21,0,2,2
45008,2023,3,23,5,4,364,67,15,0,5,4
45008,2023,3,23,5,4,386,1,11,1,3,2
45008,2023,3,23,5,4,101,11,21,1,1,1
45008,2023,3,23,5,3,158,67,21,0,1,1
45008,2023,3,23,5,4,101,11,12,0,2,2
45009,2023,3,24,6,1,381,67,12,1,4,3
45009,2023,3,24,6,1,153,76,21,0,1,1
45009,2023,3,24,6,1,116,16,12,0,2,2
45009,2023,3,24,6,1,376,67,21,0,1,1
45009,2023,3,24,6,1,470,67,7,1,2,2
45009,2023,3,24,6,1,153,11,21,0,1,1
44935,2023,1,9,2,4,369,11,12,0,4,3
45009,2023,3,24,6,2,470,20,12,0,2,2
44961,2023,2,4,7,4,222,1,11,0,2,2
45008,2023,3,23,5,1,242,18,7,0,2,2
45009,2023,3,24,6,2,304,82,12,0,3,3
45008,2023,3,23,5,4,80,28,20,0,1,1
44985,2023,2,28,3,3,282,1,11,1,2,2
45009,2023,3,24,6,2,222,11,12,0,2,2
45009,2023,3,24,6,2,277,11,12,1,3,2
45009,2023,3,24,6,2,101,33,9,0,2,2
45009,2023,3,24,6,2,386,67,20,0,1,1
45009,2023,3,24,6,2,364,11,20,0,1,1
45009,2023,3,24,6,2,163,1,9,1,4,2
45009,2023,3,24,6,2,116,52,9,1,2,2
45009,2023,3,24,6,2,101,67,12,1,2,2
45009,2023,3,24,6,2,116,52,9,1,2,2
45009,2023,3,24,6,2,104,28,20,1,5,4
45009,2023,3,24,6,2,470,1,11,1,3,2
45009,2023,3,24,6,2,324,28,18,0,1,1
45009,2023,3,24,6,3,343,28,18,0,1,1
45009,2023,3,24,6,3,376,52,9,0,4,3
45009,2023,3,24,6,3,163,67,21,0,4,2
45009,2023,3,24,6,3,290,18,21,0,1,1
45009,2023,3,24,6,3,277,1,11,0,2,2
45009,2023,3,24,6,3,10,11,12,0,2,2
45009,2023,3,24,6,3,343,82,9,1,2,2
45009,2023,3,24,6,3,232,35,2,0,2,2
45009,2023,3,24,6,4,459,49,7,0,3,3
45009,2023,3,24,6,3,232,49,10,0,2,2
45009,2023,3,24,6,3,153,11,12,1,2,2
45009,2023,3,24,6,2,262,11,20,0,1,1
45009,2023,3,24,6,3,470,16,12,1,2,2
45009,2023,3,24,6,3,40,82,9,1,3,2
45009,2023,3,24,6,4,381,35,2,1,3,3
45009,2023,3,24,6,4,40,1,11,0,4,2
45009,2023,3,24,6,4,381,11,11,0,2,2
45009,2023,3,24,6,3,116,80,7,0,2,2
45009,2023,3,24,6,4,116,11,12,1,4,2
45009,2023,3,24,6,2,365,11,20,0,1,1
45009,2023,3,24,6,4,163,52,9,1,3,2
45009,2023,3,24,6,4,386,80,10,0,2,2
45009,2023,3,24,6,4,364,11,21,0,1,1
45009,2023,3,24,6,4,364,67,10,0,3,2
45009,2023,3,24,6,4,471,11,21,0,1,1
44991,2023,3,6,2,2,230,11,12,0,4,3
45010,2023,3,25,7,1,153,49,4,1,1,1
45009,2023,3,24,6,4,101,82,7,0,2,2
45010,2023,3,25,7,1,101,18,20,0,2,1
45009,2023,3,24,6,4,381,33,11,0,3,2
45010,2023,3,25,7,1,40,16,12,0,2,2
45010,2023,3,25,7,2,285,11,12,1,2,2
44995,2023,3,10,6,1,277,82,20,0,2,2
45010,2023,3,25,7,2,40,67,12,0,2,2
44956,2023,1,30,2,3,20,67,9,1,2,2
44975,2023,2,18,7,3,101,11,12,0,2,2
45010,2023,3,25,7,2,364,63,21,1,4,2
45010,2023,3,25,7,2,101,67,12,0,2,2
45010,2023,3,25,7,2,101,67,11,0,4,3
44982,2023,2,25,7,4,116,11,21,0,1,1
45010,2023,3,25,7,3,101,16,12,1,3,3
45010,2023,3,25,7,3,158,18,12,0,2,2
45010,2023,3,25,7,2,452,52,9,0,2,2
45010,2023,3,25,7,3,163,22,21,0,1,1
45010,2023,3,25,7,3,116,52,9,1,5,3
45010,2023,3,25,7,3,423,28,2,0,1,1
45010,2023,3,25,7,3,277,82,11,0,2,2
45010,2023,3,25,7,2,70,67,12,1,3,2
45010,2023,3,25,7,3,376,28,18,0,1,1
45010,2023,3,25,7,4,116,35,2,1,2,2
45010,2023,3,25,7,1,364,67,12,0,2,2
45010,2023,3,25,7,4,262,11,12,1,2,2
45010,2023,3,25,7,3,316,67,20,1,1,1
45010,2023,3,25,7,3,153,82,7,0,4,4
45010,2023,3,25,7,3,376,78,9,1,2,2
45010,2023,3,25,7,3,101,1,11,1,4,2
45010,2023,3,25,7,3,262,83,21,0,1,1
45010,2023,3,25,7,3,116,14,14,1,1,1
45010,2023,3,25,7,4,282,80,10,1,2,2
45010,2023,3,25,7,3,376,33,9,1,3,2
45010,2023,3,25,7,3,304,16,12,1,4,2
44986,2023,3,1,4,2,101,67,12,0,2,2
45010,2023,3,25,7,3,116,67,21,0,2,2
45010,2023,3,25,7,4,364,11,12,1,2,2
45010,2023,3,25,7,3,101,50,12,1,4,3
45010,2023,3,25,7,4,222,80,7,0,2,2
45011,2023,3,26,1,1,476,83,21,0,1,1
45011,2023,3,26,1,1,116,83,21,0,1,1
45011,2023,3,26,1,1,163,80,7,0,4,2
45011,2023,3,26,1,1,381,60,4,0,2,2
45011,2023,3,26,1,1,40,49,4,1,4,2
45010,2023,3,25,7,2,158,67,12,0,3,3
45011,2023,3,26,1,2,153,49,11,1,3,2
45010,2023,3,25,7,3,365,28,20,0,1,1
45011,2023,3,26,1,2,122,16,12,1,4,3
45011,2023,3,26,1,1,364,1,11,0,8,3
45011,2023,3,26,1,2,153,80,7,0,2,2
45011,2023,3,26,1,2,40,11,12,0,2,2
45011,2023,3,26,1,2,70,1,12,0,2,2
45011,2023,3,26,1,3,282,28,18,0,2,2
45011,2023,3,26,1,3,381,67,12,1,7,3
45011,2023,3,26,1,2,116,67,10,0,2,2
45011,2023,3,26,1,3,364,49,20,0,1,1
45011,2023,3,26,1,2,101,11,12,0,6,3
45011,2023,3,26,1,3,381,83,4,0,2,2
45011,2023,3,26,1,3,40,78,9,0,2,2
45011,2023,3,26,1,3,153,16,12,0,4,4
45011,2023,3,26,1,3,174,80,7,0,9,3
45011,2023,3,26,1,3,163,28,14,0,1,1
45011,2023,3,26,1,3,364,16,12,1,4,3
45011,2023,3,26,1,3,116,4,21,0,3,2
45011,2023,3,26,1,3,101,11,12,0,3,3
45011,2023,3,26,1,2,282,83,20,0,1,1
45011,2023,3,26,1,4,116,60,2,1,4,2
45011,2023,3,26,1,3,242,49,21,0,1,1
45011,2023,3,26,1,3,381,83,21,0,5,3
45011,2023,3,26,1,2,116,67,21,0,1,1
45011,2023,3,26,1,2,70,33,11,1,2,2
45011,2023,3,26,1,4,163,82,7,0,4,4
45011,2023,3,26,1,3,262,80,7,0,2,2
45011,2023,3,26,1,4,116,82,10,0,5,4
45011,2023,3,26,1,4,116,1,9,0,2,2
45010,2023,3,25,7,4,476,11,7,1,2,2
45011,2023,3,26,1,4,242,16,12,1,2,2
45011,2023,3,26,1,4,101,11,9,0,4,3
45011,2023,3,26,1,3,116,49,4,0,1,1
45011,2023,3,26,1,4,235,67,12,1,2,2
45011,2023,3,26,1,4,364,80,7,1,2,2
45011,2023,3,26,1,4,251,6,4,0,2,2
45011,2023,3,26,1,3,116,11,20,0,1,1
45012,2023,3,27,2,1,242,83,12,0,4,3
45012,2023,3,27,2,2,146,1,11,0,4,2
45012,2023,3,27,2,2,40,11,9,1,2,2
45011,2023,3,26,1,2,153,63,20,0,1,1
45011,2023,3,26,1,3,163,49,20,0,1,1
45006,2023,3,21,3,4,262,82,7,0,3,2
45012,2023,3,27,2,2,116,78,9,1,2,2
44992,2023,3,7,3,3,356,82,10,1,2,2
45012,2023,3,27,2,2,381,83,15,0,18,5
45012,2023,3,27,2,2,153,16,12,1,3,2
45012,2023,3,27,2,2,101,67,12,0,2,2
45012,2023,3,27,2,2,277,80,10,0,6,4
45012,2023,3,27,2,2,393,82,10,0,4,3
45012,2023,3,27,2,2,324,16,15,1,6,5
45012,2023,3,27,2,2,381,83,21,1,1,1
45012,2023,3,27,2,2,153,28,21,0,1,1
44969,2023,2,12,1,2,277,16,12,1,2,2
45012,2023,3,27,2,2,40,83,4,0,3,1
45012,2023,3,27,2,2,153,83,11,1,4,2
45012,2023,3,27,2,2,116,11,12,1,3,3
45012,2023,3,27,2,2,116,11,21,0,2,1
45012,2023,3,27,2,2,60,16,12,1,2,2
45012,2023,3,27,2,2,163,11,12,1,2,2
45012,2023,3,27,2,2,153,65,18,0,1,1
45012,2023,3,27,2,2,153,18,12,1,2,2
45012,2023,3,27,2,2,60,16,12,1,2,2
45011,2023,3,26,1,1,110,11,10,0,2,2
45012,2023,3,27,2,3,50,83,21,0,1,1
44936,2023,1,10,3,3,476,83,7,0,3,3
45012,2023,3,27,2,3,101,15,7,0,2,2
44994,2023,3,9,5,3,262,1,11,0,2,2
45012,2023,3,27,2,3,40,35,2,1,3,2
45012,2023,3,27,2,3,376,52,9,0,2,2
45012,2023,3,27,2,3,146,28,3,0,2,2
44956,2023,1,30,2,3,365,11,7,0,2,2
45012,2023,3,27,2,3,70,17,11,1,2,2
45012,2023,3,27,2,2,282,16,12,0,3,3
45012,2023,3,27,2,4,381,1,9,1,2,2
45012,2023,3,27,2,4,376,83,21,0,1,1
45012,2023,3,27,2,3,277,83,4,0,2,1
45012,2023,3,27,2,4,364,80,7,0,2,2
45004,2023,3,19,1,3,163,14,14,0,3,2
45012,2023,3,27,2,4,50,57,4,1,1,1
45012,2023,3,27,2,4,373,11,12,1,3,3
45012,2023,3,27,2,4,60,49,21,0,1,1
45013,2023,3,28,3,1,50,18,20,0,1,1
45013,2023,3,28,3,1,40,11,12,0,2,2
45013,2023,3,28,3,1,158,28,18,0,1,1
45013,2023,3,28,3,1,251,18,7,0,3,2
45013,2023,3,28,3,1,50,67,4,1,1,1
45013,2023,3,28,3,1,116,21,4,0,2,1
45013,2023,3,28,3,1,381,80,7,0,3,3
45013,2023,3,28,3,2,116,1,9,0,3,2
45013,2023,3,28,3,1,282,1,10,0,2,2
45013,2023,3,28,3,2,116,12,12,0,2,2
45013,2023,3,28,3,2,163,1,11,0,2,2
45013,2023,3,28,3,2,324,52,9,1,2,2
45013,2023,3,28,3,2,493,67,11,0,5,3
44939,2023,1,13,6,1,232,49,10,0,2,2
45013,2023,3,28,3,2,116,44,15,1,5,4
45013,2023,3,28,3,2,158,67,12,0,2,2
45013,2023,3,28,3,2,40,83,21,0,1,1
45013,2023,3,28,3,2,392,67,21,0,2,2
45013,2023,3,28,3,2,10,80,7,0,2,2
44943,2023,1,17,3,4,163,21,21,0,1,1
45013,2023,3,28,3,3,376,52,20,0,2,2
45013,2023,3,28,3,3,232,1,9,0,3,2
45013,2023,3,28,3,2,262,82,9,0,3,2
45013,2023,3,28,3,3,101,1,12,1,5,4
45013,2023,3,28,3,2,153,28,18,0,1,1
44933,2023,1,7,7,3,163,76,11,0,3,3
45013,2023,3,28,3,2,116,67,4,0,2,2
45013,2023,3,28,3,3,282,67,7,0,3,2
45013,2023,3,28,3,3,376,67,12,0,2,2
45013,2023,3,28,3,3,163,67,11,1,3,2
45013,2023,3,28,3,3,153,67,21,0,1,1
45013,2023,3,28,3,3,282,67,9,0,2,2
45013,2023,3,28,3,2,153,67,12,0,2,2
45013,2023,3,28,3,3,364,13,12,0,2,2
45013,2023,3,28,3,3,60,65,4,0,1,1
45013,2023,3,28,3,3,116,52,9,1,2,2
45013,2023,3,28,3,4,153,2,21,0,1,1
45013,2023,3,28,3,3,376,65,4,1,1,1
45013,2023,3,28,3,4,290,28,18,0,1,1
45013,2023,3,28,3,4,50,1,12,0,3,3
45013,2023,3,28,3,4,101,83,21,0,1,1
45013,2023,3,28,3,3,364,28,18,0,1,1
45013,2023,3,28,3,4,116,11,4,0,1,1
45014,2023,3,29,4,1,470,82,9,1,2,2
45014,2023,3,29,4,1,116,67,12,1,3,2
45014,2023,3,29,4,1,381,28,18,0,2,1
45014,2023,3,29,4,2,285,18,20,0,1,1
45014,2023,3,29,4,1,101,18,20,0,1,1
45014,2023,3,29,4,2,428,18,7,0,2,2
45014,2023,3,29,4,2,373,11,7,0,4,2
45014,2023,3,29,4,2,369,78,9,0,2,2
44989,2023,3,4,7,2,381,67,21,1,3,1
45014,2023,3,29,4,2,230,11,20,0,1,1
44999,2023,3,14,3,4,226,52,12,0,4,3
45014,2023,3,29,4,2,101,67,12,0,3,3
45010,2023,3,25,7,3,101,50,12,1,3,2
45014,2023,3,29,4,2,116,52,9,0,5,2
45014,2023,3,29,4,2,40,28,18,0,1,1
45014,2023,3,29,4,2,101,16,15,0,5,4
45014,2023,3,29,4,2,452,11,10,0,2,2
45014,2023,3,29,4,2,60,51,20,0,1,1
45014,2023,3,29,4,2,324,11,12,1,4,3
45014,2023,3,29,4,2,277,82,20,0,2,2
45014,2023,3,29,4,2,40,20,11,0,3,2
45014,2023,3,29,4,2,101,16,20,1,3,2
44934,2023,1,8,1,3,282,1,11,1,3,2
45014,2023,3,29,4,2,116,18,7,0,3,2
45014,2023,3,29,4,2,153,67,12,0,3,2
45014,2023,3,29,4,2,381,83,4,0,1,1
45006,2023,3,21,3,2,319,49,9,1,2,2
45014,2023,3,29,4,1,116,16,12,0,2,2
44974,2023,2,17,6,3,364,65,18,0,1,1
45014,2023,3,29,4,2,40,52,12,0,2,2
45014,2023,3,29,4,3,153,51,20,1,2,1
45014,2023,3,29,4,3,116,11,15,1,5,3
45014,2023,3,29,4,3,101,16,12,1,3,3
45014,2023,3,29,4,3,116,28,18,0,2,2
45014,2023,3,29,4,3,153,67,12,0,2,2
45014,2023,3,29,4,3,116,52,9,1,2,2
45014,2023,3,29,4,3,116,33,11,1,2,2
45014,2023,3,29,4,3,163,11,11,1,2,2
45014,2023,3,29,4,3,280,80,7,0,2,2
45014,2023,3,29,4,3,316,52,11,1,2,2
45014,2023,3,29,4,3,40,28,18,0,1,1
45014,2023,3,29,4,2,282,65,20,0,1,1
45014,2023,3,29,4,4,222,49,7,0,2,2
45014,2023,3,29,4,4,101,15,20,0,1,1
45014,2023,3,29,4,3,470,83,21,0,1,1
45014,2023,3,29,4,3,280,56,21,0,5,2
45014,2023,3,29,4,4,163,52,7,0,2,2
45015,2023,3,30,5,1,40,11,12,0,3,2
45015,2023,3,30,5,1,101,82,9,0,1,1
45015,2023,3,30,5,1,424,65,20,0,1,1
45015,2023,3,30,5,1,392,28,18,0,1,1
45015,2023,3,30,5,1,20,67,7,0,2,2
45015,2023,3,30,5,1,116,18,12,1,3,2
45015,2023,3,30,5,1,376,25,18,0,1,1
45015,2023,3,30,5,1,262,28,4,0,4,2
45014,2023,3,29,4,3,116,52,20,0,2,2
45015,2023,3,30,5,2,290,67,12,1,3,2
44996,2023,3,11,7,3,364,28,18,0,2,1
45015,2023,3,30,5,2,153,80,10,0,3,3
45015,2023,3,30,5,1,158,67,20,0,1,1
44962,2023,2,5,1,2,356,1,9,1,4,3
45015,2023,3,30,5,2,116,67,9,1,2,2
45015,2023,3,30,5,2,393,11,12,1,2,2
45015,2023,3,30,5,2,470,1,11,0,4,2
45015,2023,3,30,5,2,101,52,9,0,2,2
45003,2023,3,18,7,3,356,83,21,0,1,1
44987,2023,3,2,5,2,116,21,21,0,2,1
45015,2023,3,30,5,2,101,80,7,0,2,2
45015,2023,3,30,5,2,381,67,21,0,1,1
45015,2023,3,30,5,2,381,2,21,0,2,2
45015,2023,3,30,5,2,282,82,4,1,2,2
45015,2023,3,30,5,2,101,16,9,1,3,3
45005,2023,3,20,2,2,262,56,4,0,3,2
45015,2023,3,30,5,2,158,11,4,0,5,2
45008,2023,3,23,5,3,163,64,20,0,1,1
45015,2023,3,30,5,2,101,67,12,0,2,2
45015,2023,3,30,5,2,116,52,9,1,2,2
45014,2023,3,29,4,3,226,36,12,0,2,2
44964,2023,2,7,3,3,376,28,12,0,2,2
45015,2023,3,30,5,2,222,28,18,0,1,1
45015,2023,3,30,5,2,116,67,4,0,1,1
45015,2023,3,30,5,3,101,1,9,1,2,2
45015,2023,3,30,5,3,101,1,9,0,2,2
44986,2023,3,1,4,2,163,83,11,1,2,2
45015,2023,3,30,5,3,423,11,20,0,1,1
45015,2023,3,30,5,3,393,11,21,0,2,1
45015,2023,3,30,5,3,226,83,20,0,1,1
45015,2023,3,30,5,3,277,49,12,0,3,2
45015,2023,3,30,5,3,101,83,9,0,3,2
45015,2023,3,30,5,3,116,1,12,1,2,2
44941,2023,1,15,1,1,116,1,12,0,3,2
45015,2023,3,30,5,3,364,20,11,1,2,2
45015,2023,3,30,5,3,272,72,12,0,2,2
45015,2023,3,30,5,3,163,11,21,0,1,1
45015,2023,3,30,5,4,381,67,12,0,3,2
45015,2023,3,30,5,2,163,33,11,1,3,3
45015,2023,3,30,5,3,153,49,21,0,1,1
45015,2023,3,30,5,3,476,28,10,0,3,3
45015,2023,3,30,5,4,476,1,10,0,2,2
45015,2023,3,30,5,4,470,1,9,1,3,3