id_data,ano,mes,dia,id_dia_semana,periodo,br,id_causa_acidente,id_tipo_acidente,id_uso_solo,pessoas,veiculos
45052,2023,5,6,7,3,101,83,12,1,4,4
45052,2023,5,6,7,3,116,83,21,0,3,3
45052,2023,5,6,7,3,262,67,10,0,3,2
45052,2023,5,6,7,2,373,83,20,0,1,1
45052,2023,5,6,7,3,163,67,11,0,2,2
45052,2023,5,6,7,2,163,83,21,0,1,1
45052,2023,5,6,7,3,285,52,7,0,2,2
45052,2023,5,6,7,3,101,82,10,0,4,2
45052,2023,5,6,7,4,104,52,9,1,2,2
45052,2023,5,6,7,4,262,80,7,0,2,2
45052,2023,5,6,7,3,226,28,4,1,1,1
45052,2023,5,6,7,4,153,49,7,0,2,2
45052,2023,5,6,7,3,153,82,7,0,2,2
45052,2023,5,6,7,4,163,11,12,0,2,2
45052,2023,5,6,7,4,135,80,7,0,4,2
45053,2023,5,7,1,2,101,52,9,1,6,3
45053,2023,5,7,1,1,116,67,11,0,4,3
45050,2023,5,4,5,1,116,35,2,0,4,3
45053,2023,5,7,1,2,101,83,4,0,6,3
45053,2023,5,7,1,2,153,80,7,0,2,2
45053,2023,5,7,1,2,101,83,21,0,1,1
45053,2023,5,7,1,2,393,29,9,0,3,2
45053,2023,5,7,1,2,364,67,21,0,1,1
45053,2023,5,7,1,1,158,38,21,0,1,1
45053,2023,5,7,1,2,116,55,12,0,1,1
45053,2023,5,7,1,2,163,80,7,0,3,2
45053,2023,5,7,1,3,251,67,12,0,3,2
45053,2023,5,7,1,3,452,1,12,0,3,2
45053,2023,5,7,1,3,262,28,18,0,1,1
45053,2023,5,7,1,3,135,11,12,0,5,2
45053,2023,5,7,1,2,101,83,7,0,5,2
45053,2023,5,7,1,3,116,52,9,0,7,2
45051,2023,5,5,6,3,153,18,10,0,3,3
45053,2023,5,7,1,2,277,52,9,0,2,2
45053,2023,5,7,1,3,101,49,12,0,3,3
45053,2023,5,7,1,3,116,18,7,0,2,2
45053,2023,5,7,1,3,386,50,7,0,6,3
45053,2023,5,7,1,4,476,66,21,0,1,1
45053,2023,5,7,1,4,116,80,7,0,2,2
45053,2023,5,7,1,4,381,11,12,0,2,2
45000,2023,3,15,4,2,364,28,20,0,1,1
45054,2023,5,8,2,1,101,18,21,0,1,1
45054,2023,5,8,2,1,101,80,10,0,4,2
45054,2023,5,8,2,1,101,11,21,1,1,1
45054,2023,5,8,2,1,232,80,10,0,2,2
45054,2023,5,8,2,1,116,18,12,0,2,2
45054,2023,5,8,2,1,222,83,20,0,4,1
45054,2023,5,8,2,1,381,18,12,0,3,2
45054,2023,5,8,2,2,381,12,12,0,3,2
45054,2023,5,8,2,2,381,28,21,1,3,3
45054,2023,5,8,2,2,376,11,9,0,2,2
45054,2023,5,8,2,2,163,1,11,1,2,2
45054,2023,5,8,2,2,262,1,7,0,2,2
45040,2023,4,24,2,1,163,11,12,1,2,2
45054,2023,5,8,2,2,277,52,20,0,3,2
45017,2023,4,1,7,2,101,67,10,0,8,3
45054,2023,5,8,2,2,376,11,21,1,3,1
45054,2023,5,8,2,2,280,67,12,0,3,2
45054,2023,5,8,2,2,376,67,12,0,3,3
45038,2023,4,22,7,3,101,1,11,1,2,2
45054,2023,5,8,2,2,316,11,20,0,1,1
45054,2023,5,8,2,2,116,18,10,0,3,2
44938,2023,1,12,5,1,135,1,11,0,4,2
45054,2023,5,8,2,2,153,65,12,0,4,2
44994,2023,3,9,5,2,40,36,12,0,2,2
45035,2023,4,19,4,4,174,52,10,0,2,2
45054,2023,5,8,2,2,381,18,21,0,1,1
45054,2023,5,8,2,3,280,60,2,1,2,2
45054,2023,5,8,2,3,304,28,21,0,1,1
45054,2023,5,8,2,3,277,5,9,1,2,2
45054,2023,5,8,2,2,70,67,21,0,1,1
45054,2023,5,8,2,3,101,11,12,1,3,2
45054,2023,5,8,2,3,386,80,10,0,2,2
45054,2023,5,8,2,3,163,2,9,0,2,2
45054,2023,5,8,2,3,70,21,21,1,1,1
45054,2023,5,8,2,3,304,52,9,0,2,2
45054,2023,5,8,2,3,116,16,12,0,3,3
45054,2023,5,8,2,3,324,78,9,0,3,3
45054,2023,5,8,2,3,470,52,9,0,2,2
45054,2023,5,8,2,2,316,11,4,0,1,1
45054,2023,5,8,2,4,282,61,2,1,2,2
45054,2023,5,8,2,4,163,1,11,0,3,2
45054,2023,5,8,2,3,153,15,4,0,1,1
45054,2023,5,8,2,4,158,11,7,1,6,3
45054,2023,5,8,2,3,50,44,12,1,5,3
45054,2023,5,8,2,4,392,16,12,1,3,3
45054,2023,5,8,2,4,50,11,12,1,3,3
45054,2023,5,8,2,4,376,28,18,0,1,1
45054,2023,5,8,2,3,101,49,7,0,2,2
45054,2023,5,8,2,3,287,67,9,0,2,2
45054,2023,5,8,2,3,116,19,12,1,4,2
45054,2023,5,8,2,3,282,82,7,0,3,2
45054,2023,5,8,2,4,158,18,4,0,1,1
45054,2023,5,8,2,4,376,83,21,1,1,1
45054,2023,5,8,2,4,381,67,12,0,2,2
45054,2023,5,8,2,4,116,16,12,0,2,2
45055,2023,5,9,3,1,50,67,12,0,2,2
45055,2023,5,9,3,2,101,67,9,1,3,3
45055,2023,5,9,3,2,277,78,9,1,3,3
45055,2023,5,9,3,2,10,16,20,0,2,2
45055,2023,5,9,3,1,364,67,20,1,1,1
44935,2023,1,9,2,2,50,1,12,0,5,4
45055,2023,5,9,3,1,163,80,10,0,2,2
45054,2023,5,8,2,4,267,14,14,0,1,1
45055,2023,5,9,3,2,153,18,20,0,2,1
45055,2023,5,9,3,2,277,16,12,0,4,3
45055,2023,5,9,3,2,101,13,4,0,2,2
45055,2023,5,9,3,1,251,9,1,0,2,2
45055,2023,5,9,3,2,101,65,20,0,1,1
45055,2023,5,9,3,2,376,11,7,0,3,2
45055,2023,5,9,3,2,158,52,9,1,2,2
45055,2023,5,9,3,2,116,11,7,0,2,2
45055,2023,5,9,3,2,369,28,7,0,2,2
45047,2023,5,1,2,4,277,67,15,0,4,4
45055,2023,5,9,3,2,290,52,9,0,8,2
45055,2023,5,9,3,1,267,29,14,0,2,2
45055,2023,5,9,3,2,116,16,12,1,3,2
45055,2023,5,9,3,2,393,16,12,1,3,3
45048,2023,5,2,3,1,158,49,10,1,4,3
45055,2023,5,9,3,2,316,80,10,0,5,2
44996,2023,3,11,7,2,324,28,2,1,1,1
45055,2023,5,9,3,3,376,67,4,0,5,2
45051,2023,5,5,6,2,163,51,20,0,1,1
45055,2023,5,9,3,3,293,52,7,0,2,2
45055,2023,5,9,3,3,277,83,4,0,1,1
45055,2023,5,9,3,3,364,67,12,0,2,2
45055,2023,5,9,3,3,101,78,9,1,2,2
45055,2023,5,9,3,2,282,80,7,0,2,2
45055,2023,5,9,3,3,116,1,2,1,2,2
45055,2023,5,9,3,3,116,52,12,1,3,2
45055,2023,5,9,3,3,101,83,9,0,3,2
45055,2023,5,9,3,3,163,80,7,0,3,3
45051,2023,5,5,6,2,101,45,7,0,2,2
45055,2023,5,9,3,3,364,1,2,0,2,2
45055,2023,5,9,3,3,470,67,11,1,2,2
45055,2023,5,9,3,3,116,33,11,1,2,2
45055,2023,5,9,3,4,40,28,21,0,2,1
45055,2023,5,9,3,3,40,46,12,0,2,2
45055,2023,5,9,3,4,116,49,10,0,4,2
45055,2023,5,9,3,4,101,83,21,1,2,1
45055,2023,5,9,3,4,262,83,21,0,1,1
45055,2023,5,9,3,4,222,11,12,1,2,2
45055,2023,5,9,3,3,30,21,21,0,1,1
45055,2023,5,9,3,4,116,65,18,0,1,1
45056,2023,5,10,4,1,40,18,20,0,2,2
45056,2023,5,10,4,1,116,18,7,1,3,3
45056,2023,5,10,4,2,158,60,2,0,2,2
45056,2023,5,10,4,2,101,67,9,1,2,2
45056,2023,5,10,4,1,364,49,12,0,2,2
45056,2023,5,10,4,1,116,11,20,0,2,1
45056,2023,5,10,4,2,116,65,9,0,4,3
45055,2023,5,9,3,2,101,61,2,0,2,2
45056,2023,5,10,4,2,70,18,7,0,2,2
45056,2023,5,10,4,2,232,28,9,1,2,2
45045,2023,4,29,7,3,282,16,12,0,3,2
45056,2023,5,10,4,2,116,56,4,0,27,3
45056,2023,5,10,4,2,116,14,4,0,1,1
45056,2023,5,10,4,2,282,13,20,0,1,1
45056,2023,5,10,4,2,381,52,9,1,2,2
45056,2023,5,10,4,2,116,1,9,0,3,3
45056,2023,5,10,4,2,158,67,21,0,1,1
44995,2023,3,10,6,4,153,80,10,0,2,2
45056,2023,5,10,4,2,101,16,12,1,3,3
44997,2023,3,12,1,3,40,80,7,0,2,2
44952,2023,1,26,5,2,381,11,20,0,1,1
45056,2023,5,10,4,2,222,16,9,1,2,2
45056,2023,5,10,4,2,222,2,11,0,3,2
44952,2023,1,26,5,2,40,28,18,0,1,1
45056,2023,5,10,4,2,282,83,11,0,2,2
45056,2023,5,10,4,2,365,36,12,0,28,5
45056,2023,5,10,4,3,116,11,11,1,3,2
45056,2023,5,10,4,3,163,67,9,0,3,2
45056,2023,5,10,4,3,376,2,12,0,3,2
45056,2023,5,10,4,3,230,11,11,1,2,2
45056,2023,5,10,4,3,153,16,12,0,4,2
45056,2023,5,10,4,3,116,67,12,0,2,2
45056,2023,5,10,4,3,324,67,12,0,5,2
45055,2023,5,9,3,4,163,83,20,0,1,1
45056,2023,5,10,4,3,316,11,11,1,3,2
45056,2023,5,10,4,3,153,44,21,0,1,1
45056,2023,5,10,4,3,101,1,11,1,3,2
45056,2023,5,10,4,1,267,18,20,0,1,1
45056,2023,5,10,4,2,381,83,21,0,1,1
45056,2023,5,10,4,3,116,61,2,0,2,2
45056,2023,5,10,4,4,116,11,20,0,2,1
45056,2023,5,10,4,3,101,82,11,0,4,2
45057,2023,5,11,5,1,386,67,21,0,1,1
45057,2023,5,11,5,1,101,18,12,0,1,1
45057,2023,5,11,5,1,101,18,12,0,2,2
45057,2023,5,11,5,1,222,52,12,1,4,3
45057,2023,5,11,5,1,423,18,7,0,4,2
45057,2023,5,11,5,1,364,18,20,0,1,1
45057,2023,5,11,5,2,116,67,12,0,5,4
45057,2023,5,11,5,2,116,67,12,1,2,2
45057,2023,5,11,5,2,101,11,12,1,2,2
45057,2023,5,11,5,2,101,16,12,0,3,3
45057,2023,5,11,5,2,376,16,12,1,3,3
44986,2023,3,1,4,4,381,51,20,0,1,1
45057,2023,5,11,5,2,101,78,9,1,4,4
45057,2023,5,11,5,2,376,52,9,1,2,2
45018,2023,4,2,1,3,242,82,10,0,2,2
45011,2023,3,26,1,1,282,67,11,0,3,2
45057,2023,5,11,5,2,101,11,12,0,2,2
45057,2023,5,11,5,2,470,67,21,0,1,1
45057,2023,5,11,5,1,304,28,18,1,1,1
45057,2023,5,11,5,2,381,67,21,0,1,1
45057,2023,5,11,5,2,101,52,9,1,2,2
45057,2023,5,11,5,2,163,33,11,1,2,2
45057,2023,5,11,5,2,135,28,18,0,1,1
45043,2023,4,27,5,3,365,28,18,0,1,1
45057,2023,5,11,5,2,101,11,12,0,2,2
45057,2023,5,11,5,3,230,11,15,1,4,3
45057,2023,5,11,5,3,116,67,20,0,1,1
45057,2023,5,11,5,2,10,66,21,0,1,1
45057,2023,5,11,5,3,381,11,12,0,2,2
45055,2023,5,9,3,3,282,16,15,0,6,3
45057,2023,5,11,5,3,20,83,7,0,2,2
45057,2023,5,11,5,2,116,67,12,0,2,2
45057,2023,5,11,5,3,163,80,10,0,2,2
45057,2023,5,11,5,3,163,1,11,0,3,3
45057,2023,5,11,5,3,153,18,12,0,4,3
45057,2023,5,11,5,3,163,83,21,1,1,1
45057,2023,5,11,5,3,116,67,12,0,3,2
45057,2023,5,11,5,3,280,1,11,0,2,2
45057,2023,5,11,5,2,285,35,2,0,3,3
45057,2023,5,11,5,1,158,2,9,1,3,2
45057,2023,5,11,5,3,116,52,12,0,2,2
45057,2023,5,11,5,3,262,1,11,1,3,3
45057,2023,5,11,5,3,267,49,10,0,2,2
45057,2023,5,11,5,3,364,63,10,0,3,2
45057,2023,5,11,5,3,101,82,7,1,3,2
45057,2023,5,11,5,3,373,83,21,0,1,1
45057,2023,5,11,5,3,153,82,7,0,5,3
45057,2023,5,11,5,4,153,51,20,0,2,1
45057,2023,5,11,5,4,277,35,2,1,4,3
45057,2023,5,11,5,4,101,82,7,0,3,3
45057,2023,5,11,5,4,364,67,12,0,2,2
45051,2023,5,5,6,4,282,67,12,1,4,2
45057,2023,5,11,5,4,364,57,12,0,5,4
45057,2023,5,11,5,4,30,57,20,0,1,1
45058,2023,5,12,6,2,324,16,12,1,3,2
45058,2023,5,12,6,2,448,52,9,1,2,2
45058,2023,5,12,6,1,232,28,18,0,1,1
45058,2023,5,12,6,2,153,52,12,0,4,4
45058,2023,5,12,6,2,480,82,7,1,3,3
44998,2023,3,13,2,1,116,28,18,0,1,1
45058,2023,5,12,6,2,40,28,18,0,1,1
45058,2023,5,12,6,2,101,6,7,0,2,2
45058,2023,5,12,6,2,116,67,21,0,1,1
45051,2023,5,5,6,2,40,83,21,0,1,1
45058,2023,5,12,6,1,222,50,21,0,3,2
45058,2023,5,12,6,2,153,67,15,0,3,3
45058,2023,5,12,6,2,104,51,4,1,1,1
45058,2023,5,12,6,2,262,67,20,1,1,1
45058,2023,5,12,6,3,101,28,18,0,1,1
45047,2023,5,1,2,1,262,83,12,0,9,2
45036,2023,4,20,5,3,101,1,11,1,3,2
45058,2023,5,12,6,3,277,67,12,0,2,2
45016,2023,3,31,6,1,153,18,12,0,2,2
45058,2023,5,12,6,3,101,11,12,0,2,2
45058,2023,5,12,6,2,116,21,21,0,1,1
45058,2023,5,12,6,3,101,78,9,1,2,2
45058,2023,5,12,6,3,376,67,12,1,10,5
45058,2023,5,12,6,3,364,52,9,0,2,2
45058,2023,5,12,6,3,116,52,9,1,3,2
45058,2023,5,12,6,4,101,11,9,1,2,2
44960,2023,2,3,6,1,20,18,12,0,2,2
45058,2023,5,12,6,4,262,80,7,0,2,2
45042,2023,4,26,4,4,381,18,20,1,1,1
45058,2023,5,12,6,4,476,83,7,0,2,2
45058,2023,5,12,6,3,242,67,9,0,5,2
45058,2023,5,12,6,4,386,67,12,0,3,2
45058,2023,5,12,6,4,101,67,12,0,3,2
45058,2023,5,12,6,4,277,28,20,0,1,1
45058,2023,5,12,6,4,262,82,10,0,6,6
45058,2023,5,12,6,3,251,28,18,0,1,1
45058,2023,5,12,6,4,116,2,20,1,2,2
45058,2023,5,12,6,4,70,11,11,1,2,2
45059,2023,5,13,7,1,222,49,7,0,4,2
45059,2023,5,13,7,1,369,9,1,0,1,1
45058,2023,5,12,6,4,116,83,12,1,3,2
45059,2023,5,13,7,1,470,18,20,1,4,2
45059,2023,5,13,7,1,116,11,20,0,2,1
45059,2023,5,13,7,1,230,18,20,0,1,1
45059,2023,5,13,7,1,282,49,7,0,2,2
45059,2023,5,13,7,1,163,11,12,0,2,2
45059,2023,5,13,7,1,365,28,18,0,1,1
45059,2023,5,13,7,2,290,16,12,0,4,2
45059,2023,5,13,7,1,116,11,21,0,2,1
45059,2023,5,13,7,2,60,30,12,0,3,2
45052,2023,5,6,7,1,101,52,9,1,3,2
45059,2023,5,13,7,2,70,80,10,0,8,3
45059,2023,5,13,7,2,282,16,21,0,2,2
45059,2023,5,13,7,1,116,18,10,0,3,2
45007,2023,3,22,4,2,285,80,7,0,4,2
45059,2023,5,13,7,2,40,16,12,1,2,2
45059,2023,5,13,7,2,153,1,11,0,2,2
45059,2023,5,13,7,2,116,80,10,0,3,3
45059,2023,5,13,7,1,163,28,18,0,1,1
45059,2023,5,13,7,2,386,83,21,0,1,1
45059,2023,5,13,7,2,116,82,12,0,3,3
45059,2023,5,13,7,2,116,16,12,0,2,2
45059,2023,5,13,7,2,116,52,9,0,6,2
45038,2023,4,22,7,3,116,52,9,1,5,3
45059,2023,5,13,7,2,101,67,21,1,1,1
45027,2023,4,11,3,2,40,78,9,1,4,3
45059,2023,5,13,7,2,116,83,21,0,1,1
45059,2023,5,13,7,3,242,52,12,0,4,2
45059,2023,5,13,7,3,116,19,4,0,3,2
45059,2023,5,13,7,2,316,3,20,0,2,1
45059,2023,5,13,7,3,364,82,9,0,2,2
45059,2023,5,13,7,3,282,52,9,0,3,2
45059,2023,5,13,7,3,40,18,20,0,1,1
45059,2023,5,13,7,3,381,1,12,1,3,3
45059,2023,5,13,7,3,163,82,7,0,4,3
45059,2023,5,13,7,3,135,52,9,1,2,2
45059,2023,5,13,7,3,116,60,2,0,2,2
45059,2023,5,13,7,4,153,49,7,0,2,2
45059,2023,5,13,7,3,40,2,12,0,2,2
45059,2023,5,13,7,4,222,28,18,0,1,1
45059,2023,5,13,7,3,163,49,20,0,5,2
45059,2023,5,13,7,3,135,38,21,0,1,1
45059,2023,5,13,7,4,153,80,7,0,2,2
45059,2023,5,13,7,4,116,11,20,0,1,1
45059,2023,5,13,7,4,153,18,20,0,1,1
45059,2023,5,13,7,4,101,16,12,0,3,2
45060,2023,5,14,1,1,116,49,10,0,2,2
45060,2023,5,14,1,1,116,11,12,1,2,2
45060,2023,5,14,1,1,316,80,7,0,2,2
45043,2023,4,27,5,4,452,80,10,0,2,2
45060,2023,5,14,1,1,452,11,20,0,2,1
45060,2023,5,14,1,1,316,67,15,1,18,4
45060,2023,5,14,1,2,232,1,11,0,5,2
45060,2023,5,14,1,1,429,41,20,0,4,1
45060,2023,5,14,1,1,364,63,7,0,3,2
45060,2023,5,14,1,2,158,1,11,0,5,2
45042,2023,4,26,4,2,262,67,10,0,4,3
45060,2023,5,14,1,2,242,68,10,0,3,2
45060,2023,5,14,1,2,365,9,1,0,3,2
45060,2023,5,14,1,3,116,83,21,0,1,1
45060,2023,5,14,1,2,116,36,12,0,2,2
45060,2023,5,14,1,3,153,16,12,0,5,4
45060,2023,5,14,1,3,230,67,21,0,2,1
45060,2023,5,14,1,2,101,83,21,0,2,1
45060,2023,5,14,1,3,251,1,2,0,2,2
45060,2023,5,14,1,3,116,82,7,0,4,2
45060,2023,5,14,1,3,153,65,18,0,1,1
45060,2023,5,14,1,3,277,83,21,0,1,1
45060,2023,5,14,1,3,155,67,9,0,2,2
45004,2023,3,19,1,3,392,83,7,0,5,2
45060,2023,5,14,1,4,381,67,4,0,2,2
45060,2023,5,14,1,3,116,80,10,0,2,2
45060,2023,5,14,1,4,70,83,21,0,1,1
45060,2023,5,14,1,3,135,63,21,0,2,1
45060,2023,5,14,1,4,407,80,7,0,4,2
45060,2023,5,14,1,4,259,83,21,0,1,1
45061,2023,5,15,2,1,290,52,9,1,6,2
45060,2023,5,14,1,3,242,83,21,0,1,1
45060,2023,5,14,1,4,242,11,20,0,1,1
45061,2023,5,15,2,1,116,67,20,0,2,1
45061,2023,5,15,2,1,116,49,7,0,3,2
45061,2023,5,15,2,1,116,1,9,1,4,2
45061,2023,5,15,2,1,40,52,15,1,5,5
45061,2023,5,15,2,2,381,11,12,1,2,2
45061,2023,5,15,2,1,424,67,12,0,2,2
45061,2023,5,15,2,2,392,1,11,1,3,2
45061,2023,5,15,2,1,101,67,20,1,1,1
45061,2023,5,15,2,2,262,83,20,0,1,1
45061,2023,5,15,2,2,381,28,18,0,1,1
45061,2023,5,15,2,1,222,67,15,0,6,5
45061,2023,5,15,2,2,135,65,12,0,4,2
45029,2023,4,13,5,2,116,83,21,0,4,2
45061,2023,5,15,2,2,282,52,10,1,3,3
45061,2023,5,15,2,2,364,67,21,0,1,1
45045,2023,4,29,7,4,319,52,9,1,2,2
45061,2023,5,15,2,2,452,11,12,0,2,2
45059,2023,5,13,7,4,116,52,9,0,2,2
45061,2023,5,15,2,2,116,67,12,1,2,2
45026,2023,4,10,2,1,381,18,12,0,4,2
45061,2023,5,15,2,2,376,28,21,1,1,1
45061,2023,5,15,2,2,277,65,12,0,2,2
45061,2023,5,15,2,2,493,16,12,0,4,2
45061,2023,5,15,2,2,381,18,21,0,2,1
45061,2023,5,15,2,2,153,82,9,0,3,2
45061,2023,5,15,2,3,290,52,12,0,3,2
45061,2023,5,15,2,3,277,16,12,0,8,3
45061,2023,5,15,2,3,101,19,15,0,3,3
45061,2023,5,15,2,3,242,67,21,0,1,1
45061,2023,5,15,2,3,376,83,20,1,3,3
45061,2023,5,15,2,4,101,80,7,0,2,2
45061,2023,5,15,2,3,70,41,20,0,1,1
45061,2023,5,15,2,4,116,11,11,1,3,2
45061,2023,5,15,2,3,40,52,2,1,2,2
45061,2023,5,15,2,4,282,49,10,1,2,2
45059,2023,5,13,7,2,153,52,7,0,2,2
45061,2023,5,15,2,2,230,13,21,0,1,1
45061,2023,5,15,2,2,364,3,21,0,2,2
45061,2023,5,15,2,3,116,67,12,0,2,2
45061,2023,5,15,2,4,277,82,10,1,5,3
45062,2023,5,16,3,1,364,67,20,0,1,1
45062,2023,5,16,3,1,408,16,12,0,2,2
45061,2023,5,15,2,4,153,67,12,0,4,2
45062,2023,5,16,3,2,163,11,10,0,4,2
45062,2023,5,16,3,2,290,52,9,1,2,2
45062,2023,5,16,3,1,101,35,2,1,2,2
44972,2023,2,15,4,2,381,11,12,0,3,3
45062,2023,5,16,3,2,101,11,7,0,2,2
45062,2023,5,16,3,2,40,11,12,0,2,2
45050,2023,5,4,5,3,155,80,7,0,2,2
45062,2023,5,16,3,2,174,14,7,0,1,1
45062,2023,5,16,3,2,369,80,7,0,5,5
45062,2023,5,16,3,2,116,11,12,0,2,2
45061,2023,5,15,2,4,251,18,4,0,1,1
45062,2023,5,16,3,2,40,52,9,0,3,2
45019,2023,4,3,2,2,472,11,12,0,3,2
45062,2023,5,16,3,2,251,67,9,0,4,4
45062,2023,5,16,3,2,470,33,11,0,6,2
45062,2023,5,16,3,3,101,1,9,1,2,2
45062,2023,5,16,3,2,101,16,11,0,3,2
45062,2023,5,16,3,2,376,11,4,0,1,1
45062,2023,5,16,3,3,116,28,20,0,1,1
45062,2023,5,16,3,3,381,52,12,0,2,2
45062,2023,5,16,3,3,376,11,20,1,1,1
45060,2023,5,14,1,3,470,35,2,0,3,2
45062,2023,5,16,3,3,163,52,9,0,4,2
45062,2023,5,16,3,3,262,11,15,0,8,5
45062,2023,5,16,3,3,70,1,9,1,2,2
45062,2023,5,16,3,3,290,1,11,1,4,3
45062,2023,5,16,3,3,40,67,7,0,3,2
45062,2023,5,16,3,3,222,52,9,1,2,2
45062,2023,5,16,3,3,101,11,12,0,2,2
44990,2023,3,5,1,3,364,67,9,0,3,3
45050,2023,5,4,5,4,101,67,10,0,3,3
45062,2023,5,16,3,3,487,44,10,1,3,2
45062,2023,5,16,3,3,116,28,10,0,2,2
45062,2023,5,16,3,3,101,52,9,1,4,2
45062,2023,5,16,3,3,70,1,11,1,3,2
44998,2023,3,13,2,3,293,11,7,0,2,2
45062,2023,5,16,3,4,153,29,9,1,3,2
45062,2023,5,16,3,4,116,82,10,0,2,2
45062,2023,5,16,3,4,50,28,18,0,1,1
45062,2023,5,16,3,3,381,83,21,0,2,2
45062,2023,5,16,3,4,242,60,2,0,2,2
45062,2023,5,16,3,4,282,49,20,0,2,2
45062,2023,5,16,3,4,101,83,21,0,2,2
45062,2023,5,16,3,3,226,14,21,0,1,1
45062,2023,5,16,3,4,470,11,10,0,2,2
45062,2023,5,16,3,4,116,82,7,0,2,2
45062,2023,5,16,3,3,343,52,7,0,4,2
45062,2023,5,16,3,3,158,49,21,0,1,1
45062,2023,5,16,3,4,70,65,18,0,2,1
45063,2023,5,17,4,1,101,67,4,0,1,1
45060,2023,5,14,1,3,135,11,21,0,1,1
45063,2023,5,17,4,1,135,67,21,0,1,1
45062,2023,5,16,3,4,60,52,21,0,1,1
45063,2023,5,17,4,2,40,67,11,0,2,2
45063,2023,5,17,4,2,381,11,21,0,1,1
45063,2023,5,17,4,2,470,11,12,1,2,2
45063,2023,5,17,4,1,116,16,12,0,3,2
45051,2023,5,5,6,2,470,16,9,0,2,2
45063,2023,5,17,4,2,364,67,4,0,5,4
45063,2023,5,17,4,1,381,83,21,0,1,1
45063,2023,5,17,4,2,153,82,10,0,4,3
45063,2023,5,17,4,2,158,33,11,0,2,2
45063,2023,5,17,4,2,262,11,21,0,2,2
45039,2023,4,23,1,3,262,1,11,0,3,2
45047,2023,5,1,2,4,230,18,20,1,2,1
45063,2023,5,17,4,2,101,2,11,1,2,2
45063,2023,5,17,4,2,50,67,12,0,3,3
45063,2023,5,17,4,2,282,11,11,1,6,2
45019,2023,4,3,2,3,20,28,9,1,4,3
45063,2023,5,17,4,3,267,16,12,0,5,2
45063,2023,5,17,4,2,101,1,11,1,7,3
45063,2023,5,17,4,3,101,82,9,0,2,2
45063,2023,5,17,4,2,471,16,12,0,7,2
45036,2023,4,20,5,2,101,82,7,0,3,3
45063,2023,5,17,4,2,470,83,20,0,2,2
45055,2023,5,9,3,3,116,82,11,0,2,2
45063,2023,5,17,4,3,40,70,9,1,3,2
45063,2023,5,17,4,2,163,11,7,0,2,2
45063,2023,5,17,4,2,364,80,7,0,2,2
45063,2023,5,17,4,3,381,11,12,0,2,2
45063,2023,5,17,4,3,158,67,12,0,3,3
45063,2023,5,17,4,3,376,83,21,0,1,1
45063,2023,5,17,4,3,369,80,7,0,2,2
45063,2023,5,17,4,3,277,11,12,1,2,2
45063,2023,5,17,4,3,40,44,21,0,1,1
45063,2023,5,17,4,3,40,52,9,1,2,2
45063,2023,5,17,4,3,116,67,9,1,2,2
44991,2023,3,6,2,3,392,35,2,1,2,2
45056,2023,5,10,4,2,101,17,11,1,2,2
45063,2023,5,17,4,4,101,16,12,1,3,2
45063,2023,5,17,4,2,153,29,20,0,1,1
45063,2023,5,17,4,4,116,80,10,0,2,2
45063,2023,5,17,4,4,153,52,9,0,2,2
45063,2023,5,17,4,4,376,35,2,1,3,3
45063,2023,5,17,4,4,376,28,18,0,1,1
45063,2023,5,17,4,4,116,83,21,0,1,1
45064,2023,5,18,5,1,116,18,12,0,2,2
45064,2023,5,18,5,1,277,18,12,0,2,2
45064,2023,5,18,5,1,290,65,18,0,1,1
45064,2023,5,18,5,1,232,67,21,0,3,1
45064,2023,5,18,5,2,101,11,12,0,3,2
45064,2023,5,18,5,1,101,83,12,1,3,2
45063,2023,5,17,4,3,116,21,21,0,1,1
45063,2023,5,17,4,4,316,11,3,0,1,1
45064,2023,5,18,5,2,272,36,12,1,6,3
45064,2023,5,18,5,2,232,80,7,0,2,2
45064,2023,5,18,5,1,70,18,20,0,2,2
45064,2023,5,18,5,2,470,11,10,0,43,2
45064,2023,5,18,5,2,423,76,12,0,2,2
45064,2023,5,18,5,2,101,72,4,0,1,1
45062,2023,5,16,3,3,230,67,20,0,2,1
45064,2023,5,18,5,2,381,11,15,1,4,3
45064,2023,5,18,5,2,470,1,11,0,2,2
45063,2023,5,17,4,4,101,83,7,0,3,2
45064,2023,5,18,5,2,163,83,21,0,1,1
44988,2023,3,3,6,2,116,11,11,1,2,2
45020,2023,4,4,3,2,277,67,20,0,1,1
45064,2023,5,18,5,2,364,82,20,0,4,3
45064,2023,5,18,5,2,277,33,7,1,4,2
44957,2023,1,31,3,1,381,83,12,1,6,2
45064,2023,5,18,5,2,282,33,11,1,2,2
45064,2023,5,18,5,2,282,67,7,0,3,2
45063,2023,5,17,4,4,116,28,18,0,1,1
45064,2023,5,18,5,2,232,11,12,0,3,2
45031,2023,4,15,7,1,116,83,4,0,3,3
45039,2023,4,23,1,3,101,67,12,0,2,2
45047,2023,5,1,2,3,277,80,9,0,13,7
45064,2023,5,18,5,2,364,67,12,1,5,4
45064,2023,5,18,5,2,364,21,21,0,1,1
45064,2023,5,18,5,2,226,28,21,0,1,1
45064,2023,5,18,5,2,242,83,20,0,1,1
45064,2023,5,18,5,3,493,11,9,0,3,2
45064,2023,5,18,5,3,376,52,9,0,4,2
45060,2023,5,14,1,3,376,28,20,0,1,1
45064,2023,5,18,5,3,101,67,4,0,1,1