id_data,ano,mes,dia,id_dia_semana,periodo,br,id_causa_acidente,id_tipo_acidente,id_uso_solo,pessoas,veiculos
45064,2023,5,18,5,3,290,16,12,0,2,2
45064,2023,5,18,5,4,267,28,18,0,1,1
45064,2023,5,18,5,4,174,28,18,0,1,1
45064,2023,5,18,5,4,20,67,21,0,1,1
45064,2023,5,18,5,4,381,83,10,0,2,2
45064,2023,5,18,5,4,163,52,10,0,2,2
45064,2023,5,18,5,4,153,28,18,0,1,1
45064,2023,5,18,5,3,285,1,21,0,2,2
45065,2023,5,19,6,1,116,67,21,0,1,1
45064,2023,5,18,5,4,364,49,21,1,1,1
45065,2023,5,19,6,1,262,11,4,1,2,2
45065,2023,5,19,6,1,277,18,12,0,2,2
45065,2023,5,19,6,1,40,67,12,1,2,2
45049,2023,5,3,4,4,285,82,4,0,2,2
45065,2023,5,19,6,2,101,51,4,1,1,1
45017,2023,4,1,7,4,101,44,12,1,3,2
45064,2023,5,18,5,4,242,52,7,0,6,2
45062,2023,5,16,3,2,101,18,20,0,1,1
45065,2023,5,19,6,1,401,28,18,1,1,1
45065,2023,5,19,6,2,135,67,9,0,2,2
45058,2023,5,12,6,3,153,1,11,1,3,2
45065,2023,5,19,6,2,101,52,20,0,3,2
45065,2023,5,19,6,2,163,11,12,1,3,2
45065,2023,5,19,6,2,476,83,20,0,1,1
45065,2023,5,19,6,2,285,67,12,0,2,2
45064,2023,5,18,5,4,153,67,20,0,1,1
45065,2023,5,19,6,2,448,67,12,0,3,2
45065,2023,5,19,6,2,280,1,9,0,2,2
45065,2023,5,19,6,2,60,11,9,0,8,2
45065,2023,5,19,6,2,101,65,12,0,3,3
45065,2023,5,19,6,2,364,11,12,0,3,2
45065,2023,5,19,6,2,463,67,21,0,2,1
45065,2023,5,19,6,2,116,11,9,1,4,4
45065,2023,5,19,6,2,163,83,20,0,1,1
45065,2023,5,19,6,2,381,52,12,1,3,2
45010,2023,3,25,7,3,470,30,18,0,1,1
45065,2023,5,19,6,2,222,16,12,1,2,2
45065,2023,5,19,6,3,60,67,20,0,1,1
45065,2023,5,19,6,3,101,12,7,0,5,4
45065,2023,5,19,6,3,163,1,9,1,3,2
45065,2023,5,19,6,3,277,1,9,0,3,2
45065,2023,5,19,6,3,153,67,12,0,2,2
45065,2023,5,19,6,3,287,11,20,0,2,2
45065,2023,5,19,6,3,101,1,11,1,4,3
45065,2023,5,19,6,3,101,11,12,0,2,2
45065,2023,5,19,6,3,116,17,11,1,2,2
45065,2023,5,19,6,3,101,11,12,0,2,2
45065,2023,5,19,6,3,20,65,12,1,6,4
45065,2023,5,19,6,3,101,1,9,1,3,3
45065,2023,5,19,6,3,116,61,2,0,2,2
45065,2023,5,19,6,3,290,67,15,1,3,3
44961,2023,2,4,7,4,40,38,12,0,5,2
45065,2023,5,19,6,3,101,16,12,0,4,3
45065,2023,5,19,6,3,381,18,12,0,2,2
45065,2023,5,19,6,2,251,9,1,0,2,2
45065,2023,5,19,6,3,163,67,9,1,2,2
45065,2023,5,19,6,3,163,11,12,0,6,2
45065,2023,5,19,6,3,386,16,12,0,4,4
45065,2023,5,19,6,4,369,52,11,0,7,4
45065,2023,5,19,6,4,163,11,12,0,2,2
45065,2023,5,19,6,4,285,80,10,0,2,2
45065,2023,5,19,6,4,364,11,12,0,2,2
45065,2023,5,19,6,4,116,80,7,0,3,2
45065,2023,5,19,6,4,101,11,9,1,3,3
45065,2023,5,19,6,4,116,83,21,0,1,1
45065,2023,5,19,6,4,364,36,12,1,4,3
45066,2023,5,20,7,1,376,11,12,0,3,2
45066,2023,5,20,7,1,101,11,11,0,3,2
45066,2023,5,20,7,1,376,56,12,0,2,2
45066,2023,5,20,7,1,381,11,20,0,3,1
45066,2023,5,20,7,1,381,18,12,0,2,2
45066,2023,5,20,7,1,30,37,10,0,2,2
45066,2023,5,20,7,2,116,82,12,0,4,2
45066,2023,5,20,7,2,101,30,12,1,3,3
45066,2023,5,20,7,1,40,18,20,0,3,1
45066,2023,5,20,7,2,116,16,12,0,3,2
45030,2023,4,14,6,4,376,11,20,0,1,1
45066,2023,5,20,7,2,282,2,11,1,2,2
45066,2023,5,20,7,2,116,11,9,0,2,2
45066,2023,5,20,7,2,376,83,21,0,1,1
45066,2023,5,20,7,2,60,52,9,0,2,2
45066,2023,5,20,7,2,222,52,9,0,2,2
44998,2023,3,13,2,2,290,28,21,1,1,1
45066,2023,5,20,7,2,101,78,9,1,2,2
45003,2023,3,18,7,1,163,15,20,0,1,1
45066,2023,5,20,7,2,282,82,7,0,2,2
45066,2023,5,20,7,2,163,52,9,1,3,3
45066,2023,5,20,7,2,101,67,21,0,2,2
45066,2023,5,20,7,2,153,44,12,0,9,8
45065,2023,5,19,6,4,230,14,4,0,2,1
45066,2023,5,20,7,3,116,1,9,1,6,4
45066,2023,5,20,7,2,153,67,21,0,1,1
45063,2023,5,17,4,1,262,49,14,0,1,1
45066,2023,5,20,7,3,267,2,11,0,3,2
45066,2023,5,20,7,2,70,28,20,0,1,1
45066,2023,5,20,7,2,364,52,7,0,10,6
45066,2023,5,20,7,3,101,11,12,0,2,2
45066,2023,5,20,7,2,232,80,7,1,2,2
44978,2023,2,21,3,3,277,1,11,0,5,2
45066,2023,5,20,7,3,153,49,9,0,3,3
45066,2023,5,20,7,3,116,80,7,1,2,2
45066,2023,5,20,7,3,428,67,21,1,1,1
45066,2023,5,20,7,3,423,7,11,0,6,2
45066,2023,5,20,7,3,153,1,9,1,2,2
45064,2023,5,18,5,3,282,18,10,0,2,2
45066,2023,5,20,7,3,163,72,11,0,4,2
45066,2023,5,20,7,4,232,16,12,1,2,2
45066,2023,5,20,7,3,316,80,7,1,2,2
45066,2023,5,20,7,4,493,46,20,1,3,1
45066,2023,5,20,7,4,153,49,9,1,2,2
45066,2023,5,20,7,3,277,83,21,0,1,1
45066,2023,5,20,7,3,376,51,20,0,1,1
45066,2023,5,20,7,4,163,67,20,0,1,1
45066,2023,5,20,7,3,316,80,7,0,2,2
45066,2023,5,20,7,3,316,67,12,0,2,2
45066,2023,5,20,7,3,364,67,12,0,2,2
45066,2023,5,20,7,3,364,1,11,1,2,2
45066,2023,5,20,7,4,40,18,20,0,1,1
45066,2023,5,20,7,4,230,49,4,1,2,2
45067,2023,5,21,1,1,467,18,9,0,2,2
45067,2023,5,21,1,1,364,67,4,0,2,2
45067,2023,5,21,1,1,262,67,12,0,5,2
45067,2023,5,21,1,1,116,11,9,0,3,2
45066,2023,5,20,7,4,316,49,12,0,4,3
45067,2023,5,21,1,2,316,49,10,0,2,2
45067,2023,5,21,1,1,316,67,11,0,3,2
45067,2023,5,21,1,2,222,1,9,1,2,2
45067,2023,5,21,1,2,153,16,15,0,3,3
45067,2023,5,21,1,2,262,83,21,0,1,1
45067,2023,5,21,1,1,316,63,10,0,4,2
45067,2023,5,21,1,3,381,11,12,0,6,3
45067,2023,5,21,1,3,153,67,11,0,2,2
44999,2023,3,14,3,4,392,80,10,0,2,2
45067,2023,5,21,1,2,267,28,18,0,1,1
45067,2023,5,21,1,3,116,1,11,1,2,2
45067,2023,5,21,1,3,101,83,21,1,2,1
45067,2023,5,21,1,3,251,20,11,1,4,2
45067,2023,5,21,1,3,153,80,7,0,3,3
45067,2023,5,21,1,3,116,13,10,0,4,3
45067,2023,5,21,1,3,316,20,7,0,3,2
45067,2023,5,21,1,3,70,16,12,0,2,2
45067,2023,5,21,1,3,381,67,9,0,4,3
45067,2023,5,21,1,3,116,11,12,0,2,2
45067,2023,5,21,1,3,476,67,21,0,1,1
45067,2023,5,21,1,3,101,52,9,0,2,2
45067,2023,5,21,1,3,101,9,1,0,3,2
45067,2023,5,21,1,3,251,28,12,0,2,2
45067,2023,5,21,1,3,364,1,2,1,2,2
45067,2023,5,21,1,4,163,80,7,0,2,2
45067,2023,5,21,1,3,324,66,21,0,1,1
45067,2023,5,21,1,4,343,1,11,1,2,2
45067,2023,5,21,1,4,158,80,7,0,3,2
45067,2023,5,21,1,3,163,80,7,1,2,2
45068,2023,5,22,2,1,40,18,20,0,3,2
45067,2023,5,21,1,3,262,83,4,0,3,1
45068,2023,5,22,2,1,316,9,1,0,1,1
45068,2023,5,22,2,1,230,16,12,1,6,2
45068,2023,5,22,2,1,381,83,21,0,1,1
45068,2023,5,22,2,1,324,1,11,0,5,2
45068,2023,5,22,2,1,116,11,4,0,1,1
45068,2023,5,22,2,2,285,80,7,0,2,2
45067,2023,5,21,1,3,163,82,9,0,3,3
45068,2023,5,22,2,2,232,52,9,1,2,2
45068,2023,5,22,2,2,101,52,20,0,4,2
45068,2023,5,22,2,2,101,67,20,0,2,1
45068,2023,5,22,2,2,470,83,15,0,7,3
45068,2023,5,22,2,2,101,15,12,1,4,2
45068,2023,5,22,2,2,316,67,12,1,2,2
45068,2023,5,22,2,2,153,11,12,1,3,3
45068,2023,5,22,2,2,101,67,12,1,2,2
45068,2023,5,22,2,1,448,11,20,1,1,1
45068,2023,5,22,2,2,101,11,12,1,2,2
45068,2023,5,22,2,2,424,82,9,0,3,3
45063,2023,5,17,4,3,290,11,12,1,2,2
45068,2023,5,22,2,2,364,28,4,1,1,1
45068,2023,5,22,2,2,277,67,12,0,2,2
45068,2023,5,22,2,2,158,80,7,0,3,2
45068,2023,5,22,2,2,381,1,11,1,2,2
45068,2023,5,22,2,3,101,67,10,0,2,2
45068,2023,5,22,2,3,392,18,20,0,1,1
45068,2023,5,22,2,3,277,16,12,1,3,2
45068,2023,5,22,2,3,116,1,9,1,3,2
45068,2023,5,22,2,3,277,82,7,0,2,2
45068,2023,5,22,2,3,101,11,12,1,2,2
45068,2023,5,22,2,3,381,67,21,0,1,1
45036,2023,4,20,5,3,101,52,2,0,3,2
45068,2023,5,22,2,3,116,49,20,0,1,1
45068,2023,5,22,2,3,116,20,9,0,3,2
45016,2023,3,31,6,3,282,16,12,0,4,4
45068,2023,5,22,2,4,381,67,9,1,2,2
45068,2023,5,22,2,4,277,67,20,0,3,1
45068,2023,5,22,2,4,101,52,9,1,4,3
45068,2023,5,22,2,3,101,52,12,0,6,2
45068,2023,5,22,2,4,267,14,20,0,1,1
45068,2023,5,22,2,3,470,11,20,0,1,1
45068,2023,5,22,2,4,487,80,7,0,4,3
45068,2023,5,22,2,4,20,64,21,0,2,1
45069,2023,5,23,3,1,316,60,2,0,3,2
45069,2023,5,23,3,1,393,12,7,1,2,2
45044,2023,4,28,6,2,277,82,7,0,3,3
45069,2023,5,23,3,1,101,49,9,1,3,3
45069,2023,5,23,3,1,135,67,4,1,1,1
45069,2023,5,23,3,1,262,12,10,0,11,2
45069,2023,5,23,3,1,116,63,10,0,2,2
45069,2023,5,23,3,1,101,82,7,0,3,2
45069,2023,5,23,3,2,158,1,9,1,2,2
45069,2023,5,23,3,1,267,52,10,0,7,4
45069,2023,5,23,3,2,376,52,9,0,7,3
45069,2023,5,23,3,2,101,16,12,1,3,2
45069,2023,5,23,3,2,116,78,12,1,6,4
45069,2023,5,23,3,2,101,11,9,0,2,2
45069,2023,5,23,3,2,50,67,12,1,2,2
45033,2023,4,17,2,2,40,1,11,1,2,2
45069,2023,5,23,3,2,277,52,12,0,3,2
45069,2023,5,23,3,2,116,16,12,1,2,2
45053,2023,5,7,1,2,174,82,12,0,24,2
45069,2023,5,23,3,2,101,83,9,1,4,4
45069,2023,5,23,3,2,110,18,10,0,2,2
45069,2023,5,23,3,2,101,44,7,0,2,2
45069,2023,5,23,3,2,262,83,21,0,1,1
44988,2023,3,3,6,2,60,19,12,0,2,2
45069,2023,5,23,3,2,116,20,7,0,2,2
45069,2023,5,23,3,2,316,67,9,1,3,2
45069,2023,5,23,3,2,285,80,7,0,2,2
45069,2023,5,23,3,3,381,83,21,0,1,1
45069,2023,5,23,3,2,364,60,2,0,2,2
45069,2023,5,23,3,2,369,83,21,1,1,1
45069,2023,5,23,3,3,277,80,7,0,5,3
44993,2023,3,8,4,3,470,80,7,0,3,2
45069,2023,5,23,3,2,116,67,12,1,6,2
45069,2023,5,23,3,3,365,83,20,0,3,2
45069,2023,5,23,3,2,116,67,3,0,1,1
45069,2023,5,23,3,3,448,67,12,0,3,2
45069,2023,5,23,3,2,452,51,12,1,3,3
45069,2023,5,23,3,3,101,65,20,1,1,1
45069,2023,5,23,3,3,116,52,9,1,2,2
45069,2023,5,23,3,3,101,4,15,1,4,3
45069,2023,5,23,3,3,364,52,9,1,2,2
45069,2023,5,23,3,3,364,63,10,0,4,3
45069,2023,5,23,3,3,277,44,12,0,4,3
45069,2023,5,23,3,3,163,67,12,0,3,2
45004,2023,3,19,1,1,343,11,12,0,2,2
45069,2023,5,23,3,2,262,33,11,0,2,2
45045,2023,4,29,7,3,101,83,7,0,3,2
45069,2023,5,23,3,4,116,1,2,0,3,3
45069,2023,5,23,3,4,116,67,4,0,1,1
45069,2023,5,23,3,3,277,49,12,0,2,2
45069,2023,5,23,3,4,369,1,3,0,4,3
45069,2023,5,23,3,4,381,83,9,0,2,2
45069,2023,5,23,3,2,153,67,20,0,1,1
45069,2023,5,23,3,4,135,1,20,0,2,2
45069,2023,5,23,3,4,153,49,7,0,2,2
45070,2023,5,24,4,1,101,18,20,1,1,1
45070,2023,5,24,4,1,376,67,12,0,2,2
45069,2023,5,23,3,2,70,82,7,0,3,3
45070,2023,5,24,4,1,116,67,7,0,34,2
45070,2023,5,24,4,1,285,28,18,0,1,1
45070,2023,5,24,4,2,40,82,10,0,6,4
45070,2023,5,24,4,2,101,80,7,0,3,2
45070,2023,5,24,4,2,116,67,12,0,2,2
44974,2023,2,17,6,3,364,57,12,0,2,2
45070,2023,5,24,4,2,364,67,21,0,2,1
45070,2023,5,24,4,2,381,67,4,0,1,1
45070,2023,5,24,4,2,262,70,9,0,2,2
45070,2023,5,24,4,2,116,16,12,1,2,2
45070,2023,5,24,4,2,163,67,12,0,2,2
45070,2023,5,24,4,2,135,52,9,0,2,2
45070,2023,5,24,4,2,304,83,20,0,2,1
45070,2023,5,24,4,2,476,4,7,0,3,2
45070,2023,5,24,4,2,116,11,3,0,2,1
45070,2023,5,24,4,2,101,67,12,1,2,2
45070,2023,5,24,4,2,116,67,21,0,1,1
45070,2023,5,24,4,1,222,63,7,0,4,2
45070,2023,5,24,4,3,381,11,4,1,3,2
45070,2023,5,24,4,3,116,15,20,0,2,1
45070,2023,5,24,4,3,163,1,9,0,3,2
45056,2023,5,10,4,1,116,18,7,0,2,2
45070,2023,5,24,4,3,116,67,12,1,2,2
45070,2023,5,24,4,3,262,58,12,0,2,2
45070,2023,5,24,4,3,470,16,12,1,4,3
45070,2023,5,24,4,3,232,11,4,1,2,1
45070,2023,5,24,4,3,381,80,10,0,12,3
45070,2023,5,24,4,3,452,67,15,0,4,3
45070,2023,5,24,4,3,364,16,12,0,2,2
45070,2023,5,24,4,3,277,41,20,0,1,1
45070,2023,5,24,4,3,40,11,12,1,3,2
45070,2023,5,24,4,3,158,67,4,1,2,2
45070,2023,5,24,4,2,487,11,20,0,1,1
45070,2023,5,24,4,3,50,67,12,0,2,2
45070,2023,5,24,4,3,158,11,12,0,6,2
45070,2023,5,24,4,1,364,18,12,0,2,2
45050,2023,5,4,5,3,101,83,21,0,2,2
45070,2023,5,24,4,3,267,67,10,0,4,2
45070,2023,5,24,4,4,230,16,12,0,3,2
45070,2023,5,24,4,3,282,82,7,0,2,2
45070,2023,5,24,4,4,282,67,3,0,2,2
45018,2023,4,2,1,4,110,51,7,1,2,2
45070,2023,5,24,4,4,116,52,9,0,3,2
45070,2023,5,24,4,4,116,18,20,0,4,1
45054,2023,5,8,2,3,163,67,12,0,3,2
45070,2023,5,24,4,4,277,82,7,0,4,3
45070,2023,5,24,4,4,153,33,7,0,4,2
45070,2023,5,24,4,4,116,1,12,0,2,2
45070,2023,5,24,4,4,135,28,18,0,1,1
45071,2023,5,25,5,1,324,65,18,1,1,1
45070,2023,5,24,4,3,364,67,21,0,1,1
45071,2023,5,25,5,1,163,67,12,0,2,2
45071,2023,5,25,5,1,232,11,21,0,1,1
45071,2023,5,25,5,1,470,1,11,1,2,2
45071,2023,5,25,5,1,101,18,20,0,1,1
45071,2023,5,25,5,1,116,28,18,0,1,1
45071,2023,5,25,5,2,262,11,12,1,3,2
45071,2023,5,25,5,2,116,28,18,0,1,1
45071,2023,5,25,5,2,60,16,15,1,5,5
45071,2023,5,25,5,1,101,14,14,0,1,1
44991,2023,3,6,2,3,101,83,12,1,2,2
45022,2023,4,6,5,2,50,83,21,0,1,1
45050,2023,5,4,5,1,153,49,9,0,2,2
45071,2023,5,25,5,2,369,44,12,0,2,2
45071,2023,5,25,5,2,101,52,9,1,2,2
45067,2023,5,21,1,4,101,18,20,0,4,1
45071,2023,5,25,5,2,324,16,12,1,3,2
45071,2023,5,25,5,2,158,16,12,0,5,4
45071,2023,5,25,5,2,101,51,12,0,3,2
45071,2023,5,25,5,2,116,52,9,1,4,3
45071,2023,5,25,5,2,376,83,21,0,1,1
44996,2023,3,11,7,1,365,83,20,0,3,2
45071,2023,5,25,5,2,376,67,12,0,2,2
45071,2023,5,25,5,2,153,11,9,0,21,3
45059,2023,5,13,7,3,153,11,7,0,3,2
45071,2023,5,25,5,3,153,11,10,0,4,3
45071,2023,5,25,5,2,280,1,11,1,2,2
45071,2023,5,25,5,3,316,28,20,0,1,1
45063,2023,5,17,4,2,267,11,12,0,2,2
45071,2023,5,25,5,3,101,11,21,0,2,1
45071,2023,5,25,5,3,386,11,12,0,2,2
45068,2023,5,22,2,3,364,52,20,0,4,2
45071,2023,5,25,5,3,101,67,21,0,2,1
45071,2023,5,25,5,3,153,82,9,1,2,2
45071,2023,5,25,5,3,101,67,12,1,3,2
45071,2023,5,25,5,3,116,11,15,0,3,3
45071,2023,5,25,5,2,251,83,10,0,3,2
45071,2023,5,25,5,3,116,11,9,1,3,3
45071,2023,5,25,5,2,251,1,11,0,3,2
45071,2023,5,25,5,3,116,78,9,1,3,2
45071,2023,5,25,5,4,101,52,9,1,3,2
45071,2023,5,25,5,3,163,28,18,0,3,1
45071,2023,5,25,5,2,364,28,20,0,1,1
45071,2023,5,25,5,3,262,83,12,0,2,2
45071,2023,5,25,5,4,316,16,12,1,2,2
45071,2023,5,25,5,3,364,67,20,0,3,2
45071,2023,5,25,5,4,381,49,11,0,2,2
45071,2023,5,25,5,4,101,61,2,0,2,2
45071,2023,5,25,5,4,376,44,12,0,2,2
45071,2023,5,25,5,4,40,67,12,0,2,2
45071,2023,5,25,5,4,324,52,21,0,1,1
45072,2023,5,26,6,1,116,82,9,0,2,2
45072,2023,5,26,6,1,153,11,20,0,1,1
45072,2023,5,26,6,2,277,16,12,1,2,2
45072,2023,5,26,6,1,116,78,9,1,2,2
45071,2023,5,25,5,3,381,11,21,0,2,2
45071,2023,5,25,5,4,50,29,20,0,3,1
45072,2023,5,26,6,2,101,11,12,1,3,2
45072,2023,5,26,6,2,293,1,11,1,3,2
45049,2023,5,3,4,4,153,11,20,0,1,1
45020,2023,4,4,3,3,373,11,4,1,1,1
45072,2023,5,26,6,2,364,28,4,0,2,2
45072,2023,5,26,6,2,101,11,12,0,3,2
45072,2023,5,26,6,2,232,52,9,1,2,2
45072,2023,5,26,6,2,174,83,21,0,1,1
45072,2023,5,26,6,2,222,35,2,1,2,2
45072,2023,5,26,6,2,116,16,12,0,2,2
45072,2023,5,26,6,2,163,16,12,0,3,2
45072,2023,5,26,6,2,116,67,21,0,1,1
45072,2023,5,26,6,2,101,16,12,1,3,3
45072,2023,5,26,6,2,116,45,15,0,3,3
45072,2023,5,26,6,3,153,67,21,0,1,1
45072,2023,5,26,6,3,282,82,10,0,4,3
45072,2023,5,26,6,3,40,82,9,0,2,2
45072,2023,5,26,6,2,50,57,12,1,3,2
45072,2023,5,26,6,2,401,64,10,0,4,2
45072,2023,5,26,6,2,364,20,10,0,3,3
45072,2023,5,26,6,2,376,65,4,1,1,1
45072,2023,5,26,6,3,381,52,9,1,5,4
45072,2023,5,26,6,3,364,76,9,0,3,3
45072,2023,5,26,6,2,369,52,9,1,2,2
45072,2023,5,26,6,3,101,65,20,1,2,1
45064,2023,5,18,5,4,101,67,12,1,2,2
45072,2023,5,26,6,3,277,11,9,0,4,2
44965,2023,2,8,4,3,262,60,2,0,2,2
45072,2023,5,26,6,3,376,49,12,1,3,2
45072,2023,5,26,6,3,104,82,7,0,4,2
45072,2023,5,26,6,3,392,11,9,0,2,2
45072,2023,5,26,6,3,70,52,9,0,3,2
45072,2023,5,26,6,2,163,67,10,0,3,2
45072,2023,5,26,6,3,230,36,4,0,2,2
45072,2023,5,26,6,2,251,52,7,0,3,2
45072,2023,5,26,6,3,163,11,12,0,2,2
45072,2023,5,26,6,4,163,11,12,1,3,3
45072,2023,5,26,6,4,40,1,12,1,2,2
45072,2023,5,26,6,4,116,52,3,0,2,2
45072,2023,5,26,6,4,407,16,20,0,1,1
45072,2023,5,26,6,3,101,82,9,0,2,2
45072,2023,5,26,6,4,376,11,12,0,2,2
45072,2023,5,26,6,4,70,17,10,1,4,2
45072,2023,5,26,6,4,101,83,12,1,2,2
45072,2023,5,26,6,4,163,11,20,0,2,1
45072,2023,5,26,6,4,364,63,9,1,2,2
45072,2023,5,26,6,4,386,18,7,0,2,2
45072,2023,5,26,6,3,163,1,9,0,2,2
45072,2023,5,26,6,4,163,67,21,0,1,1
45073,2023,5,27,7,1,70,16,12,0,2,2
45073,2023,5,27,7,1,230,11,12,1,2,2
45073,2023,5,27,7,1,285,80,10,0,3,2
45073,2023,5,27,7,1,365,80,7,1,3,2
45073,2023,5,27,7,1,116,67,12,0,2,2
45072,2023,5,26,6,4,40,18,20,0,2,1
45073,2023,5,27,7,1,369,18,20,0,1,1
45073,2023,5,27,7,1,376,11,12,0,2,2
45072,2023,5,26,6,3,452,28,3,0,1,1
45073,2023,5,27,7,2,262,1,11,1,2,2
45073,2023,5,27,7,2,277,18,4,0,1,1
45073,2023,5,27,7,2,381,52,9,0,2,2
45073,2023,5,27,7,2,116,11,12,1,2,2
45073,2023,5,27,7,2,277,49,9,0,2,2
45067,2023,5,21,1,2,381,83,12,0,11,4
45073,2023,5,27,7,2,163,3,20,0,1,1
45073,2023,5,27,7,2,101,14,21,0,2,2
45073,2023,5,27,7,2,267,82,7,0,22,2
45073,2023,5,27,7,2,163,18,20,0,1,1
45073,2023,5,27,7,2,324,48,2,0,2,2
45073,2023,5,27,7,2,116,19,7,1,2,2
45073,2023,5,27,7,3,407,49,21,0,1,1
45073,2023,5,27,7,3,116,52,9,1,2,2
45073,2023,5,27,7,3,381,16,12,1,3,3
45073,2023,5,27,7,3,40,16,9,0,3,2
45073,2023,5,27,7,3,101,11,9,0,3,2
45073,2023,5,27,7,3,369,83,12,1,9,4
45073,2023,5,27,7,3,101,11,12,0,4,4
45073,2023,5,27,7,3,70,35,2,0,5,2
45073,2023,5,27,7,3,10,67,21,0,1,1
45073,2023,5,27,7,3,163,60,2,1,2,2
45058,2023,5,12,6,3,50,65,12,0,3,2
45073,2023,5,27,7,3,282,15,7,0,3,2
45073,2023,5,27,7,4,381,11,21,0,3,3
45073,2023,5,27,7,4,163,52,7,0,6,2
45073,2023,5,27,7,4,267,83,21,0,1,1
45073,2023,5,27,7,4,116,11,7,0,6,2
45073,2023,5,27,7,4,373,9,1,0,2,2
45073,2023,5,27,7,4,163,80,12,0,2,2
45073,2023,5,27,7,4,101,1,12,0,2,2
45074,2023,5,28,1,1,116,49,12,1,4,2
45073,2023,5,27,7,4,393,67,21,0,2,1
45073,2023,5,27,7,4,70,49,20,0,1,1
45073,2023,5,27,7,4,373,67,10,0,2,2
45073,2023,5,27,7,4,40,50,10,0,3,2
45074,2023,5,28,1,2,50,83,21,0,1,1
45074,2023,5,28,1,2,101,13,21,0,1,1
45030,2023,4,14,6,4,373,60,2,0,3,2
45074,2023,5,28,1,2,116,11,15,0,7,4
45074,2023,5,28,1,2,277,82,7,0,4,3
45074,2023,5,28,1,2,116,18,7,0,2,2
45074,2023,5,28,1,3,116,11,4,0,2,2
45074,2023,5,28,1,3,101,83,4,0,1,1
45074,2023,5,28,1,3,381,82,9,0,6,3
45074,2023,5,28,1,3,20,67,20,0,2,1
45074,2023,5,28,1,3,470,80,7,1,3,3
45073,2023,5,27,7,3,135,80,7,0,2,2
45074,2023,5,28,1,3,101,65,4,0,1,1
45074,2023,5,28,1,3,163,15,7,0,4,2
45074,2023,5,28,1,3,386,28,18,0,1,1
45074,2023,5,28,1,2,135,28,18,1,2,2
45074,2023,5,28,1,3,364,80,7,0,4,4
45074,2023,5,28,1,2,381,83,21,0,1,1
45074,2023,5,28,1,3,476,28,20,0,1,1
45074,2023,5,28,1,3,116,60,9,0,4,3
45074,2023,5,28,1,2,158,11,21,0,1,1
45074,2023,5,28,1,4,153,83,21,0,1,1
45074,2023,5,28,1,3,116,49,12,0,2,2
45074,2023,5,28,1,3,242,2,11,0,2,2
45074,2023,5,28,1,4,101,11,12,0,3,3
45074,2023,5,28,1,2,153,80,7,0,2,2
45074,2023,5,28,1,4,421,80,10,1,2,2
45074,2023,5,28,1,3,70,80,7,1,3,2
45075,2023,5,29,2,1,116,11,11,0,5,2
45075,2023,5,29,2,1,381,80,7,1,2,2
45075,2023,5,29,2,1,376,80,10,1,2,2
45074,2023,5,28,1,3,101,35,2,0,2,2
45074,2023,5,28,1,3,101,83,21,0,1,1
45075,2023,5,29,2,1,116,18,7,0,2,2
45075,2023,5,29,2,2,381,83,21,0,1,1
44990,2023,3,5,1,2,251,80,7,0,3,3
45074,2023,5,28,1,4,373,11,20,0,1,1
45074,2023,5,28,1,1,226,11,20,0,1,1
45074,2023,5,28,1,4,101,45,18,0,1,1
45075,2023,5,29,2,1,10,52,20,0,2,2
45075,2023,5,29,2,2,343,55,7,0,2,2
45075,2023,5,29,2,2,364,83,20,0,1,1
45075,2023,5,29,2,2,381,83,21,0,3,2
45075,2023,5,29,2,2,392,80,7,0,3,2
45028,2023,4,12,4,2,116,52,12,0,2,2
45075,2023,5,29,2,2,376,11,12,0,6,2
45075,2023,5,29,2,2,324,16,12,1,4,2
45075,2023,5,29,2,2,262,67,10,0,2,2
45075,2023,5,29,2,2,364,18,10,0,2,2
45075,2023,5,29,2,3,116,80,7,1,3,3
45075,2023,5,29,2,3,101,2,11,1,2,2
45075,2023,5,29,2,3,101,11,12,0,2,2
45075,2023,5,29,2,3,277,67,9,0,2,2
45075,2023,5,29,2,3,364,1,9,1,4,3
45075,2023,5,29,2,3,376,52,9,1,2,2
45075,2023,5,29,2,3,364,16,12,0,2,2
45075,2023,5,29,2,3,116,49,21,1,1,1
45075,2023,5,29,2,3,381,11,9,1,2,2
45075,2023,5,29,2,3,470,1,11,1,2,2
45075,2023,5,29,2,3,158,52,9,0,3,2
45075,2023,5,29,2,3,101,83,20,0,1,1
45075,2023,5,29,2,3,116,14,21,1,3,2
45075,2023,5,29,2,3,163,52,21,0,3,3
45075,2023,5,29,2,3,60,83,12,0,3,2
45075,2023,5,29,2,4,280,1,7,0,3,3
45075,2023,5,29,2,4,242,67,21,0,1,1
45075,2023,5,29,2,3,163,67,21,0,1,1
45075,2023,5,29,2,4,386,83,20,0,1,1
45075,2023,5,29,2,4,116,83,21,0,1,1
45056,2023,5,10,4,1,392,18,20,0,1,1
45075,2023,5,29,2,4,304,48,4,1,1,1
45076,2023,5,30,3,1,40,11,12,1,3,2
45076,2023,5,30,3,1,116,67,12,0,5,2
45076,2023,5,30,3,1,116,11,12,0,2,2
45076,2023,5,30,3,1,381,18,21,0,1,1
45076,2023,5,30,3,1,364,28,18,0,1,1
45075,2023,5,29,2,4,376,28,18,0,1,1