id_data,ano,mes,dia,id_dia_semana,periodo,br,id_causa_acidente,id_tipo_acidente,id_uso_solo,pessoas,veiculos
45076,2023,5,30,3,2,116,52,9,0,2,2
45076,2023,5,30,3,2,408,11,12,1,2,2
45076,2023,5,30,3,1,135,3,20,0,1,1
45076,2023,5,30,3,2,304,52,7,1,2,2
45076,2023,5,30,3,2,493,51,10,0,3,3
45053,2023,5,7,1,1,158,67,3,0,6,1
45076,2023,5,30,3,1,155,1,21,0,2,2
44930,2023,1,4,4,3,101,16,12,0,2,2
45076,2023,5,30,3,2,135,80,7,0,2,2
45076,2023,5,30,3,2,101,67,20,1,2,2
45076,2023,5,30,3,2,116,28,18,0,1,1
45076,2023,5,30,3,2,116,67,21,0,1,1
45054,2023,5,8,2,1,116,16,12,1,3,3
45076,2023,5,30,3,2,277,14,14,0,1,1
45068,2023,5,22,2,4,262,67,4,0,2,2
45076,2023,5,30,3,2,101,1,9,1,2,2
45076,2023,5,30,3,2,116,33,11,1,4,3
45057,2023,5,11,5,3,174,67,20,0,2,1
45076,2023,5,30,3,2,101,58,4,0,2,2
45076,2023,5,30,3,2,101,52,9,1,2,2
45076,2023,5,30,3,2,101,52,9,0,3,2
45076,2023,5,30,3,2,386,28,21,0,2,2
45076,2023,5,30,3,2,376,83,21,0,1,1
45076,2023,5,30,3,3,101,1,11,1,2,2
45076,2023,5,30,3,3,324,16,20,0,1,1
45076,2023,5,30,3,3,470,20,11,1,2,2
45076,2023,5,30,3,3,101,16,15,1,5,3
45076,2023,5,30,3,1,364,76,12,0,3,3
45076,2023,5,30,3,2,101,52,9,1,3,2
45070,2023,5,24,4,3,381,80,10,0,4,3
45075,2023,5,29,2,2,232,80,10,0,2,2
45076,2023,5,30,3,2,262,83,21,0,1,1
45076,2023,5,30,3,3,365,11,12,0,2,2
45076,2023,5,30,3,3,262,15,9,0,2,2
45076,2023,5,30,3,3,116,11,12,1,2,2
45076,2023,5,30,3,3,324,16,12,1,3,3
45076,2023,5,30,3,3,277,11,9,1,2,2
45076,2023,5,30,3,3,70,15,20,0,3,2
45076,2023,5,30,3,4,40,25,11,0,2,2
45076,2023,5,30,3,2,230,52,12,1,2,2
45076,2023,5,30,3,3,381,82,9,1,2,2
45076,2023,5,30,3,3,316,1,9,1,3,3
45076,2023,5,30,3,3,381,67,9,0,2,2
45076,2023,5,30,3,3,428,9,1,0,2,1
45076,2023,5,30,3,3,364,16,12,1,2,2
45077,2023,5,31,4,1,365,15,4,0,5,4
45076,2023,5,30,3,4,70,67,12,0,3,3
45076,2023,5,30,3,4,376,83,21,0,1,1
45076,2023,5,30,3,4,262,11,4,0,2,1
45077,2023,5,31,4,1,427,9,1,0,3,2
45077,2023,5,31,4,1,262,36,4,0,3,2
45077,2023,5,31,4,2,392,67,20,0,1,1
45077,2023,5,31,4,2,381,67,21,0,1,1
45077,2023,5,31,4,1,163,67,10,0,4,2
45077,2023,5,31,4,2,232,52,9,1,2,2
45077,2023,5,31,4,2,116,1,11,0,4,2
45077,2023,5,31,4,1,101,83,12,1,2,2
45077,2023,5,31,4,2,376,67,12,0,5,3
45077,2023,5,31,4,1,319,28,18,0,1,1
45077,2023,5,31,4,1,116,9,1,1,3,3
45077,2023,5,31,4,1,251,11,20,0,3,2
45077,2023,5,31,4,2,116,67,15,1,5,4
45057,2023,5,11,5,2,101,16,12,1,2,2
45077,2023,5,31,4,2,101,11,9,1,3,2
45077,2023,5,31,4,2,365,11,12,1,2,2
45077,2023,5,31,4,2,101,16,12,1,4,4
45077,2023,5,31,4,2,365,67,2,0,3,2
45077,2023,5,31,4,2,116,60,2,0,2,2
45058,2023,5,12,6,3,153,65,20,0,2,1
45077,2023,5,31,4,2,101,5,4,0,2,2
45077,2023,5,31,4,2,116,67,9,1,2,2
45077,2023,5,31,4,2,381,11,20,0,2,2
45077,2023,5,31,4,2,116,15,11,0,2,2
45077,2023,5,31,4,2,116,16,12,1,3,3
45069,2023,5,23,3,2,324,52,9,1,5,4
45075,2023,5,29,2,4,277,12,12,0,2,2
45077,2023,5,31,4,2,101,52,9,1,3,2
45077,2023,5,31,4,3,153,80,7,0,2,2
45077,2023,5,31,4,2,304,14,21,0,1,1
45077,2023,5,31,4,3,381,11,12,0,2,2
45077,2023,5,31,4,3,381,1,11,1,2,2
45077,2023,5,31,4,2,381,67,12,1,2,2
45077,2023,5,31,4,2,452,67,4,0,2,1
45077,2023,5,31,4,2,316,1,11,0,4,2
45077,2023,5,31,4,3,40,52,9,1,3,2
45069,2023,5,23,3,3,116,52,12,1,2,2
45077,2023,5,31,4,3,277,33,11,0,3,2
45077,2023,5,31,4,2,226,83,21,0,2,1
45077,2023,5,31,4,3,470,28,12,1,3,2
45077,2023,5,31,4,3,262,83,10,0,2,2
45077,2023,5,31,4,2,423,82,7,0,4,3
45077,2023,5,31,4,3,20,28,10,1,4,4
45077,2023,5,31,4,3,470,11,20,0,1,1
45077,2023,5,31,4,3,163,1,11,0,2,2
45077,2023,5,31,4,3,40,28,7,0,2,2
45077,2023,5,31,4,3,116,67,12,0,3,3
45077,2023,5,31,4,3,174,82,7,1,4,2
45041,2023,4,25,3,4,101,16,12,0,3,2
45077,2023,5,31,4,3,70,1,11,0,3,2
45077,2023,5,31,4,3,282,28,20,0,1,1
45077,2023,5,31,4,3,50,67,12,0,2,2
45077,2023,5,31,4,3,376,38,12,0,3,3
45077,2023,5,31,4,4,101,67,21,0,1,1
45077,2023,5,31,4,4,20,82,9,0,7,4
45077,2023,5,31,4,4,104,11,7,0,2,2
45077,2023,5,31,4,4,158,82,9,0,3,3
45078,2023,6,1,5,1,153,80,4,0,1,1
45078,2023,6,1,5,1,101,60,2,1,2,2
45078,2023,6,1,5,1,153,33,11,1,3,2
45077,2023,5,31,4,3,472,1,11,0,3,2
45078,2023,6,1,5,2,369,67,7,0,2,2
45077,2023,5,31,4,4,80,80,7,0,2,2
45077,2023,5,31,4,4,70,28,18,0,1,1
45078,2023,6,1,5,2,50,11,12,0,2,2
45078,2023,6,1,5,1,116,28,18,0,1,1
45078,2023,6,1,5,2,262,11,21,0,2,1
45078,2023,6,1,5,2,40,11,7,0,2,2
45078,2023,6,1,5,2,369,55,12,0,3,3
45078,2023,6,1,5,2,381,52,12,0,3,2
45078,2023,6,1,5,2,470,20,9,1,2,2
45077,2023,5,31,4,4,364,80,10,0,3,3
45078,2023,6,1,5,2,262,11,12,0,2,2
45078,2023,6,1,5,2,242,28,21,0,2,1
45078,2023,6,1,5,2,364,67,11,0,2,2
45070,2023,5,24,4,2,376,52,12,0,2,2
45078,2023,6,1,5,2,373,20,11,1,3,3
45078,2023,6,1,5,2,101,11,12,1,2,2
45078,2023,6,1,5,2,364,11,9,1,2,2
45078,2023,6,1,5,2,116,11,10,0,3,2
45078,2023,6,1,5,2,101,11,20,1,3,3
45078,2023,6,1,5,2,232,65,20,0,2,1
45078,2023,6,1,5,2,282,80,7,0,3,3
44993,2023,3,8,4,1,116,67,12,0,2,2
45078,2023,6,1,5,1,116,52,4,0,2,1
45078,2023,6,1,5,2,423,1,12,0,2,2
45078,2023,6,1,5,2,364,52,11,0,3,2
45078,2023,6,1,5,2,70,2,10,1,2,2
45078,2023,6,1,5,2,376,33,11,0,2,2
45078,2023,6,1,5,1,116,67,20,0,1,1
45078,2023,6,1,5,2,101,67,21,0,1,1
45078,2023,6,1,5,3,116,52,9,0,4,3
45078,2023,6,1,5,2,116,18,20,0,2,1
45078,2023,6,1,5,3,376,11,12,0,3,2
45078,2023,6,1,5,2,381,65,12,0,2,2
45078,2023,6,1,5,2,287,14,4,0,2,2
45078,2023,6,1,5,2,421,16,10,0,4,3
45066,2023,5,20,7,2,10,52,9,1,4,2
45078,2023,6,1,5,2,163,1,11,1,3,2
45078,2023,6,1,5,3,381,67,12,0,7,4
45078,2023,6,1,5,3,101,11,20,0,1,1
45078,2023,6,1,5,3,116,18,10,0,2,2
45078,2023,6,1,5,3,50,13,12,0,3,2
45078,2023,6,1,5,3,364,67,20,0,1,1
45078,2023,6,1,5,3,20,28,18,0,1,1
45078,2023,6,1,5,2,101,52,4,0,1,1
45078,2023,6,1,5,3,116,11,10,0,3,2
45078,2023,6,1,5,4,376,78,2,1,4,4
45078,2023,6,1,5,4,20,52,7,0,2,2
45078,2023,6,1,5,4,116,36,12,1,3,3
45078,2023,6,1,5,4,376,28,20,1,2,1
45078,2023,6,1,5,4,262,49,7,0,4,2
45078,2023,6,1,5,3,153,80,7,0,3,2
45078,2023,6,1,5,4,116,35,2,0,2,2
45078,2023,6,1,5,4,365,16,12,0,2,2
45078,2023,6,1,5,4,277,33,11,1,2,2
45078,2023,6,1,5,4,470,82,10,0,3,3
45078,2023,6,1,5,4,376,83,10,0,2,2
45078,2023,6,1,5,4,365,67,12,0,2,2
45078,2023,6,1,5,4,262,28,18,0,1,1
45078,2023,6,1,5,4,163,80,7,0,2,2
45078,2023,6,1,5,4,163,18,20,0,2,1
45079,2023,6,2,6,1,101,55,12,0,3,2
45079,2023,6,2,6,1,40,18,20,1,1,1
45079,2023,6,2,6,1,277,49,9,0,5,2
45078,2023,6,1,5,4,153,67,20,0,1,1
45079,2023,6,2,6,1,230,18,10,0,2,2
45079,2023,6,2,6,1,70,67,20,1,1,1
45079,2023,6,2,6,1,135,11,11,1,2,2
45079,2023,6,2,6,2,282,19,20,1,1,1
45079,2023,6,2,6,2,101,16,12,0,2,2
45079,2023,6,2,6,2,280,11,12,0,2,2
45079,2023,6,2,6,1,174,67,21,0,1,1
45079,2023,6,2,6,2,153,13,4,0,19,2
45079,2023,6,2,6,2,262,83,21,0,2,2
45079,2023,6,2,6,2,101,41,21,0,1,1
45079,2023,6,2,6,1,242,67,10,0,3,2
45079,2023,6,2,6,2,101,83,21,0,1,1
45065,2023,5,19,6,3,381,83,21,0,2,1
45079,2023,6,2,6,2,116,82,7,0,3,2
45079,2023,6,2,6,2,470,33,7,0,2,2
45018,2023,4,2,1,1,393,18,7,0,2,2
45079,2023,6,2,6,2,116,16,15,0,4,4
45079,2023,6,2,6,3,158,57,2,0,2,2
45079,2023,6,2,6,3,277,28,18,0,1,1
45079,2023,6,2,6,2,282,82,7,0,3,3
45079,2023,6,2,6,3,153,67,15,1,9,5
45079,2023,6,2,6,3,381,83,21,0,1,1
45079,2023,6,2,6,3,381,83,20,0,1,1
45079,2023,6,2,6,3,232,16,12,1,3,2
45079,2023,6,2,6,4,116,52,12,1,2,2
45079,2023,6,2,6,3,470,1,12,0,3,3
45079,2023,6,2,6,3,282,67,12,0,3,2
45079,2023,6,2,6,4,101,20,11,0,3,2
45079,2023,6,2,6,3,40,20,11,0,3,3
45079,2023,6,2,6,4,101,11,11,0,8,2
45079,2023,6,2,6,4,104,11,21,0,2,1
45079,2023,6,2,6,4,381,28,21,0,1,1
45079,2023,6,2,6,4,381,52,9,0,3,2
45080,2023,6,3,7,1,101,83,21,0,1,1
45080,2023,6,3,7,1,116,49,7,1,2,2
45080,2023,6,3,7,1,50,28,12,0,6,2
45080,2023,6,3,7,1,282,1,11,1,4,3
45080,2023,6,3,7,1,493,80,7,0,2,2
45080,2023,6,3,7,1,116,18,20,0,1,1
45080,2023,6,3,7,1,101,83,21,0,1,1
45080,2023,6,3,7,1,364,18,20,1,1,1
45080,2023,6,3,7,1,242,52,10,0,2,2
45080,2023,6,3,7,1,262,11,10,0,4,2
45080,2023,6,3,7,1,381,60,2,1,2,2
45080,2023,6,3,7,1,163,67,21,0,1,1
45066,2023,5,20,7,2,364,67,4,1,1,1
45080,2023,6,3,7,2,153,16,12,1,2,2
45080,2023,6,3,7,2,40,83,21,0,1,1
45080,2023,6,3,7,2,60,11,12,1,2,2
45080,2023,6,3,7,2,262,1,11,0,3,2
45080,2023,6,3,7,2,381,21,21,0,1,1
45080,2023,6,3,7,2,316,18,10,0,4,4
45080,2023,6,3,7,2,392,49,10,0,2,2
45080,2023,6,3,7,2,116,67,4,0,1,1
45080,2023,6,3,7,2,226,80,7,1,6,2
45080,2023,6,3,7,2,80,36,12,0,3,2
45080,2023,6,3,7,2,381,2,9,1,2,2
45080,2023,6,3,7,2,116,82,10,0,4,2
45080,2023,6,3,7,2,472,20,11,0,3,2
45080,2023,6,3,7,1,365,28,18,0,1,1
45080,2023,6,3,7,2,364,82,7,0,5,3
45080,2023,6,3,7,2,40,83,10,0,2,2
45080,2023,6,3,7,2,104,18,20,0,1,1
45080,2023,6,3,7,2,10,52,7,0,2,2
45080,2023,6,3,7,3,364,1,11,1,2,2
45080,2023,6,3,7,3,405,16,9,0,4,3
45080,2023,6,3,7,2,116,28,18,0,1,1
45080,2023,6,3,7,3,116,52,9,1,2,2
45080,2023,6,3,7,2,376,1,11,1,4,3
45080,2023,6,3,7,3,163,11,12,0,3,2
45080,2023,6,3,7,3,365,1,11,1,2,2
45080,2023,6,3,7,3,376,28,21,0,1,1
45080,2023,6,3,7,3,262,80,10,0,3,2
45080,2023,6,3,7,4,330,60,2,0,2,2
45080,2023,6,3,7,3,343,52,7,0,4,3
45080,2023,6,3,7,3,280,80,10,0,4,2
45080,2023,6,3,7,4,104,12,2,0,2,2
45080,2023,6,3,7,4,277,1,11,1,2,2
45080,2023,6,3,7,4,116,60,2,0,1,1
45040,2023,4,24,2,3,101,65,4,1,2,2
45080,2023,6,3,7,4,423,80,10,0,4,2
45080,2023,6,3,7,4,163,11,10,0,3,2
45081,2023,6,4,1,1,316,80,18,0,3,3
45081,2023,6,4,1,2,392,67,21,0,1,1
45081,2023,6,4,1,1,376,49,4,1,2,2
45081,2023,6,4,1,2,364,1,9,0,3,2
45081,2023,6,4,1,2,420,11,7,0,4,2
45081,2023,6,4,1,2,282,33,11,1,3,2
45080,2023,6,3,7,4,476,21,21,0,2,1
45081,2023,6,4,1,2,101,52,9,1,2,2
45081,2023,6,4,1,1,153,18,21,0,2,1
45081,2023,6,4,1,2,153,1,11,1,2,2
45081,2023,6,4,1,3,40,67,20,0,1,1
45081,2023,6,4,1,3,393,11,12,1,2,2
45081,2023,6,4,1,3,376,67,12,0,2,2
45081,2023,6,4,1,3,406,60,2,0,2,2
45081,2023,6,4,1,4,116,72,11,0,3,2
45081,2023,6,4,1,3,116,65,21,0,2,2
45081,2023,6,4,1,3,158,1,11,1,2,2
45081,2023,6,4,1,4,476,67,10,0,4,4
45040,2023,4,24,2,2,101,18,7,0,2,2
45081,2023,6,4,1,3,428,49,7,0,2,2
45081,2023,6,4,1,4,116,67,15,0,10,3
45081,2023,6,4,1,4,364,11,10,1,3,2
45081,2023,6,4,1,4,101,50,12,0,4,3
45081,2023,6,4,1,3,116,67,12,0,2,2
45081,2023,6,4,1,3,163,52,10,1,4,2
45082,2023,6,5,2,1,163,13,18,0,1,1
45082,2023,6,5,2,1,163,1,11,0,2,2
45082,2023,6,5,2,1,40,50,12,0,2,2
45082,2023,6,5,2,2,116,83,12,0,2,2
45082,2023,6,5,2,2,116,16,12,0,2,2
45082,2023,6,5,2,2,101,16,12,1,3,2
45082,2023,6,5,2,2,101,18,21,0,1,1
45082,2023,6,5,2,2,116,11,12,1,4,4
45082,2023,6,5,2,2,116,78,9,0,2,2
45082,2023,6,5,2,2,262,11,7,1,3,2
45082,2023,6,5,2,2,116,82,7,0,3,3
45082,2023,6,5,2,2,262,80,7,0,2,2
45082,2023,6,5,2,2,101,83,21,1,1,1
45072,2023,5,26,6,4,158,1,9,0,2,2
45082,2023,6,5,2,2,70,67,11,0,3,2
45082,2023,6,5,2,2,101,35,2,1,2,2
45082,2023,6,5,2,2,381,36,12,0,2,2
45082,2023,6,5,2,2,101,51,20,0,1,1
45082,2023,6,5,2,2,116,44,12,1,2,2
45082,2023,6,5,2,2,101,67,12,1,6,4
45082,2023,6,5,2,2,116,67,12,1,3,2
45082,2023,6,5,2,2,40,11,9,1,3,2
45082,2023,6,5,2,2,222,52,9,0,2,2
45082,2023,6,5,2,3,101,52,9,1,2,2
45082,2023,6,5,2,2,369,82,9,1,3,3
45080,2023,6,3,7,1,101,49,9,0,2,2
45082,2023,6,5,2,2,116,1,11,1,2,2
45082,2023,6,5,2,3,101,28,20,0,1,1
45082,2023,6,5,2,3,40,11,12,1,2,2
45082,2023,6,5,2,3,163,67,21,0,1,1
45082,2023,6,5,2,2,155,52,7,0,3,2
45082,2023,6,5,2,3,101,16,12,1,3,2
45082,2023,6,5,2,3,282,11,20,0,1,1
45082,2023,6,5,2,3,386,16,12,0,2,2
45082,2023,6,5,2,3,163,67,20,0,1,1
45082,2023,6,5,2,4,290,1,9,0,3,2
45082,2023,6,5,2,4,116,28,18,0,1,1
45082,2023,6,5,2,4,277,80,10,1,2,2
45082,2023,6,5,2,4,116,1,9,1,3,2
45082,2023,6,5,2,4,40,11,20,0,1,1
45082,2023,6,5,2,4,251,13,20,0,1,1
45082,2023,6,5,2,4,40,11,20,0,2,2
45082,2023,6,5,2,4,116,65,20,0,1,1
45082,2023,6,5,2,4,101,49,11,1,2,2
45082,2023,6,5,2,4,304,11,12,0,2,2
45082,2023,6,5,2,4,116,83,21,0,1,1
45083,2023,6,6,3,1,20,18,20,0,1,1
45082,2023,6,5,2,4,381,51,20,0,1,1
45083,2023,6,6,3,2,101,67,12,0,3,2
45083,2023,6,6,3,2,116,1,9,0,2,2
45083,2023,6,6,3,2,251,83,21,0,1,1
45083,2023,6,6,3,2,20,83,12,0,5,2
45059,2023,5,13,7,4,277,83,21,0,1,1
45083,2023,6,6,3,2,163,67,20,0,4,3
45083,2023,6,6,3,2,364,28,18,0,1,1
45083,2023,6,6,3,2,153,33,11,0,2,2
45083,2023,6,6,3,2,392,57,2,0,4,3
45083,2023,6,6,3,2,116,11,7,0,3,2
45083,2023,6,6,3,2,101,83,4,0,1,1
45083,2023,6,6,3,2,324,16,12,0,4,2
45083,2023,6,6,3,2,364,67,15,0,4,3
45083,2023,6,6,3,2,277,67,12,0,3,3
45083,2023,6,6,3,2,364,14,20,1,5,2
45083,2023,6,6,3,3,101,11,12,0,2,2
45083,2023,6,6,3,2,476,49,20,1,1,1
45083,2023,6,6,3,2,277,20,11,0,5,2
45083,2023,6,6,3,2,116,82,7,0,2,2
45083,2023,6,6,3,3,476,44,7,0,3,2
45082,2023,6,5,2,4,116,1,7,0,2,2
45079,2023,6,2,6,2,277,20,12,1,4,2
45083,2023,6,6,3,3,386,1,11,1,4,3
44975,2023,2,18,7,4,116,1,11,0,2,2
45083,2023,6,6,3,2,70,18,10,0,3,2
45083,2023,6,6,3,2,222,64,21,0,1,1
45083,2023,6,6,3,3,381,28,18,0,1,1
45083,2023,6,6,3,3,116,83,12,0,3,2
45083,2023,6,6,3,3,287,11,7,0,3,3
45083,2023,6,6,3,3,262,28,18,0,1,1
45075,2023,5,29,2,4,376,11,15,0,3,3
45083,2023,6,6,3,2,282,67,21,0,1,1
45083,2023,6,6,3,3,235,15,2,1,2,2
45083,2023,6,6,3,3,251,11,12,0,2,2
45083,2023,6,6,3,3,101,83,12,0,5,2
45083,2023,6,6,3,3,40,67,12,0,2,2
45083,2023,6,6,3,4,386,83,15,0,4,4
45083,2023,6,6,3,4,101,1,9,0,6,2
45083,2023,6,6,3,4,60,16,12,0,4,2
45083,2023,6,6,3,3,153,83,20,0,1,1
45083,2023,6,6,3,4,101,80,10,1,3,3
45083,2023,6,6,3,4,101,67,12,1,2,2
45083,2023,6,6,3,4,222,67,21,0,1,1
45083,2023,6,6,3,4,116,67,7,0,4,2
45084,2023,6,7,4,1,116,4,4,0,2,2
45084,2023,6,7,4,1,280,49,10,1,2,2
45084,2023,6,7,4,1,163,11,21,0,1,1
45084,2023,6,7,4,1,259,18,12,0,2,2
45084,2023,6,7,4,1,381,11,12,0,3,2
45084,2023,6,7,4,1,153,66,7,1,2,2
45084,2023,6,7,4,2,116,44,12,0,4,4
45084,2023,6,7,4,2,381,1,9,0,4,2
45084,2023,6,7,4,1,290,28,18,0,1,1
45084,2023,6,7,4,2,101,67,10,0,6,2
45084,2023,6,7,4,1,116,11,20,0,1,1
45084,2023,6,7,4,2,50,83,4,0,1,1
45084,2023,6,7,4,2,101,1,9,1,3,3
45084,2023,6,7,4,2,101,52,12,0,2,2
45084,2023,6,7,4,1,230,18,20,0,1,1
45084,2023,6,7,4,2,285,80,7,0,5,5
45084,2023,6,7,4,2,285,18,7,0,2,2
45084,2023,6,7,4,2,222,28,21,0,1,1
45048,2023,5,2,3,4,40,11,4,0,4,4
45064,2023,5,18,5,3,40,1,9,1,2,2
45084,2023,6,7,4,2,101,18,4,0,1,1
45084,2023,6,7,4,3,381,52,9,0,2,2
45059,2023,5,13,7,4,364,63,21,0,2,2
45081,2023,6,4,1,2,116,29,20,0,1,1
45084,2023,6,7,4,3,101,80,11,1,2,2
45084,2023,6,7,4,3,20,52,7,0,3,3
45084,2023,6,7,4,2,158,11,21,0,1,1
45084,2023,6,7,4,3,116,28,12,0,4,2
45084,2023,6,7,4,3,101,83,4,0,3,1
45072,2023,5,26,6,3,158,13,7,0,3,2
45084,2023,6,7,4,3,153,52,9,1,3,3
45084,2023,6,7,4,3,10,28,18,0,1,1
45084,2023,6,7,4,3,285,52,12,1,3,2
45084,2023,6,7,4,3,116,11,12,1,2,2
45084,2023,6,7,4,2,101,67,21,0,1,1
45084,2023,6,7,4,3,364,65,21,0,3,1
45084,2023,6,7,4,3,448,52,9,1,3,2
45084,2023,6,7,4,4,407,1,11,1,2,2
45084,2023,6,7,4,3,158,80,10,0,5,5
45084,2023,6,7,4,3,163,49,7,0,5,2
45084,2023,6,7,4,4,373,11,9,1,5,3
45084,2023,6,7,4,3,101,11,12,0,2,2
45084,2023,6,7,4,3,153,1,12,1,2,2
45084,2023,6,7,4,4,277,49,11,1,2,2
45084,2023,6,7,4,3,251,80,10,0,2,2
45084,2023,6,7,4,3,153,67,20,0,1,1
45084,2023,6,7,4,4,470,82,7,0,4,2
45084,2023,6,7,4,4,101,52,9,1,2,2
45084,2023,6,7,4,3,30,2,11,0,2,2
45084,2023,6,7,4,4,376,28,20,0,1,1
45085,2023,6,8,5,1,381,45,12,0,7,6
45085,2023,6,8,5,1,101,18,20,0,1,1
45085,2023,6,8,5,2,381,11,21,1,2,2
45085,2023,6,8,5,1,116,1,12,0,5,3
45085,2023,6,8,5,2,386,11,10,0,2,2
45085,2023,6,8,5,2,277,11,12,0,6,3
45085,2023,6,8,5,1,280,80,7,0,4,3
45085,2023,6,8,5,2,116,1,11,1,4,2
45085,2023,6,8,5,2,116,44,20,1,1,1
45085,2023,6,8,5,2,101,18,12,0,2,2
45085,2023,6,8,5,2,116,83,21,1,1,1
45085,2023,6,8,5,3,116,1,9,1,2,2
45085,2023,6,8,5,2,153,83,10,0,9,4
45073,2023,5,27,7,3,116,80,7,0,2,2
45085,2023,6,8,5,3,101,11,4,1,1,1
45085,2023,6,8,5,2,70,67,20,0,1,1
45085,2023,6,8,5,3,472,67,20,0,1,1
45085,2023,6,8,5,3,116,72,9,0,3,3
45085,2023,6,8,5,3,376,11,12,1,2,2
45085,2023,6,8,5,1,135,11,20,0,1,1
45085,2023,6,8,5,3,163,1,11,0,6,3
45085,2023,6,8,5,3,262,51,7,0,7,5
45051,2023,5,5,6,3,153,11,20,0,2,2
45085,2023,6,8,5,2,476,21,21,0,1,1
45085,2023,6,8,5,3,50,61,2,1,2,2
45085,2023,6,8,5,3,369,82,7,0,10,4
45085,2023,6,8,5,3,381,67,12,0,3,2
45085,2023,6,8,5,3,163,80,10,0,3,3
45085,2023,6,8,5,4,373,67,12,1,4,4
45085,2023,6,8,5,4,101,52,9,1,3,2
45085,2023,6,8,5,3,50,52,12,0,2,2
45085,2023,6,8,5,4,101,49,10,1,2,2
45085,2023,6,8,5,4,101,41,20,0,3,3
45085,2023,6,8,5,3,60,11,4,0,1,1
45085,2023,6,8,5,4,470,80,7,1,3,3
45085,2023,6,8,5,4,153,66,20,0,1,1
45085,2023,6,8,5,4,116,1,11,1,3,2
45086,2023,6,9,6,1,116,28,18,1,1,1
45086,2023,6,9,6,1,40,67,12,0,2,2
45086,2023,6,9,6,1,116,67,12,0,2,2
45086,2023,6,9,6,1,101,49,12,0,2,2
45086,2023,6,9,6,1,381,11,4,0,3,3
45086,2023,6,9,6,1,163,18,4,0,1,1
45086,2023,6,9,6,1,354,49,7,0,4,2
45086,2023,6,9,6,2,290,18,20,0,1,1
45086,2023,6,9,6,1,101,80,7,0,4,2
45086,2023,6,9,6,1,429,11,4,1,2,2
45086,2023,6,9,6,1,365,18,4,0,1,1
45086,2023,6,9,6,2,101,83,21,1,1,1
45086,2023,6,9,6,1,364,61,2,0,2,2
45086,2023,6,9,6,2,222,44,4,0,1,1
45086,2023,6,9,6,2,153,67,20,0,2,1
45086,2023,6,9,6,2,324,78,9,0,4,3
45086,2023,6,9,6,2,116,16,12,1,2,2
45086,2023,6,9,6,2,60,16,12,0,2,2
45059,2023,5,13,7,1,163,67,7,0,5,4
45086,2023,6,9,6,2,116,11,9,1,2,2
45086,2023,6,9,6,2,153,52,9,0,2,2
45086,2023,6,9,6,2,116,67,12,0,3,2
45086,2023,6,9,6,3,101,1,9,0,2,2
45034,2023,4,18,3,2,381,11,21,0,1,1
45086,2023,6,9,6,3,376,67,12,1,2,2
45086,2023,6,9,6,3,101,49,12,0,4,2
45086,2023,6,9,6,3,290,33,11,0,3,2
45086,2023,6,9,6,2,364,82,9,0,3,3
45086,2023,6,9,6,3,80,6,18,0,1,1
45086,2023,6,9,6,3,386,35,2,1,2,2
45086,2023,6,9,6,2,116,18,20,0,3,2
45086,2023,6,9,6,3,262,67,21,0,2,2
45086,2023,6,9,6,2,365,83,20,0,1,1
45086,2023,6,9,6,3,436,11,9,0,4,2
45086,2023,6,9,6,3,153,82,7,0,8,3
45086,2023,6,9,6,3,153,80,10,1,3,2
45086,2023,6,9,6,3,470,52,9,0,3,3
45086,2023,6,9,6,3,101,49,12,0,2,2
45086,2023,6,9,6,3,364,52,12,0,4,2
45086,2023,6,9,6,3,421,2,9,0,3,3
45086,2023,6,9,6,4,365,11,20,0,2,1
45086,2023,6,9,6,4,116,14,14,1,1,1
45086,2023,6,9,6,4,101,83,20,0,1,1
45086,2023,6,9,6,4,101,11,12,0,4,2
45086,2023,6,9,6,4,262,2,11,0,4,3
45086,2023,6,9,6,4,174,80,10,0,5,4
45086,2023,6,9,6,4,116,83,20,0,1,1
45087,2023,6,10,7,1,50,11,4,1,1,1
45086,2023,6,9,6,3,230,65,10,0,3,3
45087,2023,6,10,7,1,232,80,10,1,2,2
45087,2023,6,10,7,1,232,80,7,0,2,2
45087,2023,6,10,7,1,135,80,7,1,2,2
45086,2023,6,9,6,4,101,67,12,0,2,2
45087,2023,6,10,7,1,101,11,7,0,2,2
45087,2023,6,10,7,2,376,52,11,0,2,2
45087,2023,6,10,7,2,381,83,12,0,4,2
45087,2023,6,10,7,2,50,67,20,0,1,1
45081,2023,6,4,1,3,163,67,20,0,2,1
45087,2023,6,10,7,2,153,21,21,0,1,1
45087,2023,6,10,7,2,364,49,4,1,2,2
45087,2023,6,10,7,2,116,35,2,1,2,2
45087,2023,6,10,7,2,277,52,9,1,2,2
45087,2023,6,10,7,2,277,28,7,0,3,2
45087,2023,6,10,7,3,101,33,11,0,2,2
45087,2023,6,10,7,2,285,52,11,1,2,2
45087,2023,6,10,7,3,116,11,20,0,1,1
45087,2023,6,10,7,3,393,11,2,0,3,2
45087,2023,6,10,7,2,116,80,7,0,2,2
45087,2023,6,10,7,2,230,11,20,0,1,1
45087,2023,6,10,7,3,364,67,12,0,2,2
45087,2023,6,10,7,3,116,52,9,1,3,2
45087,2023,6,10,7,3,101,1,9,1,2,2
45087,2023,6,10,7,2,262,67,20,1,2,2
45087,2023,6,10,7,3,60,18,20,0,1,1
45087,2023,6,10,7,3,40,1,9,0,5,3
45087,2023,6,10,7,3,381,83,21,0,1,1
45087,2023,6,10,7,3,116,15,20,0,3,1
45087,2023,6,10,7,3,153,80,10,0,3,2
45087,2023,6,10,7,4,101,67,12,0,2,2
45087,2023,6,10,7,3,267,67,20,0,3,1
45087,2023,6,10,7,4,277,67,20,0,1,1
45087,2023,6,10,7,4,354,67,11,0,2,2
45087,2023,6,10,7,4,101,12,12,1,2,2
45087,2023,6,10,7,3,364,3,9,1,3,2