id_data,ano,mes,dia,id_dia_semana,periodo,br,id_causa_acidente,id_tipo_acidente,id_uso_solo,pessoas,veiculos
45087,2023,6,10,7,4,163,1,11,0,2,2
45087,2023,6,10,7,4,282,2,7,0,3,2
45087,2023,6,10,7,4,60,11,2,0,2,2
45087,2023,6,10,7,4,226,28,10,0,2,2
45087,2023,6,10,7,4,116,2,11,1,3,2
45087,2023,6,10,7,4,116,18,10,0,2,2
45088,2023,6,11,1,1,381,11,12,1,3,3
45088,2023,6,11,1,1,163,11,12,0,3,2
45088,2023,6,11,1,1,405,67,12,0,2,2
45088,2023,6,11,1,1,423,80,7,0,2,2
45088,2023,6,11,1,1,101,60,2,0,2,2
45088,2023,6,11,1,1,316,49,10,0,2,2
45088,2023,6,11,1,1,116,33,11,0,2,2
45088,2023,6,11,1,2,232,16,12,1,2,2
45088,2023,6,11,1,1,40,67,20,0,44,1
45088,2023,6,11,1,2,381,67,12,0,3,2
45088,2023,6,11,1,2,116,52,9,0,3,3
45088,2023,6,11,1,2,226,80,7,0,2,2
45088,2023,6,11,1,2,381,18,12,0,7,2
45088,2023,6,11,1,2,316,16,12,0,2,2
45088,2023,6,11,1,2,116,83,20,0,1,1
45088,2023,6,11,1,2,290,11,12,1,3,2
45088,2023,6,11,1,2,116,83,4,0,1,1
45088,2023,6,11,1,3,163,11,15,0,7,5
45088,2023,6,11,1,3,40,16,15,0,8,4
45088,2023,6,11,1,3,40,3,10,0,5,3
45088,2023,6,11,1,2,153,18,20,0,1,1
45088,2023,6,11,1,3,470,67,12,0,4,4
45088,2023,6,11,1,3,381,14,20,0,1,1
45088,2023,6,11,1,3,153,15,20,0,1,1
45088,2023,6,11,1,3,135,52,7,0,2,2
45088,2023,6,11,1,3,364,49,10,0,2,2
45088,2023,6,11,1,3,367,80,7,0,4,2
45088,2023,6,11,1,3,163,80,7,0,5,2
45088,2023,6,11,1,3,277,83,7,0,2,2
45088,2023,6,11,1,3,376,14,20,0,1,1
45088,2023,6,11,1,4,116,78,10,1,2,2
45088,2023,6,11,1,4,101,1,11,1,5,3
45088,2023,6,11,1,4,70,28,18,0,1,1
45088,2023,6,11,1,4,101,52,9,0,2,2
45088,2023,6,11,1,4,282,67,7,0,2,2
45088,2023,6,11,1,4,163,82,7,0,3,2
45088,2023,6,11,1,2,452,18,12,0,2,2
45088,2023,6,11,1,3,10,82,9,0,8,4
45088,2023,6,11,1,4,101,83,20,0,1,1
45088,2023,6,11,1,4,101,18,20,0,1,1
45088,2023,6,11,1,4,277,28,20,0,1,1
45089,2023,6,12,2,1,116,38,2,0,2,2
45089,2023,6,12,2,1,381,18,7,0,4,3
45089,2023,6,12,2,1,101,11,4,0,1,1
45089,2023,6,12,2,1,20,49,11,0,3,3
45089,2023,6,12,2,1,116,61,2,0,2,2
45089,2023,6,12,2,1,40,18,12,0,3,2
45088,2023,6,11,1,4,101,1,11,0,2,2
45089,2023,6,12,2,2,470,15,7,0,3,3
45089,2023,6,12,2,1,101,83,7,1,3,2
45089,2023,6,12,2,2,101,83,4,0,2,2
45089,2023,6,12,2,2,376,1,11,0,2,2
45089,2023,6,12,2,2,381,16,15,1,5,5
45089,2023,6,12,2,2,262,30,12,0,6,2
45089,2023,6,12,2,1,282,52,7,0,2,2
45089,2023,6,12,2,2,392,33,11,0,2,2
45089,2023,6,12,2,2,116,52,10,0,5,3
45089,2023,6,12,2,2,116,11,11,1,4,3
45089,2023,6,12,2,2,277,83,12,0,2,2
45089,2023,6,12,2,2,101,67,12,1,3,3
45089,2023,6,12,2,2,163,82,9,1,3,3
45089,2023,6,12,2,2,277,49,12,1,2,2
45089,2023,6,12,2,2,155,67,11,0,2,2
45035,2023,4,19,4,2,135,11,21,0,1,1
45089,2023,6,12,2,2,70,67,20,0,1,1
45089,2023,6,12,2,2,324,16,21,1,2,2
45089,2023,6,12,2,2,290,67,15,0,7,6
45089,2023,6,12,2,2,282,1,11,0,2,2
45089,2023,6,12,2,2,364,82,9,0,4,3
45089,2023,6,12,2,3,381,16,12,1,3,2
45089,2023,6,12,2,2,308,7,20,0,1,1
44985,2023,2,28,3,2,116,21,21,0,2,1
45089,2023,6,12,2,3,101,28,18,1,1,1
45089,2023,6,12,2,3,163,80,7,0,2,2
44977,2023,2,20,2,3,222,65,21,0,1,1
45089,2023,6,12,2,3,290,16,12,1,4,2
45089,2023,6,12,2,3,282,11,7,0,3,3
45089,2023,6,12,2,2,277,83,20,0,1,1
45089,2023,6,12,2,3,101,83,10,0,3,2
45089,2023,6,12,2,3,277,28,10,0,46,2
45077,2023,5,31,4,4,324,18,20,0,1,1
45089,2023,6,12,2,2,376,11,20,0,2,2
45089,2023,6,12,2,3,343,1,11,1,4,2
45089,2023,6,12,2,3,116,52,9,0,3,2
45089,2023,6,12,2,3,101,78,9,1,3,3
45089,2023,6,12,2,3,381,11,15,0,4,4
45089,2023,6,12,2,3,163,67,15,0,4,3
45089,2023,6,12,2,3,116,60,2,1,4,4
45089,2023,6,12,2,4,116,35,2,0,2,2
45089,2023,6,12,2,4,277,67,20,0,1,1
45089,2023,6,12,2,3,153,11,12,0,3,3
45089,2023,6,12,2,3,116,16,12,1,4,3
45089,2023,6,12,2,3,163,28,4,0,3,2
45089,2023,6,12,2,3,163,67,20,0,2,2
45089,2023,6,12,2,4,60,67,7,0,4,2
45089,2023,6,12,2,3,364,13,18,0,1,1
45089,2023,6,12,2,4,277,67,12,0,4,2
45089,2023,6,12,2,4,101,25,20,0,2,1
45089,2023,6,12,2,4,174,80,7,1,2,2
45089,2023,6,12,2,4,116,67,20,0,2,1
45089,2023,6,12,2,4,407,49,21,0,1,1
45090,2023,6,13,3,1,116,49,9,0,2,2
45090,2023,6,13,3,1,343,11,20,0,1,1
45090,2023,6,13,3,1,324,18,12,0,3,3
45090,2023,6,13,3,1,277,11,21,0,1,1
45090,2023,6,13,3,1,70,17,11,1,3,2
45081,2023,6,4,1,3,262,50,7,0,4,3
45089,2023,6,12,2,3,153,80,7,1,2,2
45090,2023,6,13,3,1,50,18,12,0,2,2
45082,2023,6,5,2,1,230,11,15,1,4,4
45022,2023,4,6,5,3,50,52,9,1,4,2
45090,2023,6,13,3,2,116,80,7,0,4,2
45071,2023,5,25,5,3,369,1,12,1,2,2
45090,2023,6,13,3,2,101,65,9,1,5,3
45090,2023,6,13,3,2,101,16,12,1,2,2
45090,2023,6,13,3,2,116,67,12,1,6,5
45090,2023,6,13,3,2,40,1,11,0,2,2
45090,2023,6,13,3,2,230,67,4,1,1,1
45090,2023,6,13,3,2,101,11,9,0,2,2
45090,2023,6,13,3,2,116,67,20,0,3,1
45090,2023,6,13,3,2,153,80,7,0,2,2
45090,2023,6,13,3,2,153,83,12,0,2,2
45090,2023,6,13,3,2,101,65,18,0,1,1
45090,2023,6,13,3,2,242,28,18,0,1,1
45070,2023,5,24,4,3,316,36,4,1,2,2
45090,2023,6,13,3,2,60,83,9,0,3,3
45085,2023,6,8,5,4,376,52,9,0,5,2
45090,2023,6,13,3,3,470,67,15,0,10,7
45090,2023,6,13,3,2,116,67,4,0,1,1
45090,2023,6,13,3,3,116,57,15,0,4,3
45090,2023,6,13,3,2,376,67,4,0,1,1
45090,2023,6,13,3,3,386,83,9,0,5,2
45090,2023,6,13,3,3,487,14,4,0,2,1
45090,2023,6,13,3,3,101,80,7,1,2,2
45090,2023,6,13,3,3,277,67,20,0,1,1
45090,2023,6,13,3,3,116,13,7,0,4,2
45090,2023,6,13,3,3,470,1,12,1,4,2
45090,2023,6,13,3,3,376,28,12,0,4,3
45090,2023,6,13,3,3,364,52,9,1,2,2
45090,2023,6,13,3,3,153,18,20,0,1,1
45090,2023,6,13,3,3,70,83,12,1,8,2
45090,2023,6,13,3,3,116,67,4,0,1,1
45090,2023,6,13,3,3,282,67,11,0,2,2
45090,2023,6,13,3,3,277,83,21,0,3,2
45090,2023,6,13,3,2,381,14,14,0,2,2
45090,2023,6,13,3,4,242,80,7,0,4,4
45090,2023,6,13,3,3,381,80,7,0,2,2
45090,2023,6,13,3,4,116,15,20,0,1,1
45090,2023,6,13,3,4,101,16,12,1,4,2
45090,2023,6,13,3,4,163,49,7,0,3,2
45090,2023,6,13,3,4,386,4,21,0,1,1
45090,2023,6,13,3,3,262,28,21,0,1,1
45091,2023,6,14,4,1,116,80,7,0,2,2
45091,2023,6,14,4,1,158,3,20,0,1,1
45086,2023,6,9,6,4,101,52,9,0,2,2
45091,2023,6,14,4,2,406,1,9,0,3,2
45091,2023,6,14,4,1,116,67,15,1,3,3
45091,2023,6,14,4,2,116,52,12,0,3,3
45091,2023,6,14,4,2,40,52,9,0,2,2
45091,2023,6,14,4,2,101,11,12,0,2,2
45091,2023,6,14,4,2,116,52,12,1,2,2
45091,2023,6,14,4,2,364,11,12,1,2,2
45091,2023,6,14,4,2,116,28,12,1,3,3
45081,2023,6,4,1,1,20,80,7,0,2,2
45091,2023,6,14,4,2,101,82,10,0,3,3
45091,2023,6,14,4,2,116,78,12,1,2,2
45091,2023,6,14,4,2,242,67,21,0,1,1
45091,2023,6,14,4,1,10,11,4,1,2,2
45091,2023,6,14,4,2,10,1,11,1,2,2
45091,2023,6,14,4,2,104,29,20,0,1,1
45091,2023,6,14,4,2,116,67,15,1,4,4
45091,2023,6,14,4,2,101,16,12,1,3,3
45091,2023,6,14,4,2,476,83,11,0,3,2
45091,2023,6,14,4,2,50,11,15,1,4,3
45091,2023,6,14,4,2,367,1,9,1,2,2
45091,2023,6,14,4,2,163,16,10,0,4,2
45091,2023,6,14,4,3,116,67,12,0,5,2
45091,2023,6,14,4,2,365,82,9,0,4,2
45090,2023,6,13,3,3,424,67,4,0,1,1
45091,2023,6,14,4,3,290,67,20,0,1,1
45091,2023,6,14,4,3,40,49,9,1,3,2
45091,2023,6,14,4,3,101,18,21,1,1,1
45091,2023,6,14,4,3,282,83,9,0,2,2
45091,2023,6,14,4,3,40,16,12,1,4,3
45091,2023,6,14,4,3,116,83,11,0,2,2
45091,2023,6,14,4,3,101,11,12,1,2,2
45091,2023,6,14,4,3,381,16,12,0,2,2
45091,2023,6,14,4,3,153,16,12,0,3,3
45091,2023,6,14,4,3,101,11,12,0,3,3
45091,2023,6,14,4,3,470,83,21,0,2,1
45091,2023,6,14,4,3,153,67,21,0,2,2
45084,2023,6,7,4,2,101,67,12,0,2,2
45091,2023,6,14,4,3,40,28,14,0,1,1
45091,2023,6,14,4,3,230,80,7,0,2,2
45091,2023,6,14,4,3,277,36,9,0,3,3
45091,2023,6,14,4,4,277,83,21,0,1,1
45091,2023,6,14,4,3,424,67,20,0,1,1
45091,2023,6,14,4,4,376,67,12,1,2,2
45091,2023,6,14,4,4,116,83,20,0,2,1
45091,2023,6,14,4,4,381,83,21,0,1,1
45091,2023,6,14,4,4,101,49,11,1,2,2
45092,2023,6,15,5,1,369,80,7,0,2,2
45092,2023,6,15,5,1,386,11,9,0,3,3
45092,2023,6,15,5,2,101,16,12,1,3,2
45092,2023,6,15,5,1,40,2,12,1,6,4
45038,2023,4,22,7,3,381,67,12,1,2,2
45092,2023,6,15,5,2,262,11,9,1,2,2
45091,2023,6,14,4,4,364,64,7,0,2,2
45044,2023,4,28,6,2,343,67,21,1,2,2
45092,2023,6,15,5,2,101,11,4,0,2,2
45036,2023,4,20,5,2,282,11,12,1,3,2
45092,2023,6,15,5,2,163,28,18,0,1,1
45092,2023,6,15,5,2,101,16,9,1,2,2
45088,2023,6,11,1,4,153,83,20,0,1,1
45092,2023,6,15,5,2,135,52,9,1,4,3
45092,2023,6,15,5,2,101,11,11,0,2,2
45052,2023,5,6,7,4,364,11,20,0,3,3
44975,2023,2,18,7,4,153,16,12,0,3,2
45092,2023,6,15,5,1,364,3,21,0,1,1
45040,2023,4,24,2,1,116,28,15,0,3,3
45092,2023,6,15,5,2,386,11,12,1,5,3
45092,2023,6,15,5,3,116,4,9,0,2,2
45092,2023,6,15,5,2,101,83,4,1,1,1
45092,2023,6,15,5,2,116,11,7,0,4,2
45092,2023,6,15,5,2,153,44,12,1,2,2
45092,2023,6,15,5,3,101,52,9,0,2,2
45041,2023,4,25,3,3,116,11,15,1,4,4
45092,2023,6,15,5,3,324,1,12,1,5,2
45092,2023,6,15,5,3,101,1,11,1,2,2
45092,2023,6,15,5,3,277,49,20,0,1,1
45092,2023,6,15,5,3,381,11,12,0,4,3
45092,2023,6,15,5,3,376,83,21,0,1,1
45092,2023,6,15,5,3,163,52,11,1,2,2
45092,2023,6,15,5,3,282,67,12,1,2,2
45092,2023,6,15,5,3,116,33,11,0,2,2
45092,2023,6,15,5,3,116,64,20,0,3,2
45092,2023,6,15,5,3,153,1,11,0,3,2
45092,2023,6,15,5,3,364,11,12,0,2,2
45092,2023,6,15,5,3,116,64,7,0,2,2
45092,2023,6,15,5,3,316,82,9,0,3,2
45092,2023,6,15,5,3,470,4,9,0,3,3
45092,2023,6,15,5,3,116,16,12,0,3,3
45092,2023,6,15,5,4,153,51,10,0,3,2
45092,2023,6,15,5,3,222,63,21,0,1,1
45092,2023,6,15,5,2,104,67,11,1,3,2
45092,2023,6,15,5,4,369,28,18,0,1,1
45092,2023,6,15,5,3,470,16,9,0,2,2
45092,2023,6,15,5,4,101,83,12,0,3,2
45092,2023,6,15,5,4,40,1,21,0,3,3
45092,2023,6,15,5,4,50,14,14,1,3,3
45092,2023,6,15,5,4,135,49,12,1,2,2
45093,2023,6,16,6,1,424,52,7,1,3,2
45093,2023,6,16,6,1,40,52,7,0,2,2
45093,2023,6,16,6,1,101,83,21,1,1,1
45093,2023,6,16,6,1,277,56,4,1,1,1
45093,2023,6,16,6,1,50,18,20,0,6,1
45093,2023,6,16,6,2,153,12,21,0,1,1
45093,2023,6,16,6,2,282,67,12,1,3,2
45093,2023,6,16,6,1,386,14,14,1,1,1
45093,2023,6,16,6,2,381,18,12,0,5,2
45093,2023,6,16,6,1,365,67,20,1,1,1
45093,2023,6,16,6,2,308,67,15,1,5,3
45093,2023,6,16,6,2,324,1,12,1,2,2
45093,2023,6,16,6,2,381,83,4,0,1,1
45093,2023,6,16,6,2,364,82,9,1,4,3
45092,2023,6,15,5,4,153,80,7,0,2,2
45093,2023,6,16,6,2,116,67,12,1,2,2
45092,2023,6,15,5,3,376,11,21,0,1,1
45093,2023,6,16,6,2,116,16,12,1,4,3
45093,2023,6,16,6,2,101,52,9,1,2,2
45093,2023,6,16,6,2,316,14,21,0,1,1
45093,2023,6,16,6,2,116,49,7,0,2,2
45093,2023,6,16,6,2,230,83,4,0,1,1
45093,2023,6,16,6,2,364,11,12,0,3,3
45093,2023,6,16,6,1,116,18,7,0,10,4
45093,2023,6,16,6,2,101,52,9,1,2,2
45093,2023,6,16,6,2,304,67,12,0,2,2
45093,2023,6,16,6,2,116,52,12,0,2,2
45093,2023,6,16,6,2,277,28,21,0,1,1
45093,2023,6,16,6,2,116,16,9,1,2,2
45093,2023,6,16,6,2,277,11,20,0,1,1
45093,2023,6,16,6,2,282,33,10,0,2,2
45092,2023,6,15,5,1,101,15,21,0,3,1
45092,2023,6,15,5,1,101,4,21,0,1,1
45092,2023,6,15,5,3,373,1,9,0,3,2
45093,2023,6,16,6,2,381,11,12,0,3,2
45093,2023,6,16,6,3,101,52,9,0,2,2
45093,2023,6,16,6,3,60,16,12,1,3,2
45093,2023,6,16,6,3,60,18,20,0,3,3
45093,2023,6,16,6,2,101,75,9,1,2,2
45065,2023,5,19,6,2,262,1,11,0,4,3
45093,2023,6,16,6,3,60,1,9,1,2,2
45093,2023,6,16,6,3,163,16,12,0,4,3
45093,2023,6,16,6,3,381,28,9,0,4,4
45093,2023,6,16,6,3,101,60,2,1,2,2
45093,2023,6,16,6,3,40,52,9,0,2,2
45093,2023,6,16,6,3,280,11,12,0,2,2
45093,2023,6,16,6,3,116,78,9,0,2,2
45093,2023,6,16,6,3,476,83,10,0,4,2
45093,2023,6,16,6,3,277,83,12,0,2,2
45093,2023,6,16,6,3,163,67,20,1,2,2
45093,2023,6,16,6,3,369,21,21,0,1,1
45093,2023,6,16,6,3,364,16,15,1,3,3
45093,2023,6,16,6,4,262,14,21,0,2,1
45093,2023,6,16,6,3,163,50,10,0,2,2
45093,2023,6,16,6,3,262,83,20,0,1,1
45093,2023,6,16,6,4,471,44,12,0,3,2
45093,2023,6,16,6,4,116,80,4,0,1,1
45093,2023,6,16,6,4,226,36,4,1,3,2
45093,2023,6,16,6,4,262,11,12,0,3,3
45093,2023,6,16,6,4,20,11,20,1,2,2
45093,2023,6,16,6,3,222,11,10,0,3,2
45093,2023,6,16,6,4,316,35,2,0,1,1
45093,2023,6,16,6,4,280,49,9,1,3,3
45093,2023,6,16,6,4,364,3,21,0,1,1
45093,2023,6,16,6,4,373,80,7,1,3,3
45093,2023,6,16,6,4,101,1,2,1,2,2
45094,2023,6,17,7,1,381,16,12,0,3,3
45094,2023,6,17,7,1,116,49,11,1,11,4
45094,2023,6,17,7,1,101,67,20,1,1,1
45094,2023,6,17,7,2,285,80,7,0,2,2
45094,2023,6,17,7,2,116,83,15,0,4,4
45094,2023,6,17,7,2,116,11,12,1,2,2
45094,2023,6,17,7,1,163,82,20,0,1,1
45094,2023,6,17,7,2,381,83,12,1,2,2
45094,2023,6,17,7,1,135,67,12,0,4,2
45094,2023,6,17,7,2,381,18,12,0,3,2
45094,2023,6,17,7,2,304,28,12,1,2,2
45094,2023,6,17,7,1,116,67,21,0,2,1
45059,2023,5,13,7,3,251,1,9,0,3,2
45094,2023,6,17,7,2,153,18,7,0,4,2
45094,2023,6,17,7,2,70,16,12,0,2,2
45094,2023,6,17,7,2,235,52,9,1,3,2
45094,2023,6,17,7,2,282,80,10,0,4,3
45094,2023,6,17,7,2,101,1,9,1,2,2
45094,2023,6,17,7,2,50,83,12,0,2,2
45094,2023,6,17,7,2,470,83,21,0,2,1
45094,2023,6,17,7,3,101,52,9,1,3,3
45094,2023,6,17,7,2,116,67,12,0,2,2
45090,2023,6,13,3,3,290,11,9,0,4,3
45094,2023,6,17,7,3,262,14,14,0,6,3
45094,2023,6,17,7,3,101,21,21,0,1,1
45094,2023,6,17,7,3,116,1,11,0,2,2
45002,2023,3,17,6,3,242,67,21,0,2,2
45094,2023,6,17,7,3,116,67,21,0,1,1
45094,2023,6,17,7,3,163,28,18,0,1,1
45094,2023,6,17,7,3,163,49,9,0,3,3
45094,2023,6,17,7,3,10,83,12,1,2,2
45094,2023,6,17,7,3,50,28,18,1,1,1
45094,2023,6,17,7,3,116,16,12,1,3,2
45094,2023,6,17,7,2,364,11,20,0,1,1
45094,2023,6,17,7,3,153,82,10,0,3,2
45094,2023,6,17,7,4,153,11,20,1,1,1
45094,2023,6,17,7,4,101,49,9,1,4,3
45094,2023,6,17,7,3,364,3,21,0,2,1
45094,2023,6,17,7,2,101,1,9,0,2,2
45094,2023,6,17,7,4,70,49,11,0,4,2
45094,2023,6,17,7,3,116,11,7,0,3,2
45094,2023,6,17,7,3,242,49,21,0,1,1
45094,2023,6,17,7,4,365,49,21,0,1,1
45095,2023,6,18,1,1,60,49,9,1,3,2
45095,2023,6,18,1,1,319,2,11,0,3,2
45094,2023,6,17,7,4,174,52,7,0,2,2
45095,2023,6,18,1,1,116,18,10,0,26,3
45095,2023,6,18,1,1,381,80,10,0,5,2
45095,2023,6,18,1,1,116,83,21,0,3,2
45095,2023,6,18,1,1,343,80,7,1,3,2
45095,2023,6,18,1,1,153,49,9,0,3,2
45095,2023,6,18,1,2,280,1,7,0,4,3
45095,2023,6,18,1,2,101,83,21,0,1,1
45094,2023,6,17,7,4,316,80,10,0,3,2
45095,2023,6,18,1,2,40,49,12,0,4,2
45095,2023,6,18,1,2,376,55,12,0,2,2
45077,2023,5,31,4,3,60,1,11,1,3,2
45095,2023,6,18,1,2,50,52,4,0,2,2
45095,2023,6,18,1,2,277,67,12,0,2,2
45095,2023,6,18,1,2,364,82,7,0,5,3
45095,2023,6,18,1,2,364,80,7,0,3,2
45095,2023,6,18,1,2,10,52,12,0,4,2
45095,2023,6,18,1,2,153,65,18,0,1,1
45095,2023,6,18,1,3,282,1,11,1,4,4
45095,2023,6,18,1,3,101,35,2,1,2,2
45095,2023,6,18,1,3,364,80,7,0,2,2
45000,2023,3,15,4,4,290,9,1,0,3,2
45095,2023,6,18,1,2,116,83,21,0,1,1
45095,2023,6,18,1,2,20,67,21,0,1,1
45095,2023,6,18,1,3,163,11,10,0,3,3
45095,2023,6,18,1,2,226,11,11,1,3,2
45095,2023,6,18,1,3,163,67,12,0,3,2
45095,2023,6,18,1,3,116,49,11,0,5,2
45095,2023,6,18,1,4,116,25,20,0,7,2
45079,2023,6,2,6,4,277,52,3,0,3,3
45095,2023,6,18,1,4,101,60,2,1,2,2
45095,2023,6,18,1,3,230,35,2,1,2,2
45095,2023,6,18,1,4,101,67,12,1,2,2
45095,2023,6,18,1,4,428,80,7,0,4,3
45095,2023,6,18,1,4,381,1,12,0,4,4
45095,2023,6,18,1,4,116,61,2,1,2,2
45095,2023,6,18,1,4,381,18,12,0,2,2
45095,2023,6,18,1,4,463,49,7,0,3,2
45096,2023,6,19,2,1,316,28,18,0,1,1
45096,2023,6,19,2,1,101,18,21,0,2,1
45096,2023,6,19,2,1,116,11,12,0,3,2
45096,2023,6,19,2,1,381,52,9,1,2,2
45096,2023,6,19,2,1,101,18,3,0,1,1
45096,2023,6,19,2,2,101,11,12,1,3,3
45096,2023,6,19,2,1,101,60,2,0,2,2
45096,2023,6,19,2,2,40,67,12,1,2,2
45076,2023,5,30,3,3,262,11,12,0,4,3
45096,2023,6,19,2,2,116,67,20,0,1,1
45096,2023,6,19,2,2,251,83,20,0,3,1
45096,2023,6,19,2,2,470,11,7,1,3,3
45090,2023,6,13,3,3,401,37,9,1,3,2
45096,2023,6,19,2,2,226,1,11,1,2,2
45095,2023,6,18,1,4,316,49,10,0,3,2
45096,2023,6,19,2,2,262,67,12,0,3,3
45096,2023,6,19,2,2,116,28,12,1,2,2
45096,2023,6,19,2,2,364,52,12,0,5,4
45096,2023,6,19,2,2,116,11,21,0,1,1
45096,2023,6,19,2,2,101,11,12,0,2,2
45096,2023,6,19,2,2,70,12,9,1,4,2
45096,2023,6,19,2,2,277,1,11,0,3,2
45096,2023,6,19,2,2,116,83,21,0,1,1
45096,2023,6,19,2,3,262,83,21,0,1,1
45096,2023,6,19,2,3,381,67,20,0,1,1
45096,2023,6,19,2,2,381,55,9,0,2,2
44956,2023,1,30,2,3,476,80,20,1,4,4
45096,2023,6,19,2,3,153,1,11,0,3,2
45085,2023,6,8,5,2,381,67,11,0,2,2
45096,2023,6,19,2,4,373,34,20,0,1,1
45096,2023,6,19,2,3,364,16,9,0,3,3
45096,2023,6,19,2,3,365,11,12,0,2,2
45096,2023,6,19,2,3,158,49,21,0,1,1
45096,2023,6,19,2,3,153,67,20,0,1,1
45096,2023,6,19,2,4,10,1,11,0,3,2
45096,2023,6,19,2,3,277,52,9,0,2,2
45096,2023,6,19,2,4,101,51,7,0,3,2
45096,2023,6,19,2,4,116,67,12,0,5,2
45096,2023,6,19,2,3,381,12,12,0,4,3
45096,2023,6,19,2,4,324,51,7,0,3,2
45096,2023,6,19,2,3,174,80,10,0,2,2
45020,2023,4,4,3,4,153,82,10,0,3,3
45096,2023,6,19,2,4,101,18,20,0,1,1
45095,2023,6,18,1,3,452,67,20,0,1,1
45096,2023,6,19,2,4,116,35,2,1,2,2
45097,2023,6,20,3,1,60,28,18,0,1,1
45097,2023,6,20,3,1,232,52,21,0,2,2
45096,2023,6,19,2,4,367,67,7,0,2,2
45097,2023,6,20,3,1,101,83,11,0,3,2
45097,2023,6,20,3,1,116,18,4,0,1,1
45097,2023,6,20,3,2,40,51,20,1,1,1
45097,2023,6,20,3,2,470,20,11,1,2,2
45097,2023,6,20,3,2,135,4,15,1,3,3
45097,2023,6,20,3,1,10,52,10,0,2,2
45097,2023,6,20,3,2,222,67,12,1,2,2
45097,2023,6,20,3,2,381,67,12,0,3,2
45097,2023,6,20,3,2,235,21,10,0,2,2
45069,2023,5,23,3,3,364,2,11,1,3,3
45097,2023,6,20,3,1,232,2,11,1,9,2
45097,2023,6,20,3,2,365,1,12,0,3,2
45097,2023,6,20,3,2,262,83,21,0,3,3
45097,2023,6,20,3,2,153,51,10,0,5,3
45097,2023,6,20,3,2,290,18,12,0,2,2
45097,2023,6,20,3,2,262,83,21,1,1,1
45097,2023,6,20,3,2,116,11,21,0,1,1
45097,2023,6,20,3,2,262,11,20,0,1,1
45097,2023,6,20,3,2,116,67,12,0,2,2
45097,2023,6,20,3,2,101,14,21,0,1,1
45097,2023,6,20,3,2,343,80,7,0,3,2
45097,2023,6,20,3,2,285,52,9,0,3,2
45097,2023,6,20,3,2,116,67,9,1,2,2
45097,2023,6,20,3,3,381,28,18,0,1,1
45097,2023,6,20,3,3,101,1,9,1,4,2
45097,2023,6,20,3,3,290,33,11,0,2,2
45080,2023,6,3,7,4,116,20,11,0,6,2
45097,2023,6,20,3,3,50,83,21,1,2,1
45097,2023,6,20,3,3,476,16,9,0,2,2
45097,2023,6,20,3,3,163,11,12,0,3,2
45097,2023,6,20,3,3,316,11,12,1,3,2
45097,2023,6,20,3,3,230,82,9,0,3,3
45097,2023,6,20,3,4,116,28,18,0,1,1
45097,2023,6,20,3,3,116,67,9,0,2,2
45097,2023,6,20,3,4,20,11,12,1,2,2
45097,2023,6,20,3,4,262,67,10,0,5,3
45097,2023,6,20,3,3,153,2,11,1,3,2
45097,2023,6,20,3,3,232,80,7,0,3,3
45097,2023,6,20,3,2,116,11,20,0,1,1
45097,2023,6,20,3,2,364,28,21,0,1,1
45097,2023,6,20,3,4,364,67,11,0,9,2
45097,2023,6,20,3,4,381,83,12,1,4,2
45097,2023,6,20,3,2,251,11,21,0,1,1
45098,2023,6,21,4,1,50,18,20,0,1,1
45098,2023,6,21,4,1,153,83,21,1,1,1
45098,2023,6,21,4,1,356,28,18,0,1,1
45098,2023,6,21,4,2,153,18,20,0,2,2
45097,2023,6,20,3,3,10,11,12,0,3,2
45098,2023,6,21,4,1,101,67,12,0,3,2
45098,2023,6,21,4,1,101,9,1,0,5,3
45098,2023,6,21,4,2,116,60,7,1,10,6
45098,2023,6,21,4,1,393,18,21,0,1,1
45098,2023,6,21,4,2,381,16,12,0,2,2
45098,2023,6,21,4,1,116,49,21,0,1,1
45098,2023,6,21,4,2,116,52,10,0,3,2
45098,2023,6,21,4,2,408,15,20,0,1,1
45098,2023,6,21,4,2,476,11,12,1,3,3
45098,2023,6,21,4,2,101,52,20,1,2,1
45098,2023,6,21,4,2,421,36,12,0,3,2
45098,2023,6,21,4,2,101,67,15,0,4,4
45098,2023,6,21,4,2,101,67,7,0,3,3
45098,2023,6,21,4,2,316,67,12,0,3,2
45098,2023,6,21,4,2,381,65,21,0,3,1
45098,2023,6,21,4,2,101,67,20,0,1,1
45098,2023,6,21,4,2,153,67,12,1,2,2
45098,2023,6,21,4,2,235,11,21,0,1,1
45098,2023,6,21,4,2,324,67,12,0,3,3
45032,2023,4,16,1,3,365,78,9,0,2,2
45098,2023,6,21,4,2,163,51,7,0,3,2
45098,2023,6,21,4,2,365,28,18,0,1,1
45098,2023,6,21,4,2,364,18,10,1,3,2
45098,2023,6,21,4,3,290,28,18,0,1,1
45016,2023,3,31,6,3,101,16,12,0,3,3
45098,2023,6,21,4,2,163,16,15,0,3,3
45098,2023,6,21,4,3,116,16,12,0,2,2
45098,2023,6,21,4,2,381,3,20,0,1,1
45098,2023,6,21,4,3,116,67,15,0,14,10
45098,2023,6,21,4,3,277,52,9,1,2,2
45098,2023,6,21,4,2,317,80,7,0,6,2