id_data,ano,mes,dia,id_dia_semana,periodo,br,id_causa_acidente,id_tipo_acidente,id_uso_solo,pessoas,veiculos
45098,2023,6,21,4,3,116,82,10,0,6,3
45098,2023,6,21,4,3,101,1,9,1,2,2
45098,2023,6,21,4,3,226,80,11,0,2,2
45098,2023,6,21,4,3,116,11,4,1,3,2
45098,2023,6,21,4,3,470,83,7,0,2,2
45098,2023,6,21,4,3,101,52,9,0,5,2
45097,2023,6,20,3,3,349,18,21,0,1,1
45098,2023,6,21,4,4,262,48,7,0,2,2
45098,2023,6,21,4,4,135,60,2,1,2,2
45098,2023,6,21,4,4,381,83,20,0,1,1
45098,2023,6,21,4,4,232,11,12,0,2,2
45098,2023,6,21,4,3,135,33,11,1,3,3
45098,2023,6,21,4,4,101,67,20,0,1,1
45098,2023,6,21,4,4,487,67,20,1,1,1
45098,2023,6,21,4,4,116,67,10,1,2,2
45098,2023,6,21,4,4,324,7,21,0,1,1
45099,2023,6,22,5,1,465,35,2,1,3,2
45099,2023,6,22,5,1,116,55,12,0,2,2
45098,2023,6,21,4,2,493,61,2,1,2,2
45099,2023,6,22,5,1,470,67,12,0,3,2
45099,2023,6,22,5,1,40,16,15,1,4,4
45099,2023,6,22,5,1,158,11,20,1,3,1
45098,2023,6,21,4,4,70,18,20,0,1,1
45099,2023,6,22,5,2,101,82,9,1,3,2
45099,2023,6,22,5,2,101,1,11,1,2,2
45099,2023,6,22,5,2,280,18,7,0,2,2
45099,2023,6,22,5,2,116,67,20,1,1,1
45099,2023,6,22,5,2,470,82,9,0,2,2
45098,2023,6,21,4,3,116,78,9,1,3,2
45099,2023,6,22,5,2,282,16,12,0,3,2
45099,2023,6,22,5,2,101,35,2,1,2,2
45099,2023,6,22,5,2,376,83,12,0,5,2
45099,2023,6,22,5,2,232,52,9,1,3,2
45049,2023,5,3,4,4,364,49,9,0,2,2
45099,2023,6,22,5,2,282,67,12,1,2,2
45099,2023,6,22,5,2,40,65,21,0,2,2
45099,2023,6,22,5,2,230,16,12,0,2,2
45099,2023,6,22,5,2,153,67,12,0,2,2
45099,2023,6,22,5,3,101,28,4,0,2,1
45099,2023,6,22,5,3,20,67,12,0,2,2
45099,2023,6,22,5,2,251,28,20,0,1,1
45099,2023,6,22,5,3,163,67,10,0,6,5
45099,2023,6,22,5,3,116,80,20,0,4,3
45099,2023,6,22,5,2,101,83,21,0,2,2
45099,2023,6,22,5,3,262,67,4,0,1,1
45092,2023,6,15,5,3,386,20,11,1,6,2
45099,2023,6,22,5,3,101,28,21,1,2,2
45088,2023,6,11,1,1,364,80,10,0,2,2
45099,2023,6,22,5,3,116,1,9,1,3,3
45099,2023,6,22,5,3,393,1,11,1,2,2
45099,2023,6,22,5,3,40,1,9,0,2,2
45099,2023,6,22,5,3,70,11,21,0,2,1
45099,2023,6,22,5,3,493,82,9,0,3,2
45099,2023,6,22,5,1,285,11,7,0,2,2
45099,2023,6,22,5,3,70,28,18,0,1,1
45099,2023,6,22,5,3,381,36,12,1,2,2
45099,2023,6,22,5,2,470,33,11,0,2,2
45099,2023,6,22,5,3,487,49,10,0,2,2
45099,2023,6,22,5,3,163,1,11,0,2,2
45010,2023,3,25,7,1,163,3,21,0,1,1
45099,2023,6,22,5,4,101,83,21,0,1,1
45099,2023,6,22,5,4,381,82,10,0,3,3
45099,2023,6,22,5,3,116,67,11,1,2,2
45093,2023,6,16,6,3,163,67,21,0,1,1
45099,2023,6,22,5,3,226,25,9,0,4,3
45099,2023,6,22,5,4,116,80,7,0,2,2
45099,2023,6,22,5,4,70,18,21,0,1,1
45100,2023,6,23,6,1,376,67,7,0,2,2
45100,2023,6,23,6,1,316,11,20,0,1,1
45100,2023,6,23,6,1,116,11,12,0,3,3
45100,2023,6,23,6,1,116,49,10,0,3,2
45100,2023,6,23,6,1,381,18,12,0,49,2
45100,2023,6,23,6,2,116,11,12,1,4,3
45100,2023,6,23,6,1,364,11,20,0,1,1
45100,2023,6,23,6,1,364,60,2,1,2,2
45099,2023,6,22,5,4,470,80,7,0,2,2
45047,2023,5,1,2,2,343,67,21,0,4,1
45100,2023,6,23,6,2,116,52,4,1,3,2
45100,2023,6,23,6,2,153,83,20,0,1,1
45100,2023,6,23,6,2,235,28,18,0,1,1
45100,2023,6,23,6,1,116,18,20,1,2,2
45100,2023,6,23,6,2,101,52,11,1,3,2
45100,2023,6,23,6,2,277,52,9,0,2,2
45100,2023,6,23,6,1,101,15,7,0,2,2
45100,2023,6,23,6,2,230,11,4,0,2,1
45100,2023,6,23,6,2,319,52,12,1,2,2
45100,2023,6,23,6,2,40,83,21,0,1,1
45100,2023,6,23,6,2,381,52,12,0,3,2
45100,2023,6,23,6,1,101,80,7,0,3,2
45100,2023,6,23,6,2,116,33,11,1,3,3
45100,2023,6,23,6,2,101,16,12,1,4,3
45100,2023,6,23,6,2,40,67,21,0,1,1
45100,2023,6,23,6,2,153,51,20,0,1,1
45100,2023,6,23,6,3,116,28,18,0,1,1
45099,2023,6,22,5,3,135,16,12,1,2,2
45100,2023,6,23,6,3,392,33,11,1,2,2
45100,2023,6,23,6,2,163,11,4,0,6,5
45100,2023,6,23,6,3,116,28,2,1,2,2
45100,2023,6,23,6,3,153,28,18,0,1,1
45100,2023,6,23,6,3,116,16,12,1,3,2
45100,2023,6,23,6,2,116,28,18,0,1,1
45082,2023,6,5,2,2,163,28,15,0,5,3
45100,2023,6,23,6,2,101,33,11,0,2,2
45100,2023,6,23,6,3,381,67,12,0,3,2
45100,2023,6,23,6,3,262,20,11,1,2,2
45100,2023,6,23,6,3,101,1,9,1,2,2
45058,2023,5,12,6,2,222,67,9,0,3,2
45100,2023,6,23,6,3,222,16,12,1,3,3
45100,2023,6,23,6,2,163,64,20,0,1,1
45100,2023,6,23,6,3,476,78,9,1,2,2
45100,2023,6,23,6,3,116,11,9,0,3,2
45100,2023,6,23,6,3,277,1,9,1,4,2
45100,2023,6,23,6,3,277,52,9,1,2,2
45100,2023,6,23,6,3,101,52,9,0,5,2
45100,2023,6,23,6,3,158,1,11,1,2,2
45100,2023,6,23,6,3,116,1,11,0,5,2
45100,2023,6,23,6,4,116,16,12,0,3,2
45100,2023,6,23,6,4,116,67,4,0,2,2
45100,2023,6,23,6,3,376,83,21,0,1,1
45100,2023,6,23,6,4,280,83,12,0,2,2
45100,2023,6,23,6,4,116,28,18,0,1,1
45100,2023,6,23,6,4,40,81,12,0,3,3
45100,2023,6,23,6,3,116,83,12,0,2,2
45100,2023,6,23,6,4,153,1,10,0,5,2
45100,2023,6,23,6,4,50,67,12,0,2,2
45100,2023,6,23,6,4,174,52,4,0,1,1
45101,2023,6,24,7,1,101,67,12,1,3,2
45101,2023,6,24,7,1,262,82,7,0,2,2
45100,2023,6,23,6,4,251,67,21,0,1,1
45080,2023,6,3,7,1,423,11,21,0,1,1
45101,2023,6,24,7,1,277,1,11,1,3,2
45101,2023,6,24,7,1,280,49,12,1,2,2
45101,2023,6,24,7,2,101,21,21,1,2,1
45101,2023,6,24,7,1,153,67,7,0,2,2
45101,2023,6,24,7,2,369,16,12,0,4,3
45101,2023,6,24,7,2,10,1,11,1,2,2
45101,2023,6,24,7,2,163,11,21,0,1,1
45101,2023,6,24,7,2,153,82,7,0,7,4
45101,2023,6,24,7,2,242,80,11,0,2,2
45101,2023,6,24,7,2,381,52,9,0,3,2
45101,2023,6,24,7,2,153,20,11,1,2,2
45101,2023,6,24,7,2,163,28,18,0,1,1
45101,2023,6,24,7,2,381,83,4,0,1,1
45101,2023,6,24,7,2,222,52,10,0,2,2
45101,2023,6,24,7,3,163,19,9,0,2,2
45101,2023,6,24,7,2,146,83,21,0,1,1
45101,2023,6,24,7,3,153,52,12,1,3,2
45101,2023,6,24,7,3,423,1,7,1,2,2
45101,2023,6,24,7,2,116,11,21,0,1,1
45101,2023,6,24,7,3,70,52,9,1,3,2
45101,2023,6,24,7,3,60,49,21,1,1,1
45101,2023,6,24,7,3,369,67,9,1,2,2
45101,2023,6,24,7,2,116,66,21,0,3,2
45101,2023,6,24,7,3,116,65,18,0,1,1
45101,2023,6,24,7,4,101,49,12,0,2,2
45101,2023,6,24,7,4,101,1,9,1,2,2
45101,2023,6,24,7,3,40,11,9,1,3,2
45101,2023,6,24,7,4,381,21,21,0,6,3
45101,2023,6,24,7,4,369,67,12,1,3,2
45101,2023,6,24,7,3,364,20,11,1,2,2
45101,2023,6,24,7,3,10,11,4,0,1,1
45101,2023,6,24,7,4,364,51,4,1,1,1
45101,2023,6,24,7,4,163,49,20,0,3,2
45101,2023,6,24,7,4,116,49,7,0,3,2
45102,2023,6,25,1,1,101,25,12,1,2,2
45102,2023,6,25,1,1,116,12,12,1,4,3
45102,2023,6,25,1,1,364,49,10,0,2,2
45102,2023,6,25,1,1,386,49,7,0,3,2
45097,2023,6,20,3,1,70,21,21,0,1,1
45101,2023,6,24,7,3,365,28,18,0,3,1
45102,2023,6,25,1,1,163,18,10,0,3,3
45102,2023,6,25,1,1,116,11,12,0,3,2
45102,2023,6,25,1,2,251,83,21,0,1,1
45102,2023,6,25,1,2,262,28,18,0,1,1
45102,2023,6,25,1,2,116,28,20,0,1,1
45102,2023,6,25,1,2,381,83,9,0,2,2
45102,2023,6,25,1,2,20,49,10,0,2,2
45102,2023,6,25,1,2,20,16,12,0,7,2
45102,2023,6,25,1,3,20,67,21,0,1,1
45102,2023,6,25,1,3,472,83,4,0,4,3
45102,2023,6,25,1,3,163,67,10,0,7,3
45102,2023,6,25,1,2,116,82,12,0,5,2
45102,2023,6,25,1,3,50,16,4,0,2,1
45102,2023,6,25,1,2,135,67,21,0,1,1
45102,2023,6,25,1,3,153,67,20,0,1,1
45102,2023,6,25,1,3,277,83,7,0,3,3
45102,2023,6,25,1,3,280,11,7,1,2,2
45094,2023,6,17,7,1,463,67,20,0,2,1
45102,2023,6,25,1,3,50,49,12,1,3,2
45102,2023,6,25,1,4,376,67,12,0,3,3
45102,2023,6,25,1,4,116,80,7,0,2,2
45102,2023,6,25,1,4,459,82,7,1,4,2
45102,2023,6,25,1,4,153,36,12,0,2,2
45102,2023,6,25,1,4,116,28,15,0,6,5
45103,2023,6,26,2,1,110,63,10,0,4,2
45103,2023,6,26,2,1,381,11,12,0,2,2
45103,2023,6,26,2,1,116,11,20,1,1,1
45103,2023,6,26,2,1,262,12,7,0,3,2
45103,2023,6,26,2,1,101,1,11,0,2,2
45102,2023,6,25,1,3,163,49,7,0,4,3
45097,2023,6,20,3,2,101,52,9,0,2,2
45103,2023,6,26,2,2,101,16,12,1,4,4
45103,2023,6,26,2,2,386,80,7,0,4,2
45103,2023,6,26,2,2,101,16,12,0,3,3
45046,2023,4,30,1,3,421,16,9,0,4,3
45103,2023,6,26,2,2,116,82,20,0,1,1
45103,2023,6,26,2,2,60,67,20,0,1,1
45103,2023,6,26,2,1,158,49,21,0,2,2
45097,2023,6,20,3,2,163,82,7,0,5,3
45103,2023,6,26,2,2,70,12,21,0,4,2
45103,2023,6,26,2,2,163,67,12,0,2,2
45103,2023,6,26,2,2,230,29,21,0,1,1
44948,2023,1,22,1,3,116,16,12,1,6,2
45103,2023,6,26,2,2,153,67,4,0,1,1
45103,2023,6,26,2,3,393,11,7,1,2,2
45103,2023,6,26,2,3,262,83,21,0,1,1
45031,2023,4,15,7,3,70,44,11,0,3,3
45103,2023,6,26,2,3,262,1,11,1,2,2
45103,2023,6,26,2,3,293,1,9,1,2,2
45103,2023,6,26,2,3,452,82,10,0,4,2
45103,2023,6,26,2,3,376,56,4,0,1,1
45103,2023,6,26,2,2,40,1,11,0,7,3
44995,2023,3,10,6,3,153,16,10,0,3,3
45103,2023,6,26,2,3,101,60,2,0,2,2
45103,2023,6,26,2,3,163,11,10,0,2,2
45103,2023,6,26,2,3,262,30,12,0,2,2
45103,2023,6,26,2,3,262,11,12,0,2,2
45103,2023,6,26,2,3,262,83,12,0,2,2
45103,2023,6,26,2,3,277,16,12,0,5,3
45103,2023,6,26,2,3,424,49,10,1,3,3
45103,2023,6,26,2,2,423,28,18,0,1,1
45103,2023,6,26,2,4,381,16,12,0,2,2
45043,2023,4,27,5,3,163,83,21,0,1,1
45103,2023,6,26,2,4,70,16,12,1,2,2
45103,2023,6,26,2,4,116,52,10,0,2,2
45103,2023,6,26,2,3,135,16,7,1,3,3
45103,2023,6,26,2,4,60,16,12,0,2,2
45103,2023,6,26,2,4,116,60,2,0,2,2
45103,2023,6,26,2,3,280,13,21,0,3,3
45103,2023,6,26,2,4,285,18,21,0,1,1
45104,2023,6,27,3,1,116,49,20,0,1,1
45103,2023,6,26,2,3,116,28,18,0,1,1
45104,2023,6,27,3,1,230,64,20,0,1,1
45104,2023,6,27,3,1,376,83,21,0,2,1
45104,2023,6,27,3,2,235,28,4,0,4,3
45104,2023,6,27,3,1,423,11,12,0,2,2
45104,2023,6,27,3,2,290,52,9,1,4,3
45104,2023,6,27,3,1,101,67,3,0,1,1
45044,2023,4,28,6,4,50,11,12,1,3,3
45104,2023,6,27,3,1,163,16,12,0,4,3
45104,2023,6,27,3,1,452,18,20,0,1,1
45104,2023,6,27,3,2,101,52,9,0,3,3
45032,2023,4,16,1,4,101,67,12,1,2,2
45104,2023,6,27,3,2,101,28,21,0,1,1
45104,2023,6,27,3,2,116,11,12,1,2,2
45104,2023,6,27,3,2,381,15,10,0,2,2
45104,2023,6,27,3,2,40,28,18,0,1,1
45104,2023,6,27,3,2,373,1,11,0,3,2
45103,2023,6,26,2,4,262,67,11,0,2,2
45104,2023,6,27,3,2,262,1,12,0,2,2
45104,2023,6,27,3,2,235,67,12,0,3,3
45104,2023,6,27,3,2,163,67,12,0,2,2
45104,2023,6,27,3,2,282,80,7,0,4,3
44988,2023,3,3,6,4,116,67,12,1,2,2
45104,2023,6,27,3,3,153,18,20,0,2,1
45104,2023,6,27,3,3,262,11,9,1,2,2
45104,2023,6,27,3,2,470,81,20,0,1,1
45093,2023,6,16,6,3,70,3,10,0,3,2
45104,2023,6,27,3,3,116,11,12,0,3,2
45104,2023,6,27,3,3,116,67,12,0,2,2
45104,2023,6,27,3,1,242,67,21,0,1,1
45104,2023,6,27,3,3,153,11,12,1,2,2
45104,2023,6,27,3,3,163,1,11,1,5,3
45104,2023,6,27,3,3,101,16,12,1,2,2
45104,2023,6,27,3,3,116,28,12,1,3,2
45104,2023,6,27,3,2,470,80,7,0,2,2
45104,2023,6,27,3,3,116,83,4,0,3,2
45104,2023,6,27,3,3,290,67,21,0,1,1
45104,2023,6,27,3,3,153,11,12,0,2,2
45104,2023,6,27,3,3,80,65,20,0,1,1
45104,2023,6,27,3,3,376,18,12,0,2,2
45104,2023,6,27,3,3,493,2,4,0,2,2
45104,2023,6,27,3,4,282,80,10,0,3,2
45104,2023,6,27,3,3,163,49,3,0,1,1
45104,2023,6,27,3,3,364,14,4,1,1,1
45104,2023,6,27,3,4,428,44,12,0,4,4
45105,2023,6,28,4,1,101,18,4,0,2,1
45105,2023,6,28,4,1,101,52,21,1,1,1
45105,2023,6,28,4,1,101,3,20,0,1,1
45105,2023,6,28,4,1,262,36,4,0,4,2
45105,2023,6,28,4,2,101,83,12,1,2,2
45105,2023,6,28,4,2,10,18,20,0,3,2
45105,2023,6,28,4,1,392,18,20,0,1,1
45104,2023,6,27,3,4,364,11,21,0,1,1
45105,2023,6,28,4,2,381,16,12,1,7,6
45105,2023,6,28,4,2,470,18,7,0,4,2
45105,2023,6,28,4,2,153,16,12,1,3,3
45105,2023,6,28,4,2,116,78,9,1,3,3
45086,2023,6,9,6,4,101,16,15,0,6,6
44941,2023,1,15,1,3,470,67,7,0,3,3
45105,2023,6,28,4,2,101,67,4,0,2,2
45105,2023,6,28,4,1,50,67,12,0,2,2
45105,2023,6,28,4,2,316,80,11,1,2,2
45105,2023,6,28,4,2,470,80,7,1,2,2
45105,2023,6,28,4,2,101,67,12,1,2,2
45105,2023,6,28,4,2,290,35,2,1,2,2
44981,2023,2,24,6,1,381,67,12,0,2,2
45105,2023,6,28,4,2,285,12,12,1,4,3
45105,2023,6,28,4,2,376,52,12,0,5,2
45105,2023,6,28,4,2,116,11,12,1,2,2
45105,2023,6,28,4,3,101,11,12,1,4,3
45105,2023,6,28,4,2,101,33,11,1,3,2
45105,2023,6,28,4,2,262,1,11,0,3,3
45105,2023,6,28,4,2,10,52,10,0,2,2
45105,2023,6,28,4,3,116,51,12,1,2,2
45092,2023,6,15,5,2,324,64,15,1,5,4
45036,2023,4,20,5,2,470,1,11,0,3,2
45105,2023,6,28,4,1,40,21,21,0,1,1
45105,2023,6,28,4,3,101,28,20,0,1,1
45105,2023,6,28,4,3,101,1,9,1,2,2
45105,2023,6,28,4,3,316,16,9,0,2,2
45105,2023,6,28,4,2,116,14,4,1,2,2
45105,2023,6,28,4,3,153,67,21,1,1,1
45105,2023,6,28,4,3,230,81,11,0,2,2
45065,2023,5,19,6,3,222,65,12,0,14,7
45105,2023,6,28,4,3,376,52,9,1,2,2
45105,2023,6,28,4,3,365,1,9,0,2,2
45105,2023,6,28,4,3,163,28,4,0,1,1
45105,2023,6,28,4,3,101,1,11,0,2,2
45105,2023,6,28,4,3,230,80,7,0,2,2
45105,2023,6,28,4,4,277,1,9,0,7,5
45105,2023,6,28,4,4,230,11,12,0,2,2
45105,2023,6,28,4,3,365,67,12,0,2,2
45105,2023,6,28,4,4,277,82,7,1,2,2
45105,2023,6,28,4,4,153,67,7,0,2,2
45105,2023,6,28,4,3,226,34,10,0,3,3
45105,2023,6,28,4,4,153,11,12,0,3,2
45106,2023,6,29,5,1,101,61,2,0,6,3
45105,2023,6,28,4,3,40,1,11,0,3,3
45105,2023,6,28,4,3,116,21,20,0,2,1
45106,2023,6,29,5,1,116,67,12,0,3,2
45106,2023,6,29,5,1,116,80,10,0,4,2
45106,2023,6,29,5,1,470,11,4,0,3,2
45106,2023,6,29,5,1,153,49,7,0,2,2
45106,2023,6,29,5,1,80,25,11,0,2,2
45106,2023,6,29,5,1,290,80,7,0,2,2
45106,2023,6,29,5,1,70,21,21,1,2,1
45105,2023,6,28,4,3,316,28,18,0,1,1
45106,2023,6,29,5,1,116,67,7,0,5,2
45106,2023,6,29,5,1,101,56,12,0,4,3
45106,2023,6,29,5,2,60,18,7,0,2,2
45106,2023,6,29,5,2,376,61,2,0,2,2
45106,2023,6,29,5,1,116,16,12,1,2,2
45106,2023,6,29,5,2,386,1,11,0,4,4
45015,2023,3,30,5,4,364,18,21,0,1,1
45106,2023,6,29,5,2,101,16,9,1,2,2
45106,2023,6,29,5,2,153,67,12,1,2,2
45106,2023,6,29,5,2,364,82,9,1,3,3
45106,2023,6,29,5,2,153,36,12,1,3,2
45106,2023,6,29,5,2,116,49,15,1,4,4
45042,2023,4,26,4,2,101,1,9,1,2,2
45106,2023,6,29,5,2,262,33,11,0,2,2
45106,2023,6,29,5,2,381,52,9,0,10,4
45106,2023,6,29,5,2,163,1,11,1,3,2
45106,2023,6,29,5,2,386,20,11,0,3,2
45065,2023,5,19,6,3,153,52,11,0,3,3
44978,2023,2,21,3,2,381,67,12,0,2,2
45031,2023,4,15,7,2,116,28,18,0,1,1
45106,2023,6,29,5,2,262,80,7,0,3,2
45106,2023,6,29,5,2,116,67,12,0,3,2
45106,2023,6,29,5,2,369,83,12,1,2,2
45106,2023,6,29,5,2,280,83,21,1,4,1
45105,2023,6,28,4,2,104,83,20,0,1,1
45106,2023,6,29,5,2,146,65,12,0,2,2
45106,2023,6,29,5,3,50,83,21,0,1,1
45106,2023,6,29,5,3,381,16,12,0,5,3
45106,2023,6,29,5,2,232,64,9,1,5,3
45106,2023,6,29,5,3,101,67,7,0,4,2
45062,2023,5,16,3,3,163,80,7,0,4,2
45106,2023,6,29,5,2,101,16,12,1,2,2
45095,2023,6,18,1,1,392,18,20,0,1,1
45106,2023,6,29,5,3,452,18,7,0,3,3
45106,2023,6,29,5,3,381,34,9,0,2,2
45106,2023,6,29,5,3,376,72,11,0,2,2
45106,2023,6,29,5,3,365,28,18,0,1,1
45106,2023,6,29,5,3,316,67,9,1,3,3
45106,2023,6,29,5,3,116,11,12,0,2,2
45098,2023,6,21,4,2,364,80,10,0,2,2
45106,2023,6,29,5,3,277,33,11,1,4,2
45099,2023,6,22,5,2,407,82,20,0,2,2
45101,2023,6,24,7,3,116,1,9,0,2,2
45034,2023,4,18,3,3,277,33,11,0,3,2
45106,2023,6,29,5,3,376,67,12,0,3,2
45106,2023,6,29,5,3,242,52,20,0,3,2
45106,2023,6,29,5,3,230,1,11,1,2,2
45106,2023,6,29,5,2,277,11,4,0,1,1
45106,2023,6,29,5,3,364,66,10,0,3,3
45106,2023,6,29,5,4,222,1,11,1,2,2
45106,2023,6,29,5,4,101,1,9,1,3,2
45070,2023,5,24,4,3,116,1,11,1,3,2
45106,2023,6,29,5,4,493,11,9,0,2,2
45106,2023,6,29,5,4,70,83,21,0,3,1
45106,2023,6,29,5,4,262,28,18,0,2,1
44933,2023,1,7,7,2,101,11,4,0,3,2
45106,2023,6,29,5,3,222,9,21,0,1,1
45106,2023,6,29,5,4,304,18,7,0,2,2
45106,2023,6,29,5,4,153,67,12,0,2,2
45106,2023,6,29,5,4,277,33,7,1,2,2
45106,2023,6,29,5,3,101,83,7,0,3,2
45107,2023,6,30,6,1,304,28,18,0,2,1
45106,2023,6,29,5,4,316,16,9,0,2,2
45107,2023,6,30,6,1,376,67,20,0,1,1
45106,2023,6,29,5,4,381,83,21,0,2,1
45107,2023,6,30,6,1,376,67,12,0,3,3
45107,2023,6,30,6,1,343,18,10,0,2,2
45107,2023,6,30,6,1,277,67,21,0,2,1
45107,2023,6,30,6,1,316,83,4,1,4,1
45107,2023,6,30,6,1,116,18,21,1,1,1
45107,2023,6,30,6,1,282,52,9,0,2,2
45106,2023,6,29,5,4,262,11,7,1,2,2
45107,2023,6,30,6,2,40,11,12,0,4,2
45107,2023,6,30,6,1,364,52,10,0,2,2
45107,2023,6,30,6,2,101,67,9,0,7,3
45107,2023,6,30,6,1,364,67,12,0,2,2
45107,2023,6,30,6,2,381,83,21,0,1,1
45056,2023,5,10,4,2,381,65,12,1,15,2
45107,2023,6,30,6,2,262,80,7,0,2,2
45107,2023,6,30,6,2,230,1,11,0,6,2
45107,2023,6,30,6,2,163,11,10,0,3,2
45107,2023,6,30,6,1,153,18,20,0,1,1
45106,2023,6,29,5,4,316,80,20,0,1,1
45083,2023,6,6,3,4,10,67,10,0,3,2
45107,2023,6,30,6,2,40,49,9,0,2,2
45107,2023,6,30,6,2,163,49,20,0,1,1
45107,2023,6,30,6,2,101,16,15,1,4,4
45107,2023,6,30,6,2,158,67,21,0,1,1
45107,2023,6,30,6,2,40,21,21,0,1,1
45107,2023,6,30,6,2,153,13,21,1,1,1
45107,2023,6,30,6,3,116,67,12,0,2,2
45107,2023,6,30,6,3,280,11,12,1,2,2
45107,2023,6,30,6,3,153,11,7,0,2,2
45107,2023,6,30,6,3,381,52,12,0,3,2
45107,2023,6,30,6,2,163,11,12,0,2,2
45107,2023,6,30,6,3,101,83,10,0,6,2
45107,2023,6,30,6,2,407,14,14,0,2,2
45107,2023,6,30,6,3,40,52,9,1,4,3
45107,2023,6,30,6,3,153,11,12,0,5,3
45107,2023,6,30,6,3,364,80,10,0,8,5
45107,2023,6,30,6,3,376,67,12,1,4,2
45107,2023,6,30,6,3,40,82,9,0,3,2
45107,2023,6,30,6,3,376,11,4,1,3,2
45107,2023,6,30,6,3,116,67,12,0,2,2
45107,2023,6,30,6,3,101,1,12,1,2,2
45071,2023,5,25,5,4,101,82,11,0,4,4
45107,2023,6,30,6,3,376,67,21,0,2,2
45107,2023,6,30,6,3,101,67,12,0,2,2
45107,2023,6,30,6,4,293,11,2,1,4,2
45107,2023,6,30,6,3,316,28,4,1,2,2
45107,2023,6,30,6,2,262,18,20,0,1,1
45107,2023,6,30,6,4,116,52,12,0,3,2
45107,2023,6,30,6,3,285,83,21,0,1,1
45107,2023,6,30,6,3,116,1,11,0,3,2
45107,2023,6,30,6,4,153,29,11,1,2,2
45107,2023,6,30,6,4,20,67,12,0,2,2
45107,2023,6,30,6,4,364,12,12,0,2,2
45107,2023,6,30,6,3,163,83,15,0,6,4
45107,2023,6,30,6,4,116,18,20,0,1,1
45107,2023,6,30,6,4,364,28,10,0,2,2
45108,2023,7,1,7,1,116,52,3,1,2,2
45107,2023,6,30,6,3,110,83,20,0,1,1
45107,2023,6,30,6,4,242,83,21,0,6,2
45107,2023,6,30,6,3,343,49,7,0,2,2
45107,2023,6,30,6,4,222,51,7,0,2,2
45108,2023,7,1,7,1,369,80,7,0,2,2
45108,2023,7,1,7,1,40,11,12,1,2,2
45108,2023,7,1,7,1,470,80,7,0,3,2
45108,2023,7,1,7,1,381,83,21,0,1,1
45108,2023,7,1,7,1,116,52,9,0,2,2
45108,2023,7,1,7,1,468,83,11,0,3,2
45108,2023,7,1,7,1,386,30,4,1,3,1
45108,2023,7,1,7,1,381,11,12,1,3,3
45108,2023,7,1,7,2,376,18,12,0,3,2
45107,2023,6,30,6,3,304,16,9,1,3,2
45108,2023,7,1,7,1,277,80,10,0,2,2
45108,2023,7,1,7,2,101,1,9,0,2,2
45108,2023,7,1,7,1,364,67,12,0,3,2
45108,2023,7,1,7,2,381,67,9,0,4,2
45108,2023,7,1,7,2,101,52,9,1,5,4
45108,2023,7,1,7,2,101,52,12,1,3,3
45108,2023,7,1,7,2,376,65,20,0,1,1
45108,2023,7,1,7,2,381,28,18,0,1,1
45108,2023,7,1,7,2,158,67,12,0,3,2
45108,2023,7,1,7,1,163,67,7,0,2,2
45108,2023,7,1,7,2,116,49,12,0,2,2
45108,2023,7,1,7,2,101,33,9,1,4,3
45108,2023,7,1,7,2,163,33,11,1,2,2
45108,2023,7,1,7,2,222,11,12,0,2,2
45108,2023,7,1,7,2,158,52,7,0,2,2
45108,2023,7,1,7,2,277,82,7,0,5,3
45108,2023,7,1,7,2,262,28,7,0,2,2
45108,2023,7,1,7,3,153,65,20,0,1,1
45108,2023,7,1,7,3,116,11,9,1,5,3
45108,2023,7,1,7,3,381,67,20,0,3,2
45108,2023,7,1,7,3,116,35,2,1,3,2
45108,2023,7,1,7,3,324,81,12,0,2,2
45108,2023,7,1,7,3,364,28,18,0,1,1
45013,2023,3,28,3,2,316,67,12,0,2,2
45108,2023,7,1,7,3,101,1,12,1,3,2
45108,2023,7,1,7,3,324,67,12,0,3,3
45108,2023,7,1,7,3,163,20,11,0,3,2
45108,2023,7,1,7,3,116,49,12,1,2,2
45108,2023,7,1,7,3,163,49,21,0,3,1
45108,2023,7,1,7,3,116,83,21,0,1,1
45108,2023,7,1,7,3,277,83,21,0,1,1
45108,2023,7,1,7,3,277,72,12,1,4,2
45108,2023,7,1,7,2,242,83,21,0,2,1
45108,2023,7,1,7,3,116,83,21,0,1,1
45108,2023,7,1,7,3,381,49,9,0,2,2
45108,2023,7,1,7,4,386,80,10,1,7,4
45108,2023,7,1,7,3,163,16,12,0,2,2
45108,2023,7,1,7,2,135,52,10,0,2,2
45108,2023,7,1,7,4,116,11,21,0,1,1
45108,2023,7,1,7,3,364,80,7,0,4,2
45108,2023,7,1,7,4,116,61,2,1,4,4
45108,2023,7,1,7,2,470,83,21,0,1,1
45108,2023,7,1,7,4,386,80,7,0,2,2
45108,2023,7,1,7,4,101,11,21,0,1,1
45108,2023,7,1,7,4,153,67,20,0,1,1
45108,2023,7,1,7,4,251,28,21,0,1,1
45109,2023,7,2,1,1,259,67,7,1,2,2
45109,2023,7,2,1,1,135,1,11,1,2,2
45109,2023,7,2,1,1,232,80,7,0,2,2
45109,2023,7,2,1,1,116,80,7,0,3,2
45109,2023,7,2,1,2,40,83,12,0,2,2
45109,2023,7,2,1,1,116,28,18,0,1,1