id_data,ano,mes,dia,id_dia_semana,periodo,br,id_causa_acidente,id_tipo_acidente,id_uso_solo,pessoas,veiculos
45120,2023,7,13,5,2,116,52,9,1,2,2
45120,2023,7,13,5,2,50,83,12,1,2,2
45120,2023,7,13,5,2,116,21,20,0,1,1
45120,2023,7,13,5,2,163,41,7,1,2,2
45114,2023,7,7,6,2,316,11,12,1,2,2
45120,2023,7,13,5,2,230,67,15,1,5,4
45120,2023,7,13,5,2,50,83,12,1,3,3
45120,2023,7,13,5,2,282,44,15,0,3,3
45091,2023,6,14,4,4,290,18,20,0,1,1
45120,2023,7,13,5,2,116,52,9,1,2,2
45120,2023,7,13,5,2,369,83,21,0,1,1
45120,2023,7,13,5,2,262,80,7,0,2,2
45096,2023,6,19,2,3,135,80,7,0,7,2
45120,2023,7,13,5,2,101,83,21,0,1,1
45120,2023,7,13,5,2,116,52,9,0,2,2
45120,2023,7,13,5,2,135,67,20,0,4,2
45120,2023,7,13,5,2,116,14,21,0,1,1
45120,2023,7,13,5,2,316,28,10,0,6,2
45120,2023,7,13,5,2,101,30,21,0,2,1
45120,2023,7,13,5,3,101,19,12,1,2,2
45120,2023,7,13,5,2,364,11,21,0,1,1
45120,2023,7,13,5,2,153,48,11,0,2,2
45119,2023,7,12,4,3,163,29,21,0,1,1
45120,2023,7,13,5,3,101,83,21,1,1,1
45120,2023,7,13,5,3,116,16,15,0,3,3
45120,2023,7,13,5,3,324,16,12,0,3,2
45120,2023,7,13,5,2,364,67,12,0,2,2
45120,2023,7,13,5,3,101,67,12,1,3,3
45120,2023,7,13,5,3,364,28,18,0,1,1
45120,2023,7,13,5,3,343,11,21,1,1,1
45120,2023,7,13,5,3,101,14,21,0,1,1
45120,2023,7,13,5,3,316,82,10,0,2,2
45120,2023,7,13,5,3,364,11,20,0,2,1
45120,2023,7,13,5,3,101,82,9,0,2,2
45069,2023,5,23,3,1,101,11,2,0,5,3
45120,2023,7,13,5,3,116,11,12,0,2,2
45120,2023,7,13,5,3,155,35,2,1,2,2
45117,2023,7,10,2,1,101,28,12,0,3,2
45120,2023,7,13,5,3,163,1,11,0,2,2
45120,2023,7,13,5,3,493,82,7,0,4,2
45120,2023,7,13,5,3,101,78,12,1,2,2
45120,2023,7,13,5,3,116,60,2,1,2,2
45120,2023,7,13,5,3,232,13,10,0,4,3
45111,2023,7,4,3,3,163,67,12,0,3,2
45120,2023,7,13,5,3,277,16,12,0,3,3
45104,2023,6,27,3,2,277,67,12,0,4,2
45120,2023,7,13,5,4,153,83,11,0,6,2
45120,2023,7,13,5,4,267,83,21,0,3,1
45120,2023,7,13,5,3,285,28,18,0,1,1
45120,2023,7,13,5,4,116,67,20,0,1,1
45120,2023,7,13,5,4,470,21,21,0,1,1
45121,2023,7,14,6,1,153,1,20,1,1,1
45121,2023,7,14,6,1,381,67,12,0,2,2
45120,2023,7,13,5,3,282,15,7,0,2,2
45120,2023,7,13,5,4,116,83,10,0,4,3
45121,2023,7,14,6,1,369,18,7,0,6,3
45120,2023,7,13,5,4,365,11,20,0,2,1
45121,2023,7,14,6,2,116,67,12,0,4,2
45121,2023,7,14,6,1,60,11,2,0,2,2
45121,2023,7,14,6,2,153,11,12,1,2,2
45121,2023,7,14,6,1,393,80,7,1,3,2
45065,2023,5,19,6,1,470,1,11,0,3,2
44951,2023,1,25,4,3,470,28,18,0,1,1
45001,2023,3,16,5,2,116,80,7,0,3,3
45121,2023,7,14,6,2,381,11,12,0,4,3
45121,2023,7,14,6,2,101,16,12,0,2,2
45121,2023,7,14,6,2,470,80,7,0,2,2
45121,2023,7,14,6,2,251,28,4,0,3,3
45121,2023,7,14,6,2,158,11,20,0,2,1
45070,2023,5,24,4,2,317,28,20,0,2,1
45121,2023,7,14,6,2,343,11,4,0,2,2
45121,2023,7,14,6,2,101,11,9,0,2,2
45121,2023,7,14,6,2,324,61,2,1,2,2
45121,2023,7,14,6,2,277,11,12,1,2,2
45065,2023,5,19,6,1,101,18,12,0,2,2
45121,2023,7,14,6,3,226,33,11,1,6,2
45121,2023,7,14,6,3,282,1,11,1,2,2
45121,2023,7,14,6,3,40,16,15,0,11,5
45121,2023,7,14,6,3,135,52,9,1,2,2
45121,2023,7,14,6,3,277,1,12,1,2,2
45121,2023,7,14,6,2,158,3,21,0,1,1
45121,2023,7,14,6,3,230,67,12,0,2,2
45121,2023,7,14,6,3,381,78,9,1,3,3
45121,2023,7,14,6,3,116,83,12,0,6,2
45121,2023,7,14,6,3,365,11,20,0,1,1
45121,2023,7,14,6,3,376,80,10,0,2,2
45113,2023,7,6,5,3,222,67,4,1,1,1
45121,2023,7,14,6,3,376,11,12,0,2,2
45121,2023,7,14,6,4,470,33,11,1,6,2
45121,2023,7,14,6,3,116,1,12,0,2,2
45077,2023,5,31,4,3,282,1,11,0,3,3
45121,2023,7,14,6,3,356,18,20,0,1,1
45121,2023,7,14,6,3,40,1,11,0,10,4
45121,2023,7,14,6,4,50,52,9,0,4,4
45121,2023,7,14,6,3,163,1,11,1,2,2
45121,2023,7,14,6,4,381,28,18,1,1,1
45121,2023,7,14,6,4,381,52,9,0,6,2
45121,2023,7,14,6,3,101,44,21,0,2,1
45121,2023,7,14,6,3,293,83,12,0,8,5
45121,2023,7,14,6,4,364,67,12,0,3,3
45121,2023,7,14,6,4,277,80,7,0,4,2
45121,2023,7,14,6,4,116,67,20,0,1,1
45121,2023,7,14,6,4,381,11,9,1,2,2
45121,2023,7,14,6,4,381,9,7,0,4,2
45121,2023,7,14,6,4,376,60,2,0,2,2
45121,2023,7,14,6,3,364,49,21,0,1,1
45121,2023,7,14,6,4,101,11,12,1,10,5
45122,2023,7,15,7,1,116,18,12,0,2,2
45121,2023,7,14,6,4,277,67,12,0,2,2
45122,2023,7,15,7,1,393,18,21,0,4,1
45122,2023,7,15,7,1,116,18,10,0,3,2
45121,2023,7,14,6,4,116,14,21,0,2,1
45122,2023,7,15,7,1,282,52,12,1,2,2
45122,2023,7,15,7,1,381,18,12,0,2,2
45122,2023,7,15,7,2,376,49,12,0,4,4
45122,2023,7,15,7,2,376,67,21,1,2,1
45121,2023,7,14,6,3,40,67,12,1,3,2
45122,2023,7,15,7,2,381,83,15,0,6,4
45122,2023,7,15,7,2,158,33,11,0,2,2
45122,2023,7,15,7,2,153,82,7,0,3,2
45122,2023,7,15,7,2,369,33,11,0,2,2
45122,2023,7,15,7,2,116,76,10,1,4,3
45122,2023,7,15,7,2,153,67,10,0,2,2
45122,2023,7,15,7,2,153,36,12,0,4,4
45122,2023,7,15,7,2,262,11,15,0,9,3
45122,2023,7,15,7,2,467,28,18,0,1,1
45122,2023,7,15,7,3,116,16,9,1,3,3
45122,2023,7,15,7,2,30,28,18,0,1,1
45122,2023,7,15,7,3,463,81,4,1,3,3
45122,2023,7,15,7,3,365,28,4,0,1,1
45122,2023,7,15,7,3,158,52,10,0,6,3
45122,2023,7,15,7,3,153,11,20,0,1,1
45122,2023,7,15,7,3,116,82,7,0,3,3
45122,2023,7,15,7,3,476,67,20,0,1,1
45122,2023,7,15,7,3,381,83,9,0,3,2
45122,2023,7,15,7,2,277,83,21,0,4,1
45122,2023,7,15,7,3,135,28,18,0,1,1
45122,2023,7,15,7,4,101,78,9,1,2,2
45122,2023,7,15,7,4,423,1,11,0,3,2
45122,2023,7,15,7,3,116,83,7,0,5,2
45123,2023,7,16,1,1,210,67,2,0,2,2
45123,2023,7,16,1,1,459,11,3,0,1,1
45123,2023,7,16,1,1,364,11,12,1,4,2
45123,2023,7,16,1,1,282,11,7,0,2,2
45123,2023,7,16,1,1,101,83,20,0,3,2
45123,2023,7,16,1,2,364,67,21,0,1,1
45123,2023,7,16,1,2,153,49,9,0,4,2
45123,2023,7,16,1,2,343,1,11,1,5,2
45123,2023,7,16,1,2,163,82,9,0,7,3
45123,2023,7,16,1,2,235,83,20,0,1,1
45123,2023,7,16,1,3,277,67,12,0,2,2
45123,2023,7,16,1,2,222,18,7,0,3,2
45122,2023,7,15,7,4,364,80,10,0,4,2
45123,2023,7,16,1,2,116,1,9,0,2,2
45123,2023,7,16,1,2,135,19,12,0,5,2
45123,2023,7,16,1,3,262,67,10,0,6,2
45123,2023,7,16,1,2,364,52,11,0,5,2
45123,2023,7,16,1,3,116,16,15,1,10,5
45123,2023,7,16,1,3,153,44,12,0,5,3
45123,2023,7,16,1,3,101,83,12,0,5,5
45123,2023,7,16,1,3,280,83,21,0,1,1
45123,2023,7,16,1,3,153,82,9,0,6,2
45123,2023,7,16,1,3,364,67,9,0,2,2
45123,2023,7,16,1,3,364,16,12,0,6,3
45123,2023,7,16,1,3,40,35,2,1,2,2
45123,2023,7,16,1,4,116,78,9,0,4,3
45123,2023,7,16,1,3,163,1,2,0,2,2
45123,2023,7,16,1,2,155,7,20,0,7,3
45123,2023,7,16,1,4,101,67,21,0,1,1
45123,2023,7,16,1,3,251,16,12,0,4,3
45123,2023,7,16,1,4,101,66,9,0,2,2
45123,2023,7,16,1,4,135,11,12,1,4,3
45123,2023,7,16,1,4,101,67,4,0,1,1
45123,2023,7,16,1,4,280,49,20,0,2,1
45123,2023,7,16,1,4,361,11,10,0,2,2
45123,2023,7,16,1,3,262,83,21,0,1,1
45123,2023,7,16,1,4,40,67,4,0,1,1
45124,2023,7,17,2,1,50,16,12,1,2,2
45123,2023,7,16,1,4,135,67,12,1,4,2
45124,2023,7,17,2,1,101,11,9,1,4,3
45123,2023,7,16,1,4,226,3,21,1,1,1
45124,2023,7,17,2,1,364,49,7,1,3,2
45123,2023,7,16,1,2,101,28,21,1,1,1
45124,2023,7,17,2,1,242,11,12,1,2,2
45124,2023,7,17,2,1,230,11,12,0,16,2
45124,2023,7,17,2,1,101,36,12,0,2,2
45123,2023,7,16,1,4,20,82,7,0,2,2
45124,2023,7,17,2,2,222,67,20,0,4,2
45123,2023,7,16,1,4,330,63,20,0,2,1
45121,2023,7,14,6,3,282,67,7,0,3,3
45123,2023,7,16,1,3,110,28,18,1,5,2
45124,2023,7,17,2,2,101,14,14,0,1,1
45124,2023,7,17,2,2,316,50,9,0,7,3
45124,2023,7,17,2,2,365,82,9,1,2,2
45110,2023,7,3,2,3,163,56,4,0,4,2
45124,2023,7,17,2,2,101,52,9,1,2,2
45124,2023,7,17,2,2,135,61,2,1,3,2
45124,2023,7,17,2,2,381,12,12,1,2,2
45124,2023,7,17,2,2,101,82,21,1,3,2
45124,2023,7,17,2,2,364,72,11,0,2,2
45092,2023,6,15,5,3,471,60,2,0,2,2
45124,2023,7,17,2,2,316,51,7,0,2,2
45124,2023,7,17,2,2,222,80,7,0,3,2
45124,2023,7,17,2,2,153,1,11,1,7,3
45124,2023,7,17,2,2,163,11,20,0,1,1
45124,2023,7,17,2,3,158,67,21,0,3,3
45124,2023,7,17,2,3,116,11,12,1,4,4
45124,2023,7,17,2,3,376,1,2,0,3,2
45124,2023,7,17,2,3,101,83,21,0,2,2
45124,2023,7,17,2,3,60,67,4,0,1,1
45107,2023,6,30,6,2,70,82,7,0,8,3
45124,2023,7,17,2,3,116,25,9,0,2,2
45124,2023,7,17,2,4,463,12,12,0,2,2
45124,2023,7,17,2,4,392,80,7,0,2,2
45124,2023,7,17,2,3,493,35,2,1,3,2
45124,2023,7,17,2,3,373,80,7,0,2,2
45124,2023,7,17,2,3,280,21,21,1,2,1
45124,2023,7,17,2,3,280,44,21,0,1,1
45124,2023,7,17,2,4,116,52,9,1,4,2
45125,2023,7,18,3,1,277,11,4,0,1,1
45125,2023,7,18,3,2,116,11,12,1,6,6
45125,2023,7,18,3,2,101,82,10,0,4,2
45125,2023,7,18,3,1,116,80,10,0,6,2
45125,2023,7,18,3,1,277,11,20,0,2,1
45125,2023,7,18,3,2,116,16,12,0,3,2
45125,2023,7,18,3,2,285,1,11,1,2,2
45083,2023,6,6,3,4,290,11,12,0,4,2
45107,2023,6,30,6,4,222,80,20,0,2,2
45125,2023,7,18,3,2,153,67,10,0,3,2
45125,2023,7,18,3,2,232,52,7,1,2,2
45125,2023,7,18,3,2,60,18,12,0,3,2
45125,2023,7,18,3,2,364,82,11,0,8,3
45125,2023,7,18,3,2,116,35,2,1,2,2
45125,2023,7,18,3,2,116,11,21,0,1,1
45125,2023,7,18,3,2,381,83,4,0,1,1
45125,2023,7,18,3,2,235,1,11,1,2,2
44955,2023,1,29,1,3,116,49,12,0,3,2
45125,2023,7,18,3,2,116,1,11,1,2,2
45125,2023,7,18,3,2,376,67,21,0,1,1
45125,2023,7,18,3,2,153,25,18,0,1,1
45097,2023,6,20,3,3,163,64,7,0,2,2
45125,2023,7,18,3,2,116,78,12,1,2,2
45125,2023,7,18,3,2,101,80,7,0,3,2
45023,2023,4,7,6,3,10,28,21,0,1,1
45125,2023,7,18,3,3,376,11,4,0,2,1
45125,2023,7,18,3,3,251,16,12,0,2,2
45125,2023,7,18,3,3,280,11,21,1,1,1
45125,2023,7,18,3,3,60,44,12,0,73,3
45125,2023,7,18,3,3,101,67,12,0,3,3
45125,2023,7,18,3,3,163,67,12,0,8,4
45125,2023,7,18,3,3,70,78,9,1,3,2
45109,2023,7,2,1,4,381,67,12,1,4,2
45125,2023,7,18,3,4,101,13,4,0,3,2
45125,2023,7,18,3,3,376,16,12,0,2,2
45125,2023,7,18,3,4,222,60,2,1,2,2
45125,2023,7,18,3,4,116,1,11,0,2,2
45125,2023,7,18,3,4,163,18,12,0,2,2
45126,2023,7,19,4,1,101,13,10,0,2,2
45126,2023,7,19,4,1,40,9,21,0,1,1
45126,2023,7,19,4,1,230,18,20,0,1,1
45126,2023,7,19,4,1,476,83,21,0,1,1
45126,2023,7,19,4,2,40,67,9,0,3,2
45125,2023,7,18,3,4,116,15,11,0,4,2
45126,2023,7,19,4,2,101,4,4,0,1,1
45126,2023,7,19,4,2,226,29,12,0,2,2
45126,2023,7,19,4,2,163,28,18,0,1,1
45106,2023,6,29,5,2,369,1,11,1,3,2
45126,2023,7,19,4,2,365,52,7,0,2,2
45124,2023,7,17,2,4,116,35,2,0,2,2
45126,2023,7,19,4,2,101,16,9,1,2,2
45126,2023,7,19,4,2,376,82,10,0,4,3
45126,2023,7,19,4,2,116,11,12,0,2,2
45126,2023,7,19,4,2,316,1,11,1,2,2
45082,2023,6,5,2,2,70,16,15,1,5,4
45126,2023,7,19,4,2,163,67,12,1,2,2
45126,2023,7,19,4,3,369,1,11,1,2,2
45126,2023,7,19,4,2,116,11,4,0,1,1
45126,2023,7,19,4,2,381,67,15,0,5,5
45126,2023,7,19,4,2,418,67,11,1,2,2
45126,2023,7,19,4,3,262,82,9,0,2,2
45126,2023,7,19,4,3,101,28,4,0,1,1
45126,2023,7,19,4,2,465,1,12,1,2,2
45126,2023,7,19,4,2,101,28,18,0,1,1
45126,2023,7,19,4,3,50,14,20,0,1,1
45126,2023,7,19,4,3,101,67,12,1,4,3
45126,2023,7,19,4,2,470,1,11,0,2,2
45126,2023,7,19,4,3,163,11,12,0,2,2
45126,2023,7,19,4,3,153,67,15,0,4,4
45126,2023,7,19,4,2,493,80,7,1,2,2
45126,2023,7,19,4,3,116,67,21,0,1,1
45126,2023,7,19,4,3,386,80,7,0,2,2
45126,2023,7,19,4,3,376,83,20,0,1,1
45122,2023,7,15,7,4,116,80,7,1,2,2
45126,2023,7,19,4,3,116,49,9,0,3,2
45125,2023,7,18,3,4,116,67,9,0,6,6
45126,2023,7,19,4,4,381,61,2,0,2,2
45126,2023,7,19,4,4,369,80,7,0,3,2
45126,2023,7,19,4,4,163,1,11,1,3,2
45126,2023,7,19,4,4,101,28,18,1,1,1
45126,2023,7,19,4,4,116,83,4,1,2,2
45126,2023,7,19,4,4,290,83,12,0,2,2
45126,2023,7,19,4,4,116,67,15,0,4,3
45126,2023,7,19,4,4,174,9,1,0,4,2
45126,2023,7,19,4,4,262,83,21,0,1,1
45127,2023,7,20,5,1,101,49,20,0,1,1
45127,2023,7,20,5,1,116,18,20,0,1,1
45127,2023,7,20,5,1,158,49,10,1,4,2
45127,2023,7,20,5,1,40,4,11,1,2,2
45127,2023,7,20,5,1,428,17,9,1,2,2
45127,2023,7,20,5,1,153,18,20,0,1,1
45127,2023,7,20,5,1,116,18,10,0,3,3
45126,2023,7,19,4,3,70,11,10,0,3,2
45127,2023,7,20,5,2,116,52,9,1,2,2
45127,2023,7,20,5,2,101,11,12,0,2,2
45127,2023,7,20,5,2,101,81,9,1,2,2
45127,2023,7,20,5,2,324,16,15,1,6,6
45127,2023,7,20,5,2,316,61,2,0,4,2
45127,2023,7,20,5,2,386,11,9,0,6,3
45127,2023,7,20,5,2,116,15,20,0,34,3
45127,2023,7,20,5,2,116,64,20,0,1,1
45127,2023,7,20,5,2,364,16,12,1,2,2
45127,2023,7,20,5,2,230,35,2,0,2,2
45127,2023,7,20,5,2,116,16,15,1,6,6
45127,2023,7,20,5,3,376,1,2,0,3,2
45127,2023,7,20,5,2,470,82,9,1,3,3
45127,2023,7,20,5,2,282,82,7,0,3,3
45127,2023,7,20,5,3,285,56,12,0,4,4
45127,2023,7,20,5,3,262,11,12,0,3,2
45127,2023,7,20,5,3,242,45,9,0,2,2
45127,2023,7,20,5,3,116,11,12,0,3,2
45120,2023,7,13,5,3,155,80,7,0,2,2
45127,2023,7,20,5,3,277,67,9,0,2,2
45127,2023,7,20,5,3,376,67,12,0,2,2
45127,2023,7,20,5,3,153,49,9,0,3,2
45127,2023,7,20,5,4,116,1,12,0,2,2
45127,2023,7,20,5,3,40,16,15,1,9,7
45127,2023,7,20,5,4,101,1,9,1,3,2
45127,2023,7,20,5,4,316,80,7,0,2,2
45127,2023,7,20,5,4,282,25,12,0,3,2
45127,2023,7,20,5,4,116,82,21,0,2,2
45127,2023,7,20,5,4,163,67,12,0,5,3
45127,2023,7,20,5,4,101,80,7,0,7,3
45128,2023,7,21,6,1,470,49,7,1,2,2
45128,2023,7,21,6,1,365,13,21,1,1,1
45127,2023,7,20,5,3,163,83,21,0,2,1
45128,2023,7,21,6,2,116,67,11,0,4,2
45128,2023,7,21,6,2,101,1,11,1,2,2
45096,2023,6,19,2,3,116,1,9,0,4,3
45128,2023,7,21,6,2,40,67,11,0,3,2
45128,2023,7,21,6,2,324,67,12,1,3,2
45112,2023,7,5,4,4,40,28,18,1,1,1
45127,2023,7,20,5,4,407,18,12,0,2,2
45128,2023,7,21,6,2,376,65,9,0,4,2
45128,2023,7,21,6,2,116,52,7,0,3,2
45128,2023,7,21,6,2,369,52,9,0,6,2
45128,2023,7,21,6,2,406,14,21,0,1,1
45128,2023,7,21,6,2,365,28,21,0,1,1
45128,2023,7,21,6,2,101,52,9,1,3,2
45128,2023,7,21,6,1,304,18,10,0,5,2
45090,2023,6,13,3,2,277,67,4,1,3,3
45128,2023,7,21,6,2,158,16,12,0,4,2
45128,2023,7,21,6,2,116,83,21,0,2,2
45128,2023,7,21,6,2,163,16,7,0,2,2
45074,2023,5,28,1,1,10,52,10,0,3,2
45128,2023,7,21,6,2,101,16,9,1,2,2
45128,2023,7,21,6,2,277,33,11,1,5,2
45096,2023,6,19,2,3,70,9,1,0,10,5
45128,2023,7,21,6,2,116,80,10,0,4,3
45128,2023,7,21,6,2,116,67,12,0,4,4
45128,2023,7,21,6,3,116,11,3,1,4,2
45128,2023,7,21,6,3,163,1,11,0,3,2
45128,2023,7,21,6,3,116,67,10,0,4,2
45093,2023,6,16,6,1,101,80,7,0,12,2
45126,2023,7,19,4,3,476,67,9,1,3,2
45128,2023,7,21,6,2,343,28,18,0,1,1
45128,2023,7,21,6,3,163,80,7,0,2,2
45128,2023,7,21,6,3,376,13,14,0,1,1
45128,2023,7,21,6,2,293,35,2,1,2,2
45128,2023,7,21,6,3,101,16,9,1,3,3
45128,2023,7,21,6,3,101,52,9,1,3,2
45128,2023,7,21,6,3,101,67,12,1,3,3
45128,2023,7,21,6,3,470,80,7,0,1,1
45128,2023,7,21,6,3,101,13,3,0,2,1
45128,2023,7,21,6,3,163,1,11,0,3,2
45128,2023,7,21,6,3,324,16,15,1,6,4
45128,2023,7,21,6,2,116,11,11,0,2,2
45128,2023,7,21,6,3,381,52,9,0,4,2
45128,2023,7,21,6,3,262,80,10,0,3,3
45128,2023,7,21,6,4,101,1,11,1,4,3
45128,2023,7,21,6,3,407,52,9,0,3,2
45128,2023,7,21,6,4,262,28,18,0,2,1
45128,2023,7,21,6,4,116,18,12,1,2,2
45128,2023,7,21,6,4,116,33,11,0,2,2
45128,2023,7,21,6,3,242,11,12,1,3,2
45128,2023,7,21,6,4,163,18,20,1,1,1
45129,2023,7,22,7,1,459,83,21,0,1,1
45129,2023,7,22,7,1,116,83,21,0,1,1
45129,2023,7,22,7,1,392,18,20,0,1,1
45128,2023,7,21,6,4,10,46,12,1,2,2
45129,2023,7,22,7,1,110,80,7,0,2,2
45129,2023,7,22,7,1,116,83,21,0,2,1
45129,2023,7,22,7,1,364,18,10,0,3,2
45129,2023,7,22,7,1,50,49,11,0,5,2
45129,2023,7,22,7,1,116,16,12,0,5,2
45129,2023,7,22,7,2,277,67,12,1,3,3
45129,2023,7,22,7,2,116,11,12,0,6,4
45129,2023,7,22,7,2,101,82,9,0,3,2
45129,2023,7,22,7,1,158,28,18,0,1,1
45129,2023,7,22,7,2,493,60,2,1,2,2
45129,2023,7,22,7,2,392,1,11,1,4,3
45129,2023,7,22,7,2,70,18,20,1,1,1
45129,2023,7,22,7,2,262,11,21,0,1,1
45090,2023,6,13,3,4,163,80,7,0,2,2
45129,2023,7,22,7,2,381,11,20,0,1,1
45129,2023,7,22,7,2,163,82,10,0,6,6
45129,2023,7,22,7,2,101,52,9,0,4,4
45129,2023,7,22,7,2,381,18,7,0,2,2
45129,2023,7,22,7,2,163,67,15,0,16,6
45129,2023,7,22,7,3,381,80,7,0,2,2
45129,2023,7,22,7,3,467,11,12,0,2,2
45129,2023,7,22,7,3,493,67,20,0,2,1
45129,2023,7,22,7,1,163,60,2,0,2,2
45129,2023,7,22,7,2,364,1,20,0,1,1
45129,2023,7,22,7,3,364,56,4,0,1,1
45129,2023,7,22,7,3,381,52,9,1,3,2
45129,2023,7,22,7,3,376,83,4,0,1,1
45129,2023,7,22,7,2,153,67,15,0,6,3
45129,2023,7,22,7,4,101,51,20,1,2,2
45129,2023,7,22,7,4,153,67,12,0,3,3
45129,2023,7,22,7,4,232,81,1,0,2,2
45129,2023,7,22,7,3,70,60,2,0,2,2
45129,2023,7,22,7,4,153,11,2,0,4,3
45129,2023,7,22,7,4,116,80,10,0,2,2
45068,2023,5,22,2,2,101,11,15,0,5,5
45129,2023,7,22,7,3,364,29,20,0,1,1
45129,2023,7,22,7,4,376,66,14,0,1,1
45129,2023,7,22,7,4,343,49,20,0,1,1
45129,2023,7,22,7,3,343,67,4,1,1,1
45129,2023,7,22,7,4,267,52,9,0,2,2
45129,2023,7,22,7,4,277,80,11,0,2,2
45129,2023,7,22,7,4,116,18,21,0,1,1
45130,2023,7,23,1,1,369,2,7,0,5,2
45130,2023,7,23,1,1,316,52,10,0,2,2
45130,2023,7,23,1,1,101,83,3,1,1,1
45130,2023,7,23,1,1,470,49,7,0,2,2
45129,2023,7,22,7,4,470,12,10,0,2,2
45130,2023,7,23,1,1,376,11,12,0,2,2
45130,2023,7,23,1,2,116,67,21,0,5,2
45130,2023,7,23,1,2,364,82,9,0,5,3
45130,2023,7,23,1,2,251,16,4,0,1,1
45130,2023,7,23,1,2,116,83,21,0,1,1
45130,2023,7,23,1,2,386,18,7,0,3,3
45130,2023,7,23,1,2,316,82,7,1,3,3
45110,2023,7,3,2,4,282,67,11,0,3,2
45130,2023,7,23,1,2,153,16,12,0,3,2
45130,2023,7,23,1,2,386,83,21,1,2,1
45130,2023,7,23,1,2,174,38,20,0,1,1
45130,2023,7,23,1,2,364,11,9,0,5,2
45130,2023,7,23,1,2,158,19,12,0,11,6
45130,2023,7,23,1,2,163,14,21,0,1,1
45130,2023,7,23,1,2,40,11,9,1,2,2
45130,2023,7,23,1,2,101,67,21,0,1,1
45130,2023,7,23,1,2,282,82,9,0,3,2
45130,2023,7,23,1,2,163,11,20,1,2,1
45130,2023,7,23,1,3,373,52,10,1,5,5
45130,2023,7,23,1,3,153,67,9,0,6,3
45130,2023,7,23,1,3,222,82,9,0,4,2
45130,2023,7,23,1,4,116,67,12,1,3,2
45130,2023,7,23,1,3,381,14,21,0,2,1
45130,2023,7,23,1,3,101,1,11,0,3,2
45130,2023,7,23,1,4,116,35,2,1,2,2
45130,2023,7,23,1,4,424,67,12,0,4,3
45130,2023,7,23,1,4,116,67,4,1,1,1
45130,2023,7,23,1,2,116,21,21,0,1,1
45130,2023,7,23,1,4,381,67,9,0,5,3
45130,2023,7,23,1,4,40,11,11,1,2,2
45130,2023,7,23,1,4,116,83,7,0,3,2
45130,2023,7,23,1,4,116,83,21,0,1,1
45130,2023,7,23,1,4,101,52,7,0,2,2
45130,2023,7,23,1,4,116,80,7,0,4,2
45131,2023,7,24,2,1,381,83,7,0,4,2
45131,2023,7,24,2,1,262,28,18,0,1,1
45131,2023,7,24,2,1,386,18,11,0,2,2
45131,2023,7,24,2,1,262,18,21,0,1,1
45131,2023,7,24,2,2,101,67,9,1,2,2
45131,2023,7,24,2,2,493,1,11,1,5,2
45131,2023,7,24,2,2,163,81,20,0,2,2
45119,2023,7,12,4,1,290,80,7,0,2,2
45131,2023,7,24,2,2,282,11,12,1,3,2
45124,2023,7,17,2,2,40,16,15,1,3,3
45131,2023,7,24,2,2,40,1,11,0,6,3
45131,2023,7,24,2,2,40,52,9,1,2,2
45129,2023,7,22,7,1,116,16,12,1,6,3
45131,2023,7,24,2,2,116,67,11,0,2,2
45131,2023,7,24,2,2,101,35,2,1,2,2
45131,2023,7,24,2,2,101,20,12,1,3,2
45131,2023,7,24,2,2,364,82,10,0,4,3
45131,2023,7,24,2,2,262,50,20,0,3,2
45131,2023,7,24,2,2,135,28,18,1,1,1
45131,2023,7,24,2,2,470,11,12,0,2,2
45081,2023,6,4,1,2,153,28,18,0,1,1
45127,2023,7,20,5,3,290,1,11,0,3,2
45131,2023,7,24,2,3,116,52,11,1,2,2
45131,2023,7,24,2,2,163,82,10,0,3,3
45131,2023,7,24,2,3,40,80,10,0,2,2
45131,2023,7,24,2,3,343,80,10,1,4,3
45131,2023,7,24,2,3,101,11,12,0,2,2
45131,2023,7,24,2,3,135,16,12,0,3,3
45131,2023,7,24,2,2,116,67,21,0,5,2
45131,2023,7,24,2,3,242,52,11,0,2,2
45131,2023,7,24,2,3,116,11,12,0,4,3
45131,2023,7,24,2,3,158,49,20,0,1,1
45131,2023,7,24,2,3,282,51,7,0,3,3
45131,2023,7,24,2,3,470,51,20,1,1,1
45131,2023,7,24,2,3,381,28,18,1,1,1
45131,2023,7,24,2,3,470,82,12,1,2,2
45131,2023,7,24,2,4,60,67,20,0,1,1
45131,2023,7,24,2,4,153,16,9,1,2,2
45131,2023,7,24,2,3,381,56,12,0,2,2
45131,2023,7,24,2,4,381,83,4,0,1,1
45131,2023,7,24,2,3,364,28,18,0,3,1
45131,2023,7,24,2,3,174,67,20,0,2,1
45132,2023,7,25,3,1,235,28,11,0,2,2
45132,2023,7,25,3,1,116,67,21,0,1,1
45132,2023,7,25,3,1,381,18,21,0,2,1
45132,2023,7,25,3,1,101,80,10,0,3,3
45132,2023,7,25,3,2,146,82,10,0,3,3
45132,2023,7,25,3,2,290,1,11,1,4,2
45132,2023,7,25,3,2,116,81,12,1,8,3
45132,2023,7,25,3,2,101,78,9,1,3,3
45132,2023,7,25,3,2,10,67,12,1,3,3
45132,2023,7,25,3,1,381,67,21,0,1,1
45132,2023,7,25,3,2,376,28,12,0,2,2