id_data,ano,mes,dia,id_dia_semana,periodo,br,id_causa_acidente,id_tipo_acidente,id_uso_solo,pessoas,veiculos
45142,2023,8,4,6,4,376,65,18,0,1,1
45142,2023,8,4,6,4,40,82,20,0,1,1
45142,2023,8,4,6,2,230,67,21,0,1,1
45142,2023,8,4,6,4,316,49,10,0,2,2
45143,2023,8,5,7,1,470,83,21,0,1,1
45142,2023,8,4,6,3,381,11,12,0,5,2
45143,2023,8,5,7,1,364,80,4,0,6,2
45143,2023,8,5,7,1,262,83,20,0,1,1
45143,2023,8,5,7,1,116,11,12,0,2,2
45143,2023,8,5,7,1,163,67,11,1,2,2
45142,2023,8,4,6,3,316,18,12,1,4,2
45143,2023,8,5,7,1,365,11,20,0,2,1
45143,2023,8,5,7,1,280,11,7,1,2,2
45143,2023,8,5,7,1,153,11,20,0,1,1
45143,2023,8,5,7,2,364,80,10,0,2,2
44979,2023,2,22,4,4,365,83,7,0,2,2
45143,2023,8,5,7,2,381,11,7,0,4,2
45143,2023,8,5,7,2,304,67,4,0,2,1
45142,2023,8,4,6,4,158,83,21,0,1,1
45143,2023,8,5,7,2,364,20,11,0,2,2
45143,2023,8,5,7,2,280,83,21,0,1,1
45143,2023,8,5,7,2,101,52,9,0,2,2
45143,2023,8,5,7,2,316,82,11,0,12,8
45143,2023,8,5,7,2,116,36,12,0,5,2
45143,2023,8,5,7,2,369,52,11,0,2,2
45143,2023,8,5,7,2,369,33,11,0,3,2
45143,2023,8,5,7,2,153,11,12,0,6,3
45075,2023,5,29,2,2,60,83,9,0,2,2
45143,2023,8,5,7,2,163,52,9,0,3,3
45143,2023,8,5,7,2,467,18,12,1,2,2
45137,2023,7,30,1,4,230,51,20,0,1,1
45143,2023,8,5,7,3,280,18,12,0,4,2
45143,2023,8,5,7,3,40,82,12,0,6,2
45143,2023,8,5,7,3,376,44,12,0,3,2
45143,2023,8,5,7,3,410,52,9,0,2,2
45143,2023,8,5,7,3,277,83,21,0,1,1
45143,2023,8,5,7,3,376,67,10,0,4,2
45143,2023,8,5,7,3,116,28,18,0,2,1
45143,2023,8,5,7,4,365,16,12,0,3,3
45143,2023,8,5,7,4,116,52,9,1,2,2
45143,2023,8,5,7,4,277,67,20,0,1,1
45143,2023,8,5,7,4,376,11,12,0,2,2
45143,2023,8,5,7,3,282,83,12,0,2,2
45143,2023,8,5,7,4,163,80,11,1,2,2
45144,2023,8,6,1,1,101,11,12,0,2,2
45143,2023,8,5,7,4,316,80,7,1,3,3
45144,2023,8,6,1,1,235,19,21,0,1,1
45144,2023,8,6,1,1,101,18,21,0,1,1
45143,2023,8,5,7,4,101,49,10,0,2,2
45144,2023,8,6,1,2,50,67,12,1,5,2
45144,2023,8,6,1,1,319,17,11,1,5,2
45140,2023,8,2,4,4,277,41,20,0,1,1
45144,2023,8,6,1,2,50,49,20,0,1,1
45144,2023,8,6,1,2,101,49,12,0,3,2
45144,2023,8,6,1,2,262,67,20,0,2,1
45144,2023,8,6,1,2,381,83,21,0,1,1
45144,2023,8,6,1,3,376,67,12,0,4,2
45144,2023,8,6,1,3,101,83,12,0,7,3
45144,2023,8,6,1,2,280,80,7,0,2,2
45144,2023,8,6,1,3,110,28,20,0,2,1
45144,2023,8,6,1,3,364,2,9,0,4,3
45144,2023,8,6,1,3,282,83,9,0,2,2
45144,2023,8,6,1,3,242,11,12,0,2,2
45144,2023,8,6,1,4,101,80,10,0,2,2
45144,2023,8,6,1,4,153,11,10,0,2,2
45144,2023,8,6,1,3,373,33,11,0,3,2
45144,2023,8,6,1,4,116,67,15,1,3,3
45144,2023,8,6,1,3,163,49,9,1,5,2
45144,2023,8,6,1,4,153,1,11,1,3,2
45144,2023,8,6,1,4,386,49,9,0,2,2
45144,2023,8,6,1,4,373,80,10,1,2,2
45144,2023,8,6,1,4,163,11,12,1,2,2
45144,2023,8,6,1,4,174,52,9,1,2,2
45065,2023,5,19,6,2,316,67,20,0,2,1
45145,2023,8,7,2,1,135,48,12,1,2,2
45144,2023,8,6,1,4,316,67,9,0,4,2
45144,2023,8,6,1,3,101,83,12,1,10,5
45144,2023,8,6,1,4,365,16,9,1,3,2
45145,2023,8,7,2,1,104,83,12,0,3,2
45145,2023,8,7,2,2,324,67,12,0,2,2
45145,2023,8,7,2,1,407,60,2,1,2,2
45145,2023,8,7,2,2,381,78,9,0,4,4
45145,2023,8,7,2,1,116,67,10,0,2,2
45145,2023,8,7,2,2,116,11,9,0,2,2
45145,2023,8,7,2,2,262,18,10,0,3,2
45145,2023,8,7,2,2,40,67,12,0,2,2
45145,2023,8,7,2,2,277,83,21,0,1,1
45145,2023,8,7,2,2,101,78,9,1,2,2
45010,2023,3,25,7,1,381,61,2,1,2,2
45145,2023,8,7,2,2,163,18,20,0,1,1
45125,2023,7,18,3,3,277,52,21,1,3,3
45145,2023,8,7,2,2,40,51,20,0,1,1
45145,2023,8,7,2,2,116,78,12,1,2,2
45145,2023,8,7,2,2,116,67,12,0,3,3
45117,2023,7,10,2,1,381,11,21,0,1,1
45145,2023,8,7,2,2,116,51,7,0,3,2
45145,2023,8,7,2,2,101,28,21,1,1,1
45145,2023,8,7,2,2,251,18,4,0,1,1
45145,2023,8,7,2,2,386,15,12,0,4,2
45145,2023,8,7,2,2,386,16,12,0,6,4
45145,2023,8,7,2,2,280,51,20,0,1,1
45145,2023,8,7,2,2,101,16,12,0,3,2
45145,2023,8,7,2,2,101,65,12,0,2,2
45145,2023,8,7,2,2,262,80,10,0,2,2
45145,2023,8,7,2,3,386,11,20,0,2,1
45145,2023,8,7,2,3,285,28,4,0,2,2
45059,2023,5,13,7,3,343,61,2,1,2,2
45145,2023,8,7,2,2,277,11,9,0,2,2
45145,2023,8,7,2,3,381,52,12,1,3,3
45145,2023,8,7,2,3,381,11,21,0,1,1
45145,2023,8,7,2,3,116,80,7,0,3,3
45145,2023,8,7,2,3,101,52,12,0,3,3
45101,2023,6,24,7,3,101,83,7,0,3,3
45145,2023,8,7,2,3,343,78,9,1,2,2
45145,2023,8,7,2,3,373,11,9,1,2,2
45145,2023,8,7,2,3,101,78,9,1,3,3
45145,2023,8,7,2,3,101,67,12,0,2,2
45145,2023,8,7,2,3,101,1,11,1,3,3
45145,2023,8,7,2,3,262,11,12,0,2,2
45145,2023,8,7,2,3,101,1,9,0,2,2
45145,2023,8,7,2,3,153,28,3,0,3,2
45145,2023,8,7,2,4,153,29,12,0,3,3
45145,2023,8,7,2,3,116,78,9,0,4,4
45145,2023,8,7,2,2,364,16,20,0,3,2
45145,2023,8,7,2,4,116,65,10,1,4,4
45145,2023,8,7,2,2,262,18,20,0,2,1
45145,2023,8,7,2,3,50,11,12,0,2,2
45145,2023,8,7,2,3,101,67,20,0,1,1
45137,2023,7,30,1,2,174,80,7,0,3,2
45145,2023,8,7,2,4,116,63,20,0,2,1
45145,2023,8,7,2,4,116,67,20,0,3,3
45145,2023,8,7,2,4,476,14,21,0,1,1
45145,2023,8,7,2,4,376,11,21,0,1,1
45146,2023,8,8,3,1,324,80,7,0,2,2
45146,2023,8,8,3,1,316,18,20,0,1,1
45146,2023,8,8,3,2,101,11,12,1,2,2
45146,2023,8,8,3,2,386,16,12,0,3,3
45146,2023,8,8,3,2,101,11,9,0,2,2
45146,2023,8,8,3,2,60,12,12,0,2,2
45146,2023,8,8,3,1,364,28,18,0,1,1
45146,2023,8,8,3,2,101,11,21,0,1,1
45143,2023,8,5,7,2,116,16,12,0,4,4
45145,2023,8,7,2,3,472,1,11,1,2,2
45146,2023,8,8,3,2,386,11,10,0,2,2
45146,2023,8,8,3,1,364,18,7,0,4,2
45146,2023,8,8,3,1,381,66,20,0,3,2
45146,2023,8,8,3,2,116,52,12,0,3,2
45146,2023,8,8,3,2,101,16,12,0,5,4
45146,2023,8,8,3,2,392,1,9,1,2,2
45146,2023,8,8,3,2,290,80,7,0,2,2
45146,2023,8,8,3,2,116,13,9,0,2,2
45146,2023,8,8,3,2,386,83,12,0,6,3
45146,2023,8,8,3,2,116,1,11,1,4,2
45146,2023,8,8,3,2,116,6,4,0,1,1
45146,2023,8,8,3,2,116,15,20,0,1,1
45146,2023,8,8,3,2,153,83,10,0,5,4
45146,2023,8,8,3,2,251,6,20,0,1,1
45146,2023,8,8,3,2,282,67,11,1,6,2
45113,2023,7,6,5,2,163,80,7,0,3,3
45146,2023,8,8,3,2,354,80,7,0,4,2
45146,2023,8,8,3,2,40,52,9,1,2,2
45134,2023,7,27,5,2,393,11,7,0,2,2
45146,2023,8,8,3,3,153,80,7,1,2,2
45146,2023,8,8,3,3,277,12,12,0,4,3
45146,2023,8,8,3,2,364,83,15,0,6,6
45146,2023,8,8,3,3,381,52,12,0,2,2
45146,2023,8,8,3,3,470,1,11,0,2,2
45146,2023,8,8,3,3,116,16,12,0,4,2
45146,2023,8,8,3,3,376,65,15,0,4,4
45146,2023,8,8,3,3,282,80,7,0,2,2
45146,2023,8,8,3,3,349,49,11,0,5,2
45146,2023,8,8,3,3,282,67,12,0,2,2
45129,2023,7,22,7,2,101,67,10,1,2,2
45146,2023,8,8,3,3,153,7,12,0,5,2
45146,2023,8,8,3,3,50,19,15,0,3,3
45146,2023,8,8,3,3,153,16,9,1,7,6
45146,2023,8,8,3,3,163,49,14,0,1,1
45081,2023,6,4,1,2,101,83,21,0,1,1
45146,2023,8,8,3,4,376,1,9,0,2,2
45146,2023,8,8,3,4,376,52,11,0,2,2
45135,2023,7,28,6,2,230,80,9,0,2,2
45123,2023,7,16,1,3,101,78,12,0,6,4
45146,2023,8,8,3,2,70,1,11,1,2,2
45131,2023,7,24,2,1,163,80,7,0,2,2
45146,2023,8,8,3,4,262,1,9,0,2,2
45146,2023,8,8,3,4,116,65,18,0,1,1
45146,2023,8,8,3,4,373,35,2,1,2,2
45146,2023,8,8,3,4,116,11,12,1,3,2
45146,2023,8,8,3,3,349,35,2,0,3,2
45146,2023,8,8,3,4,285,11,7,0,2,2
45146,2023,8,8,3,3,116,21,20,0,2,2
45146,2023,8,8,3,4,116,67,12,1,2,2
45146,2023,8,8,3,4,287,83,3,0,1,1
45147,2023,8,9,4,1,153,28,18,0,1,1
45147,2023,8,9,4,1,262,11,12,0,2,2
45146,2023,8,8,3,4,153,67,21,0,1,1
45147,2023,8,9,4,1,222,82,7,0,2,2
45147,2023,8,9,4,1,277,67,20,0,1,1
45146,2023,8,8,3,3,356,83,20,0,1,1
45146,2023,8,8,3,3,364,80,9,0,2,2
45147,2023,8,9,4,2,101,2,11,1,4,2
45147,2023,8,9,4,2,386,82,7,0,6,3
45147,2023,8,9,4,2,277,16,4,1,1,1
45147,2023,8,9,4,2,381,16,9,0,3,2
45147,2023,8,9,4,2,116,52,7,0,4,3
45147,2023,8,9,4,2,381,11,21,0,1,1
45147,2023,8,9,4,2,116,11,12,1,2,2
45147,2023,8,9,4,2,364,20,11,0,5,2
45147,2023,8,9,4,2,364,67,12,0,4,3
45147,2023,8,9,4,2,40,83,11,0,2,2
45147,2023,8,9,4,2,277,33,11,1,2,2
45147,2023,8,9,4,1,316,11,12,0,2,2
45138,2023,7,31,2,3,101,82,12,1,2,2
45147,2023,8,9,4,2,101,1,11,0,3,2
45147,2023,8,9,4,2,40,18,20,0,1,1
45147,2023,8,9,4,2,277,67,9,0,5,2
45147,2023,8,9,4,2,405,67,7,0,3,3
45147,2023,8,9,4,2,364,1,20,0,5,3
45147,2023,8,9,4,2,116,11,11,1,2,2
45147,2023,8,9,4,1,277,52,4,0,1,1
45147,2023,8,9,4,3,153,49,9,1,3,2
45147,2023,8,9,4,3,101,67,9,1,3,2
45147,2023,8,9,4,2,101,16,12,1,2,2
45147,2023,8,9,4,2,381,18,20,0,1,1
45147,2023,8,9,4,3,101,20,7,1,3,2
45147,2023,8,9,4,3,392,33,11,0,3,2
45147,2023,8,9,4,3,287,33,11,0,4,2
45147,2023,8,9,4,3,153,83,15,0,4,4
45147,2023,8,9,4,3,277,1,11,1,3,2
45147,2023,8,9,4,3,376,67,20,0,1,1
45147,2023,8,9,4,2,262,67,20,0,1,1
45147,2023,8,9,4,3,369,1,12,1,2,2
45147,2023,8,9,4,3,277,65,4,0,2,2
45147,2023,8,9,4,3,104,1,11,0,2,2
45147,2023,8,9,4,3,242,28,18,0,1,1
45028,2023,4,12,4,3,381,80,7,0,2,2
45147,2023,8,9,4,3,116,67,21,0,1,1
45147,2023,8,9,4,3,101,35,2,1,2,2
45147,2023,8,9,4,4,369,1,11,0,3,2
45147,2023,8,9,4,4,163,11,12,0,3,2
45147,2023,8,9,4,4,20,67,20,0,1,1
45147,2023,8,9,4,3,101,67,4,0,1,1
45114,2023,7,7,6,1,30,11,20,0,1,1
45147,2023,8,9,4,4,101,35,2,1,2,2
45147,2023,8,9,4,4,116,4,12,1,2,2
45147,2023,8,9,4,4,116,1,11,1,2,2
45147,2023,8,9,4,4,116,81,2,1,2,2
45147,2023,8,9,4,4,373,67,12,0,3,3
45147,2023,8,9,4,4,242,67,12,0,4,3
45148,2023,8,10,5,1,153,16,12,0,2,2
45148,2023,8,10,5,1,153,81,21,0,1,1
45147,2023,8,9,4,3,232,28,18,0,1,1
45148,2023,8,10,5,2,381,11,12,1,2,2
45148,2023,8,10,5,1,392,80,7,0,2,2
45148,2023,8,10,5,2,101,18,4,0,2,2
45148,2023,8,10,5,2,101,16,12,0,3,3
45148,2023,8,10,5,2,304,16,12,0,5,4
45148,2023,8,10,5,1,467,83,21,1,1,1
45148,2023,8,10,5,2,116,67,10,1,2,2
45147,2023,8,9,4,3,158,1,11,1,2,2
45148,2023,8,10,5,2,116,16,9,1,4,4
45148,2023,8,10,5,2,282,6,7,0,5,2
45148,2023,8,10,5,2,116,11,12,1,2,2
45148,2023,8,10,5,2,470,80,7,0,2,2
45148,2023,8,10,5,2,376,13,20,0,2,1
45148,2023,8,10,5,2,116,28,20,0,1,1
45148,2023,8,10,5,2,101,72,11,0,2,2
45145,2023,8,7,2,1,381,67,12,0,4,2
45148,2023,8,10,5,1,365,11,12,0,3,2
45148,2023,8,10,5,2,116,67,4,0,1,1
45148,2023,8,10,5,2,163,16,15,0,4,4
45148,2023,8,10,5,1,163,28,18,0,1,1
45148,2023,8,10,5,2,369,11,12,1,2,2
45148,2023,8,10,5,2,116,11,15,0,7,6
45124,2023,7,17,2,1,116,18,10,0,3,2
45148,2023,8,10,5,2,280,52,10,0,2,2
45148,2023,8,10,5,3,101,81,11,0,2,2
45148,2023,8,10,5,2,364,3,20,0,1,1
45148,2023,8,10,5,3,60,67,12,0,2,2
45148,2023,8,10,5,3,40,52,9,0,4,3
45148,2023,8,10,5,3,277,16,12,1,2,2
45148,2023,8,10,5,3,116,78,9,0,4,4
45126,2023,7,19,4,3,280,1,11,0,6,6
45148,2023,8,10,5,3,101,11,20,0,1,1
45148,2023,8,10,5,3,135,11,12,1,6,4
45148,2023,8,10,5,3,381,14,4,0,1,1
45148,2023,8,10,5,2,30,11,21,0,1,1
45148,2023,8,10,5,3,364,82,11,1,2,2
45148,2023,8,10,5,3,101,82,7,0,4,4
45148,2023,8,10,5,4,116,67,15,0,3,3
45148,2023,8,10,5,4,280,80,7,0,3,3
45148,2023,8,10,5,4,381,28,18,0,2,1
45148,2023,8,10,5,3,116,67,11,0,3,2
45148,2023,8,10,5,3,158,45,18,0,1,1
45148,2023,8,10,5,4,153,80,7,0,2,2
45148,2023,8,10,5,4,493,11,11,1,4,3
45148,2023,8,10,5,4,158,50,7,0,4,2
45148,2023,8,10,5,4,365,67,21,0,1,1
45148,2023,8,10,5,4,282,9,20,0,1,1
45148,2023,8,10,5,4,40,3,21,0,1,1
45149,2023,8,11,6,1,20,61,2,0,2,2
45148,2023,8,10,5,4,280,67,10,1,2,2
45149,2023,8,11,6,1,163,18,10,0,5,2
45149,2023,8,11,6,1,101,7,21,1,1,1
45148,2023,8,10,5,4,116,67,20,0,2,1
45149,2023,8,11,6,2,50,11,12,0,3,2
45149,2023,8,11,6,2,101,83,7,0,3,2
45149,2023,8,11,6,1,40,67,20,0,1,1
45149,2023,8,11,6,1,70,82,9,0,2,2
45149,2023,8,11,6,2,116,11,12,0,2,2
45149,2023,8,11,6,2,50,14,3,0,1,1
45149,2023,8,11,6,2,459,19,20,0,1,1
45149,2023,8,11,6,2,423,16,15,0,4,4
45149,2023,8,11,6,2,101,52,12,0,2,2
45149,2023,8,11,6,2,20,16,12,1,6,2
45149,2023,8,11,6,2,116,82,7,0,2,2
45149,2023,8,11,6,2,153,28,18,0,1,1
45149,2023,8,11,6,2,364,16,20,0,4,2
45149,2023,8,11,6,2,480,67,21,1,3,2
45149,2023,8,11,6,2,20,28,18,0,1,1
45149,2023,8,11,6,2,282,2,12,1,2,2
45149,2023,8,11,6,3,222,16,12,0,2,2
45149,2023,8,11,6,1,381,28,18,0,1,1
45119,2023,7,12,4,2,101,2,7,0,3,3
45149,2023,8,11,6,2,101,11,10,0,4,3
45149,2023,8,11,6,2,116,28,20,0,1,1
45149,2023,8,11,6,2,60,28,18,0,1,1
45149,2023,8,11,6,2,251,28,18,0,1,1
45149,2023,8,11,6,3,381,28,18,1,1,1
45149,2023,8,11,6,3,262,83,7,0,2,2
45149,2023,8,11,6,3,277,67,12,1,4,2
45149,2023,8,11,6,3,80,53,12,0,2,2
45149,2023,8,11,6,3,101,52,9,1,3,2
45149,2023,8,11,6,3,163,80,7,0,2,2
45149,2023,8,11,6,3,232,52,9,0,2,2
45149,2023,8,11,6,3,116,1,11,0,2,2
45149,2023,8,11,6,3,448,67,9,0,3,3
45149,2023,8,11,6,3,376,1,10,0,2,2
45149,2023,8,11,6,3,40,83,11,0,4,2
45149,2023,8,11,6,3,493,51,20,0,1,1
45149,2023,8,11,6,3,470,11,7,0,3,2
45149,2023,8,11,6,3,135,52,9,0,4,2
45149,2023,8,11,6,3,364,83,21,0,1,1
45149,2023,8,11,6,2,316,28,18,0,1,1
45149,2023,8,11,6,4,116,67,21,0,1,1
45149,2023,8,11,6,4,365,65,21,0,1,1
45141,2023,8,3,5,3,101,52,9,1,2,2
45149,2023,8,11,6,4,116,10,2,1,2,2
45149,2023,8,11,6,4,381,67,20,0,2,2
45149,2023,8,11,6,4,470,1,10,1,3,2
45149,2023,8,11,6,4,116,83,18,0,1,1
45149,2023,8,11,6,4,40,35,2,1,2,2
45149,2023,8,11,6,4,230,1,9,1,2,2
45149,2023,8,11,6,3,101,83,20,0,1,1
45150,2023,8,12,7,1,101,48,2,1,3,2
45150,2023,8,12,7,1,230,18,20,0,1,1
45150,2023,8,12,7,1,470,80,10,0,4,3
45150,2023,8,12,7,1,407,49,10,1,2,2
45150,2023,8,12,7,2,101,16,12,1,3,3
45150,2023,8,12,7,1,364,28,18,0,1,1
45150,2023,8,12,7,1,116,49,10,0,3,3
45149,2023,8,11,6,3,365,11,20,0,1,1
45126,2023,7,19,4,3,232,67,21,0,2,2
45150,2023,8,12,7,2,70,18,21,0,1,1
45150,2023,8,12,7,2,116,83,21,0,1,1
45150,2023,8,12,7,2,316,49,9,0,2,2
45150,2023,8,12,7,2,101,1,11,0,3,2
45150,2023,8,12,7,2,230,67,10,0,2,2
45149,2023,8,11,6,4,116,46,12,0,2,2
45150,2023,8,12,7,2,304,67,12,0,2,2
45150,2023,8,12,7,2,101,52,9,0,3,2
45150,2023,8,12,7,2,153,67,20,0,2,1
45114,2023,7,7,6,1,163,67,12,0,2,2
45150,2023,8,12,7,2,343,52,11,0,2,2
45150,2023,8,12,7,2,262,29,21,0,2,2
45150,2023,8,12,7,2,365,3,10,0,3,2
45150,2023,8,12,7,3,40,11,15,1,9,5
45150,2023,8,12,7,3,70,17,11,0,3,2
45150,2023,8,12,7,3,232,80,21,0,2,2
45150,2023,8,12,7,3,376,49,12,0,3,2
45150,2023,8,12,7,3,280,72,12,0,3,2
45150,2023,8,12,7,3,262,11,12,0,2,2
45150,2023,8,12,7,3,402,80,7,0,3,2
45150,2023,8,12,7,4,101,29,9,1,2,2
45150,2023,8,12,7,4,116,11,12,0,2,2
45150,2023,8,12,7,3,70,67,21,0,1,1
45150,2023,8,12,7,3,163,80,7,0,3,3
45150,2023,8,12,7,4,153,80,7,0,2,2
45150,2023,8,12,7,4,116,80,7,0,4,2
45150,2023,8,12,7,3,40,1,11,0,2,2
45150,2023,8,12,7,4,116,67,12,1,2,2
45150,2023,8,12,7,4,230,64,4,0,2,1
45151,2023,8,13,1,1,116,80,10,1,3,2
45151,2023,8,13,1,1,386,67,4,0,1,1
45150,2023,8,12,7,4,267,83,21,0,1,1
45150,2023,8,12,7,3,393,83,10,0,2,2
45056,2023,5,10,4,1,116,11,12,0,3,2
45151,2023,8,13,1,2,381,61,2,1,2,2
45151,2023,8,13,1,2,452,80,7,0,2,2
45135,2023,7,28,6,3,153,14,7,0,5,3
45151,2023,8,13,1,2,101,82,10,0,4,3
45151,2023,8,13,1,2,116,1,11,0,3,2
45151,2023,8,13,1,2,153,11,10,0,3,3
45151,2023,8,13,1,2,116,67,21,0,1,1
45151,2023,8,13,1,2,376,18,12,1,3,2
45151,2023,8,13,1,3,116,1,11,0,3,2
45151,2023,8,13,1,3,282,11,9,1,2,2
45151,2023,8,13,1,2,101,2,9,1,3,3
45151,2023,8,13,1,3,262,83,21,0,2,1
45151,2023,8,13,1,3,386,83,21,0,1,1
45151,2023,8,13,1,3,376,16,12,1,4,3
45151,2023,8,13,1,2,135,67,20,1,6,4
45151,2023,8,13,1,3,20,49,11,1,2,2
45151,2023,8,13,1,3,153,18,10,0,3,2
45151,2023,8,13,1,3,153,49,11,1,2,2
45151,2023,8,13,1,4,448,16,12,0,3,2
45151,2023,8,13,1,4,153,80,7,0,6,3
45151,2023,8,13,1,4,376,11,11,0,2,2
45151,2023,8,13,1,4,10,80,10,0,2,2
45151,2023,8,13,1,4,158,82,9,0,5,3
45151,2023,8,13,1,4,393,9,1,0,1,1
45151,2023,8,13,1,4,277,80,7,0,2,2
45151,2023,8,13,1,4,282,49,20,0,4,3
45151,2023,8,13,1,3,163,83,10,0,3,3
45151,2023,8,13,1,4,407,1,1,0,2,2
45151,2023,8,13,1,4,343,67,21,0,2,2
45151,2023,8,13,1,4,354,11,20,0,1,1
45151,2023,8,13,1,4,452,49,10,0,4,3
45152,2023,8,14,2,1,386,80,11,0,5,2
45152,2023,8,14,2,1,316,80,10,1,3,2
45152,2023,8,14,2,1,470,34,21,0,1,1
45152,2023,8,14,2,1,116,18,12,0,6,2
45152,2023,8,14,2,1,376,67,21,0,1,1
45151,2023,8,13,1,1,101,83,7,0,2,2
45149,2023,8,11,6,3,364,30,18,0,1,1
45152,2023,8,14,2,2,470,1,9,1,2,2
45152,2023,8,14,2,1,408,83,3,1,1,1
45152,2023,8,14,2,2,153,1,9,1,2,2
45152,2023,8,14,2,2,101,29,21,1,1,1
45152,2023,8,14,2,2,40,83,20,0,1,1
45152,2023,8,14,2,2,60,83,9,0,2,2
45152,2023,8,14,2,2,364,18,12,1,2,2
45152,2023,8,14,2,2,381,11,15,0,4,3
45152,2023,8,14,2,2,222,80,7,0,6,2
45152,2023,8,14,2,2,369,52,9,0,6,5
45152,2023,8,14,2,2,262,28,18,0,1,1
45152,2023,8,14,2,3,40,72,11,0,3,2
45124,2023,7,17,2,3,364,67,12,0,2,2
45152,2023,8,14,2,3,101,2,11,1,2,2
45152,2023,8,14,2,3,369,83,12,0,3,2
45152,2023,8,14,2,2,230,67,12,0,3,2
45152,2023,8,14,2,2,116,80,10,0,2,2
45152,2023,8,14,2,3,153,52,20,0,1,1
45152,2023,8,14,2,3,470,1,11,0,2,2
45152,2023,8,14,2,3,101,11,12,0,2,2
45152,2023,8,14,2,2,393,28,14,0,1,1
45152,2023,8,14,2,2,101,52,9,0,2,2
45152,2023,8,14,2,3,376,83,14,1,2,1
45152,2023,8,14,2,3,153,28,18,0,1,1
45152,2023,8,14,2,3,364,67,20,0,2,2
45152,2023,8,14,2,3,153,19,12,1,2,2
45152,2023,8,14,2,3,163,1,9,1,3,2
45152,2023,8,14,2,2,116,14,14,0,3,2
45152,2023,8,14,2,2,435,14,21,0,1,1
45152,2023,8,14,2,3,465,11,9,1,2,2
45152,2023,8,14,2,3,316,67,9,1,2,2
45152,2023,8,14,2,2,365,67,7,0,3,3
45152,2023,8,14,2,3,280,61,2,1,2,2
45152,2023,8,14,2,2,135,67,7,0,3,2
45152,2023,8,14,2,3,226,28,20,0,2,1
45152,2023,8,14,2,2,365,52,21,0,1,1
45152,2023,8,14,2,3,116,52,9,0,3,2
45152,2023,8,14,2,3,262,11,4,0,2,1
45152,2023,8,14,2,3,70,28,18,0,1,1
45144,2023,8,6,1,3,163,1,11,0,3,2
45152,2023,8,14,2,4,367,60,2,0,2,2
45152,2023,8,14,2,4,163,67,15,1,4,3
45152,2023,8,14,2,4,101,9,1,0,3,2
45152,2023,8,14,2,4,101,28,18,0,1,1
45152,2023,8,14,2,4,40,67,12,0,2,2
45152,2023,8,14,2,3,407,52,7,0,7,2
45152,2023,8,14,2,3,70,11,7,0,3,3
45152,2023,8,14,2,4,364,49,20,1,1,1
45153,2023,8,15,3,1,163,52,10,0,5,3
45152,2023,8,14,2,4,316,48,2,1,2,2
45153,2023,8,15,3,1,70,28,18,0,1,1
45153,2023,8,15,3,1,476,1,11,0,2,2
45153,2023,8,15,3,1,116,18,7,0,4,2
45153,2023,8,15,3,2,101,16,12,1,9,3
45153,2023,8,15,3,1,364,67,20,0,1,1
45153,2023,8,15,3,1,381,18,12,0,2,2
45153,2023,8,15,3,2,324,16,12,1,3,2
45153,2023,8,15,3,2,153,16,12,1,3,3
45153,2023,8,15,3,2,364,11,12,0,3,2
45153,2023,8,15,3,2,282,20,12,0,2,2
45153,2023,8,15,3,2,116,11,12,0,2,2
45114,2023,7,7,6,2,101,52,12,1,3,3
45153,2023,8,15,3,2,226,1,12,1,2,2
45097,2023,6,20,3,4,423,80,7,0,2,2
45153,2023,8,15,3,2,101,11,12,0,4,4
45153,2023,8,15,3,2,153,82,7,0,3,3
45153,2023,8,15,3,2,386,1,11,1,2,2
45153,2023,8,15,3,2,153,83,20,0,1,1
45153,2023,8,15,3,2,116,67,21,0,1,1
45153,2023,8,15,3,2,343,18,4,0,1,1
45153,2023,8,15,3,2,110,81,2,1,2,2
45153,2023,8,15,3,3,222,83,21,0,1,1
45134,2023,7,27,5,1,101,80,7,1,2,2
45153,2023,8,15,3,3,386,52,11,0,3,2
45153,2023,8,15,3,2,153,1,11,1,2,2
45153,2023,8,15,3,3,101,11,15,0,5,3
45153,2023,8,15,3,3,116,36,12,1,2,2
45153,2023,8,15,3,3,293,1,11,1,2,2
45153,2023,8,15,3,3,116,16,15,0,6,4
45153,2023,8,15,3,3,116,52,9,0,2,2
45153,2023,8,15,3,3,116,67,12,1,5,4
45153,2023,8,15,3,3,101,78,9,1,7,3
45153,2023,8,15,3,3,470,80,7,0,2,2
45153,2023,8,15,3,2,116,28,21,0,1,1
45153,2023,8,15,3,4,428,11,9,0,5,2
45153,2023,8,15,3,3,153,83,12,1,2,2
45153,2023,8,15,3,3,101,35,2,0,2,2
45153,2023,8,15,3,4,285,1,9,0,3,3
45137,2023,7,30,1,3,50,67,20,0,3,2
45153,2023,8,15,3,4,116,83,20,0,1,1
45153,2023,8,15,3,4,376,16,12,0,2,2
45153,2023,8,15,3,4,101,1,9,1,2,2
45153,2023,8,15,3,4,365,1,11,0,4,2
45153,2023,8,15,3,4,290,67,21,0,3,2
45153,2023,8,15,3,4,153,18,20,0,1,1
45153,2023,8,15,3,4,365,83,21,0,2,2
45153,2023,8,15,3,4,251,83,20,0,1,1
45154,2023,8,16,4,1,40,80,10,1,3,2
45154,2023,8,16,4,1,10,52,7,0,3,2
45154,2023,8,16,4,1,262,28,18,0,1,1
45154,2023,8,16,4,1,470,11,20,1,1,1
45154,2023,8,16,4,1,116,28,21,0,1,1
45154,2023,8,16,4,2,116,52,12,1,2,2
45153,2023,8,15,3,4,381,83,4,0,2,1