id_data,ano,mes,dia,id_dia_semana,periodo,br,id_causa_acidente,id_tipo_acidente,id_uso_solo,pessoas,veiculos
45154,2023,8,16,4,1,163,80,7,0,2,2
45154,2023,8,16,4,2,116,11,9,1,4,3
45154,2023,8,16,4,2,50,83,12,0,3,2
45154,2023,8,16,4,2,381,1,12,0,2,2
45136,2023,7,29,7,3,116,82,7,0,3,3
45146,2023,8,8,3,3,476,52,9,1,3,2
45154,2023,8,16,4,2,381,11,21,0,1,1
45101,2023,6,24,7,3,101,15,4,0,1,1
45154,2023,8,16,4,2,116,28,21,1,2,2
45122,2023,7,15,7,2,50,82,9,0,2,2
45126,2023,7,19,4,3,116,16,12,0,2,2
45154,2023,8,16,4,2,101,11,4,0,1,1
45154,2023,8,16,4,2,365,30,21,0,1,1
45130,2023,7,23,1,2,230,80,7,0,2,2
45136,2023,7,29,7,3,262,80,10,1,5,4
45154,2023,8,16,4,2,116,11,20,0,1,1
45154,2023,8,16,4,2,101,11,21,0,1,1
45154,2023,8,16,4,2,163,18,12,0,4,2
45154,2023,8,16,4,2,364,30,18,1,1,1
45154,2023,8,16,4,2,364,16,12,1,2,2
45154,2023,8,16,4,3,470,65,20,0,1,1
45154,2023,8,16,4,2,153,28,18,0,1,1
45154,2023,8,16,4,3,110,20,12,0,2,2
45154,2023,8,16,4,3,381,11,12,1,2,2
45154,2023,8,16,4,2,408,14,14,0,1,1
45154,2023,8,16,4,2,324,82,9,1,3,2
45154,2023,8,16,4,3,163,16,12,0,3,3
45154,2023,8,16,4,3,381,28,10,1,2,2
45154,2023,8,16,4,3,235,67,9,0,2,2
45140,2023,8,2,4,3,163,82,12,0,6,4
45154,2023,8,16,4,3,116,78,12,1,4,3
45154,2023,8,16,4,3,101,52,9,0,2,2
45154,2023,8,16,4,3,364,1,11,1,3,2
45154,2023,8,16,4,3,280,82,7,0,4,2
45154,2023,8,16,4,2,280,83,21,1,1,1
45154,2023,8,16,4,4,116,67,21,0,1,1
45154,2023,8,16,4,3,40,67,4,0,1,1
45154,2023,8,16,4,3,163,3,20,0,1,1
45154,2023,8,16,4,4,290,67,9,0,5,3
45154,2023,8,16,4,4,20,33,11,1,2,2
45154,2023,8,16,4,4,242,52,7,1,2,2
45154,2023,8,16,4,4,101,11,12,0,3,3
45154,2023,8,16,4,4,116,11,9,1,2,2
45154,2023,8,16,4,4,423,67,9,0,2,2
45155,2023,8,17,5,1,282,20,11,1,2,2
45155,2023,8,17,5,1,101,18,20,1,1,1
45155,2023,8,17,5,2,101,28,20,0,3,1
45155,2023,8,17,5,2,101,11,15,1,4,4
45155,2023,8,17,5,1,259,55,20,0,1,1
45155,2023,8,17,5,1,153,52,12,1,2,2
45155,2023,8,17,5,2,116,80,10,0,5,2
45143,2023,8,5,7,2,116,67,12,0,3,3
45147,2023,8,9,4,3,267,48,10,0,2,2
45027,2023,4,11,3,2,40,11,12,1,2,2
45155,2023,8,17,5,2,354,51,10,0,2,2
45155,2023,8,17,5,2,277,82,21,1,3,3
45155,2023,8,17,5,2,319,33,11,1,2,2
45155,2023,8,17,5,2,381,83,21,1,1,1
45155,2023,8,17,5,2,116,16,12,0,3,3
45155,2023,8,17,5,2,226,67,12,0,2,2
45155,2023,8,17,5,2,163,67,12,0,7,5
44961,2023,2,4,7,4,163,80,7,0,2,2
45083,2023,6,6,3,4,381,83,12,0,2,2
45155,2023,8,17,5,2,158,6,21,1,3,2
45155,2023,8,17,5,1,364,28,4,1,1,1
45155,2023,8,17,5,3,381,83,21,1,4,3
45155,2023,8,17,5,3,101,18,20,0,1,1
45155,2023,8,17,5,2,70,1,9,0,3,2
45155,2023,8,17,5,2,70,3,20,0,2,2
45155,2023,8,17,5,3,116,25,18,1,2,1
45155,2023,8,17,5,3,116,63,4,0,3,3
45149,2023,8,11,6,2,163,44,15,0,4,4
45155,2023,8,17,5,2,376,67,12,0,15,11
45146,2023,8,8,3,2,277,67,12,0,2,2
45155,2023,8,17,5,3,163,82,10,0,2,2
45155,2023,8,17,5,3,282,83,12,0,2,2
45155,2023,8,17,5,3,277,1,11,1,2,2
45155,2023,8,17,5,3,259,11,9,0,2,2
45101,2023,6,24,7,2,101,3,21,1,1,1
45155,2023,8,17,5,3,470,16,12,1,3,3
45155,2023,8,17,5,3,80,14,4,0,1,1
45155,2023,8,17,5,3,376,67,12,0,2,2
45075,2023,5,29,2,4,267,83,20,0,1,1
45155,2023,8,17,5,3,116,67,12,1,7,4
45155,2023,8,17,5,4,101,16,12,1,2,2
45155,2023,8,17,5,3,163,11,20,0,1,1
45155,2023,8,17,5,3,163,1,11,0,3,3
45155,2023,8,17,5,3,242,67,10,0,2,2
45155,2023,8,17,5,4,116,1,11,1,4,2
45155,2023,8,17,5,4,116,11,20,1,1,1
45086,2023,6,9,6,4,116,83,21,0,2,1
45155,2023,8,17,5,4,369,49,21,0,2,2
45155,2023,8,17,5,3,262,16,12,1,2,2
45155,2023,8,17,5,3,364,11,20,0,1,1
45156,2023,8,18,6,1,101,1,12,0,2,2
45156,2023,8,18,6,1,381,28,18,0,1,1
45155,2023,8,17,5,4,470,1,11,1,2,2
45156,2023,8,18,6,1,343,11,20,0,2,1
45156,2023,8,18,6,1,364,80,7,0,3,2
45156,2023,8,18,6,1,116,67,12,0,2,2
45155,2023,8,17,5,4,163,49,7,0,4,2
45156,2023,8,18,6,2,267,33,11,0,3,3
45156,2023,8,18,6,2,116,11,2,0,2,2
45156,2023,8,18,6,2,101,11,9,1,2,2
45156,2023,8,18,6,2,381,83,21,1,1,1
45156,2023,8,18,6,2,116,2,11,0,2,2
45156,2023,8,18,6,2,163,67,9,1,2,2
45113,2023,7,6,5,4,405,80,7,0,3,2
45053,2023,5,7,1,1,101,67,12,0,4,3
45156,2023,8,18,6,2,116,11,15,0,4,4
45156,2023,8,18,6,2,277,80,7,0,5,3
45156,2023,8,18,6,2,376,16,15,0,4,4
45156,2023,8,18,6,2,116,83,9,1,4,2
45142,2023,8,4,6,3,60,1,9,1,3,3
45142,2023,8,4,6,3,135,80,7,0,4,2
45156,2023,8,18,6,2,369,78,9,1,2,2
45156,2023,8,18,6,2,376,28,18,0,1,1
45156,2023,8,18,6,2,116,33,11,0,2,2
45156,2023,8,18,6,2,365,11,20,0,2,2
45156,2023,8,18,6,2,470,29,9,1,2,2
45156,2023,8,18,6,3,116,11,21,0,1,1
45156,2023,8,18,6,2,163,11,20,0,1,1
45155,2023,8,17,5,4,20,51,20,0,2,2
45156,2023,8,18,6,1,304,52,20,0,1,1
45156,2023,8,18,6,3,232,67,12,1,6,3
45143,2023,8,5,7,3,280,48,21,0,1,1
45156,2023,8,18,6,3,50,28,18,0,1,1
45156,2023,8,18,6,2,316,67,12,0,10,2
45156,2023,8,18,6,3,116,16,12,1,3,2
45156,2023,8,18,6,3,116,50,9,1,3,3
45156,2023,8,18,6,3,386,1,11,0,3,2
45156,2023,8,18,6,3,163,28,18,0,1,1
45156,2023,8,18,6,3,116,80,10,0,4,2
45155,2023,8,17,5,1,282,49,12,0,3,2
45156,2023,8,18,6,3,251,11,12,0,3,3
45156,2023,8,18,6,3,104,15,20,0,1,1
45156,2023,8,18,6,2,222,52,21,0,1,1
45156,2023,8,18,6,3,60,49,20,0,1,1
45156,2023,8,18,6,3,135,65,20,0,2,2
45156,2023,8,18,6,3,40,80,21,0,1,1
45156,2023,8,18,6,3,153,15,7,0,4,4
45156,2023,8,18,6,3,101,78,12,1,2,2
45156,2023,8,18,6,3,282,1,11,1,4,2
45156,2023,8,18,6,4,101,35,4,0,4,4
45156,2023,8,18,6,4,393,60,2,0,2,2
45156,2023,8,18,6,3,277,80,7,0,3,2
45156,2023,8,18,6,4,104,1,12,1,2,2
45156,2023,8,18,6,4,262,1,11,1,3,2
45156,2023,8,18,6,4,376,60,2,0,2,2
45156,2023,8,18,6,4,116,1,11,0,2,2
45156,2023,8,18,6,3,116,28,9,0,2,2
45156,2023,8,18,6,4,30,82,12,0,6,3
45156,2023,8,18,6,4,101,67,20,0,1,1
45156,2023,8,18,6,4,116,18,9,0,2,2
45156,2023,8,18,6,3,367,82,9,0,6,2
45156,2023,8,18,6,4,470,52,9,0,2,2
45156,2023,8,18,6,3,163,82,7,0,2,2
45157,2023,8,19,7,1,369,49,11,0,4,2
45157,2023,8,19,7,1,116,12,4,0,2,2
45157,2023,8,19,7,1,381,83,20,0,4,2
45157,2023,8,19,7,1,381,67,9,0,3,3
45157,2023,8,19,7,1,116,11,12,1,3,2
45157,2023,8,19,7,1,376,28,18,0,1,1
45157,2023,8,19,7,1,20,82,20,1,3,1
45156,2023,8,18,6,3,423,82,7,0,3,2
45156,2023,8,18,6,4,163,52,11,0,4,2
45156,2023,8,18,6,3,262,18,21,0,1,1
45119,2023,7,12,4,3,277,67,20,0,3,3
45157,2023,8,19,7,2,424,49,9,1,2,2
45133,2023,7,26,4,2,414,80,10,0,5,2
45157,2023,8,19,7,2,40,16,9,0,2,2
45157,2023,8,19,7,2,381,67,21,1,1,1
45157,2023,8,19,7,2,153,67,20,1,1,1
45157,2023,8,19,7,2,290,11,20,0,1,1
45157,2023,8,19,7,2,280,82,9,0,4,2
45157,2023,8,19,7,2,290,11,20,0,1,1
45157,2023,8,19,7,3,324,44,20,0,3,1
45157,2023,8,19,7,3,393,16,12,0,3,2
45157,2023,8,19,7,3,251,6,21,0,2,2
45157,2023,8,19,7,3,101,16,12,0,3,3
45157,2023,8,19,7,3,101,67,9,1,6,6
45157,2023,8,19,7,3,101,11,12,1,2,2
45105,2023,6,28,4,4,70,38,12,0,40,2
45157,2023,8,19,7,3,392,1,11,1,3,3
45157,2023,8,19,7,3,116,11,12,0,3,2
45157,2023,8,19,7,3,116,1,7,0,2,2
45157,2023,8,19,7,3,135,72,9,1,2,2
45157,2023,8,19,7,3,116,83,9,1,3,2
45123,2023,7,16,1,2,116,67,20,0,1,1
45157,2023,8,19,7,3,381,11,20,0,1,1
45157,2023,8,19,7,3,70,67,7,0,3,2
45157,2023,8,19,7,3,386,67,12,0,4,3
45157,2023,8,19,7,3,101,49,12,1,5,2
45157,2023,8,19,7,3,364,1,10,0,2,2
45157,2023,8,19,7,3,153,83,11,0,3,2
45157,2023,8,19,7,3,104,83,20,0,1,1
45157,2023,8,19,7,4,20,1,7,0,3,3
45157,2023,8,19,7,4,40,11,12,1,2,2
45157,2023,8,19,7,4,116,80,10,0,2,2
45157,2023,8,19,7,3,364,67,11,0,2,2
45157,2023,8,19,7,4,452,18,7,0,2,2
45145,2023,8,7,2,2,101,14,14,0,3,3
45157,2023,8,19,7,4,101,80,7,0,2,2
45157,2023,8,19,7,2,116,1,11,1,3,2
45157,2023,8,19,7,4,277,11,10,0,2,2
45158,2023,8,20,1,1,116,11,12,0,2,2
45157,2023,8,19,7,4,364,11,10,0,4,2
45158,2023,8,20,1,1,232,11,12,0,2,2
45157,2023,8,19,7,4,163,11,21,0,1,1
45158,2023,8,20,1,1,153,49,10,0,2,2
45158,2023,8,20,1,1,101,49,11,0,6,2
45158,2023,8,20,1,1,376,28,18,0,1,1
45157,2023,8,19,7,3,364,11,10,0,3,2
45158,2023,8,20,1,2,242,83,21,0,1,1
45158,2023,8,20,1,2,116,21,7,0,2,2
45150,2023,8,12,7,4,163,21,20,0,1,1
45154,2023,8,16,4,2,40,28,18,0,1,1
45158,2023,8,20,1,2,230,67,12,1,2,2
45158,2023,8,20,1,2,40,28,4,0,1,1
45158,2023,8,20,1,2,101,11,9,1,2,2
45150,2023,8,12,7,2,101,67,12,1,4,2
45158,2023,8,20,1,2,153,66,20,0,1,1
45158,2023,8,20,1,2,376,82,10,0,3,3
45158,2023,8,20,1,2,135,52,10,1,2,2
45158,2023,8,20,1,3,153,11,9,0,2,2
45158,2023,8,20,1,3,290,80,10,0,2,2
45126,2023,7,19,4,4,101,33,11,1,5,2
45158,2023,8,20,1,3,232,28,9,0,2,2
45158,2023,8,20,1,3,369,49,12,1,4,3
45158,2023,8,20,1,3,40,56,12,0,5,4
45158,2023,8,20,1,3,386,81,9,1,2,2
45158,2023,8,20,1,2,364,14,18,0,7,1
45158,2023,8,20,1,3,116,18,12,0,2,2
45158,2023,8,20,1,3,230,1,11,0,2,2
45158,2023,8,20,1,4,381,28,3,1,2,2
45158,2023,8,20,1,4,277,80,7,1,2,2
45158,2023,8,20,1,4,40,15,21,0,1,1
45159,2023,8,21,2,1,101,28,21,0,1,1
45158,2023,8,20,1,4,163,18,12,0,2,2
45102,2023,6,25,1,3,153,11,7,0,3,2
45159,2023,8,21,2,1,277,80,7,0,2,2
45159,2023,8,21,2,2,101,16,12,1,2,2
45139,2023,8,1,3,2,285,80,7,0,5,3
45095,2023,6,18,1,1,365,16,12,0,2,2
45146,2023,8,8,3,2,282,16,11,0,2,2
45159,2023,8,21,2,2,470,28,18,1,1,1
45159,2023,8,21,2,2,101,52,9,0,4,3
45159,2023,8,21,2,2,116,52,9,1,2,2
45159,2023,8,21,2,2,471,51,7,0,5,4
45159,2023,8,21,2,2,116,28,9,1,2,2
45159,2023,8,21,2,2,381,67,4,0,2,1
45159,2023,8,21,2,2,50,28,18,0,2,1
45159,2023,8,21,2,2,101,83,3,0,4,2
45159,2023,8,21,2,2,116,18,7,0,10,3
45159,2023,8,21,2,2,163,67,11,1,2,2
45148,2023,8,10,5,3,163,28,18,0,1,1
45159,2023,8,21,2,3,101,16,12,0,2,2
45145,2023,8,7,2,4,20,80,10,0,3,2
45159,2023,8,21,2,3,40,16,12,1,3,2
45159,2023,8,21,2,2,376,83,21,0,2,2
45159,2023,8,21,2,3,392,51,20,1,2,2
45159,2023,8,21,2,3,369,11,12,1,2,2
45159,2023,8,21,2,3,101,51,10,0,2,2
45159,2023,8,21,2,3,381,1,9,0,5,2
45159,2023,8,21,2,3,101,1,9,0,2,2
45159,2023,8,21,2,3,277,52,12,1,30,5
45159,2023,8,21,2,3,50,67,20,0,1,1
45159,2023,8,21,2,3,146,28,20,0,2,2
45159,2023,8,21,2,3,101,83,12,0,2,2
45159,2023,8,21,2,4,235,18,12,0,2,2
45159,2023,8,21,2,3,376,21,4,0,1,1
45159,2023,8,21,2,3,116,18,20,0,1,1
45159,2023,8,21,2,4,101,49,10,0,3,3
45159,2023,8,21,2,3,230,80,10,0,2,2
45159,2023,8,21,2,4,20,16,12,0,2,2
45159,2023,8,21,2,4,267,18,20,0,1,1
45160,2023,8,22,3,1,116,11,12,0,3,3
45159,2023,8,21,2,4,381,61,2,0,3,2
45160,2023,8,22,3,1,101,49,7,1,2,2
45159,2023,8,21,2,4,116,67,21,0,1,1
45160,2023,8,22,3,1,381,18,12,0,2,2
45159,2023,8,21,2,4,343,67,4,1,1,1
45160,2023,8,22,3,1,40,49,10,0,2,2
45160,2023,8,22,3,1,116,80,10,0,2,2
45159,2023,8,21,2,4,470,11,14,0,2,2
45160,2023,8,22,3,1,364,1,11,0,4,2
45160,2023,8,22,3,2,50,83,21,0,1,1
45159,2023,8,21,2,4,493,60,2,0,2,2
45160,2023,8,22,3,2,376,52,9,1,5,2
45159,2023,8,21,2,4,163,28,18,0,1,1
45160,2023,8,22,3,2,376,78,21,1,2,2
45160,2023,8,22,3,2,381,11,12,0,2,2
45160,2023,8,22,3,2,163,52,9,0,4,2
45160,2023,8,22,3,2,101,1,9,0,2,2
45160,2023,8,22,3,2,381,83,21,0,1,1
45160,2023,8,22,3,2,277,67,11,1,2,2
45160,2023,8,22,3,2,381,16,12,0,2,2
45159,2023,8,21,2,3,381,67,12,0,2,2
45160,2023,8,22,3,2,290,44,21,1,1,1
45160,2023,8,22,3,2,116,16,12,1,2,2
45160,2023,8,22,3,2,319,44,12,1,2,2
45160,2023,8,22,3,2,230,38,11,0,5,2
45160,2023,8,22,3,2,290,67,11,0,2,2
45160,2023,8,22,3,2,259,83,7,0,4,2
45160,2023,8,22,3,2,174,67,20,0,2,2
45160,2023,8,22,3,3,146,65,21,1,1,1
45156,2023,8,18,6,2,163,56,21,0,3,2
45160,2023,8,22,3,2,10,41,20,0,3,1
45160,2023,8,22,3,3,290,16,12,1,1,1
45160,2023,8,22,3,3,70,28,18,0,1,1
45160,2023,8,22,3,3,356,16,12,0,6,2
45160,2023,8,22,3,3,110,18,20,0,3,1
45156,2023,8,18,6,4,376,52,21,0,1,1
45160,2023,8,22,3,3,153,11,20,1,1,1
45160,2023,8,22,3,3,493,11,2,0,3,2
45160,2023,8,22,3,3,386,67,9,0,2,2
45160,2023,8,22,3,3,230,3,21,1,2,2
45160,2023,8,22,3,3,174,28,18,0,1,1
45160,2023,8,22,3,3,364,83,9,0,4,3
45160,2023,8,22,3,4,277,52,12,0,4,3
45160,2023,8,22,3,3,40,2,4,0,1,1
45160,2023,8,22,3,3,153,16,12,0,3,2
45160,2023,8,22,3,4,60,49,20,0,1,1
45160,2023,8,22,3,4,116,11,21,0,2,2
45160,2023,8,22,3,3,364,67,10,0,5,2
45160,2023,8,22,3,4,135,52,20,0,1,1
45160,2023,8,22,3,4,116,83,12,0,2,2
45160,2023,8,22,3,4,364,67,12,0,2,2
45161,2023,8,23,4,1,381,18,12,1,2,2
45161,2023,8,23,4,1,116,18,12,0,2,2
45160,2023,8,22,3,2,316,3,20,0,1,1
45160,2023,8,22,3,4,226,11,20,0,1,1
45160,2023,8,22,3,4,116,80,11,0,5,3
45161,2023,8,23,4,1,116,18,12,0,3,2
45160,2023,8,22,3,4,101,52,3,1,6,2
45160,2023,8,22,3,3,242,83,21,0,2,1
45161,2023,8,23,4,1,40,67,21,0,1,1
45160,2023,8,22,3,4,40,16,12,0,2,2
45161,2023,8,23,4,2,116,82,9,1,2,2
45161,2023,8,23,4,2,60,33,10,1,2,2
45161,2023,8,23,4,2,376,83,11,1,2,2
45161,2023,8,23,4,2,163,11,20,0,1,1
45161,2023,8,23,4,2,101,52,9,1,3,2
45161,2023,8,23,4,2,153,67,15,0,4,3
45161,2023,8,23,4,2,101,83,10,0,2,2
45161,2023,8,23,4,2,101,52,9,1,2,2
45146,2023,8,8,3,3,116,67,4,0,5,5
45161,2023,8,23,4,2,116,67,9,1,4,2
45161,2023,8,23,4,2,277,80,7,0,2,2
45161,2023,8,23,4,2,280,1,11,1,2,2
45143,2023,8,5,7,3,282,83,7,0,5,2
45161,2023,8,23,4,2,222,28,7,1,5,2
45161,2023,8,23,4,2,135,67,12,0,4,4
45161,2023,8,23,4,3,116,67,7,0,2,2
45161,2023,8,23,4,3,376,11,12,1,2,2
45161,2023,8,23,4,3,381,83,21,0,1,1
45161,2023,8,23,4,3,116,28,20,1,3,1
45161,2023,8,23,4,3,101,16,9,1,2,2
45161,2023,8,23,4,3,316,14,21,1,1,1
45161,2023,8,23,4,3,290,28,21,0,3,1
45161,2023,8,23,4,3,116,67,21,0,1,1
45161,2023,8,23,4,3,101,82,7,0,4,4
45161,2023,8,23,4,3,277,67,7,0,2,2
45161,2023,8,23,4,3,267,49,4,0,1,1
45161,2023,8,23,4,3,364,14,18,0,1,1
45161,2023,8,23,4,3,116,2,4,1,1,1
45161,2023,8,23,4,4,153,28,18,0,1,1
45161,2023,8,23,4,4,376,67,20,0,1,1
45161,2023,8,23,4,3,116,13,7,0,4,2
45161,2023,8,23,4,4,376,28,18,0,1,1
45141,2023,8,3,5,4,116,67,12,1,2,2
45161,2023,8,23,4,4,70,3,21,0,1,1
45161,2023,8,23,4,4,116,20,11,1,2,2
45161,2023,8,23,4,3,285,67,21,0,1,1
45162,2023,8,24,5,1,376,67,12,0,2,2
45161,2023,8,23,4,4,116,28,18,1,1,1
45161,2023,8,23,4,4,163,82,10,0,2,2
45161,2023,8,23,4,4,381,67,21,0,1,1
45161,2023,8,23,4,4,226,80,10,0,3,3
45161,2023,8,23,4,4,381,60,2,0,2,2
45162,2023,8,24,5,1,158,49,10,0,2,2
45162,2023,8,24,5,1,376,12,12,1,2,2
45162,2023,8,24,5,1,101,67,12,0,3,2
45162,2023,8,24,5,1,364,11,12,1,2,2
45162,2023,8,24,5,1,153,28,7,0,2,2
45162,2023,8,24,5,2,40,16,12,1,2,2
45162,2023,8,24,5,1,101,83,4,0,1,1
45162,2023,8,24,5,2,101,14,4,1,3,3
45162,2023,8,24,5,2,381,65,18,0,1,1
45162,2023,8,24,5,2,405,16,12,0,2,2
45149,2023,8,11,6,3,242,16,12,0,2,2
45162,2023,8,24,5,2,376,28,18,0,1,1
45162,2023,8,24,5,2,381,83,21,0,2,1
45162,2023,8,24,5,2,116,52,9,0,5,3
45162,2023,8,24,5,2,158,80,7,0,2,2
45150,2023,8,12,7,2,282,1,7,0,2,2
45062,2023,5,16,3,4,60,13,9,0,4,2
45162,2023,8,24,5,2,316,67,4,1,2,2
45162,2023,8,24,5,2,262,1,11,0,2,2
45162,2023,8,24,5,2,116,67,4,1,1,1
45162,2023,8,24,5,2,356,82,11,0,2,2
45162,2023,8,24,5,1,158,28,18,0,1,1
45162,2023,8,24,5,2,376,11,20,0,1,1
45162,2023,8,24,5,2,101,28,21,1,3,3
45162,2023,8,24,5,2,277,67,9,0,2,2
45147,2023,8,9,4,2,70,11,21,0,1,1
45162,2023,8,24,5,2,101,78,9,1,3,3
45162,2023,8,24,5,2,101,11,4,0,3,1
45162,2023,8,24,5,2,163,33,11,1,4,3
45162,2023,8,24,5,3,50,67,21,0,2,2
45156,2023,8,18,6,3,381,67,15,1,6,4
45162,2023,8,24,5,2,101,52,4,0,2,2
45162,2023,8,24,5,3,415,81,9,1,3,2
45162,2023,8,24,5,2,282,20,11,0,3,3
45162,2023,8,24,5,3,364,30,4,0,1,1
45162,2023,8,24,5,3,373,11,9,1,2,2
45162,2023,8,24,5,3,101,22,21,0,1,1
45162,2023,8,24,5,3,470,80,7,0,3,2
45162,2023,8,24,5,3,116,82,20,0,2,1
45162,2023,8,24,5,3,381,67,15,1,9,6
45161,2023,8,23,4,2,153,1,11,0,2,2
45162,2023,8,24,5,3,381,67,9,1,3,2
45162,2023,8,24,5,3,101,52,12,0,3,3
45162,2023,8,24,5,3,101,28,21,0,1,1
45162,2023,8,24,5,2,230,1,11,1,2,2
45155,2023,8,17,5,2,153,60,2,1,2,2
45162,2023,8,24,5,3,101,11,12,0,2,2
45143,2023,8,5,7,4,116,80,7,0,3,3
45162,2023,8,24,5,3,424,12,4,0,6,3
45162,2023,8,24,5,3,70,1,11,1,3,2
45162,2023,8,24,5,3,101,67,21,0,1,1
45162,2023,8,24,5,3,163,82,10,0,3,2
45162,2023,8,24,5,3,316,2,11,1,3,2
45162,2023,8,24,5,3,465,1,11,1,2,2
45162,2023,8,24,5,2,116,67,2,1,2,2
45162,2023,8,24,5,4,459,83,7,0,3,2
45162,2023,8,24,5,3,70,1,11,1,2,2
45162,2023,8,24,5,4,101,61,2,0,2,2
45162,2023,8,24,5,4,101,9,21,0,2,2
45162,2023,8,24,5,4,470,16,12,1,3,3
45162,2023,8,24,5,4,101,1,2,1,2,2
45162,2023,8,24,5,3,316,67,12,0,2,2
45162,2023,8,24,5,4,242,28,18,0,1,1
45162,2023,8,24,5,4,232,67,7,1,3,2
45162,2023,8,24,5,4,60,67,12,0,2,2
45162,2023,8,24,5,4,470,11,12,1,2,2
45162,2023,8,24,5,4,381,3,21,0,1,1
45162,2023,8,24,5,4,277,18,20,0,1,1
45163,2023,8,25,6,1,101,17,11,1,2,2
45163,2023,8,25,6,1,277,60,2,1,2,2
45163,2023,8,25,6,1,381,18,12,0,3,2
45163,2023,8,25,6,1,116,67,12,0,2,2
45163,2023,8,25,6,1,230,14,21,1,1,1
45163,2023,8,25,6,1,116,49,7,0,2,2
45110,2023,7,3,2,2,101,83,12,0,2,2
45162,2023,8,24,5,3,428,80,7,0,5,2
45163,2023,8,25,6,2,101,67,20,1,1,1
45163,2023,8,25,6,2,364,11,21,0,1,1
45163,2023,8,25,6,2,10,80,10,0,10,2
45163,2023,8,25,6,2,40,67,9,0,3,2
45135,2023,7,28,6,4,101,1,11,1,2,2
45163,2023,8,25,6,2,101,16,12,0,3,2
45163,2023,8,25,6,2,386,1,11,1,2,2
45163,2023,8,25,6,2,364,28,21,0,1,1
45163,2023,8,25,6,2,356,52,12,1,2,2
45163,2023,8,25,6,3,290,2,9,0,2,2
45163,2023,8,25,6,2,153,16,12,0,5,2
45163,2023,8,25,6,3,282,11,12,1,3,2
45163,2023,8,25,6,3,282,18,4,0,3,2
45163,2023,8,25,6,3,116,49,21,1,2,2
45163,2023,8,25,6,2,40,16,12,0,5,4
45163,2023,8,25,6,2,101,64,9,1,2,2
45163,2023,8,25,6,3,364,2,11,1,2,2
45163,2023,8,25,6,3,101,1,9,1,2,2
45163,2023,8,25,6,3,50,52,9,0,2,2
45163,2023,8,25,6,2,230,28,18,0,1,1
45163,2023,8,25,6,2,364,16,12,0,1,1
45163,2023,8,25,6,3,163,15,12,0,3,3
45163,2023,8,25,6,3,235,28,7,0,2,2
45163,2023,8,25,6,3,101,33,11,0,2,2
45163,2023,8,25,6,3,116,67,12,0,2,2
45163,2023,8,25,6,3,262,52,9,1,3,2
45112,2023,7,5,4,2,116,11,12,1,2,2
45163,2023,8,25,6,3,354,11,21,0,1,1
45163,2023,8,25,6,3,277,61,2,1,2,2
45163,2023,8,25,6,3,40,28,12,0,50,2
45163,2023,8,25,6,4,324,11,12,0,2,2
45163,2023,8,25,6,4,282,80,7,0,2,2
45163,2023,8,25,6,3,364,16,7,0,4,3
45163,2023,8,25,6,3,470,67,11,0,3,2
45163,2023,8,25,6,3,280,67,11,1,9,3
45163,2023,8,25,6,4,116,52,9,1,3,2
45163,2023,8,25,6,4,364,67,4,1,1,1
45163,2023,8,25,6,4,101,80,10,1,2,2
45163,2023,8,25,6,4,287,83,11,0,3,2
45163,2023,8,25,6,4,262,83,21,0,1,1
45163,2023,8,25,6,3,70,67,12,0,7,4
45163,2023,8,25,6,4,349,52,7,0,2,2
45164,2023,8,26,7,1,20,16,12,1,2,2
45163,2023,8,25,6,4,116,11,12,1,3,3
45163,2023,8,25,6,4,163,11,20,0,4,1
45164,2023,8,26,7,1,262,18,20,0,1,1
45163,2023,8,25,6,4,116,11,4,1,1,1
45163,2023,8,25,6,4,267,80,7,0,2,2
45163,2023,8,25,6,4,282,49,7,0,3,3
45164,2023,8,26,7,1,153,11,12,0,2,2
45164,2023,8,26,7,1,364,18,21,0,1,1
45164,2023,8,26,7,1,324,11,21,0,1,1
45164,2023,8,26,7,1,232,67,10,0,3,2
45164,2023,8,26,7,1,381,83,4,1,2,2
45164,2023,8,26,7,1,230,80,7,0,3,2
45164,2023,8,26,7,1,277,67,10,0,3,3
45164,2023,8,26,7,1,40,52,9,0,5,5
45163,2023,8,25,6,3,381,16,12,0,3,2
45164,2023,8,26,7,2,381,83,9,0,2,2
45164,2023,8,26,7,2,116,83,21,0,1,1
45164,2023,8,26,7,1,316,67,9,0,3,2
45136,2023,7,29,7,2,101,11,12,0,2,2
45164,2023,8,26,7,2,101,65,3,0,2,1
45161,2023,8,23,4,2,365,18,10,0,2,2
45164,2023,8,26,7,1,364,67,4,1,1,1
45164,2023,8,26,7,2,364,80,10,0,3,2
45157,2023,8,19,7,2,153,51,10,0,3,3
45164,2023,8,26,7,1,116,60,2,0,5,2
45164,2023,8,26,7,2,40,67,21,0,1,1
45164,2023,8,26,7,2,262,80,7,0,4,2
45164,2023,8,26,7,2,116,15,4,0,3,2
45164,2023,8,26,7,2,101,65,21,0,2,1
45164,2023,8,26,7,2,116,20,9,1,3,2
45164,2023,8,26,7,2,101,1,9,1,5,2
45164,2023,8,26,7,2,155,11,20,0,1,1
45164,2023,8,26,7,2,101,51,21,1,2,1
45164,2023,8,26,7,2,392,11,12,0,2,2
45164,2023,8,26,7,3,153,82,9,0,2,2