id_data,ano,mes,dia,id_dia_semana,periodo,br,id_causa_acidente,id_tipo_acidente,id_uso_solo,pessoas,veiculos
45164,2023,8,26,7,3,376,49,20,0,1,1
45148,2023,8,10,5,1,163,11,21,0,1,1
45164,2023,8,26,7,3,230,67,12,0,2,2
45164,2023,8,26,7,3,40,11,9,1,3,2
45164,2023,8,26,7,3,163,67,20,1,1,1
45112,2023,7,5,4,2,365,11,20,0,1,1
45164,2023,8,26,7,2,381,16,12,0,3,2
45161,2023,8,23,4,1,476,83,21,0,1,1
45164,2023,8,26,7,3,116,83,7,0,4,2
45156,2023,8,18,6,3,277,81,12,1,2,2
45164,2023,8,26,7,3,163,49,10,0,2,2
45164,2023,8,26,7,3,158,67,21,0,1,1
45164,2023,8,26,7,3,116,28,18,0,1,1
45164,2023,8,26,7,4,364,80,7,0,2,2
45164,2023,8,26,7,3,163,4,2,1,4,3
45138,2023,7,31,2,3,10,82,12,0,3,3
45164,2023,8,26,7,4,101,49,7,0,3,2
45164,2023,8,26,7,1,153,18,21,0,1,1
45164,2023,8,26,7,4,60,11,12,0,3,2
45164,2023,8,26,7,4,50,35,2,0,3,2
45164,2023,8,26,7,3,174,14,21,1,1,1
45164,2023,8,26,7,3,30,21,7,0,3,2
45164,2023,8,26,7,4,381,11,20,0,2,1
45165,2023,8,27,1,1,163,1,11,1,3,2
45165,2023,8,27,1,1,381,67,12,0,3,2
45165,2023,8,27,1,1,101,60,2,1,2,2
45165,2023,8,27,1,1,116,49,7,0,5,2
45165,2023,8,27,1,2,116,83,7,0,2,2
45165,2023,8,27,1,2,421,20,11,1,2,2
45165,2023,8,27,1,2,153,67,20,0,1,1
45165,2023,8,27,1,2,364,67,21,0,1,1
45165,2023,8,27,1,2,364,16,15,0,6,2
45165,2023,8,27,1,2,251,82,10,0,4,4
45165,2023,8,27,1,3,381,52,9,1,2,2
45153,2023,8,15,3,2,343,16,9,0,3,3
45165,2023,8,27,1,3,153,11,21,0,1,1
45165,2023,8,27,1,3,381,83,7,0,2,2
45165,2023,8,27,1,3,116,67,12,0,3,2
45165,2023,8,27,1,1,407,67,21,0,1,1
45165,2023,8,27,1,3,369,1,11,1,4,2
45165,2023,8,27,1,3,277,1,12,1,5,2
45165,2023,8,27,1,3,116,67,12,0,2,2
45165,2023,8,27,1,3,407,82,10,0,4,2
45165,2023,8,27,1,2,428,28,3,0,2,1
45165,2023,8,27,1,3,493,15,7,1,6,2
45165,2023,8,27,1,4,101,67,12,0,4,2
45165,2023,8,27,1,4,116,67,20,0,1,1
45165,2023,8,27,1,4,163,1,11,0,3,2
45165,2023,8,27,1,4,381,52,9,1,3,2
45165,2023,8,27,1,4,116,11,12,0,3,2
45165,2023,8,27,1,4,40,11,11,1,4,2
45165,2023,8,27,1,4,101,49,7,1,3,3
45165,2023,8,27,1,4,242,1,11,0,2,2
45165,2023,8,27,1,4,163,67,21,0,2,1
45166,2023,8,28,2,1,381,83,21,0,1,1
45165,2023,8,27,1,4,80,67,20,0,2,1
45165,2023,8,27,1,4,174,80,7,0,2,2
45166,2023,8,28,2,1,376,65,4,0,2,2
45165,2023,8,27,1,3,101,17,11,1,4,2
45165,2023,8,27,1,3,435,82,20,0,2,2
45129,2023,7,22,7,4,101,49,12,1,2,2
45166,2023,8,28,2,1,116,28,18,1,1,1
45166,2023,8,28,2,1,369,1,11,1,2,2
45166,2023,8,28,2,1,110,83,12,0,2,2
45166,2023,8,28,2,1,277,52,12,1,2,2
45166,2023,8,28,2,2,472,9,1,0,4,2
45166,2023,8,28,2,1,163,16,12,0,2,2
45165,2023,8,27,1,2,316,33,11,1,3,2
45166,2023,8,28,2,1,316,82,10,0,5,2
45166,2023,8,28,2,2,376,11,20,0,2,1
45166,2023,8,28,2,2,101,11,9,0,2,2
45166,2023,8,28,2,2,277,52,20,0,3,2
45166,2023,8,28,2,2,101,83,4,0,1,1
45166,2023,8,28,2,2,116,80,10,0,2,2
45166,2023,8,28,2,2,153,52,20,0,2,2
45166,2023,8,28,2,2,230,11,20,0,2,1
45166,2023,8,28,2,2,116,13,21,0,3,2
45166,2023,8,28,2,2,222,67,12,0,4,3
45166,2023,8,28,2,2,262,52,9,0,2,2
45166,2023,8,28,2,2,381,83,12,0,2,2
45166,2023,8,28,2,2,101,15,21,0,1,1
45123,2023,7,16,1,2,153,16,12,0,6,5
45166,2023,8,28,2,2,101,16,12,0,3,2
45166,2023,8,28,2,2,251,65,20,0,1,1
45166,2023,8,28,2,2,230,1,20,0,2,2
45166,2023,8,28,2,2,316,61,2,1,3,2
45166,2023,8,28,2,2,116,1,11,0,3,2
45106,2023,6,29,5,2,116,67,21,0,1,1
45166,2023,8,28,2,2,280,82,9,0,2,2
45166,2023,8,28,2,2,495,28,18,0,1,1
45166,2023,8,28,2,2,101,18,7,0,3,2
45166,2023,8,28,2,2,163,28,20,0,1,1
45166,2023,8,28,2,3,116,1,9,0,2,2
45166,2023,8,28,2,3,116,11,15,0,5,3
45166,2023,8,28,2,3,285,28,21,1,1,1
45166,2023,8,28,2,3,101,83,12,0,2,2
45166,2023,8,28,2,3,386,11,12,1,4,3
45166,2023,8,28,2,3,393,18,20,0,1,1
45166,2023,8,28,2,1,116,28,18,0,1,1
45166,2023,8,28,2,3,163,85,10,0,3,3
45166,2023,8,28,2,3,316,20,12,1,5,5
45166,2023,8,28,2,3,282,82,9,0,3,3
45166,2023,8,28,2,3,365,11,20,0,1,1
45166,2023,8,28,2,4,262,15,7,0,3,3
45166,2023,8,28,2,4,282,82,7,0,3,3
45166,2023,8,28,2,4,153,1,11,0,2,2
45166,2023,8,28,2,4,381,16,12,0,4,2
45166,2023,8,28,2,3,116,11,12,0,4,3
45166,2023,8,28,2,3,316,80,7,0,3,2
45166,2023,8,28,2,4,472,60,2,0,3,2
45166,2023,8,28,2,3,163,67,10,0,7,3
45166,2023,8,28,2,4,381,64,20,0,6,6
45167,2023,8,29,3,1,116,67,4,0,1,1
45167,2023,8,29,3,1,376,67,12,1,2,2
45167,2023,8,29,3,1,251,49,9,1,3,2
45167,2023,8,29,3,1,116,11,12,0,2,2
45166,2023,8,28,2,4,101,16,12,1,2,2
45167,2023,8,29,3,2,116,18,12,0,2,2
45167,2023,8,29,3,2,116,67,10,1,3,2
45167,2023,8,29,3,2,40,15,7,0,2,2
45167,2023,8,29,3,2,448,1,9,0,2,2
45167,2023,8,29,3,2,40,65,12,0,6,2
45167,2023,8,29,3,2,376,83,21,0,1,1
45167,2023,8,29,3,2,101,80,10,1,2,2
45143,2023,8,5,7,1,116,36,12,0,2,2
45167,2023,8,29,3,2,163,67,9,0,2,2
45167,2023,8,29,3,2,290,52,9,0,3,2
45167,2023,8,29,3,1,163,67,12,0,2,2
45167,2023,8,29,3,2,319,67,12,1,3,3
45167,2023,8,29,3,1,222,83,20,0,1,1
45167,2023,8,29,3,3,101,11,9,1,3,2
45111,2023,7,4,3,1,30,18,7,0,3,2
45144,2023,8,6,1,3,262,28,15,0,3,3
45167,2023,8,29,3,3,101,52,11,1,2,2
45167,2023,8,29,3,3,381,18,9,0,2,2
45167,2023,8,29,3,3,116,67,3,0,3,2
45167,2023,8,29,3,3,104,83,12,1,2,2
45167,2023,8,29,3,3,262,15,7,0,2,2
45167,2023,8,29,3,3,60,1,9,0,2,2
45167,2023,8,29,3,3,324,52,9,0,2,2
45167,2023,8,29,3,4,376,1,11,0,5,2
45167,2023,8,29,3,4,10,1,9,1,2,2
45167,2023,8,29,3,4,116,16,12,0,2,2
45167,2023,8,29,3,4,135,28,18,0,1,1
45167,2023,8,29,3,4,101,67,12,1,3,3
45166,2023,8,28,2,3,230,67,20,0,3,3
45167,2023,8,29,3,4,290,11,9,0,2,2
45167,2023,8,29,3,4,282,12,12,0,3,2
45167,2023,8,29,3,4,163,67,12,0,2,2
45167,2023,8,29,3,4,50,67,20,0,1,1
45168,2023,8,30,4,1,222,67,21,0,1,1
45168,2023,8,30,4,1,369,49,12,0,4,4
45168,2023,8,30,4,1,116,67,12,0,2,2
45168,2023,8,30,4,1,277,80,7,0,3,2
45167,2023,8,29,3,4,393,11,2,1,5,4
45168,2023,8,30,4,1,277,52,9,1,2,2
45168,2023,8,30,4,1,470,80,10,0,2,2
45167,2023,8,29,3,4,324,11,12,0,3,2
45168,2023,8,30,4,2,40,11,3,0,1,1
45168,2023,8,30,4,1,381,14,14,0,3,2
45167,2023,8,29,3,4,364,18,21,0,1,1
45168,2023,8,30,4,2,163,1,11,0,3,2
45168,2023,8,30,4,2,470,82,10,0,2,2
45160,2023,8,22,3,3,163,80,10,0,2,2
45168,2023,8,30,4,2,101,1,11,0,4,3
45168,2023,8,30,4,2,40,78,4,0,2,2
45162,2023,8,24,5,4,116,28,20,0,1,1
45168,2023,8,30,4,2,232,16,12,0,2,2
45168,2023,8,30,4,2,470,67,7,0,3,3
45168,2023,8,30,4,2,392,80,10,0,5,3
45168,2023,8,30,4,2,230,80,7,0,4,3
45168,2023,8,30,4,3,470,82,9,1,2,2
45168,2023,8,30,4,3,393,67,12,0,5,3
45168,2023,8,30,4,3,277,28,20,0,2,1
45168,2023,8,30,4,2,110,18,10,0,3,2
45028,2023,4,12,4,3,158,28,21,0,1,1
45168,2023,8,30,4,3,262,1,11,1,2,2
45168,2023,8,30,4,3,163,4,20,0,2,1
45168,2023,8,30,4,3,277,60,2,0,3,2
45168,2023,8,30,4,3,116,67,4,1,2,2
45168,2023,8,30,4,3,277,67,7,0,2,2
45168,2023,8,30,4,3,282,67,21,0,2,1
45168,2023,8,30,4,3,418,1,11,0,2,2
45168,2023,8,30,4,4,364,20,7,0,2,2
45168,2023,8,30,4,3,50,29,21,0,1,1
45168,2023,8,30,4,4,467,52,9,0,4,3
45168,2023,8,30,4,2,163,82,7,0,5,2
45168,2023,8,30,4,3,153,67,10,0,3,2
45168,2023,8,30,4,3,316,33,11,1,2,2
45168,2023,8,30,4,4,116,67,12,0,3,2
45168,2023,8,30,4,4,116,83,21,0,1,1
45168,2023,8,30,4,4,116,28,18,1,1,1
45168,2023,8,30,4,3,364,66,21,0,2,1
45168,2023,8,30,4,2,364,41,20,0,1,1
45168,2023,8,30,4,4,50,67,4,1,1,1
45168,2023,8,30,4,4,163,11,21,0,1,1
45168,2023,8,30,4,4,116,52,9,0,4,2
45169,2023,8,31,5,1,101,80,10,1,2,2
45169,2023,8,31,5,1,316,83,21,0,1,1
45168,2023,8,30,4,3,230,67,21,0,1,1
45169,2023,8,31,5,1,376,11,20,0,1,1
45169,2023,8,31,5,1,280,83,21,0,1,1
45169,2023,8,31,5,1,116,51,20,0,1,1
45140,2023,8,2,4,2,101,1,11,1,6,2
45169,2023,8,31,5,1,116,11,4,0,1,1
45169,2023,8,31,5,2,153,82,9,1,2,2
45169,2023,8,31,5,2,101,67,9,1,3,3
45169,2023,8,31,5,2,116,11,12,1,2,2
45169,2023,8,31,5,2,381,11,20,0,1,1
45169,2023,8,31,5,2,116,81,11,1,2,2
45169,2023,8,31,5,2,163,11,12,1,2,2
45169,2023,8,31,5,2,364,67,9,1,3,2
45169,2023,8,31,5,2,222,83,21,0,2,1
45168,2023,8,30,4,4,364,80,10,0,2,2
45169,2023,8,31,5,2,222,63,10,0,2,2
45169,2023,8,31,5,2,470,82,12,0,3,3
45169,2023,8,31,5,2,222,76,9,0,2,2
45137,2023,7,30,1,3,153,67,12,1,3,2
45169,2023,8,31,5,1,435,52,10,0,2,2
45169,2023,8,31,5,2,70,83,7,0,3,2
45169,2023,8,31,5,2,364,67,9,0,2,2
45169,2023,8,31,5,2,101,7,9,1,2,2
45169,2023,8,31,5,3,116,52,9,1,3,2
45169,2023,8,31,5,3,116,65,4,0,1,1
45169,2023,8,31,5,3,153,11,12,1,2,2
45169,2023,8,31,5,3,386,65,21,0,2,2
45169,2023,8,31,5,3,251,83,20,0,1,1
45169,2023,8,31,5,3,116,2,11,0,4,3
45169,2023,8,31,5,3,116,28,18,0,1,1
45169,2023,8,31,5,3,262,15,20,0,2,1
45169,2023,8,31,5,3,365,11,12,0,2,2
45169,2023,8,31,5,3,116,20,9,1,2,2
45169,2023,8,31,5,3,40,67,3,0,1,1
45169,2023,8,31,5,3,40,56,15,0,9,5
45164,2023,8,26,7,4,101,49,11,1,2,2
45169,2023,8,31,5,3,470,16,12,1,4,4
45169,2023,8,31,5,3,290,11,9,1,3,2
45169,2023,8,31,5,3,153,83,7,0,2,2
45169,2023,8,31,5,3,101,16,12,0,2,2
45161,2023,8,23,4,3,230,83,21,0,1,1
45169,2023,8,31,5,2,70,11,7,0,4,2
45169,2023,8,31,5,3,40,36,12,0,2,2
45169,2023,8,31,5,3,116,1,9,1,3,3
45169,2023,8,31,5,3,242,83,21,0,1,1
45169,2023,8,31,5,3,277,83,21,0,1,1
45169,2023,8,31,5,4,50,64,3,0,2,2
45169,2023,8,31,5,4,101,1,7,0,4,2
45169,2023,8,31,5,4,242,52,7,0,6,2
45169,2023,8,31,5,4,20,4,4,0,1,1
45169,2023,8,31,5,3,365,64,21,0,2,1
45169,2023,8,31,5,4,116,11,12,0,2,2
45130,2023,7,23,1,1,101,49,7,0,8,5
45117,2023,7,10,2,4,304,18,7,1,2,2
45169,2023,8,31,5,4,222,11,12,0,2,2
45170,2023,9,1,6,1,290,18,12,0,6,3
45170,2023,9,1,6,1,101,52,9,1,2,2
45170,2023,9,1,6,1,116,11,20,0,2,1
45170,2023,9,1,6,1,101,67,20,0,1,1
45170,2023,9,1,6,1,40,83,10,1,2,2
45170,2023,9,1,6,1,116,11,12,1,2,2
45170,2023,9,1,6,1,101,67,12,1,2,2
45170,2023,9,1,6,2,116,11,15,0,4,4
45169,2023,8,31,5,3,364,3,21,0,1,1
45170,2023,9,1,6,2,40,16,12,1,2,2
45170,2023,9,1,6,1,70,20,10,0,2,2
45170,2023,9,1,6,2,40,3,20,0,4,2
45170,2023,9,1,6,2,277,11,12,1,3,2
45170,2023,9,1,6,2,153,16,12,1,2,2
45170,2023,9,1,6,2,290,80,10,0,6,4
45142,2023,8,4,6,3,230,11,12,1,6,5
45170,2023,9,1,6,2,287,1,11,0,4,2
45170,2023,9,1,6,2,155,67,20,0,1,1
45170,2023,9,1,6,2,116,67,12,1,2,2
45170,2023,9,1,6,2,40,28,12,1,3,2
45170,2023,9,1,6,2,116,67,4,0,1,1
45170,2023,9,1,6,2,10,3,10,0,2,2
45170,2023,9,1,6,2,153,16,12,1,2,2
45170,2023,9,1,6,2,50,83,12,0,2,2
45170,2023,9,1,6,2,470,83,10,0,2,2
45170,2023,9,1,6,3,116,52,9,0,2,2
45170,2023,9,1,6,3,40,83,4,0,1,1
45170,2023,9,1,6,3,476,11,12,0,2,2
45170,2023,9,1,6,3,242,52,10,0,2,2
45170,2023,9,1,6,3,101,11,9,1,3,2
45170,2023,9,1,6,3,153,82,9,0,2,2
45170,2023,9,1,6,2,116,3,21,0,1,1
45170,2023,9,1,6,3,316,1,11,1,2,2
45169,2023,8,31,5,3,163,83,21,0,1,1
45170,2023,9,1,6,3,50,28,18,0,1,1
45170,2023,9,1,6,3,116,16,12,1,2,2
45170,2023,9,1,6,3,376,67,21,0,2,1
45170,2023,9,1,6,3,364,11,12,0,2,2
45170,2023,9,1,6,3,282,28,20,0,2,1
45170,2023,9,1,6,4,101,67,9,1,3,3
45170,2023,9,1,6,3,470,1,11,1,2,2
45170,2023,9,1,6,3,116,67,12,1,2,2
45170,2023,9,1,6,2,163,16,12,0,2,2
45170,2023,9,1,6,3,373,67,10,0,3,2
45170,2023,9,1,6,3,304,65,18,1,1,1
45170,2023,9,1,6,4,101,44,12,0,3,2
45170,2023,9,1,6,2,364,5,21,0,1,1
45170,2023,9,1,6,3,101,1,11,1,2,2
45170,2023,9,1,6,4,277,82,10,0,3,3
45170,2023,9,1,6,4,116,82,7,0,3,2
45170,2023,9,1,6,3,163,1,12,0,2,2
45170,2023,9,1,6,4,343,18,10,0,2,2
45170,2023,9,1,6,4,242,49,10,0,2,2
45170,2023,9,1,6,4,101,16,12,0,2,2
45170,2023,9,1,6,3,101,1,11,0,2,2
45170,2023,9,1,6,4,163,1,9,1,5,3
45170,2023,9,1,6,4,230,80,7,0,3,2
45171,2023,9,2,7,1,364,80,7,0,6,2
45171,2023,9,2,7,1,381,18,20,0,1,1
45171,2023,9,2,7,1,364,83,20,0,1,1
45171,2023,9,2,7,1,101,18,21,1,1,1
45171,2023,9,2,7,1,116,78,21,1,2,2
45171,2023,9,2,7,1,381,80,7,1,4,3
45103,2023,6,26,2,3,101,61,2,1,3,2
45171,2023,9,2,7,1,153,49,10,0,2,2
45170,2023,9,1,6,4,381,29,21,0,2,1
45171,2023,9,2,7,2,376,80,10,1,2,2
45171,2023,9,2,7,2,376,83,21,0,1,1
45171,2023,9,2,7,2,364,16,12,1,2,2
45113,2023,7,6,5,2,471,51,4,1,1,1
45171,2023,9,2,7,1,381,18,20,0,1,1
45171,2023,9,2,7,2,376,67,9,1,3,2
45171,2023,9,2,7,2,365,52,9,1,3,3
45171,2023,9,2,7,1,376,80,4,1,1,1
45171,2023,9,2,7,2,381,52,9,0,2,2
45171,2023,9,2,7,2,324,52,12,0,2,2
45171,2023,9,2,7,2,235,1,11,0,4,2
45171,2023,9,2,7,2,277,80,10,0,5,2
45171,2023,9,2,7,2,259,80,7,0,2,2
45171,2023,9,2,7,2,163,15,7,0,2,2
45171,2023,9,2,7,2,174,80,7,0,2,2
45171,2023,9,2,7,2,316,1,7,0,2,2
45171,2023,9,2,7,2,158,83,7,0,2,2
45171,2023,9,2,7,2,282,67,20,1,1,1
45171,2023,9,2,7,3,116,19,20,1,2,1
45171,2023,9,2,7,3,60,14,3,1,4,2
45171,2023,9,2,7,3,376,52,12,0,2,2
45171,2023,9,2,7,3,222,38,10,0,3,3
45171,2023,9,2,7,3,40,65,12,0,4,2
45171,2023,9,2,7,3,277,55,12,0,94,82
45171,2023,9,2,7,3,153,2,9,1,2,2
45171,2023,9,2,7,3,101,52,9,0,3,2
45171,2023,9,2,7,4,60,16,3,1,5,3
45111,2023,7,4,3,4,101,35,2,0,2,2
45171,2023,9,2,7,3,277,67,20,0,2,2
45171,2023,9,2,7,3,101,83,21,0,1,1
45171,2023,9,2,7,3,232,82,9,1,3,3
45171,2023,9,2,7,4,262,18,21,0,1,1
45171,2023,9,2,7,4,116,28,4,1,1,1
45171,2023,9,2,7,4,316,80,7,1,2,2
45171,2023,9,2,7,4,116,18,21,0,1,1
45171,2023,9,2,7,4,101,80,7,0,2,2
45171,2023,9,2,7,4,316,16,12,1,2,2
45171,2023,9,2,7,4,290,49,12,0,8,3
45171,2023,9,2,7,4,392,35,2,1,2,2
45172,2023,9,3,1,1,287,80,10,0,2,2
45172,2023,9,3,1,1,101,80,7,0,2,2
45171,2023,9,2,7,3,101,21,21,0,1,1
45172,2023,9,3,1,1,101,28,21,0,2,1
45172,2023,9,3,1,1,153,18,10,0,3,2
45172,2023,9,3,1,1,290,67,7,0,2,2
45172,2023,9,3,1,1,40,80,7,1,2,2
45171,2023,9,2,7,4,163,11,4,1,1,1
45172,2023,9,3,1,1,376,18,12,0,3,2
45172,2023,9,3,1,1,376,11,4,1,2,2
45033,2023,4,17,2,1,116,11,12,0,3,2
45171,2023,9,2,7,1,153,7,21,0,1,1
45172,2023,9,3,1,1,376,67,12,0,4,3
45171,2023,9,2,7,3,407,49,7,0,3,2
45172,2023,9,3,1,2,163,80,7,0,2,2
45172,2023,9,3,1,1,226,16,20,0,4,3
45172,2023,9,3,1,2,101,33,11,1,2,2
45172,2023,9,3,1,2,163,82,9,0,2,2
45172,2023,9,3,1,2,392,11,4,0,1,1
45172,2023,9,3,1,2,153,11,20,0,1,1
45172,2023,9,3,1,2,153,67,9,0,4,2
45172,2023,9,3,1,2,50,83,21,0,1,1
45172,2023,9,3,1,2,285,83,10,0,2,2
45028,2023,4,12,4,2,101,83,12,0,5,3
45172,2023,9,3,1,2,153,20,11,1,3,2
45172,2023,9,3,1,2,174,52,9,0,5,2
45172,2023,9,3,1,3,116,83,14,0,1,1
45172,2023,9,3,1,2,364,16,12,0,2,2
45171,2023,9,2,7,3,251,67,21,0,1,1
45172,2023,9,3,1,2,163,28,12,0,4,2
45172,2023,9,3,1,2,20,80,10,0,3,3
45172,2023,9,3,1,3,101,49,12,1,2,2
45172,2023,9,3,1,3,386,11,10,0,3,2
45172,2023,9,3,1,3,452,80,12,0,7,4
45172,2023,9,3,1,3,101,83,21,0,1,1
45172,2023,9,3,1,3,376,16,12,0,2,2
45172,2023,9,3,1,3,60,1,9,0,3,2
45141,2023,8,3,5,1,101,80,7,1,2,2
45172,2023,9,3,1,3,222,3,20,0,1,1
45172,2023,9,3,1,4,381,67,4,0,2,2
45004,2023,3,19,1,3,116,20,11,1,4,2
45172,2023,9,3,1,4,381,49,9,0,3,2
45172,2023,9,3,1,4,386,80,10,0,2,2
45172,2023,9,3,1,4,101,18,20,0,1,1
45172,2023,9,3,1,4,116,11,4,1,1,1
45172,2023,9,3,1,4,262,67,9,0,2,2
45172,2023,9,3,1,4,60,1,11,1,3,2
45172,2023,9,3,1,4,242,81,2,0,2,2
45172,2023,9,3,1,4,468,33,11,0,3,2
45173,2023,9,4,2,1,386,64,4,0,2,2
45173,2023,9,4,2,1,230,14,14,0,1,1
45173,2023,9,4,2,1,101,1,2,1,2,2
45173,2023,9,4,2,1,381,18,4,0,1,1
45173,2023,9,4,2,2,40,67,12,1,2,2
45173,2023,9,4,2,1,163,49,20,1,1,1
45173,2023,9,4,2,1,60,72,11,1,2,2
45173,2023,9,4,2,2,381,52,12,1,2,2
45173,2023,9,4,2,2,262,52,9,1,2,2
45173,2023,9,4,2,2,153,16,12,1,4,3
45173,2023,9,4,2,2,480,83,20,1,1,1
45172,2023,9,3,1,4,282,28,18,0,1,1
45173,2023,9,4,2,2,101,52,9,0,3,2
45173,2023,9,4,2,2,153,2,9,1,4,3
45171,2023,9,2,7,4,153,48,7,0,3,3
45172,2023,9,3,1,4,376,49,10,0,2,2
45129,2023,7,22,7,2,381,18,12,1,4,2
45173,2023,9,4,2,2,116,1,12,1,3,3
45173,2023,9,4,2,2,174,13,4,0,2,2
45173,2023,9,4,2,2,50,18,20,0,3,3
45173,2023,9,4,2,2,282,1,11,1,2,2
45173,2023,9,4,2,2,60,11,9,1,2,2
45161,2023,8,23,4,3,116,82,7,0,3,3
45173,2023,9,4,2,2,50,67,20,0,1,1
45173,2023,9,4,2,2,116,67,4,1,1,1
45173,2023,9,4,2,2,316,61,2,1,3,2
45173,2023,9,4,2,2,104,83,10,0,5,3
45173,2023,9,4,2,2,493,11,10,1,4,3
45173,2023,9,4,2,2,116,21,21,0,1,1
45173,2023,9,4,2,2,381,16,15,0,4,4
45173,2023,9,4,2,3,101,28,18,0,1,1
45173,2023,9,4,2,3,369,67,12,1,9,2
45173,2023,9,4,2,2,267,65,20,0,2,1
45164,2023,8,26,7,2,10,80,10,0,2,2
45096,2023,6,19,2,4,50,18,20,0,1,1
45135,2023,7,28,6,2,40,82,9,0,5,2
45173,2023,9,4,2,2,163,67,12,0,2,2
45173,2023,9,4,2,3,116,28,18,1,1,1
45173,2023,9,4,2,3,376,49,9,1,3,3
45147,2023,8,9,4,3,158,63,7,0,3,2
45173,2023,9,4,2,3,158,1,9,0,2,2
45173,2023,9,4,2,3,101,11,9,0,2,2
45173,2023,9,4,2,3,116,16,15,1,3,3
45173,2023,9,4,2,3,153,33,11,0,3,3
45173,2023,9,4,2,3,101,78,9,0,3,2
45173,2023,9,4,2,3,101,16,12,0,3,3
45173,2023,9,4,2,3,174,1,7,1,2,2
45173,2023,9,4,2,3,116,29,20,0,2,1
45125,2023,7,18,3,3,392,80,7,0,2,2
45173,2023,9,4,2,3,101,33,11,0,2,2
45173,2023,9,4,2,4,376,12,20,0,1,1
45173,2023,9,4,2,3,101,28,20,0,1,1
45173,2023,9,4,2,4,20,16,12,0,3,2
45173,2023,9,4,2,4,282,11,20,0,1,1
45173,2023,9,4,2,4,316,30,18,0,1,1
45174,2023,9,5,3,1,50,67,9,0,3,2
45174,2023,9,5,3,1,70,17,11,1,3,2
45174,2023,9,5,3,2,381,1,9,1,3,3
45174,2023,9,5,3,2,116,83,12,1,4,2
45174,2023,9,5,3,2,101,16,12,1,2,2
45174,2023,9,5,3,2,101,78,9,1,4,3
45174,2023,9,5,3,2,262,82,7,0,3,3
45174,2023,9,5,3,2,376,67,12,1,4,3
45174,2023,9,5,3,2,101,16,12,0,3,2
45174,2023,9,5,3,2,153,67,2,0,4,3
45154,2023,8,16,4,2,364,30,18,0,1,1
45174,2023,9,5,3,1,153,52,4,1,1,1
45174,2023,9,5,3,2,60,52,20,0,2,2
45174,2023,9,5,3,2,116,80,7,0,2,2
45174,2023,9,5,3,2,153,18,12,0,3,2
45174,2023,9,5,3,2,210,1,12,1,2,2
45174,2023,9,5,3,2,116,81,12,1,5,4
45174,2023,9,5,3,2,343,1,11,1,2,2
45146,2023,8,8,3,3,381,1,11,0,2,2
45174,2023,9,5,3,3,262,11,9,0,3,2
45174,2023,9,5,3,3,101,67,21,1,3,1
45174,2023,9,5,3,3,381,21,21,0,2,1
45121,2023,7,14,6,2,364,28,20,0,1,1
45174,2023,9,5,3,3,116,52,9,1,2,2
45174,2023,9,5,3,3,116,11,9,0,7,4
45114,2023,7,7,6,3,104,12,12,0,3,3
45174,2023,9,5,3,3,70,4,12,0,15,5
45174,2023,9,5,3,2,364,82,9,0,3,3
45174,2023,9,5,3,2,376,11,21,0,1,1
45081,2023,6,4,1,4,163,28,18,0,1,1
45174,2023,9,5,3,3,20,67,7,0,6,3
45174,2023,9,5,3,1,163,18,12,1,2,2
45174,2023,9,5,3,3,262,83,12,0,2,2
45174,2023,9,5,3,2,226,22,21,0,2,1
45078,2023,6,1,5,3,452,82,7,0,5,4
45174,2023,9,5,3,3,116,78,9,1,2,2
45174,2023,9,5,3,3,10,67,7,0,6,2
45174,2023,9,5,3,3,230,2,9,1,2,2
45174,2023,9,5,3,3,392,82,9,0,5,4
45154,2023,8,16,4,1,70,18,7,0,3,2
45174,2023,9,5,3,4,116,11,4,0,2,2
45174,2023,9,5,3,4,101,67,11,1,3,2
45174,2023,9,5,3,3,381,22,20,0,6,3
45174,2023,9,5,3,4,376,16,12,1,4,2
45174,2023,9,5,3,4,282,2,11,0,2,2
45174,2023,9,5,3,4,116,11,20,0,1,1
45174,2023,9,5,3,4,50,67,12,0,5,2
45174,2023,9,5,3,4,101,28,18,0,1,1
45174,2023,9,5,3,4,116,11,9,1,3,3
45174,2023,9,5,3,4,153,49,12,1,2,2
45174,2023,9,5,3,4,116,60,2,1,2,2
45174,2023,9,5,3,4,277,67,12,0,3,3
45174,2023,9,5,3,4,316,11,11,1,2,2
45175,2023,9,6,4,1,381,67,21,0,1,1
45175,2023,9,6,4,1,101,18,20,0,2,1
45175,2023,9,6,4,1,364,67,12,0,2,2
45174,2023,9,5,3,2,381,52,11,1,4,3
45174,2023,9,5,3,3,101,67,21,0,1,1
45175,2023,9,6,4,2,101,52,9,1,3,3
45175,2023,9,6,4,2,101,11,12,1,2,2
45175,2023,9,6,4,2,101,67,12,0,4,4
45175,2023,9,6,4,2,381,14,21,0,2,1
45175,2023,9,6,4,2,101,1,11,0,2,2
45174,2023,9,5,3,4,135,11,7,0,4,3
45155,2023,8,17,5,2,116,13,4,1,2,2
45175,2023,9,6,4,2,101,28,18,1,2,1
45175,2023,9,6,4,2,163,4,12,1,2,2
45170,2023,9,1,6,1,267,83,21,0,1,1
45175,2023,9,6,4,2,101,11,12,1,3,2
45114,2023,7,7,6,3,101,28,20,0,3,2
45175,2023,9,6,4,2,230,82,10,1,2,2
45175,2023,9,6,4,2,116,83,21,0,3,3
45175,2023,9,6,4,2,163,44,21,0,2,1
45175,2023,9,6,4,2,101,67,9,0,2,2
45175,2023,9,6,4,2,101,67,14,0,1,1
45175,2023,9,6,4,2,116,80,10,0,9,4
45175,2023,9,6,4,2,242,67,21,0,2,1
45175,2023,9,6,4,3,408,11,12,0,3,3
45175,2023,9,6,4,3,316,34,21,0,6,2