id_data,ano,mes,dia,id_dia_semana,periodo,br,id_causa_acidente,id_tipo_acidente,id_uso_solo,pessoas,veiculos
45171,2023,9,2,7,2,153,85,7,0,2,2
45175,2023,9,6,4,3,101,83,20,0,1,1
45175,2023,9,6,4,3,369,67,12,1,5,4
45175,2023,9,6,4,3,116,52,9,1,2,2
45175,2023,9,6,4,3,392,67,12,0,2,2
45175,2023,9,6,4,3,40,78,12,1,2,2
45175,2023,9,6,4,3,101,16,12,1,3,2
45175,2023,9,6,4,3,116,28,18,1,1,1
45175,2023,9,6,4,3,406,35,2,1,2,2
45175,2023,9,6,4,1,407,1,2,0,2,2
45175,2023,9,6,4,3,116,78,9,1,4,3
45175,2023,9,6,4,3,376,82,9,0,5,4
45175,2023,9,6,4,3,70,20,11,1,2,2
45175,2023,9,6,4,3,324,16,15,0,7,5
45175,2023,9,6,4,3,116,49,10,0,2,2
45175,2023,9,6,4,3,324,11,12,0,4,3
45175,2023,9,6,4,3,230,67,21,0,3,1
45175,2023,9,6,4,3,282,1,11,0,4,2
45175,2023,9,6,4,4,116,83,3,1,2,2
45175,2023,9,6,4,3,452,82,7,0,7,4
45175,2023,9,6,4,4,324,16,12,1,2,2
45175,2023,9,6,4,4,104,80,7,1,2,2
45175,2023,9,6,4,4,101,67,10,0,2,2
45175,2023,9,6,4,4,381,16,9,1,3,2
45175,2023,9,6,4,4,381,35,2,1,2,2
45175,2023,9,6,4,4,324,18,12,0,27,2
45175,2023,9,6,4,4,364,67,12,0,3,2
45175,2023,9,6,4,4,163,1,9,1,2,2
45175,2023,9,6,4,4,101,80,7,0,2,2
45175,2023,9,6,4,3,20,16,9,0,4,4
45176,2023,9,7,5,1,153,67,4,1,1,1
45176,2023,9,7,5,1,116,49,7,0,11,4
45176,2023,9,7,5,1,153,46,20,0,1,1
45176,2023,9,7,5,1,70,83,21,1,1,1
45175,2023,9,6,4,3,163,64,7,0,3,3
45118,2023,7,11,3,2,116,52,10,0,2,2
45176,2023,9,7,5,2,101,52,21,1,2,2
45176,2023,9,7,5,2,101,49,9,0,2,2
45176,2023,9,7,5,1,470,49,10,0,2,2
45176,2023,9,7,5,1,381,83,4,0,2,2
45176,2023,9,7,5,2,153,1,11,0,2,2
45176,2023,9,7,5,2,101,35,2,1,2,2
45176,2023,9,7,5,2,116,67,9,0,6,2
45176,2023,9,7,5,1,116,67,20,0,1,1
45146,2023,8,8,3,4,381,67,21,0,1,1
45176,2023,9,7,5,2,20,67,10,0,8,3
45176,2023,9,7,5,2,60,1,11,1,4,3
45175,2023,9,6,4,4,470,49,9,0,2,2
45176,2023,9,7,5,2,101,11,12,0,2,2
45176,2023,9,7,5,2,364,82,7,1,4,3
45104,2023,6,27,3,2,376,44,12,0,2,2
45176,2023,9,7,5,3,40,28,20,0,5,3
45176,2023,9,7,5,3,277,16,15,1,4,4
45176,2023,9,7,5,2,70,28,18,0,1,1
45176,2023,9,7,5,2,20,14,18,0,1,1
45176,2023,9,7,5,3,277,67,11,1,4,3
45176,2023,9,7,5,3,101,16,12,1,3,2
45176,2023,9,7,5,2,242,15,21,0,1,1
45176,2023,9,7,5,3,163,16,12,1,3,2
45176,2023,9,7,5,3,116,67,7,0,2,2
45176,2023,9,7,5,3,40,1,11,0,3,2
45176,2023,9,7,5,4,163,82,7,0,8,3
45176,2023,9,7,5,3,163,56,4,0,2,1
45176,2023,9,7,5,3,230,67,21,0,1,1
45176,2023,9,7,5,4,369,49,12,1,2,2
45176,2023,9,7,5,3,316,67,7,0,4,2
45176,2023,9,7,5,3,116,67,9,0,2,2
45176,2023,9,7,5,4,163,11,12,1,4,3
45176,2023,9,7,5,3,153,14,21,1,1,1
45176,2023,9,7,5,4,101,11,12,0,2,2
45176,2023,9,7,5,4,316,49,11,0,2,2
45177,2023,9,8,6,1,116,9,1,1,1,1
45176,2023,9,7,5,3,40,28,18,0,1,1
45177,2023,9,8,6,1,158,83,21,0,1,1
45177,2023,9,8,6,1,101,2,12,0,2,2
45177,2023,9,8,6,1,488,18,12,1,2,2
45177,2023,9,8,6,1,376,18,20,0,1,1
45176,2023,9,7,5,4,101,83,20,0,1,1
45176,2023,9,7,5,3,80,18,21,0,1,1
45057,2023,5,11,5,3,101,2,2,1,2,2
45177,2023,9,8,6,2,262,11,15,1,5,5
45177,2023,9,8,6,1,235,11,12,0,2,2
45177,2023,9,8,6,2,163,80,7,0,2,2
45177,2023,9,8,6,2,116,11,12,1,2,2
45177,2023,9,8,6,2,381,11,9,0,2,2
45157,2023,8,19,7,2,471,80,11,1,8,3
45177,2023,9,8,6,2,101,78,9,1,2,2
45177,2023,9,8,6,2,40,83,21,0,1,1
45177,2023,9,8,6,2,116,67,9,0,2,2
45177,2023,9,8,6,2,116,67,21,0,2,1
45177,2023,9,8,6,2,267,51,7,0,6,4
45177,2023,9,8,6,2,262,80,10,0,2,2
45177,2023,9,8,6,2,381,83,9,0,2,2
45177,2023,9,8,6,2,10,1,11,0,5,2
45177,2023,9,8,6,2,116,67,12,1,3,3
45177,2023,9,8,6,2,163,80,7,0,2,2
45177,2023,9,8,6,2,364,82,9,1,3,3
45177,2023,9,8,6,2,282,6,21,0,1,1
45177,2023,9,8,6,2,50,83,20,0,2,2
45177,2023,9,8,6,2,222,72,7,1,2,2
45171,2023,9,2,7,2,316,33,11,0,3,2
45177,2023,9,8,6,3,381,67,12,0,2,2
45177,2023,9,8,6,3,116,67,12,1,2,2
45177,2023,9,8,6,2,163,11,20,0,1,1
45177,2023,9,8,6,3,101,14,4,0,3,3
45177,2023,9,8,6,3,316,1,11,1,2,2
45177,2023,9,8,6,3,116,52,12,1,3,2
45177,2023,9,8,6,3,116,11,21,0,1,1
45177,2023,9,8,6,3,476,83,20,0,1,1
45177,2023,9,8,6,3,110,1,9,0,3,2
45177,2023,9,8,6,3,369,67,12,1,3,2
45177,2023,9,8,6,3,116,28,18,0,1,1
45177,2023,9,8,6,3,392,67,9,0,3,3
45177,2023,9,8,6,3,376,51,20,0,1,1
45161,2023,8,23,4,3,153,16,12,1,2,2
45177,2023,9,8,6,3,104,11,20,0,1,1
45177,2023,9,8,6,3,158,11,20,0,4,1
45177,2023,9,8,6,3,110,80,3,0,3,1
45177,2023,9,8,6,3,70,20,11,1,2,2
45177,2023,9,8,6,4,316,16,15,1,5,3
45177,2023,9,8,6,4,381,11,7,0,3,2
45178,2023,9,9,7,1,277,67,9,0,3,2
45178,2023,9,9,7,1,365,83,21,0,1,1
45178,2023,9,9,7,1,101,18,20,0,1,1
45178,2023,9,9,7,1,101,18,4,0,5,2
45178,2023,9,9,7,2,262,11,12,0,5,2
45177,2023,9,8,6,4,153,52,21,0,2,1
45178,2023,9,9,7,1,50,28,20,0,2,2
45178,2023,9,9,7,2,116,65,7,1,5,2
45177,2023,9,8,6,4,316,20,12,0,3,2
45149,2023,8,11,6,4,277,67,12,0,2,2
45178,2023,9,9,7,1,158,18,20,0,1,1
45178,2023,9,9,7,2,381,83,21,0,2,2
45178,2023,9,9,7,2,153,18,20,0,1,1
45178,2023,9,9,7,2,277,11,4,1,2,1
45178,2023,9,9,7,2,153,18,20,1,1,1
45178,2023,9,9,7,2,116,20,11,0,2,2
45178,2023,9,9,7,1,153,28,21,0,1,1
45178,2023,9,9,7,1,116,18,12,0,2,2
45178,2023,9,9,7,2,293,1,11,1,3,2
45178,2023,9,9,7,2,277,67,12,0,9,3
45178,2023,9,9,7,2,282,49,7,0,4,3
45178,2023,9,9,7,2,364,67,12,0,3,2
45178,2023,9,9,7,2,101,1,12,0,2,2
45178,2023,9,9,7,2,116,11,12,0,2,2
45178,2023,9,9,7,2,116,51,4,1,1,1
45178,2023,9,9,7,2,101,1,9,0,2,2
45178,2023,9,9,7,2,116,83,21,0,2,1
45178,2023,9,9,7,2,381,18,20,0,1,1
45178,2023,9,9,7,2,381,83,20,0,1,1
45178,2023,9,9,7,3,101,2,7,1,4,4
45178,2023,9,9,7,3,101,83,21,1,1,1
45178,2023,9,9,7,3,101,18,11,0,18,2
45178,2023,9,9,7,3,116,82,7,0,3,2
45178,2023,9,9,7,3,153,35,2,0,2,2
45178,2023,9,9,7,3,376,1,11,1,3,2
45178,2023,9,9,7,3,381,18,20,0,1,1
45178,2023,9,9,7,3,226,49,21,0,1,1
45178,2023,9,9,7,3,262,33,11,1,2,2
45178,2023,9,9,7,3,101,85,2,1,3,2
45178,2023,9,9,7,3,158,1,7,0,3,2
45176,2023,9,7,5,2,163,21,21,0,1,1
45178,2023,9,9,7,3,101,52,9,0,2,2
45178,2023,9,9,7,4,476,80,10,0,7,3
45178,2023,9,9,7,3,267,11,21,0,2,1
45178,2023,9,9,7,3,376,83,21,0,1,1
45178,2023,9,9,7,3,116,52,10,0,2,2
45178,2023,9,9,7,4,101,11,12,1,2,2
45178,2023,9,9,7,4,101,82,7,1,3,3
45178,2023,9,9,7,4,365,83,21,0,1,1
45178,2023,9,9,7,4,316,11,21,1,1,1
45179,2023,9,10,1,1,381,18,20,0,1,1
45179,2023,9,10,1,1,50,18,20,0,1,1
45179,2023,9,10,1,1,116,48,7,0,4,2
45178,2023,9,9,7,3,116,11,2,1,2,2
45179,2023,9,10,1,1,153,83,20,0,1,1
45289,2023,12,29,6,2,101,48,2,0,2,2
45179,2023,9,10,1,2,407,80,11,0,2,2
45179,2023,9,10,1,1,153,83,20,0,1,1
45179,2023,9,10,1,2,101,35,2,1,2,2
45179,2023,9,10,1,2,376,11,12,0,6,2
45179,2023,9,10,1,2,282,67,20,0,2,2
45179,2023,9,10,1,2,153,1,9,0,3,3
45159,2023,8,21,2,2,381,67,9,0,2,2
45179,2023,9,10,1,2,428,67,12,0,4,2
45179,2023,9,10,1,2,40,67,20,1,2,2
45179,2023,9,10,1,3,386,18,10,0,8,4
45179,2023,9,10,1,2,116,83,21,0,1,1
45179,2023,9,10,1,3,163,83,21,0,2,1
45179,2023,9,10,1,3,153,11,3,1,1,1
45179,2023,9,10,1,3,116,67,12,0,4,2
45179,2023,9,10,1,2,116,28,18,0,1,1
45179,2023,9,10,1,3,135,2,12,0,2,2
45179,2023,9,10,1,2,262,65,12,0,9,3
45179,2023,9,10,1,3,230,52,9,1,4,3
45179,2023,9,10,1,4,381,67,7,0,3,3
45179,2023,9,10,1,4,153,67,10,0,4,4
45179,2023,9,10,1,4,376,52,9,0,7,3
45179,2023,9,10,1,4,230,11,20,1,1,1
45180,2023,9,11,2,1,376,11,21,0,1,1
45179,2023,9,10,1,4,230,82,7,0,7,3
45180,2023,9,11,2,1,381,83,12,1,2,2
45180,2023,9,11,2,1,470,3,7,0,2,2
45064,2023,5,18,5,3,70,83,21,0,1,1
45180,2023,9,11,2,2,153,80,7,0,5,2
45180,2023,9,11,2,2,163,28,18,0,1,1
45180,2023,9,11,2,2,10,2,7,1,2,2
45180,2023,9,11,2,2,364,16,9,1,3,2
45128,2023,7,21,6,4,101,52,7,0,2,2
45180,2023,9,11,2,1,324,18,7,0,3,2
45180,2023,9,11,2,2,369,33,11,0,2,2
45180,2023,9,11,2,2,116,83,12,1,4,2
45180,2023,9,11,2,2,459,2,12,0,5,3
45180,2023,9,11,2,2,381,28,18,0,1,1
45180,2023,9,11,2,2,135,67,11,0,2,2
45180,2023,9,11,2,2,116,83,20,0,3,2
45180,2023,9,11,2,2,146,1,2,0,3,2
45180,2023,9,11,2,2,364,52,12,1,2,2
45180,2023,9,11,2,2,287,67,12,0,4,2
45180,2023,9,11,2,2,386,67,15,0,5,3
45180,2023,9,11,2,3,392,1,11,0,2,2
45180,2023,9,11,2,3,285,80,7,0,2,2
45180,2023,9,11,2,3,467,52,9,0,3,2
45180,2023,9,11,2,3,369,51,9,1,2,2
45180,2023,9,11,2,3,277,67,12,0,2,2
45170,2023,9,1,6,3,230,28,7,0,3,2
45159,2023,8,21,2,2,116,1,2,1,2,2
45180,2023,9,11,2,3,135,16,12,1,2,2
45180,2023,9,11,2,3,470,1,11,0,2,2
45180,2023,9,11,2,3,226,52,12,0,2,2
45180,2023,9,11,2,3,101,67,21,0,1,1
45180,2023,9,11,2,3,424,49,11,0,2,2
45180,2023,9,11,2,2,365,11,4,0,3,3
45180,2023,9,11,2,4,230,11,12,0,5,2
45180,2023,9,11,2,4,101,67,4,0,1,1
45180,2023,9,11,2,4,424,11,21,0,1,1
45180,2023,9,11,2,4,364,11,12,0,3,3
45180,2023,9,11,2,4,287,67,20,0,1,1
45180,2023,9,11,2,4,116,21,21,0,1,1
45181,2023,9,12,3,1,101,16,12,1,2,2
45180,2023,9,11,2,4,226,21,21,0,1,1
45181,2023,9,12,3,1,272,11,12,1,5,2
45181,2023,9,12,3,2,232,1,12,1,3,3
45180,2023,9,11,2,4,163,50,21,0,1,1
45180,2023,9,11,2,3,101,83,21,0,1,1
45153,2023,8,15,3,1,381,83,12,1,2,2
45181,2023,9,12,3,2,116,16,9,1,5,3
45181,2023,9,12,3,2,277,16,12,1,5,3
45181,2023,9,12,3,2,365,28,21,0,6,2
45181,2023,9,12,3,2,116,67,9,0,4,2
45181,2023,9,12,3,2,290,11,12,0,2,2
45181,2023,9,12,3,2,101,52,4,1,2,2
45181,2023,9,12,3,2,364,1,9,1,3,3
45181,2023,9,12,3,2,40,52,12,0,4,2
45181,2023,9,12,3,2,277,51,7,1,3,3
45181,2023,9,12,3,2,230,16,12,1,5,4
45181,2023,9,12,3,2,277,16,12,1,6,6
45181,2023,9,12,3,2,262,83,15,0,5,5
45146,2023,8,8,3,2,101,28,12,0,2,2
45181,2023,9,12,3,2,101,1,9,1,2,2
45181,2023,9,12,3,2,158,1,2,1,4,2
45181,2023,9,12,3,2,476,11,10,0,2,2
45181,2023,9,12,3,2,364,30,18,0,1,1
45181,2023,9,12,3,2,163,80,9,0,3,3
45181,2023,9,12,3,3,101,11,12,0,2,2
45181,2023,9,12,3,3,163,83,21,0,1,1
44956,2023,1,30,2,3,393,5,7,0,2,2
45181,2023,9,12,3,1,101,35,2,1,2,2
45181,2023,9,12,3,3,116,17,7,0,4,3
45181,2023,9,12,3,3,40,16,12,1,2,2
45181,2023,9,12,3,3,280,52,9,0,2,2
45181,2023,9,12,3,3,472,12,9,1,3,2
45181,2023,9,12,3,3,116,82,9,0,3,2
45181,2023,9,12,3,2,153,16,11,1,2,2
45181,2023,9,12,3,3,392,67,7,0,2,2
45181,2023,9,12,3,3,280,61,12,1,2,2
45181,2023,9,12,3,3,40,78,9,1,2,2
45181,2023,9,12,3,3,280,82,9,1,2,2
45181,2023,9,12,3,3,487,16,12,0,2,2
45181,2023,9,12,3,3,277,67,20,0,1,1
45181,2023,9,12,3,4,277,16,9,0,2,2
45181,2023,9,12,3,3,153,6,12,0,2,2
45181,2023,9,12,3,4,116,67,20,0,1,1
45181,2023,9,12,3,4,392,41,20,0,1,1
45181,2023,9,12,3,4,381,52,9,0,4,2
45182,2023,9,13,4,1,101,49,12,1,2,2
45181,2023,9,12,3,4,101,83,21,1,1,1
45182,2023,9,13,4,1,232,83,20,1,1,1
45182,2023,9,13,4,1,242,83,20,0,2,1
45182,2023,9,13,4,1,393,18,12,0,2,2
45182,2023,9,13,4,1,101,61,2,0,2,2
45182,2023,9,13,4,1,116,18,12,0,2,2
45182,2023,9,13,4,1,116,67,20,1,1,1
45182,2023,9,13,4,2,376,67,7,0,3,3
45182,2023,9,13,4,2,381,83,21,0,1,1
45182,2023,9,13,4,1,262,82,7,0,4,4
45181,2023,9,12,3,4,101,28,12,1,2,2
45182,2023,9,13,4,2,373,1,9,1,3,2
45182,2023,9,13,4,2,364,67,9,1,2,2
45182,2023,9,13,4,2,101,67,11,1,3,2
45182,2023,9,13,4,2,424,16,12,1,3,2
45182,2023,9,13,4,2,163,67,15,0,3,3
45182,2023,9,13,4,2,364,18,7,0,2,2
45182,2023,9,13,4,2,242,28,4,0,2,2
45182,2023,9,13,4,2,163,67,12,1,3,3
45182,2023,9,13,4,2,116,52,21,0,2,2
45182,2023,9,13,4,2,116,11,15,1,5,4
45182,2023,9,13,4,2,163,1,9,1,3,2
45182,2023,9,13,4,2,163,11,12,1,2,2
45182,2023,9,13,4,2,251,82,7,0,5,2
45182,2023,9,13,4,2,381,13,4,0,2,2
45182,2023,9,13,4,2,232,67,20,1,1,1
45182,2023,9,13,4,2,392,16,12,0,3,2
45182,2023,9,13,4,2,242,28,18,0,1,1
45182,2023,9,13,4,3,116,10,2,1,2,2
45182,2023,9,13,4,2,135,67,12,0,2,2
45182,2023,9,13,4,3,101,11,9,0,4,2
45182,2023,9,13,4,3,277,16,12,0,2,2
45182,2023,9,13,4,3,101,52,9,1,3,2
45182,2023,9,13,4,3,277,82,7,0,5,2
45182,2023,9,13,4,3,116,16,12,1,5,4
45182,2023,9,13,4,2,282,11,9,1,2,2
45182,2023,9,13,4,3,262,51,20,0,1,1
45182,2023,9,13,4,3,282,80,7,0,2,2
45182,2023,9,13,4,2,135,67,21,0,1,1
45182,2023,9,13,4,2,364,82,12,0,3,2
45182,2023,9,13,4,3,222,67,7,1,2,2
45182,2023,9,13,4,3,101,83,4,0,2,1
45182,2023,9,13,4,3,373,72,11,1,2,2
45182,2023,9,13,4,3,316,67,12,0,3,2
45182,2023,9,13,4,3,285,83,10,0,3,3
45182,2023,9,13,4,3,135,1,11,0,3,2
45182,2023,9,13,4,3,277,28,4,0,2,2
45182,2023,9,13,4,4,50,49,12,0,2,2
45178,2023,9,9,7,2,101,83,20,0,1,1
45182,2023,9,13,4,4,116,60,2,1,2,2
45182,2023,9,13,4,4,277,65,20,0,1,1
45182,2023,9,13,4,4,376,83,7,0,3,3
45183,2023,9,14,5,1,40,18,21,1,3,2
45183,2023,9,14,5,1,259,67,20,0,1,1
45183,2023,9,14,5,1,135,80,7,0,2,2
45183,2023,9,14,5,1,386,80,7,1,2,2
45183,2023,9,14,5,1,116,11,21,0,2,1
45183,2023,9,14,5,1,405,11,3,0,1,1
45183,2023,9,14,5,2,470,20,11,1,2,2
45183,2023,9,14,5,2,101,11,9,1,3,3
45183,2023,9,14,5,1,381,18,21,0,1,1
45183,2023,9,14,5,2,470,11,12,1,3,3
45183,2023,9,14,5,2,163,11,15,0,5,3
45183,2023,9,14,5,2,242,11,21,0,1,1
45183,2023,9,14,5,1,364,80,7,1,2,2
45183,2023,9,14,5,2,40,28,18,0,1,1
45183,2023,9,14,5,2,116,11,9,0,4,2
45159,2023,8,21,2,3,153,11,12,0,12,6
45183,2023,9,14,5,2,290,67,20,0,2,2
45183,2023,9,14,5,2,101,1,11,0,2,2
45183,2023,9,14,5,2,153,1,11,0,3,2
45183,2023,9,14,5,2,116,52,21,1,2,2
45183,2023,9,14,5,2,476,67,21,0,2,2
45183,2023,9,14,5,2,101,5,21,0,2,2
45183,2023,9,14,5,2,20,65,18,0,1,1
45183,2023,9,14,5,2,365,16,12,0,3,3
45183,2023,9,14,5,2,280,67,20,1,1,1
45183,2023,9,14,5,2,365,36,11,0,2,2
45183,2023,9,14,5,2,376,83,12,1,4,4
45183,2023,9,14,5,2,70,80,7,0,2,2
45183,2023,9,14,5,2,116,14,4,1,1,1
45183,2023,9,14,5,3,116,65,12,0,2,2
45183,2023,9,14,5,3,468,80,7,0,3,2
45183,2023,9,14,5,2,364,11,12,0,2,2
45183,2023,9,14,5,3,60,83,12,0,2,2
45183,2023,9,14,5,3,40,14,21,0,1,1
45183,2023,9,14,5,3,101,52,9,0,4,2
45183,2023,9,14,5,3,356,1,11,0,2,2
45183,2023,9,14,5,3,316,1,11,1,2,2
45183,2023,9,14,5,3,101,67,21,1,4,3
45183,2023,9,14,5,3,493,67,12,0,3,2
45183,2023,9,14,5,3,101,67,9,1,2,2
45183,2023,9,14,5,3,50,83,21,1,1,1
45179,2023,9,10,1,3,364,36,9,0,2,2
45183,2023,9,14,5,3,376,11,21,0,1,1
45183,2023,9,14,5,2,376,83,9,1,2,2
45183,2023,9,14,5,2,30,52,9,0,7,2
45182,2023,9,13,4,1,242,67,21,0,1,1
45183,2023,9,14,5,3,277,67,20,0,1,1
45176,2023,9,7,5,2,116,18,20,0,1,1
45150,2023,8,12,7,1,70,18,21,0,1,1
45183,2023,9,14,5,4,242,67,2,0,3,2
45183,2023,9,14,5,4,277,52,12,0,4,3
45183,2023,9,14,5,4,101,1,9,1,2,2
45183,2023,9,14,5,4,381,11,12,1,3,3
45183,2023,9,14,5,3,101,83,20,1,3,2
45183,2023,9,14,5,4,50,83,20,0,1,1
45183,2023,9,14,5,3,367,52,7,0,4,2
45183,2023,9,14,5,3,235,83,21,0,1,1
45183,2023,9,14,5,4,230,1,11,1,4,2
45183,2023,9,14,5,3,153,82,7,0,3,2
45183,2023,9,14,5,3,101,11,20,0,2,1
45183,2023,9,14,5,4,101,49,12,0,2,2
45183,2023,9,14,5,4,364,52,9,1,3,2
45183,2023,9,14,5,3,319,11,7,0,7,2
45183,2023,9,14,5,4,381,83,4,1,1,1
45183,2023,9,14,5,4,381,18,20,0,1,1
45184,2023,9,15,6,1,277,80,7,0,2,2
45184,2023,9,15,6,1,101,52,9,1,6,4
45184,2023,9,15,6,1,153,18,7,0,2,2
45183,2023,9,14,5,4,50,16,12,0,2,2
45184,2023,9,15,6,2,116,11,12,1,3,2
45153,2023,8,15,3,1,40,1,12,0,12,2
45184,2023,9,15,6,1,40,83,21,0,1,1
45184,2023,9,15,6,2,116,83,21,0,1,1
45161,2023,8,23,4,2,116,11,12,0,2,2
45184,2023,9,15,6,2,101,11,20,0,2,2
45168,2023,8,30,4,3,304,52,7,0,2,2
45184,2023,9,15,6,2,364,83,20,0,1,1
45184,2023,9,15,6,2,116,11,7,1,5,2
45149,2023,8,11,6,2,393,21,21,0,1,1
45184,2023,9,15,6,2,364,28,18,0,1,1
45184,2023,9,15,6,2,242,67,20,0,1,1
45178,2023,9,9,7,1,101,18,20,0,1,1
45184,2023,9,15,6,2,381,36,12,0,2,2
45184,2023,9,15,6,2,277,83,21,0,1,1
45184,2023,9,15,6,2,272,1,9,1,2,2
45184,2023,9,15,6,2,381,83,21,0,1,1
45184,2023,9,15,6,3,277,83,21,1,1,1
45184,2023,9,15,6,3,232,65,20,0,1,1
45184,2023,9,15,6,3,101,1,11,1,3,2
45184,2023,9,15,6,3,282,16,12,1,2,2
45151,2023,8,13,1,2,493,52,10,0,3,3
45184,2023,9,15,6,3,101,11,9,1,4,2
45184,2023,9,15,6,3,40,67,4,0,2,2
45184,2023,9,15,6,3,376,11,12,1,5,4
45184,2023,9,15,6,3,153,36,12,1,2,2
45184,2023,9,15,6,2,174,67,7,0,4,3
45184,2023,9,15,6,3,232,1,20,0,2,2
45184,2023,9,15,6,3,280,20,11,1,3,3
45184,2023,9,15,6,2,280,11,7,0,2,2
45184,2023,9,15,6,3,262,35,9,0,3,2
45183,2023,9,14,5,4,251,9,1,0,1,1
45184,2023,9,15,6,3,277,11,11,0,3,2
45184,2023,9,15,6,3,376,78,9,1,4,3
45184,2023,9,15,6,3,476,83,15,0,4,4
45184,2023,9,15,6,3,158,67,12,1,2,2
45184,2023,9,15,6,3,285,1,11,0,2,2
45184,2023,9,15,6,3,493,1,12,0,6,2
45184,2023,9,15,6,2,101,83,21,0,1,1
45184,2023,9,15,6,3,153,83,20,0,1,1
45184,2023,9,15,6,3,101,82,11,1,3,2
45180,2023,9,11,2,1,116,67,12,0,3,2
45184,2023,9,15,6,3,381,49,7,0,3,2
45184,2023,9,15,6,2,174,44,15,0,3,3
45184,2023,9,15,6,3,364,52,21,0,2,2
45184,2023,9,15,6,4,163,11,21,0,1,1
45184,2023,9,15,6,4,163,20,12,0,2,2
45169,2023,8,31,5,1,101,28,18,1,1,1
45184,2023,9,15,6,4,116,83,7,0,2,2
45185,2023,9,16,7,1,116,67,12,0,3,2
45185,2023,9,16,7,1,381,83,20,1,1,1
45185,2023,9,16,7,1,101,1,7,1,3,3
45185,2023,9,16,7,1,381,18,20,0,2,1
45185,2023,9,16,7,1,386,50,9,0,2,2
45185,2023,9,16,7,1,376,83,4,0,1,1
45185,2023,9,16,7,1,465,11,10,0,2,2
45185,2023,9,16,7,2,70,1,11,0,2,2
45185,2023,9,16,7,2,423,2,4,1,2,2
45185,2023,9,16,7,2,290,2,12,0,5,3
45185,2023,9,16,7,2,116,28,18,0,1,1
45185,2023,9,16,7,2,101,83,12,1,4,2
45185,2023,9,16,7,2,343,1,11,1,5,3
45185,2023,9,16,7,3,163,37,12,0,3,2
45185,2023,9,16,7,3,116,20,9,0,2,2
45185,2023,9,16,7,3,153,49,10,0,2,2
45185,2023,9,16,7,2,116,16,15,1,3,3
45185,2023,9,16,7,3,20,11,20,1,2,1
45185,2023,9,16,7,2,262,82,9,0,4,2
45185,2023,9,16,7,3,373,1,11,1,4,3
45185,2023,9,16,7,2,80,11,10,0,2,2
45185,2023,9,16,7,3,381,11,12,1,3,3
45185,2023,9,16,7,3,163,33,11,1,6,3
45185,2023,9,16,7,3,262,16,9,1,2,2
44965,2023,2,8,4,3,230,28,20,1,1,1
45185,2023,9,16,7,3,101,11,12,0,6,2
45185,2023,9,16,7,2,153,83,21,0,1,1
45185,2023,9,16,7,4,364,11,11,1,2,2
45185,2023,9,16,7,4,373,1,11,1,5,2
45182,2023,9,13,4,1,116,67,9,0,1,1
45185,2023,9,16,7,4,116,28,18,1,2,1
45184,2023,9,15,6,3,163,67,21,0,1,1
45185,2023,9,16,7,4,282,11,12,1,2,2
45185,2023,9,16,7,4,470,49,21,0,1,1
45185,2023,9,16,7,3,163,67,21,0,2,2
45185,2023,9,16,7,4,423,80,7,0,2,2
45185,2023,9,16,7,3,163,52,10,0,3,2
45185,2023,9,16,7,4,116,18,20,0,1,1
45186,2023,9,17,1,1,282,49,7,1,2,2
45186,2023,9,17,1,1,163,80,7,0,2,2
45186,2023,9,17,1,2,116,67,20,0,1,1
45174,2023,9,5,3,2,392,66,7,0,2,2
45186,2023,9,17,1,2,40,52,9,0,9,3
45186,2023,9,17,1,2,110,67,20,0,1,1
45186,2023,9,17,1,2,153,48,12,0,3,2
45186,2023,9,17,1,2,116,82,20,0,5,3
45185,2023,9,16,7,4,101,49,20,0,1,1
45186,2023,9,17,1,2,472,28,18,0,1,1
45186,2023,9,17,1,2,40,67,20,0,1,1
45142,2023,8,4,6,2,386,83,21,1,1,1
45170,2023,9,1,6,2,158,82,9,0,2,2
45186,2023,9,17,1,3,101,35,2,0,2,2
45186,2023,9,17,1,2,40,65,7,0,2,2
45186,2023,9,17,1,3,153,52,9,0,2,2
45186,2023,9,17,1,3,116,52,9,0,3,2
45186,2023,9,17,1,3,116,11,12,0,2,2
45186,2023,9,17,1,3,146,18,3,0,1,1
45186,2023,9,17,1,3,101,52,9,0,6,2
45186,2023,9,17,1,3,470,28,18,1,1,1
45186,2023,9,17,1,3,60,49,21,0,1,1
45186,2023,9,17,1,3,101,1,11,0,2,2
45186,2023,9,17,1,2,267,11,20,0,1,1
45186,2023,9,17,1,3,470,28,18,0,1,1
45186,2023,9,17,1,3,369,1,11,1,2,2
45162,2023,8,24,5,3,365,64,7,0,5,3
45186,2023,9,17,1,3,101,83,21,0,1,1
45186,2023,9,17,1,3,70,19,11,1,2,2
45186,2023,9,17,1,4,116,11,20,0,1,1
45186,2023,9,17,1,4,386,80,7,0,2,2
45187,2023,9,18,2,1,262,11,12,0,2,2
45187,2023,9,18,2,1,163,16,12,0,3,2
45187,2023,9,18,2,1,116,18,12,1,2,2
45186,2023,9,17,1,4,262,3,21,0,2,1
45186,2023,9,17,1,4,364,49,20,0,1,1
45187,2023,9,18,2,1,423,80,7,0,2,2
45187,2023,9,18,2,1,423,67,20,1,1,1
45187,2023,9,18,2,1,376,11,20,0,2,2
45186,2023,9,17,1,4,222,83,20,0,1,1
45186,2023,9,17,1,3,381,83,21,0,1,1
45187,2023,9,18,2,1,232,18,21,0,2,1
45187,2023,9,18,2,2,116,67,12,1,7,2
45186,2023,9,17,1,4,101,18,7,1,3,2