id_data,ano,mes,dia,id_dia_semana,periodo,br,id_causa_acidente,id_tipo_acidente,id_uso_solo,pessoas,veiculos
45179,2023,9,10,1,3,153,82,21,0,1,1
45196,2023,9,27,4,3,116,83,21,0,1,1
45196,2023,9,27,4,4,386,1,11,1,2,2
45196,2023,9,27,4,4,163,67,12,0,2,2
45197,2023,9,28,5,1,316,18,10,0,2,2
45197,2023,9,28,5,1,232,18,20,0,1,1
45197,2023,9,28,5,1,163,28,18,1,2,1
45197,2023,9,28,5,1,232,83,20,0,1,1
45197,2023,9,28,5,2,101,18,20,0,1,1
45197,2023,9,28,5,2,158,1,12,0,3,2
45197,2023,9,28,5,1,10,67,12,1,2,2
45144,2023,8,6,1,4,230,1,11,1,2,2
45197,2023,9,28,5,2,40,83,12,0,2,2
45113,2023,7,6,5,3,153,67,7,0,4,3
45164,2023,8,26,7,3,381,11,4,0,3,3
45164,2023,8,26,7,3,381,11,21,0,1,1
45197,2023,9,28,5,2,290,3,20,0,1,1
45197,2023,9,28,5,3,116,67,12,1,3,3
45197,2023,9,28,5,1,386,11,20,0,1,1
45197,2023,9,28,5,3,101,82,9,0,2,2
45197,2023,9,28,5,3,101,1,11,1,2,2
45197,2023,9,28,5,3,251,20,11,0,4,2
45197,2023,9,28,5,3,101,11,12,1,3,2
45197,2023,9,28,5,3,10,12,9,0,2,2
45197,2023,9,28,5,2,163,28,18,0,3,3
45197,2023,9,28,5,3,232,67,9,1,2,2
45197,2023,9,28,5,3,70,16,12,1,2,2
45183,2023,9,14,5,1,262,11,9,0,2,2
45174,2023,9,5,3,2,470,51,11,0,5,3
45197,2023,9,28,5,3,381,11,20,0,1,1
45197,2023,9,28,5,3,230,48,2,0,4,4
45197,2023,9,28,5,3,101,78,9,1,3,3
45197,2023,9,28,5,3,365,16,9,1,2,2
45197,2023,9,28,5,3,50,82,9,1,2,2
45197,2023,9,28,5,3,163,67,10,0,2,2
45197,2023,9,28,5,3,354,83,21,0,1,1
45197,2023,9,28,5,4,232,11,12,1,2,2
45197,2023,9,28,5,4,40,13,20,0,1,1
45197,2023,9,28,5,4,110,11,12,1,2,2
45197,2023,9,28,5,4,116,65,9,0,2,2
45196,2023,9,27,4,3,230,83,21,0,1,1
45197,2023,9,28,5,4,381,83,4,1,1,1
45197,2023,9,28,5,4,116,1,11,0,2,2
45197,2023,9,28,5,4,101,11,12,0,2,2
45197,2023,9,28,5,4,452,18,4,0,1,1
45198,2023,9,29,6,1,232,1,9,1,2,2
45198,2023,9,29,6,1,381,80,11,0,6,4
45198,2023,9,29,6,1,116,67,12,0,3,3
45197,2023,9,28,5,3,70,67,20,0,2,2
45198,2023,9,29,6,1,116,67,12,1,2,2
45198,2023,9,29,6,1,20,11,12,0,6,6
45198,2023,9,29,6,1,116,83,18,0,1,1
45198,2023,9,29,6,1,116,67,12,0,2,2
45197,2023,9,28,5,4,262,28,18,0,1,1
45198,2023,9,29,6,1,262,28,18,0,1,1
45180,2023,9,11,2,3,70,22,21,0,3,2
45198,2023,9,29,6,2,376,67,21,0,1,1
45198,2023,9,29,6,2,116,28,18,0,1,1
45198,2023,9,29,6,2,365,52,9,1,2,2
45198,2023,9,29,6,1,116,83,21,0,1,1
45197,2023,9,28,5,4,262,83,10,0,2,2
45198,2023,9,29,6,2,293,11,20,1,1,1
45194,2023,9,25,2,3,101,11,12,0,2,2
45198,2023,9,29,6,2,60,67,12,0,3,2
45198,2023,9,29,6,2,393,14,21,0,1,1
45198,2023,9,29,6,2,116,67,12,0,4,2
45198,2023,9,29,6,2,376,67,12,0,2,2
44953,2023,1,27,6,3,163,80,7,0,2,2
45198,2023,9,29,6,2,101,52,9,1,2,2
45198,2023,9,29,6,2,101,83,21,0,1,1
45198,2023,9,29,6,2,101,1,11,0,2,2
45198,2023,9,29,6,2,262,83,21,0,1,1
45195,2023,9,26,3,2,226,52,10,0,2,2
45198,2023,9,29,6,2,324,78,12,0,3,3
45198,2023,9,29,6,2,116,67,12,0,5,5
45198,2023,9,29,6,2,116,67,21,0,1,1
45198,2023,9,29,6,2,116,4,9,0,3,2
45198,2023,9,29,6,2,116,28,4,1,1,1
45198,2023,9,29,6,2,101,11,21,0,1,1
45182,2023,9,13,4,4,343,82,10,0,4,2
45198,2023,9,29,6,2,153,67,12,0,2,2
45198,2023,9,29,6,3,376,83,20,1,5,3
45198,2023,9,29,6,3,101,60,2,0,2,2
45198,2023,9,29,6,2,116,83,12,0,4,2
45198,2023,9,29,6,2,101,44,11,0,2,2
45186,2023,9,17,1,3,364,28,18,0,1,1
45198,2023,9,29,6,3,158,61,2,0,3,2
45198,2023,9,29,6,3,101,28,18,1,1,1
45198,2023,9,29,6,2,381,65,4,0,1,1
45179,2023,9,10,1,3,381,35,2,0,2,2
45198,2023,9,29,6,3,364,67,9,0,3,2
45198,2023,9,29,6,3,20,67,20,0,1,1
45198,2023,9,29,6,3,381,28,21,0,1,1
45198,2023,9,29,6,3,324,52,9,1,2,2
45198,2023,9,29,6,3,465,20,11,0,5,4
45198,2023,9,29,6,3,116,11,12,1,2,2
45198,2023,9,29,6,3,101,56,4,1,2,2
45198,2023,9,29,6,3,101,1,12,0,3,3
45198,2023,9,29,6,3,262,52,12,0,2,2
45198,2023,9,29,6,3,116,80,9,0,3,3
45198,2023,9,29,6,2,277,67,20,0,1,1
45198,2023,9,29,6,3,373,1,11,0,2,2
45198,2023,9,29,6,4,158,1,11,1,2,2
45198,2023,9,29,6,3,222,2,21,1,2,2
45198,2023,9,29,6,4,101,83,21,0,1,1
45198,2023,9,29,6,4,101,52,7,1,8,4
45198,2023,9,29,6,4,153,64,20,0,2,1
45198,2023,9,29,6,4,235,52,7,0,2,2
45198,2023,9,29,6,4,392,49,12,0,4,2
45198,2023,9,29,6,4,163,67,9,0,2,2
45198,2023,9,29,6,3,222,11,20,0,1,1
45198,2023,9,29,6,4,364,1,9,1,2,2
45198,2023,9,29,6,4,20,63,21,0,1,1
45199,2023,9,30,7,1,365,80,7,1,2,2
45199,2023,9,30,7,1,316,11,12,0,2,2
45199,2023,9,30,7,1,262,18,10,0,3,2
45199,2023,9,30,7,1,153,16,12,1,2,2
45199,2023,9,30,7,1,262,18,7,0,3,3
45199,2023,9,30,7,2,101,18,20,0,1,1
45199,2023,9,30,7,2,50,18,20,0,1,1
45199,2023,9,30,7,1,373,18,20,0,1,1
45199,2023,9,30,7,2,376,1,11,1,2,2
45198,2023,9,29,6,4,493,11,12,0,2,2
45198,2023,9,29,6,4,163,15,20,0,1,1
45198,2023,9,29,6,2,316,67,12,1,5,3
45199,2023,9,30,7,2,277,18,7,0,4,2
45199,2023,9,30,7,2,101,52,4,1,3,2
45160,2023,8,22,3,2,381,11,4,0,1,1
45199,2023,9,30,7,2,110,67,15,0,4,3
45199,2023,9,30,7,2,222,65,21,0,1,1
45199,2023,9,30,7,1,364,49,9,0,2,2
45199,2023,9,30,7,2,364,16,12,0,2,2
45199,2023,9,30,7,2,163,16,12,0,4,3
45199,2023,9,30,7,2,153,1,11,1,2,2
45199,2023,9,30,7,2,101,1,12,0,2,2
45199,2023,9,30,7,2,116,4,9,0,5,2
45199,2023,9,30,7,3,381,52,21,1,2,2
45199,2023,9,30,7,2,376,14,21,0,1,1
45199,2023,9,30,7,1,222,80,7,0,4,2
45198,2023,9,29,6,2,135,11,12,0,2,2
45199,2023,9,30,7,2,116,11,11,1,3,3
45199,2023,9,30,7,1,30,83,20,0,1,1
45162,2023,8,24,5,2,230,21,20,0,1,1
45199,2023,9,30,7,3,163,16,12,0,2,2
45199,2023,9,30,7,3,101,16,15,0,7,6
45199,2023,9,30,7,3,101,82,12,1,2,2
45199,2023,9,30,7,3,101,52,9,0,2,2
45199,2023,9,30,7,3,101,83,7,0,4,2
45139,2023,8,1,3,1,316,13,20,0,2,1
45197,2023,9,28,5,4,163,83,20,1,2,1
45199,2023,9,30,7,3,381,52,9,0,2,2
45183,2023,9,14,5,2,40,52,9,0,2,2
45199,2023,9,30,7,3,163,4,12,0,2,2
45199,2023,9,30,7,3,116,1,11,1,2,2
45199,2023,9,30,7,4,110,9,1,0,2,2
45161,2023,8,23,4,2,423,80,7,0,7,4
45199,2023,9,30,7,3,316,1,9,0,2,2
45199,2023,9,30,7,4,116,83,4,0,3,2
45199,2023,9,30,7,4,465,11,11,1,4,2
45200,2023,10,1,1,1,163,49,10,1,2,2
45200,2023,10,1,1,1,101,18,21,0,1,1
45200,2023,10,1,1,1,418,80,9,0,4,2
45200,2023,10,1,1,1,116,16,10,0,2,2
45200,2023,10,1,1,2,116,20,11,0,2,2
45200,2023,10,1,1,1,163,80,7,0,5,2
45200,2023,10,1,1,2,324,67,20,1,1,1
45200,2023,10,1,1,2,163,18,12,0,2,2
45168,2023,8,30,4,3,101,16,12,0,3,3
45196,2023,9,27,4,2,101,16,15,1,8,8
45200,2023,10,1,1,2,319,82,7,0,2,2
45200,2023,10,1,1,2,50,67,4,1,3,2
45200,2023,10,1,1,2,242,49,14,0,1,1
45200,2023,10,1,1,2,364,16,12,0,3,3
45200,2023,10,1,1,2,251,67,12,0,2,2
45200,2023,10,1,1,2,10,11,20,0,1,1
45200,2023,10,1,1,2,101,83,4,1,1,1
45200,2023,10,1,1,3,381,83,4,0,3,3
45176,2023,9,7,5,4,70,11,4,1,1,1
45200,2023,10,1,1,3,116,16,15,0,3,3
45200,2023,10,1,1,2,242,80,7,0,2,2
45200,2023,10,1,1,2,101,52,9,0,2,2
45200,2023,10,1,1,3,369,18,21,0,1,1
45200,2023,10,1,1,3,381,80,7,0,10,4
45200,2023,10,1,1,2,364,28,18,0,1,1
45200,2023,10,1,1,3,392,83,4,1,1,1
45200,2023,10,1,1,3,116,3,21,0,1,1
45200,2023,10,1,1,3,285,1,11,1,5,2
45200,2023,10,1,1,3,381,15,4,0,5,4
45200,2023,10,1,1,3,101,52,9,1,3,2
45200,2023,10,1,1,4,116,35,2,0,5,3
45200,2023,10,1,1,4,163,52,9,1,2,2
45200,2023,10,1,1,3,174,1,11,0,3,2
45200,2023,10,1,1,4,116,52,9,1,6,2
45200,2023,10,1,1,4,101,1,9,1,4,2
45200,2023,10,1,1,4,40,28,18,1,1,1
45200,2023,10,1,1,4,40,61,2,1,2,2
45200,2023,10,1,1,3,381,65,18,0,1,1
45201,2023,10,2,2,1,116,67,12,0,2,2
45201,2023,10,2,2,1,40,64,3,0,1,1
45201,2023,10,2,2,1,101,18,21,1,1,1
45200,2023,10,1,1,3,364,52,11,0,3,3
45201,2023,10,2,2,1,101,65,18,0,1,1
45200,2023,10,1,1,4,364,80,7,1,2,2
45201,2023,10,2,2,1,116,16,12,0,2,2
45201,2023,10,2,2,1,262,82,9,0,3,2
45200,2023,10,1,1,4,116,80,7,1,4,2
45200,2023,10,1,1,4,163,83,21,0,1,1
45201,2023,10,2,2,1,470,29,21,0,2,2
45200,2023,10,1,1,4,376,49,21,0,1,1
45201,2023,10,2,2,1,277,1,15,0,5,5
45201,2023,10,2,2,2,40,67,12,1,2,2
45201,2023,10,2,2,2,116,16,12,1,2,2
45201,2023,10,2,2,2,116,67,20,0,18,2
45149,2023,8,11,6,4,392,18,20,0,1,1
45201,2023,10,2,2,1,116,18,20,0,1,1
45140,2023,8,2,4,2,316,11,12,1,2,2
45201,2023,10,2,2,2,163,80,10,0,5,3
45201,2023,10,2,2,2,459,18,20,0,1,1
45200,2023,10,1,1,3,163,67,9,0,3,2
45195,2023,9,26,3,3,163,13,4,0,2,2
45201,2023,10,2,2,2,50,52,12,0,2,2
45201,2023,10,2,2,2,364,11,21,1,2,2
45201,2023,10,2,2,2,163,67,12,0,2,2
45201,2023,10,2,2,2,232,67,12,0,8,2
45201,2023,10,2,2,2,101,1,9,0,3,2
45201,2023,10,2,2,2,364,11,15,1,4,3
45200,2023,10,1,1,4,365,15,20,0,1,1
45201,2023,10,2,2,2,369,1,11,0,2,2
45201,2023,10,2,2,2,493,16,12,0,3,2
45201,2023,10,2,2,3,470,83,7,1,2,2
45201,2023,10,2,2,2,30,28,21,0,1,1
45177,2023,9,8,6,4,277,18,20,0,2,2
45201,2023,10,2,2,2,50,11,20,0,2,2
45201,2023,10,2,2,3,324,52,4,1,3,1
45201,2023,10,2,2,2,230,13,18,0,1,1
45201,2023,10,2,2,3,251,80,7,0,4,2
45140,2023,8,2,4,2,153,11,12,0,9,3
45182,2023,9,13,4,1,116,67,12,0,2,2
45201,2023,10,2,2,3,405,67,21,0,1,1
45198,2023,9,29,6,4,277,28,18,1,1,1
45201,2023,10,2,2,3,465,1,2,1,3,2
45195,2023,9,26,3,4,163,83,11,0,2,2
45201,2023,10,2,2,3,373,11,12,1,2,2
45201,2023,10,2,2,2,280,51,21,0,1,1
45201,2023,10,2,2,3,393,82,11,1,4,3
45201,2023,10,2,2,3,376,52,11,0,2,2
45201,2023,10,2,2,4,116,67,12,1,2,2
45201,2023,10,2,2,3,153,65,20,0,1,1
45201,2023,10,2,2,4,472,11,4,0,1,1
45169,2023,8,31,5,2,386,1,11,1,2,2
45201,2023,10,2,2,4,163,67,21,0,3,3
45201,2023,10,2,2,4,60,11,12,0,4,2
45201,2023,10,2,2,3,101,12,10,0,3,2
45201,2023,10,2,2,4,316,82,10,0,3,2
45201,2023,10,2,2,4,459,56,4,0,2,2
45202,2023,10,3,3,1,392,28,20,0,2,1
45201,2023,10,2,2,4,381,67,4,0,1,1
45202,2023,10,3,3,1,20,18,12,0,4,3
45202,2023,10,3,3,1,222,52,9,0,2,1
45202,2023,10,3,3,1,251,11,20,0,2,1
45202,2023,10,3,3,1,50,83,21,1,1,1
45202,2023,10,3,3,1,381,61,2,1,2,2
45202,2023,10,3,3,1,163,1,11,1,2,2
45202,2023,10,3,3,1,101,11,21,0,2,1
45202,2023,10,3,3,1,116,83,20,0,1,1
45202,2023,10,3,3,2,381,83,12,0,2,2
45202,2023,10,3,3,2,116,11,12,0,3,2
45202,2023,10,3,3,2,116,16,12,1,4,3
45098,2023,6,21,4,3,262,67,12,0,5,2
45202,2023,10,3,3,2,282,16,12,0,3,2
45202,2023,10,3,3,2,376,52,9,1,2,2
45202,2023,10,3,3,2,101,16,12,0,2,2
45202,2023,10,3,3,2,135,5,9,1,2,2
45202,2023,10,3,3,2,153,28,9,1,3,3
45202,2023,10,3,3,2,153,18,20,0,1,1
45202,2023,10,3,3,2,262,67,21,0,1,1
45142,2023,8,4,6,4,116,83,21,0,1,1
45202,2023,10,3,3,2,376,83,21,0,2,2
45202,2023,10,3,3,2,101,11,9,1,4,2
45202,2023,10,3,3,2,381,1,12,0,2,2
45202,2023,10,3,3,2,153,12,15,0,3,3
45202,2023,10,3,3,2,116,67,9,1,2,2
45201,2023,10,2,2,3,230,80,7,0,2,2
45186,2023,9,17,1,1,365,11,20,0,2,1
45202,2023,10,3,3,2,60,67,21,1,1,1
45128,2023,7,21,6,3,101,67,12,1,3,3
45202,2023,10,3,3,3,381,16,9,0,2,2
45202,2023,10,3,3,3,101,52,12,0,3,3
45202,2023,10,3,3,3,282,1,11,1,3,2
45198,2023,9,29,6,4,101,80,7,0,2,2
45202,2023,10,3,3,2,364,80,7,0,3,2
45202,2023,10,3,3,3,101,4,7,1,2,2
45154,2023,8,16,4,1,251,11,20,0,1,1
45202,2023,10,3,3,3,153,67,20,0,1,1
45202,2023,10,3,3,3,116,11,12,0,2,2
45202,2023,10,3,3,3,242,30,18,0,1,1
45202,2023,10,3,3,3,262,1,9,0,3,3
45202,2023,10,3,3,3,369,52,9,1,4,3
45202,2023,10,3,3,3,101,83,12,0,6,4
45202,2023,10,3,3,3,251,64,4,0,5,2
45152,2023,8,14,2,1,392,1,12,0,2,2
45202,2023,10,3,3,3,40,2,11,0,2,2
45202,2023,10,3,3,3,364,20,9,0,2,2
45202,2023,10,3,3,4,135,60,2,0,2,2
45202,2023,10,3,3,4,101,33,11,0,2,2
45202,2023,10,3,3,4,381,21,21,0,1,1
45202,2023,10,3,3,3,163,11,12,0,4,2
45202,2023,10,3,3,4,153,33,11,0,2,2
45198,2023,9,29,6,2,174,11,4,0,1,1
45169,2023,8,31,5,3,50,67,21,0,1,1
45202,2023,10,3,3,4,364,28,18,0,1,1
45202,2023,10,3,3,4,282,83,7,0,11,3
45202,2023,10,3,3,4,267,80,7,0,2,2
45202,2023,10,3,3,4,116,35,2,0,2,2
45202,2023,10,3,3,3,407,28,20,0,2,1
45202,2023,10,3,3,4,423,82,7,0,4,4
45202,2023,10,3,3,4,20,28,21,0,2,2
45202,2023,10,3,3,4,470,28,21,0,1,1
45203,2023,10,4,4,1,262,1,12,0,2,2
45203,2023,10,4,4,1,470,80,7,1,4,3
45203,2023,10,4,4,1,101,18,20,1,1,1
45203,2023,10,4,4,2,277,4,9,0,4,2
45202,2023,10,3,3,3,407,36,12,0,8,4
45203,2023,10,4,4,1,50,11,12,0,2,2
45203,2023,10,4,4,2,116,11,4,0,1,1
45203,2023,10,4,4,2,101,52,9,1,4,3
45203,2023,10,4,4,2,50,67,12,0,10,3
45135,2023,7,28,6,2,393,80,10,0,2,2
45203,2023,10,4,4,2,242,80,7,0,2,2
45203,2023,10,4,4,2,282,2,11,0,5,3
45203,2023,10,4,4,2,101,83,21,0,1,1
45203,2023,10,4,4,2,116,82,7,0,5,3
45203,2023,10,4,4,2,280,80,7,0,4,2
45203,2023,10,4,4,2,153,11,12,0,2,2
45203,2023,10,4,4,2,259,82,21,0,1,1
45203,2023,10,4,4,2,381,67,12,0,2,2
45203,2023,10,4,4,2,277,78,9,1,2,2
45203,2023,10,4,4,3,262,1,11,1,2,2
45203,2023,10,4,4,3,116,67,7,0,2,2
45203,2023,10,4,4,2,324,52,20,0,2,2
45203,2023,10,4,4,3,60,11,12,0,13,2
45203,2023,10,4,4,3,285,67,9,1,2,2
45203,2023,10,4,4,2,280,15,20,0,5,4
45203,2023,10,4,4,3,364,67,12,1,2,2
45203,2023,10,4,4,3,277,11,20,0,1,1
45203,2023,10,4,4,3,232,52,12,1,2,2
45203,2023,10,4,4,3,376,78,9,1,4,4
45203,2023,10,4,4,3,116,67,9,0,5,2
45203,2023,10,4,4,2,285,16,12,0,4,2
45203,2023,10,4,4,3,262,14,21,0,1,1
45191,2023,9,22,6,2,101,16,12,1,3,2
45203,2023,10,4,4,3,285,1,11,0,4,2
45203,2023,10,4,4,3,116,65,20,0,1,1
45203,2023,10,4,4,3,116,4,12,0,4,2
45203,2023,10,4,4,3,277,52,20,0,2,2
45203,2023,10,4,4,3,365,60,2,1,2,2
45203,2023,10,4,4,3,101,1,11,0,2,2
45203,2023,10,4,4,3,364,30,18,0,1,1
45203,2023,10,4,4,3,116,11,9,0,3,2
45203,2023,10,4,4,4,376,67,12,0,2,2
45203,2023,10,4,4,4,116,67,12,1,3,3
45203,2023,10,4,4,3,116,83,7,0,3,2
45203,2023,10,4,4,4,290,28,21,1,1,1
45203,2023,10,4,4,4,153,18,20,0,1,1
45203,2023,10,4,4,2,70,83,21,0,1,1
45203,2023,10,4,4,3,116,14,14,0,1,1
45203,2023,10,4,4,4,116,83,4,0,1,1
45203,2023,10,4,4,4,50,51,20,0,2,1
45203,2023,10,4,4,4,70,1,11,1,2,2
45204,2023,10,5,5,1,116,67,20,0,1,1
45204,2023,10,5,5,1,470,16,9,0,3,2
45204,2023,10,5,5,1,101,85,2,0,2,2
45204,2023,10,5,5,1,101,67,12,1,2,2
45204,2023,10,5,5,1,153,33,11,0,2,2
45204,2023,10,5,5,1,386,83,21,1,1,1
45204,2023,10,5,5,2,101,52,12,1,3,2
45204,2023,10,5,5,2,116,16,15,0,4,4
45204,2023,10,5,5,2,101,16,15,0,4,4
45204,2023,10,5,5,2,101,28,18,0,2,1
45111,2023,7,4,3,2,493,52,11,0,5,2
45204,2023,10,5,5,2,163,80,10,0,2,2
45204,2023,10,5,5,2,116,11,12,0,3,2
45204,2023,10,5,5,2,116,67,4,0,5,3
45204,2023,10,5,5,2,101,83,21,0,2,2
45204,2023,10,5,5,2,40,83,20,0,1,1
45204,2023,10,5,5,2,407,28,11,1,2,2
45175,2023,9,6,4,3,163,67,15,1,4,3
45204,2023,10,5,5,1,163,28,18,0,1,1
45204,2023,10,5,5,2,116,67,21,0,2,2
45204,2023,10,5,5,2,101,18,12,0,2,2
45204,2023,10,5,5,2,116,67,12,1,3,2
45204,2023,10,5,5,2,116,64,4,0,2,2
45204,2023,10,5,5,2,101,67,9,1,2,2
45204,2023,10,5,5,2,282,16,12,0,4,4
45204,2023,10,5,5,2,251,16,12,0,2,2
45204,2023,10,5,5,3,365,64,7,0,2,2
45008,2023,3,23,5,2,101,82,9,0,2,2
45204,2023,10,5,5,2,285,80,7,0,2,2
45185,2023,9,16,7,2,280,82,12,0,5,4
45204,2023,10,5,5,3,101,16,4,0,1,1
45204,2023,10,5,5,3,116,11,21,0,1,1
45204,2023,10,5,5,3,158,1,11,1,3,2
45204,2023,10,5,5,3,381,67,12,1,3,3
45204,2023,10,5,5,3,70,3,20,0,3,1
45204,2023,10,5,5,4,116,67,12,0,4,3
45204,2023,10,5,5,3,153,82,20,0,1,1
45204,2023,10,5,5,3,476,67,9,0,4,3
45204,2023,10,5,5,4,116,52,9,1,3,3
45204,2023,10,5,5,4,324,67,12,0,3,2
45204,2023,10,5,5,4,116,52,9,0,2,2
45204,2023,10,5,5,4,392,12,12,1,3,3
45204,2023,10,5,5,4,116,80,10,0,3,3
45204,2023,10,5,5,4,101,18,4,0,1,1
45204,2023,10,5,5,4,101,36,12,1,2,2
45204,2023,10,5,5,4,163,16,12,0,2,2
45205,2023,10,6,6,1,251,83,21,0,1,1
45204,2023,10,5,5,4,101,16,12,0,2,2
45205,2023,10,6,6,1,101,83,12,0,2,2
45205,2023,10,6,6,1,277,11,20,0,1,1
45205,2023,10,6,6,1,116,67,20,0,1,1
45205,2023,10,6,6,1,116,83,21,0,1,1
45205,2023,10,6,6,1,262,83,7,0,2,2
45205,2023,10,6,6,1,285,49,7,0,2,2
45205,2023,10,6,6,1,50,11,12,0,2,2
45205,2023,10,6,6,1,381,18,4,0,2,1
45205,2023,10,6,6,2,104,28,3,0,1,1
45205,2023,10,6,6,2,101,16,12,0,2,2
45205,2023,10,6,6,1,116,28,18,0,1,1
45205,2023,10,6,6,1,242,67,12,0,1,1
45205,2023,10,6,6,2,60,11,12,0,3,2
45205,2023,10,6,6,2,277,52,9,0,7,2
45205,2023,10,6,6,2,116,11,4,0,1,1
45205,2023,10,6,6,2,163,18,20,0,1,1
45205,2023,10,6,6,2,343,52,9,1,3,2
45205,2023,10,6,6,1,251,81,2,0,3,2
45205,2023,10,6,6,2,101,18,20,0,1,1
45205,2023,10,6,6,2,40,78,21,0,2,2
45181,2023,9,12,3,3,163,80,7,0,2,2
45205,2023,10,6,6,2,163,11,20,0,1,1
45205,2023,10,6,6,2,392,1,11,1,2,2
45205,2023,10,6,6,2,101,11,12,1,2,2
45205,2023,10,6,6,3,20,67,11,0,2,2
45205,2023,10,6,6,2,226,49,9,0,2,2
45205,2023,10,6,6,2,10,67,12,0,4,3
45205,2023,10,6,6,3,280,85,7,1,3,3
45205,2023,10,6,6,3,386,67,12,1,8,5
45155,2023,8,17,5,1,101,11,20,0,1,1
45205,2023,10,6,6,2,40,67,12,0,2,2
45200,2023,10,1,1,3,163,1,11,1,2,2
45205,2023,10,6,6,3,101,11,12,0,5,3
45205,2023,10,6,6,3,101,11,20,0,1,1
45041,2023,4,25,3,2,408,83,4,0,10,9
45205,2023,10,6,6,3,242,52,10,0,4,4
45205,2023,10,6,6,3,50,83,21,0,1,1
45205,2023,10,6,6,3,316,16,12,0,4,2
45205,2023,10,6,6,2,110,28,20,0,2,1
45205,2023,10,6,6,3,116,15,7,0,3,2
45205,2023,10,6,6,3,470,1,11,1,4,2
45205,2023,10,6,6,2,153,82,12,0,6,2
45205,2023,10,6,6,3,277,83,12,0,3,2
45205,2023,10,6,6,4,116,35,2,1,2,2
45205,2023,10,6,6,3,343,16,15,1,3,3
45205,2023,10,6,6,3,277,18,12,0,2,2
45205,2023,10,6,6,3,10,80,7,0,3,2
45205,2023,10,6,6,3,365,67,10,0,2,2
45205,2023,10,6,6,4,392,81,12,0,3,3
45205,2023,10,6,6,4,153,12,7,1,3,2
45205,2023,10,6,6,3,40,83,21,1,1,1
45205,2023,10,6,6,4,116,67,7,0,2,2
45205,2023,10,6,6,4,392,1,11,0,3,3
45203,2023,10,4,4,2,174,1,9,0,2,2
45205,2023,10,6,6,4,153,80,10,0,3,2
45191,2023,9,22,6,3,373,61,2,1,2,2
45205,2023,10,6,6,3,153,80,10,0,2,2
45143,2023,8,5,7,3,324,83,9,1,3,3
45205,2023,10,6,6,3,376,67,21,0,1,1
45205,2023,10,6,6,3,116,60,2,0,2,2
45205,2023,10,6,6,4,50,67,12,0,10,5
45205,2023,10,6,6,4,277,11,12,0,2,2
45205,2023,10,6,6,4,158,11,21,0,1,1
45206,2023,10,7,7,1,101,49,11,0,2,2
45206,2023,10,7,7,1,20,18,20,0,1,1
45206,2023,10,7,7,1,101,18,20,0,2,1
45206,2023,10,7,7,1,101,85,7,0,2,2
45206,2023,10,7,7,2,304,20,10,0,2,2
45205,2023,10,6,6,3,267,28,18,0,1,1
45206,2023,10,7,7,2,153,11,11,0,2,2
45206,2023,10,7,7,1,364,11,7,0,3,2
45206,2023,10,7,7,1,174,49,10,0,3,2
45148,2023,8,10,5,4,365,18,10,0,2,2
45205,2023,10,6,6,4,364,67,21,0,5,3
45187,2023,9,18,2,3,470,11,15,1,5,5
45206,2023,10,7,7,2,60,83,21,0,2,2
45206,2023,10,7,7,2,324,67,21,1,1,1
45206,2023,10,7,7,2,116,80,10,1,3,2
45206,2023,10,7,7,2,386,1,9,0,5,2
45206,2023,10,7,7,2,101,52,9,1,3,2
45206,2023,10,7,7,2,101,67,21,0,1,1
45206,2023,10,7,7,2,381,16,12,1,3,3
45206,2023,10,7,7,2,381,83,21,0,2,1
45206,2023,10,7,7,2,376,16,20,0,2,2
45206,2023,10,7,7,2,364,83,12,0,3,2
45206,2023,10,7,7,2,277,52,20,0,2,2
45056,2023,5,10,4,3,226,16,12,0,2,2
45206,2023,10,7,7,3,381,83,15,1,12,8
45206,2023,10,7,7,2,158,82,12,0,3,2
45206,2023,10,7,7,2,163,13,20,0,1,1
45204,2023,10,5,5,2,101,67,9,0,2,2
45206,2023,10,7,7,3,116,36,12,1,2,2
45206,2023,10,7,7,2,251,18,10,0,2,2
45206,2023,10,7,7,3,116,28,12,0,2,2
45206,2023,10,7,7,3,101,64,4,0,1,1
45206,2023,10,7,7,3,116,67,20,0,1,1
45206,2023,10,7,7,3,376,16,4,0,1,1
45206,2023,10,7,7,3,116,36,12,0,3,2
45206,2023,10,7,7,4,324,28,4,1,1,1
45096,2023,6,19,2,4,101,15,20,0,1,1
45206,2023,10,7,7,4,251,67,21,0,3,1
45206,2023,10,7,7,4,290,49,20,0,1,1
45206,2023,10,7,7,3,163,49,10,0,2,2
45207,2023,10,8,1,1,101,1,11,0,2,2
45206,2023,10,7,7,3,101,83,12,0,3,2
45206,2023,10,7,7,4,116,38,2,0,2,2
45207,2023,10,8,1,1,40,66,21,0,1,1
45207,2023,10,8,1,1,376,67,12,0,2,2
45207,2023,10,8,1,1,116,80,10,0,2,2
45207,2023,10,8,1,1,163,18,20,0,1,1
45207,2023,10,8,1,1,101,80,7,0,2,2
45285,2023,12,25,2,4,116,48,2,0,2,2
45206,2023,10,7,7,4,116,80,7,0,2,2
45207,2023,10,8,1,1,381,28,18,0,1,1
45203,2023,10,4,4,3,116,52,9,0,3,2
45206,2023,10,7,7,4,153,49,12,0,2,2