id_data,ano,mes,dia,id_dia_semana,periodo,br,id_causa_acidente,id_tipo_acidente,id_uso_solo,pessoas,veiculos
45207,2023,10,8,1,2,116,15,9,1,5,3
45207,2023,10,8,1,2,277,67,12,1,2,2
45207,2023,10,8,1,2,116,11,9,1,2,2
45207,2023,10,8,1,2,251,28,21,0,2,2
45207,2023,10,8,1,3,153,11,15,0,5,4
45207,2023,10,8,1,2,116,49,7,0,2,2
45207,2023,10,8,1,2,70,67,10,0,2,2
45207,2023,10,8,1,2,70,3,21,0,2,1
45207,2023,10,8,1,3,393,11,21,0,1,1
45052,2023,5,6,7,1,262,67,12,0,2,2
45207,2023,10,8,1,3,153,67,12,0,2,2
45207,2023,10,8,1,3,369,67,20,0,2,1
45207,2023,10,8,1,3,376,80,10,0,2,2
45207,2023,10,8,1,3,101,49,12,1,7,4
45207,2023,10,8,1,3,153,82,11,0,3,2
45207,2023,10,8,1,3,470,80,7,0,4,2
45207,2023,10,8,1,3,376,11,7,0,4,2
45207,2023,10,8,1,2,163,1,11,0,3,2
45207,2023,10,8,1,3,116,49,12,1,4,2
45207,2023,10,8,1,4,365,12,12,0,6,3
45207,2023,10,8,1,3,116,67,21,0,1,1
45207,2023,10,8,1,4,369,15,7,0,8,3
45207,2023,10,8,1,4,110,49,7,0,4,2
45207,2023,10,8,1,4,285,83,20,0,1,1
45207,2023,10,8,1,4,10,80,7,0,2,2
45207,2023,10,8,1,4,101,14,14,0,3,2
45207,2023,10,8,1,4,373,80,11,1,2,2
45208,2023,10,9,2,1,277,28,9,1,6,3
45207,2023,10,8,1,4,163,36,10,0,5,3
45208,2023,10,9,2,1,369,20,9,1,13,2
45208,2023,10,9,2,1,116,49,7,1,2,2
45208,2023,10,9,2,1,381,11,12,1,3,2
45208,2023,10,9,2,1,290,49,10,0,2,2
45208,2023,10,9,2,1,407,52,7,0,2,2
45208,2023,10,9,2,1,373,80,7,0,2,2
45208,2023,10,9,2,1,282,49,10,0,3,2
45208,2023,10,9,2,1,290,67,12,1,3,2
45208,2023,10,9,2,2,101,1,9,1,2,2
45208,2023,10,9,2,1,381,67,9,1,5,2
45208,2023,10,9,2,2,381,83,21,0,2,2
45208,2023,10,9,2,2,386,48,2,0,2,2
45208,2023,10,9,2,2,70,52,9,1,5,4
45208,2023,10,9,2,2,116,11,9,1,2,2
45208,2023,10,9,2,2,277,1,11,0,10,3
45192,2023,9,23,7,3,280,80,7,1,2,2
45189,2023,9,20,4,1,277,18,9,0,3,2
45208,2023,10,9,2,2,386,11,7,0,5,3
45208,2023,10,9,2,2,259,82,10,0,2,2
45208,2023,10,9,2,2,116,11,15,1,3,3
45208,2023,10,9,2,2,116,11,12,1,2,2
45208,2023,10,9,2,2,116,52,12,0,2,2
45208,2023,10,9,2,2,163,82,10,0,2,2
45208,2023,10,9,2,2,101,82,7,0,3,2
45208,2023,10,9,2,3,153,11,12,0,2,2
45208,2023,10,9,2,2,116,16,12,1,4,2
45208,2023,10,9,2,2,242,80,7,0,2,2
45197,2023,9,28,5,2,153,67,20,0,1,1
45208,2023,10,9,2,2,285,67,20,0,2,2
45208,2023,10,9,2,3,423,52,7,0,2,2
45208,2023,10,9,2,3,343,67,10,1,3,3
45208,2023,10,9,2,3,324,67,12,1,4,2
45205,2023,10,6,6,2,158,67,21,0,1,1
45208,2023,10,9,2,3,163,67,21,0,1,1
45208,2023,10,9,2,3,262,67,9,0,6,2
45208,2023,10,9,2,3,242,1,11,0,2,2
45201,2023,10,2,2,1,101,18,10,0,5,2
45208,2023,10,9,2,2,135,67,20,0,1,1
45208,2023,10,9,2,3,343,82,9,0,16,2
45208,2023,10,9,2,2,365,67,20,0,6,1
45208,2023,10,9,2,3,153,52,9,1,3,2
45208,2023,10,9,2,4,116,11,12,1,2,2
45208,2023,10,9,2,4,116,11,11,0,2,2
45208,2023,10,9,2,3,116,15,4,0,3,3
45208,2023,10,9,2,3,116,52,9,1,2,2
45290,2023,12,30,7,4,101,48,2,0,2,2
45208,2023,10,9,2,4,101,67,12,0,3,2
45208,2023,10,9,2,4,365,11,12,1,2,2
45208,2023,10,9,2,3,60,67,11,0,3,2
45208,2023,10,9,2,3,116,67,12,0,2,2
45208,2023,10,9,2,3,222,82,11,0,3,2
45208,2023,10,9,2,4,493,28,18,0,2,1
45208,2023,10,9,2,2,116,80,10,0,5,3
45208,2023,10,9,2,4,304,67,20,0,1,1
45208,2023,10,9,2,2,282,63,21,0,1,1
45208,2023,10,9,2,4,277,67,20,0,1,1
45209,2023,10,10,3,1,364,16,9,1,3,2
45209,2023,10,10,3,1,242,28,18,0,1,1
45209,2023,10,10,3,1,392,11,11,0,2,2
45209,2023,10,10,3,1,365,80,7,0,3,2
45209,2023,10,10,3,1,116,18,12,0,2,2
45209,2023,10,10,3,1,40,18,20,0,3,1
45195,2023,9,26,3,2,470,1,11,0,2,2
45209,2023,10,10,3,2,304,18,10,0,2,2
45209,2023,10,10,3,2,381,80,10,0,3,3
45198,2023,9,29,6,1,163,50,21,0,1,1
45209,2023,10,10,3,2,153,11,7,0,5,2
45181,2023,9,12,3,4,163,80,7,0,2,2
45209,2023,10,10,3,2,365,80,7,1,2,2
45209,2023,10,10,3,2,116,30,18,1,1,1
45209,2023,10,10,3,2,158,67,9,0,8,6
45209,2023,10,10,3,2,153,83,21,0,1,1
45209,2023,10,10,3,2,392,1,11,0,2,2
45209,2023,10,10,3,2,163,1,11,1,2,2
45209,2023,10,10,3,2,381,83,21,0,1,1
45209,2023,10,10,3,2,116,52,9,1,4,4
45209,2023,10,10,3,3,116,82,9,0,4,2
45209,2023,10,10,3,3,60,1,11,0,2,2
45209,2023,10,10,3,2,101,33,11,0,3,2
45209,2023,10,10,3,3,153,1,11,1,2,2
45209,2023,10,10,3,3,242,52,7,0,6,3
45209,2023,10,10,3,3,277,80,7,0,5,4
45209,2023,10,10,3,3,174,4,10,1,4,3
45209,2023,10,10,3,3,365,1,11,0,3,2
45209,2023,10,10,3,3,158,1,12,0,6,2
45209,2023,10,10,3,2,158,80,10,0,3,2
45209,2023,10,10,3,3,135,49,12,0,2,2
45209,2023,10,10,3,3,101,44,21,1,2,2
45209,2023,10,10,3,3,153,15,20,0,1,1
45209,2023,10,10,3,3,101,1,11,1,2,2
45209,2023,10,10,3,3,153,11,12,1,5,4
45209,2023,10,10,3,3,376,65,18,0,1,1
45209,2023,10,10,3,3,116,28,20,0,1,1
45209,2023,10,10,3,3,158,11,20,0,1,1
45209,2023,10,10,3,4,290,82,10,0,9,3
45209,2023,10,10,3,3,163,16,12,1,2,2
45209,2023,10,10,3,4,116,16,12,0,3,3
45209,2023,10,10,3,4,153,83,20,0,1,1
45209,2023,10,10,3,4,251,28,18,0,1,1
45209,2023,10,10,3,4,101,11,12,1,2,2
45210,2023,10,11,4,1,104,67,21,0,1,1
45210,2023,10,11,4,1,290,11,12,0,2,2
45210,2023,10,11,4,1,369,11,12,0,15,2
45210,2023,10,11,4,1,282,67,20,0,1,1
45210,2023,10,11,4,1,262,20,11,0,6,4
45210,2023,10,11,4,1,101,28,20,1,2,1
45210,2023,10,11,4,1,267,18,10,0,4,3
45209,2023,10,10,3,4,364,11,21,0,3,1
45209,2023,10,10,3,4,364,67,12,0,7,3
45210,2023,10,11,4,2,386,2,21,1,3,3
45210,2023,10,11,4,2,277,67,12,1,2,2
45210,2023,10,11,4,1,364,28,18,0,2,1
45210,2023,10,11,4,2,153,16,12,1,2,2
45210,2023,10,11,4,2,222,56,11,0,3,2
45210,2023,10,11,4,2,381,18,7,0,4,2
45210,2023,10,11,4,2,20,1,12,0,3,2
45210,2023,10,11,4,2,232,67,12,0,5,2
45210,2023,10,11,4,2,135,1,9,1,2,2
45210,2023,10,11,4,2,280,1,11,1,2,2
45210,2023,10,11,4,2,381,65,15,1,9,8
45210,2023,10,11,4,2,452,67,12,0,2,2
45210,2023,10,11,4,2,163,28,18,0,1,1
45210,2023,10,11,4,2,40,67,12,0,2,2
45210,2023,10,11,4,2,392,28,18,0,1,1
45210,2023,10,11,4,2,277,11,20,0,1,1
45178,2023,9,9,7,4,116,67,12,0,2,2
45210,2023,10,11,4,2,116,82,21,0,1,1
45210,2023,10,11,4,3,101,65,18,0,1,1
45210,2023,10,11,4,3,101,51,12,0,4,3
45210,2023,10,11,4,3,101,11,12,0,2,2
45210,2023,10,11,4,3,40,52,9,1,3,2
45210,2023,10,11,4,3,116,83,7,0,2,2
45210,2023,10,11,4,2,364,82,20,0,1,1
45210,2023,10,11,4,1,163,11,4,0,2,1
45210,2023,10,11,4,3,101,11,12,0,2,2
45210,2023,10,11,4,2,163,14,18,1,1,1
45210,2023,10,11,4,3,364,52,12,1,3,2
45210,2023,10,11,4,2,232,52,4,0,1,1
45210,2023,10,11,4,3,277,11,9,0,4,2
45030,2023,4,14,6,2,153,49,21,0,1,1
45210,2023,10,11,4,3,116,44,12,1,2,2
45210,2023,10,11,4,3,381,28,2,1,1,1
45210,2023,10,11,4,2,364,52,9,1,3,2
45202,2023,10,3,3,2,470,1,11,0,2,2
45210,2023,10,11,4,3,20,28,9,1,3,3
45210,2023,10,11,4,3,262,33,11,0,3,3
45210,2023,10,11,4,3,101,67,9,1,3,2
45202,2023,10,3,3,4,163,82,9,0,2,2
45210,2023,10,11,4,3,262,44,4,1,3,3
45210,2023,10,11,4,3,470,1,11,1,3,2
45210,2023,10,11,4,4,101,78,9,1,4,3
45210,2023,10,11,4,2,101,11,12,1,3,2
45210,2023,10,11,4,4,116,11,10,0,2,2
45210,2023,10,11,4,4,280,1,11,1,5,2
45210,2023,10,11,4,4,392,28,4,0,5,2
45210,2023,10,11,4,4,163,67,12,0,2,2
45210,2023,10,11,4,3,343,11,20,0,1,1
45210,2023,10,11,4,3,70,7,10,0,2,2
45210,2023,10,11,4,4,20,67,10,0,2,2
45210,2023,10,11,4,3,392,1,11,0,2,2
45210,2023,10,11,4,4,222,67,4,1,1,1
45211,2023,10,12,5,1,116,67,4,1,3,2
45210,2023,10,11,4,4,376,52,9,1,5,4
45210,2023,10,11,4,4,40,49,20,0,1,1
45211,2023,10,12,5,1,304,9,1,1,2,2
45198,2023,9,29,6,4,101,67,15,1,3,3
45211,2023,10,12,5,1,40,11,12,0,2,2
45211,2023,10,12,5,1,381,83,15,0,9,4
45211,2023,10,12,5,1,101,49,7,1,2,2
45211,2023,10,12,5,1,381,83,21,0,1,1
45211,2023,10,12,5,1,381,11,21,0,1,1
45211,2023,10,12,5,1,116,18,4,0,1,1
45211,2023,10,12,5,2,40,80,20,0,3,3
45211,2023,10,12,5,2,381,67,21,1,6,3
45211,2023,10,12,5,1,381,80,10,0,3,3
45211,2023,10,12,5,2,163,48,7,0,3,2
45211,2023,10,12,5,2,40,16,12,1,2,2
45063,2023,5,17,4,3,101,80,10,0,2,2
45189,2023,9,20,4,2,262,28,18,0,1,1
45211,2023,10,12,5,2,476,44,4,1,1,1
45211,2023,10,12,5,1,364,3,21,0,2,1
45211,2023,10,12,5,2,101,1,12,0,4,3
45211,2023,10,12,5,2,381,11,20,0,1,1
45211,2023,10,12,5,2,116,28,18,1,2,1
45211,2023,10,12,5,2,222,11,21,0,1,1
45211,2023,10,12,5,2,242,64,7,0,5,2
45211,2023,10,12,5,2,101,83,21,0,3,1
45211,2023,10,12,5,2,116,83,9,0,2,2
45211,2023,10,12,5,2,101,11,12,0,5,3
45211,2023,10,12,5,2,116,1,9,1,2,2
45211,2023,10,12,5,2,282,82,10,0,3,2
45211,2023,10,12,5,2,116,83,21,0,1,1
45211,2023,10,12,5,2,116,67,9,0,2,2
45211,2023,10,12,5,3,277,67,9,0,2,2
45211,2023,10,12,5,2,101,4,4,0,1,1
45211,2023,10,12,5,3,101,16,12,0,3,2
45211,2023,10,12,5,3,376,28,12,1,5,4
45211,2023,10,12,5,2,153,13,9,0,4,3
45211,2023,10,12,5,3,381,83,20,0,2,2
45211,2023,10,12,5,2,50,83,12,0,5,3
45211,2023,10,12,5,2,280,83,7,0,2,2
45211,2023,10,12,5,3,116,11,20,0,4,3
45211,2023,10,12,5,3,116,11,12,0,2,2
45211,2023,10,12,5,3,116,49,10,0,2,2
45211,2023,10,12,5,3,324,28,20,0,1,1
45211,2023,10,12,5,2,163,67,12,0,2,2
45211,2023,10,12,5,2,163,28,18,0,1,1
45211,2023,10,12,5,3,393,14,21,1,1,1
45211,2023,10,12,5,3,116,16,12,1,3,2
45211,2023,10,12,5,3,153,82,7,0,4,2
45211,2023,10,12,5,3,364,67,21,0,1,1
45211,2023,10,12,5,3,116,52,7,0,2,2
45211,2023,10,12,5,3,407,21,21,0,1,1
45211,2023,10,12,5,3,110,80,7,0,2,2
45211,2023,10,12,5,4,277,60,2,0,2,2
45211,2023,10,12,5,4,116,1,12,0,5,2
45211,2023,10,12,5,4,40,80,7,1,2,2
45211,2023,10,12,5,4,40,18,20,0,1,1
45211,2023,10,12,5,4,158,28,18,0,1,1
45211,2023,10,12,5,2,290,67,21,0,1,1
45211,2023,10,12,5,4,369,11,12,0,2,2
45211,2023,10,12,5,4,381,28,20,0,3,3
45211,2023,10,12,5,4,101,16,12,1,3,2
45212,2023,10,13,6,1,116,9,1,1,2,2
45211,2023,10,12,5,4,101,51,12,1,2,2
45212,2023,10,13,6,1,290,18,4,0,1,1
45212,2023,10,13,6,2,116,49,12,0,3,2
45212,2023,10,13,6,1,287,16,12,0,2,2
45212,2023,10,13,6,2,60,11,12,1,2,2
45212,2023,10,13,6,2,376,67,20,0,1,1
45212,2023,10,13,6,2,116,11,10,0,2,2
45100,2023,6,23,6,1,135,80,10,0,2,2
45212,2023,10,13,6,2,277,11,21,1,1,1
45212,2023,10,13,6,2,287,33,11,0,3,2
45212,2023,10,13,6,3,116,1,11,1,4,2
45212,2023,10,13,6,3,135,1,12,0,3,2
45212,2023,10,13,6,2,262,83,20,0,1,1
45212,2023,10,13,6,3,493,11,12,0,2,2
45212,2023,10,13,6,3,470,65,12,0,3,2
45212,2023,10,13,6,3,101,67,12,0,2,2
45212,2023,10,13,6,3,101,67,9,1,2,2
45212,2023,10,13,6,3,116,11,4,1,1,1
45212,2023,10,13,6,3,101,52,9,0,2,2
45212,2023,10,13,6,3,277,1,11,1,3,2
45212,2023,10,13,6,3,222,65,10,0,2,2
45179,2023,9,10,1,2,40,86,7,1,2,2
45212,2023,10,13,6,3,158,14,4,0,1,1
45212,2023,10,13,6,3,116,52,12,1,3,2
45212,2023,10,13,6,3,101,83,11,0,2,2
45212,2023,10,13,6,3,153,52,7,0,9,3
45212,2023,10,13,6,3,316,82,10,0,6,6
45212,2023,10,13,6,4,116,11,11,0,3,2
45212,2023,10,13,6,4,101,28,20,0,1,1
45212,2023,10,13,6,4,158,28,18,0,1,1
45212,2023,10,13,6,4,101,18,12,1,2,2
45212,2023,10,13,6,4,116,1,11,0,3,2
45180,2023,9,11,2,2,40,18,3,0,1,1
45213,2023,10,14,7,1,381,83,21,0,1,1
45213,2023,10,14,7,1,242,11,12,0,5,2
45213,2023,10,14,7,1,373,33,11,0,2,2
45212,2023,10,13,6,3,316,67,7,0,2,2
45213,2023,10,14,7,2,116,19,12,0,3,2
45212,2023,10,13,6,4,116,18,4,0,1,1
45213,2023,10,14,7,1,116,18,21,0,1,1
45213,2023,10,14,7,2,277,16,12,0,5,2
45213,2023,10,14,7,2,116,83,21,0,3,3
45213,2023,10,14,7,2,116,67,20,0,1,1
45213,2023,10,14,7,2,135,82,9,0,5,3
45213,2023,10,14,7,2,316,1,20,0,5,5
45213,2023,10,14,7,2,381,83,7,0,2,2
45213,2023,10,14,7,2,158,16,12,0,3,3
45213,2023,10,14,7,2,262,11,7,0,2,2
45213,2023,10,14,7,2,230,67,12,1,3,3
45213,2023,10,14,7,2,116,83,21,0,1,1
45213,2023,10,14,7,3,50,18,12,0,2,2
45213,2023,10,14,7,2,163,67,12,0,2,2
45213,2023,10,14,7,2,174,83,12,0,2,2
45213,2023,10,14,7,1,101,28,18,0,1,1
45213,2023,10,14,7,3,116,1,11,0,4,3
45213,2023,10,14,7,3,163,16,12,0,5,2
45213,2023,10,14,7,2,222,67,9,0,3,2
45213,2023,10,14,7,3,230,67,12,0,4,4
45185,2023,9,16,7,2,116,14,14,0,2,2
45213,2023,10,14,7,3,116,66,10,1,5,3
45213,2023,10,14,7,3,20,16,15,0,10,4
45213,2023,10,14,7,2,116,11,12,0,2,2
45213,2023,10,14,7,3,242,16,12,0,5,2
45213,2023,10,14,7,4,116,48,2,0,2,2
45213,2023,10,14,7,3,226,16,15,0,4,4
45213,2023,10,14,7,3,277,83,12,0,5,2
45213,2023,10,14,7,4,153,1,11,1,5,2
45213,2023,10,14,7,4,230,81,4,0,3,3
45213,2023,10,14,7,3,40,9,1,0,1,1
45185,2023,9,16,7,3,101,1,11,1,3,2
45213,2023,10,14,7,4,50,18,20,0,1,1
45213,2023,10,14,7,4,10,67,12,0,2,2
45213,2023,10,14,7,3,116,83,4,0,2,1
45213,2023,10,14,7,4,163,80,7,0,3,2
45213,2023,10,14,7,4,251,11,20,0,3,2
45214,2023,10,15,1,1,116,60,2,0,2,2
45214,2023,10,15,1,1,101,85,2,1,3,2
45214,2023,10,15,1,1,364,28,18,0,1,1
45214,2023,10,15,1,1,242,18,21,0,1,1
45214,2023,10,15,1,1,277,35,2,1,4,2
45214,2023,10,15,1,2,101,16,12,1,4,2
45214,2023,10,15,1,2,153,11,21,1,2,1
45214,2023,10,15,1,2,364,9,20,0,1,1
45214,2023,10,15,1,2,251,16,12,0,2,2
45214,2023,10,15,1,1,226,49,4,0,1,1
45214,2023,10,15,1,1,163,11,12,0,8,2
45214,2023,10,15,1,2,376,52,9,0,7,4
45214,2023,10,15,1,2,101,16,12,1,4,2
45214,2023,10,15,1,2,116,52,21,0,1,1
45214,2023,10,15,1,2,116,82,9,0,2,2
45214,2023,10,15,1,3,381,28,20,1,1,1
45214,2023,10,15,1,3,267,28,18,0,1,1
45214,2023,10,15,1,3,153,65,21,0,2,2
45214,2023,10,15,1,3,101,16,7,0,7,5
45214,2023,10,15,1,3,116,1,11,1,4,2
45214,2023,10,15,1,3,373,83,10,1,6,2
45178,2023,9,9,7,3,101,1,11,0,2,2
45214,2023,10,15,1,3,324,1,11,1,2,2
45214,2023,10,15,1,3,262,80,7,0,2,2
45214,2023,10,15,1,3,304,52,3,0,1,1
45190,2023,9,21,5,4,101,67,9,0,5,2
45214,2023,10,15,1,3,60,11,12,0,4,2
45214,2023,10,15,1,3,174,83,21,0,1,1
45214,2023,10,15,1,3,376,28,18,0,1,1
45214,2023,10,15,1,4,277,52,11,0,2,2
45214,2023,10,15,1,3,376,49,12,0,3,3
45214,2023,10,15,1,3,230,49,7,1,2,2
45214,2023,10,15,1,3,364,83,20,0,1,1
45214,2023,10,15,1,4,282,11,10,0,3,2
45214,2023,10,15,1,3,116,65,7,1,4,4
45214,2023,10,15,1,3,364,16,9,0,3,2
45214,2023,10,15,1,4,364,49,12,1,3,3
45214,2023,10,15,1,4,324,11,12,0,2,2
45214,2023,10,15,1,4,60,80,10,0,2,2
45215,2023,10,16,2,1,40,67,14,0,1,1
45214,2023,10,15,1,3,40,16,12,0,3,2
45215,2023,10,16,2,1,364,80,7,0,3,2
45215,2023,10,16,2,2,381,80,7,0,8,5
45191,2023,9,22,6,3,470,1,11,0,4,3
45215,2023,10,16,2,2,277,16,12,0,2,2
45215,2023,10,16,2,2,153,16,12,1,2,2
45215,2023,10,16,2,2,10,11,7,0,2,2
45215,2023,10,16,2,2,40,83,10,0,3,2
45215,2023,10,16,2,2,381,78,9,1,4,3
45215,2023,10,16,2,3,222,48,2,1,2,2
45215,2023,10,16,2,2,50,49,9,0,2,2
45215,2023,10,16,2,3,381,28,21,0,1,1
45215,2023,10,16,2,3,101,82,7,0,7,3
45215,2023,10,16,2,3,101,83,21,0,1,1
45195,2023,9,26,3,4,40,11,12,0,18,2
45215,2023,10,16,2,3,222,41,21,1,2,2
45215,2023,10,16,2,3,373,83,20,0,1,1
45215,2023,10,16,2,3,381,67,7,0,3,3
45215,2023,10,16,2,3,101,67,9,1,3,2
45215,2023,10,16,2,3,376,11,12,0,2,2
45215,2023,10,16,2,3,414,80,1,0,2,2
45215,2023,10,16,2,3,230,61,2,1,2,2
45215,2023,10,16,2,3,381,56,4,0,5,5
45215,2023,10,16,2,3,40,61,2,1,2,2
45215,2023,10,16,2,3,116,67,20,0,2,1
45215,2023,10,16,2,3,101,11,12,0,2,2
45215,2023,10,16,2,3,50,67,4,0,2,2
45215,2023,10,16,2,3,285,11,20,0,1,1
45215,2023,10,16,2,2,158,82,7,0,2,2
45215,2023,10,16,2,3,222,52,21,0,1,1
45192,2023,9,23,7,3,163,21,9,0,2,2
45215,2023,10,16,2,3,40,1,11,0,2,2
45215,2023,10,16,2,4,452,52,7,0,3,3
45215,2023,10,16,2,4,232,85,7,0,2,2
45216,2023,10,17,3,1,116,67,21,0,1,1
45216,2023,10,17,3,1,381,11,12,0,3,2
45216,2023,10,17,3,1,40,18,12,1,3,2
45216,2023,10,17,3,1,40,83,20,0,1,1
45216,2023,10,17,3,1,153,18,20,0,1,1
45216,2023,10,17,3,2,116,80,7,0,6,2
45216,2023,10,17,3,1,101,1,10,0,2,2
45216,2023,10,17,3,1,381,11,18,1,1,1
45216,2023,10,17,3,1,470,80,7,1,2,2
45216,2023,10,17,3,2,262,83,20,0,2,1
45216,2023,10,17,3,2,101,83,21,0,1,1
45216,2023,10,17,3,2,60,67,21,0,2,1
45216,2023,10,17,3,2,407,1,9,1,2,2
45216,2023,10,17,3,2,101,52,4,0,2,2
45216,2023,10,17,3,2,381,78,9,1,3,3
45216,2023,10,17,3,2,116,83,21,0,2,1
45216,2023,10,17,3,2,470,82,11,1,2,2
45216,2023,10,17,3,2,101,28,18,0,1,1
45216,2023,10,17,3,2,381,83,4,0,1,1
45216,2023,10,17,3,2,116,80,10,0,2,2
45131,2023,7,24,2,4,101,21,20,0,1,1
45181,2023,9,12,3,4,163,11,15,0,8,5
45216,2023,10,17,3,2,277,67,11,1,3,3
45216,2023,10,17,3,2,280,6,20,0,3,3
45216,2023,10,17,3,2,116,82,11,0,4,3
45216,2023,10,17,3,2,343,1,11,1,2,2
45069,2023,5,23,3,1,226,35,2,0,2,2
45216,2023,10,17,3,3,101,18,12,0,2,2
45216,2023,10,17,3,2,381,67,7,1,10,2
45216,2023,10,17,3,3,101,28,18,0,2,1
45152,2023,8,14,2,4,50,67,9,1,2,2
45216,2023,10,17,3,1,174,29,21,0,2,1
45080,2023,6,3,7,2,343,52,9,1,2,2
45216,2023,10,17,3,2,222,67,20,0,5,1
45216,2023,10,17,3,3,101,18,21,0,1,1
45216,2023,10,17,3,2,116,67,15,0,4,3
45216,2023,10,17,3,3,40,11,4,0,5,2
45216,2023,10,17,3,3,262,82,9,0,5,3
45216,2023,10,17,3,3,364,28,12,0,3,2
45216,2023,10,17,3,3,277,67,12,0,2,2
45216,2023,10,17,3,3,232,16,15,0,4,4
45216,2023,10,17,3,3,116,52,9,1,2,2
45216,2023,10,17,3,3,40,11,9,0,3,3
45216,2023,10,17,3,3,230,72,12,0,5,3
45216,2023,10,17,3,3,40,28,18,0,1,1
45216,2023,10,17,3,2,222,28,21,0,1,1
45216,2023,10,17,3,3,116,1,11,1,3,3
45216,2023,10,17,3,4,262,28,4,0,2,2
45216,2023,10,17,3,3,407,18,7,0,4,2
45216,2023,10,17,3,3,407,13,21,0,3,1
45214,2023,10,15,1,3,262,6,20,0,1,1
45216,2023,10,17,3,4,316,80,7,0,2,2
45213,2023,10,14,7,1,282,20,11,1,2,2
45216,2023,10,17,3,4,116,67,12,0,2,2
45217,2023,10,18,4,1,116,67,12,1,5,4
45216,2023,10,17,3,4,116,11,7,0,3,2
45217,2023,10,18,4,1,70,67,12,0,2,2
45217,2023,10,18,4,1,381,18,7,0,3,2
45216,2023,10,17,3,4,50,11,12,0,2,2
45217,2023,10,18,4,1,116,11,10,0,2,2
45216,2023,10,17,3,4,135,11,12,1,2,2
45217,2023,10,18,4,2,381,83,12,0,3,3
45217,2023,10,18,4,2,277,1,4,0,2,2
45217,2023,10,18,4,2,101,16,15,1,7,6
45217,2023,10,18,4,2,101,11,12,1,2,2
45217,2023,10,18,4,2,392,67,10,0,2,2
45216,2023,10,17,3,1,110,11,20,0,1,1
45217,2023,10,18,4,2,459,11,12,0,2,2
45183,2023,9,14,5,3,381,4,20,1,1,1
45216,2023,10,17,3,4,364,22,3,0,1,1
45216,2023,10,17,3,4,349,67,20,0,1,1
45198,2023,9,29,6,2,393,83,20,0,1,1
45217,2023,10,18,4,2,158,16,12,1,2,2
45217,2023,10,18,4,2,232,61,2,0,3,2
45217,2023,10,18,4,2,163,11,15,0,3,3
45217,2023,10,18,4,2,50,67,9,0,2,2
45217,2023,10,18,4,2,116,18,12,0,3,2
45201,2023,10,2,2,3,267,82,10,0,4,3
45217,2023,10,18,4,2,104,67,12,1,2,2
45175,2023,9,6,4,3,158,82,7,0,5,4
45217,2023,10,18,4,3,415,83,10,0,3,3
45217,2023,10,18,4,2,262,82,7,0,5,4
45217,2023,10,18,4,2,40,28,21,0,2,1
45217,2023,10,18,4,3,365,67,12,0,2,2
45198,2023,9,29,6,1,174,60,2,0,3,2
45146,2023,8,8,3,2,116,11,2,0,2,2
45217,2023,10,18,4,3,153,28,12,0,2,2
45217,2023,10,18,4,3,316,11,12,1,3,2
45217,2023,10,18,4,2,116,15,20,0,1,1
45213,2023,10,14,7,3,163,1,20,0,1,1
45217,2023,10,18,4,3,116,52,9,1,2,2
45217,2023,10,18,4,3,40,72,11,0,2,2
45217,2023,10,18,4,3,116,11,21,0,1,1
45217,2023,10,18,4,3,376,13,15,1,5,5
45217,2023,10,18,4,3,163,67,21,0,1,1
45217,2023,10,18,4,3,101,60,2,1,2,2
45217,2023,10,18,4,3,101,83,20,0,1,1
45217,2023,10,18,4,3,369,52,12,0,5,2
45217,2023,10,18,4,3,116,61,2,0,3,3
45217,2023,10,18,4,3,153,65,10,0,10,7
45217,2023,10,18,4,2,356,2,9,1,2,2
45217,2023,10,18,4,3,280,16,4,1,3,2
45217,2023,10,18,4,4,376,67,7,0,2,2
45217,2023,10,18,4,4,476,11,21,0,1,1
45217,2023,10,18,4,4,386,83,9,0,2,2
45217,2023,10,18,4,3,10,21,20,0,1,1
45217,2023,10,18,4,4,282,67,7,0,5,2
45217,2023,10,18,4,4,381,11,4,0,1,1
45217,2023,10,18,4,4,470,11,20,1,1,1
45217,2023,10,18,4,4,116,52,21,1,2,2
45217,2023,10,18,4,3,163,1,9,1,4,4
45218,2023,10,19,5,1,364,67,20,0,1,1
45218,2023,10,19,5,1,277,67,21,0,1,1
45218,2023,10,19,5,1,116,15,21,0,2,1
45218,2023,10,19,5,1,101,83,20,0,1,1
45218,2023,10,19,5,1,101,81,12,0,3,2
45218,2023,10,19,5,1,116,11,12,0,2,2
45218,2023,10,19,5,2,20,82,9,0,2,2
45217,2023,10,18,4,3,319,28,18,0,1,1
45218,2023,10,19,5,2,259,83,7,0,3,2