id_data,ano,mes,dia,id_dia_semana,periodo,br,id_causa_acidente,id_tipo_acidente,id_uso_solo,pessoas,veiculos
45218,2023,10,19,5,2,116,67,12,1,4,4
45138,2023,7,31,2,2,158,52,10,0,2,2
45218,2023,10,19,5,2,116,11,9,1,3,2
45217,2023,10,18,4,3,116,16,12,0,4,4
45218,2023,10,19,5,1,101,16,12,0,2,2
45190,2023,9,21,5,2,282,80,7,0,2,2
45218,2023,10,19,5,2,376,67,4,0,1,1
45218,2023,10,19,5,2,50,11,20,0,1,1
45218,2023,10,19,5,2,282,51,20,1,2,2
45218,2023,10,19,5,2,153,1,12,1,3,2
45218,2023,10,19,5,2,476,11,20,0,2,2
45218,2023,10,19,5,2,277,80,7,0,2,2
45218,2023,10,19,5,2,153,11,20,0,1,1
45218,2023,10,19,5,2,116,16,12,0,8,4
45203,2023,10,4,4,2,116,11,15,1,9,5
45218,2023,10,19,5,2,280,1,12,1,3,2
45218,2023,10,19,5,2,376,4,20,0,2,1
45162,2023,8,24,5,4,10,9,1,0,3,2
45217,2023,10,18,4,4,364,36,12,0,2,2
45215,2023,10,16,2,1,376,35,2,0,2,2
45218,2023,10,19,5,2,70,67,11,0,2,2
45218,2023,10,19,5,2,381,67,12,0,3,2
45216,2023,10,17,3,4,316,67,4,0,1,1
45218,2023,10,19,5,3,290,28,18,0,2,1
45218,2023,10,19,5,3,101,34,10,0,3,3
45218,2023,10,19,5,3,101,67,9,1,4,3
45218,2023,10,19,5,3,116,28,21,0,1,1
45218,2023,10,19,5,3,381,67,12,0,2,2
45218,2023,10,19,5,2,392,18,20,0,1,1
45202,2023,10,3,3,3,101,67,21,1,1,1
44938,2023,1,12,5,1,277,80,10,0,7,3
45218,2023,10,19,5,2,393,16,15,0,4,3
45218,2023,10,19,5,1,153,36,20,0,1,1
45218,2023,10,19,5,3,116,78,9,1,5,4
45218,2023,10,19,5,3,163,49,21,1,2,1
45170,2023,9,1,6,3,116,1,7,1,2,2
45218,2023,10,19,5,3,232,52,12,0,3,2
45218,2023,10,19,5,3,50,77,20,0,3,3
45218,2023,10,19,5,3,116,1,12,1,2,2
45218,2023,10,19,5,3,277,67,9,0,4,2
45218,2023,10,19,5,3,116,67,9,1,4,3
45218,2023,10,19,5,3,174,21,21,0,3,1
45218,2023,10,19,5,3,10,67,12,0,4,4
45218,2023,10,19,5,4,392,20,11,1,3,2
45210,2023,10,11,4,3,376,35,2,1,2,2
45218,2023,10,19,5,4,116,11,12,0,3,2
45218,2023,10,19,5,4,116,38,12,0,2,2
45218,2023,10,19,5,3,262,64,20,0,1,1
45218,2023,10,19,5,4,101,67,4,0,2,2
45218,2023,10,19,5,4,101,28,18,1,1,1
45218,2023,10,19,5,4,30,83,21,0,1,1
45218,2023,10,19,5,4,163,1,11,0,3,2
45219,2023,10,20,6,1,408,16,12,0,4,2
45219,2023,10,20,6,1,101,28,18,0,1,1
45218,2023,10,19,5,4,110,1,7,1,2,2
45219,2023,10,20,6,1,277,72,11,0,4,2
45219,2023,10,20,6,1,101,56,4,0,3,1
45219,2023,10,20,6,1,277,1,11,1,2,2
45218,2023,10,19,5,4,381,19,9,0,2,2
45219,2023,10,20,6,1,50,28,18,0,1,1
45219,2023,10,20,6,1,316,17,11,1,2,2
45219,2023,10,20,6,2,101,67,9,0,3,2
45219,2023,10,20,6,2,153,83,20,0,1,1
45219,2023,10,20,6,1,116,67,9,0,3,3
45219,2023,10,20,6,2,40,67,4,1,1,1
45219,2023,10,20,6,2,101,28,12,1,3,3
45219,2023,10,20,6,1,316,11,10,0,6,2
45207,2023,10,8,1,2,101,83,12,0,2,2
45199,2023,9,30,7,1,153,49,11,1,2,2
45219,2023,10,20,6,2,406,28,21,0,1,1
45219,2023,10,20,6,2,435,1,11,1,3,2
45215,2023,10,16,2,3,393,44,15,1,5,5
45219,2023,10,20,6,2,470,61,2,0,2,2
45219,2023,10,20,6,2,280,9,12,0,2,2
45203,2023,10,4,4,2,376,15,10,0,2,2
45219,2023,10,20,6,2,324,78,9,1,2,2
45219,2023,10,20,6,2,101,83,21,0,1,1
45219,2023,10,20,6,2,116,1,9,0,2,2
45219,2023,10,20,6,2,101,20,9,1,2,2
45219,2023,10,20,6,2,101,67,12,1,3,2
45183,2023,9,14,5,4,116,15,9,0,2,2
45219,2023,10,20,6,2,277,1,11,1,2,2
45134,2023,7,27,5,3,381,67,11,0,3,2
45219,2023,10,20,6,2,376,28,21,0,2,2
45219,2023,10,20,6,2,277,16,12,0,3,2
45219,2023,10,20,6,3,40,72,11,0,4,2
45219,2023,10,20,6,2,386,16,12,1,3,2
45219,2023,10,20,6,2,381,85,2,0,3,2
45219,2023,10,20,6,3,101,60,2,1,2,2
45219,2023,10,20,6,3,163,83,11,1,4,3
45219,2023,10,20,6,2,262,80,7,0,2,2
45219,2023,10,20,6,3,465,82,9,1,2,2
45219,2023,10,20,6,3,116,67,12,1,3,3
45219,2023,10,20,6,2,101,1,11,1,2,2
45219,2023,10,20,6,3,364,53,12,0,3,2
45219,2023,10,20,6,3,153,1,11,1,2,2
45219,2023,10,20,6,3,110,67,11,0,2,2
45219,2023,10,20,6,3,101,33,11,0,2,2
45219,2023,10,20,6,3,428,67,11,1,3,2
45219,2023,10,20,6,3,70,49,4,1,2,2
45219,2023,10,20,6,3,101,78,21,1,2,2
45219,2023,10,20,6,3,408,36,12,0,5,4
45219,2023,10,20,6,3,163,11,7,0,2,2
45219,2023,10,20,6,3,70,11,12,1,2,2
45203,2023,10,4,4,4,163,67,21,0,1,1
45219,2023,10,20,6,3,230,83,21,0,1,1
45219,2023,10,20,6,4,101,78,9,1,7,3
45219,2023,10,20,6,4,40,67,12,1,5,2
45219,2023,10,20,6,2,155,67,12,0,2,2
45219,2023,10,20,6,3,364,67,11,0,2,2
45219,2023,10,20,6,4,226,52,7,0,3,2
45220,2023,10,21,7,1,277,72,20,1,1,1
45220,2023,10,21,7,1,101,18,4,0,2,1
45220,2023,10,21,7,1,116,83,7,1,3,2
45208,2023,10,9,2,1,10,14,21,0,1,1
45219,2023,10,20,6,3,40,15,20,0,1,1
45220,2023,10,21,7,1,262,35,2,1,2,2
45220,2023,10,21,7,2,101,1,12,0,3,2
45220,2023,10,21,7,2,158,82,12,0,3,2
45220,2023,10,21,7,2,101,78,12,0,2,2
45220,2023,10,21,7,2,101,11,12,0,3,2
45220,2023,10,21,7,2,101,67,12,0,2,2
45220,2023,10,21,7,2,174,82,10,0,2,2
45220,2023,10,21,7,2,40,83,12,0,3,3
45220,2023,10,21,7,2,222,28,7,0,3,2
45220,2023,10,21,7,2,277,85,2,0,3,2
45220,2023,10,21,7,2,101,85,2,0,3,2
45204,2023,10,5,5,4,285,1,12,1,5,3
45220,2023,10,21,7,3,364,67,20,0,3,1
45220,2023,10,21,7,3,277,67,9,1,6,3
45220,2023,10,21,7,3,50,67,21,0,1,1
45220,2023,10,21,7,3,163,67,20,0,3,1
45220,2023,10,21,7,3,262,83,10,0,3,2
45220,2023,10,21,7,3,101,52,9,0,2,2
45220,2023,10,21,7,3,381,11,9,0,3,2
45220,2023,10,21,7,3,436,83,10,0,2,2
45220,2023,10,21,7,3,153,33,11,0,3,2
45220,2023,10,21,7,3,101,49,9,1,2,2
45220,2023,10,21,7,3,470,83,11,0,2,2
45220,2023,10,21,7,3,155,11,9,1,2,2
45220,2023,10,21,7,3,116,49,11,1,2,2
45220,2023,10,21,7,3,50,83,21,0,2,1
45220,2023,10,21,7,4,40,52,9,1,4,2
45220,2023,10,21,7,4,158,11,20,0,2,2
45220,2023,10,21,7,4,116,11,20,0,7,3
45220,2023,10,21,7,4,116,49,10,0,3,2
45220,2023,10,21,7,4,386,49,11,1,2,2
45220,2023,10,21,7,3,135,52,7,0,2,2
45220,2023,10,21,7,4,277,1,2,1,2,2
45220,2023,10,21,7,4,101,33,11,0,2,2
45220,2023,10,21,7,4,381,67,4,0,1,1
45220,2023,10,21,7,4,277,28,18,0,1,1
45220,2023,10,21,7,3,316,49,7,0,2,2
45220,2023,10,21,7,4,110,67,7,0,2,2
45221,2023,10,22,1,1,381,67,12,0,3,2
45221,2023,10,22,1,1,153,18,4,0,3,3
45221,2023,10,22,1,1,262,52,9,0,2,2
45221,2023,10,22,1,1,116,67,12,0,2,2
45221,2023,10,22,1,1,316,52,7,0,2,2
45221,2023,10,22,1,1,285,80,7,0,2,2
45220,2023,10,21,7,4,163,3,20,0,1,1
45221,2023,10,22,1,1,104,49,12,0,2,2
45221,2023,10,22,1,2,116,80,10,0,2,2
45221,2023,10,22,1,2,116,52,9,1,2,2
45221,2023,10,22,1,1,476,49,7,0,2,2
45221,2023,10,22,1,2,381,83,21,0,2,2
45221,2023,10,22,1,2,316,78,21,1,2,2
45221,2023,10,22,1,2,290,67,12,0,4,3
45193,2023,9,24,1,3,101,14,14,0,3,2
45221,2023,10,22,1,2,153,67,12,0,2,2
45221,2023,10,22,1,2,376,67,4,0,2,2
45193,2023,9,24,1,4,20,80,10,0,2,2
45221,2023,10,22,1,2,277,1,11,1,2,2
45221,2023,10,22,1,3,365,11,9,1,2,2
45221,2023,10,22,1,3,369,16,12,1,5,2
45221,2023,10,22,1,3,116,44,12,0,2,2
45221,2023,10,22,1,3,135,83,21,0,1,1
45221,2023,10,22,1,3,262,59,21,0,1,1
45221,2023,10,22,1,3,277,80,10,0,4,4
45221,2023,10,22,1,4,153,16,12,0,2,2
45221,2023,10,22,1,4,101,49,9,1,2,2
45221,2023,10,22,1,4,324,1,9,1,3,2
45221,2023,10,22,1,4,316,80,11,1,3,2
45201,2023,10,2,2,3,476,13,20,1,1,1
45221,2023,10,22,1,4,20,16,12,0,3,2
45221,2023,10,22,1,4,381,11,12,0,4,2
45221,2023,10,22,1,4,101,67,12,0,2,2
45221,2023,10,22,1,4,316,18,7,0,3,2
45221,2023,10,22,1,4,277,11,12,0,2,2
45222,2023,10,23,2,1,101,49,12,0,2,2
45222,2023,10,23,2,1,40,83,21,0,1,1
45221,2023,10,22,1,4,116,1,2,0,2,2
45222,2023,10,23,2,1,101,80,11,1,2,2
45222,2023,10,23,2,1,232,49,20,0,1,1
45222,2023,10,23,2,1,386,35,2,1,2,2
45222,2023,10,23,2,1,163,18,12,0,4,2
45222,2023,10,23,2,1,116,80,7,0,2,2
45222,2023,10,23,2,2,104,16,12,1,3,2
45222,2023,10,23,2,2,470,1,11,0,2,2
45222,2023,10,23,2,1,277,67,7,0,2,2
45222,2023,10,23,2,2,158,85,7,0,2,2
45222,2023,10,23,2,2,116,67,21,0,1,1
45222,2023,10,23,2,2,116,1,9,1,2,2
45222,2023,10,23,2,2,262,67,10,0,2,2
45222,2023,10,23,2,2,319,1,2,1,2,2
45110,2023,7,3,2,1,50,18,12,0,2,2
45222,2023,10,23,2,2,376,67,9,0,3,2
45222,2023,10,23,2,2,153,11,10,0,4,4
45216,2023,10,17,3,4,319,28,9,1,2,2
45206,2023,10,7,7,1,282,18,10,0,3,2
45222,2023,10,23,2,2,277,67,12,0,3,2
45222,2023,10,23,2,2,116,11,12,0,3,2
45222,2023,10,23,2,2,153,51,12,1,4,4
45222,2023,10,23,2,2,163,2,11,1,2,2
45222,2023,10,23,2,2,20,1,9,1,3,2
45222,2023,10,23,2,2,392,11,20,0,1,1
45194,2023,9,25,2,3,381,1,9,1,2,2
45222,2023,10,23,2,2,316,82,9,1,2,2
45222,2023,10,23,2,2,116,52,9,0,3,2
45222,2023,10,23,2,2,40,11,21,0,2,1
45068,2023,5,22,2,3,365,16,12,0,2,2
45222,2023,10,23,2,2,116,11,21,0,1,1
45222,2023,10,23,2,3,452,83,21,1,1,1
45196,2023,9,27,4,3,259,52,10,0,5,3
45222,2023,10,23,2,3,262,28,20,0,1,1
45222,2023,10,23,2,3,101,1,9,1,2,2
45222,2023,10,23,2,3,101,16,12,1,3,2
45222,2023,10,23,2,3,101,83,7,0,6,2
45222,2023,10,23,2,3,262,11,12,0,4,3
45222,2023,10,23,2,3,285,11,12,0,8,2
45222,2023,10,23,2,3,60,2,21,1,2,1
45222,2023,10,23,2,3,381,16,12,1,4,3
45222,2023,10,23,2,3,116,1,11,0,3,3
45222,2023,10,23,2,3,262,52,9,1,3,2
45222,2023,10,23,2,3,116,16,12,1,3,3
45222,2023,10,23,2,3,262,18,7,0,2,2
45222,2023,10,23,2,3,101,67,7,0,2,2
45222,2023,10,23,2,3,230,52,9,1,2,2
45222,2023,10,23,2,3,487,13,10,0,3,2
45205,2023,10,6,6,4,349,82,7,0,3,2
45222,2023,10,23,2,3,116,1,11,0,2,2
45222,2023,10,23,2,3,20,1,10,0,6,2
45222,2023,10,23,2,4,324,20,11,1,2,2
45222,2023,10,23,2,3,40,16,12,0,2,2
45222,2023,10,23,2,3,364,15,12,0,2,2
45219,2023,10,20,6,1,116,28,18,0,1,1
45222,2023,10,23,2,4,251,2,12,0,2,2
45222,2023,10,23,2,4,277,80,7,0,5,5
45222,2023,10,23,2,4,101,36,12,0,4,2
45222,2023,10,23,2,4,402,80,10,0,2,2
45222,2023,10,23,2,4,230,49,12,1,2,2
45222,2023,10,23,2,4,470,9,1,0,2,2
45222,2023,10,23,2,3,50,83,12,0,3,2
45222,2023,10,23,2,4,101,67,12,1,2,2
45223,2023,10,24,3,1,381,11,20,0,1,1
45223,2023,10,24,3,1,282,85,7,0,2,2
45223,2023,10,24,3,1,392,11,4,0,1,1
45223,2023,10,24,3,1,316,13,4,1,1,1
45223,2023,10,24,3,1,381,19,12,0,2,2
45223,2023,10,24,3,1,386,9,20,0,1,1
45180,2023,9,11,2,4,20,11,12,0,3,3
45223,2023,10,24,3,1,153,28,18,0,1,1
45222,2023,10,23,2,4,50,18,20,0,1,1
45223,2023,10,24,3,2,230,11,12,0,2,2
45223,2023,10,24,3,2,101,16,12,0,2,2
45223,2023,10,24,3,2,101,11,11,1,4,2
45223,2023,10,24,3,2,101,82,9,1,5,3
45223,2023,10,24,3,2,153,52,12,1,3,3
45223,2023,10,24,3,2,116,20,7,0,3,2
45223,2023,10,24,3,2,101,1,9,1,2,2
45171,2023,9,2,7,3,290,67,12,0,5,2
45223,2023,10,24,3,2,381,67,21,0,2,1
45212,2023,10,13,6,1,226,76,12,0,2,2
45223,2023,10,24,3,2,101,16,11,1,3,2
45223,2023,10,24,3,2,116,82,7,1,2,2
45223,2023,10,24,3,2,282,80,7,0,5,4
45223,2023,10,24,3,2,153,67,4,0,1,1
45223,2023,10,24,3,2,280,82,7,0,3,3
45223,2023,10,24,3,2,101,11,12,1,3,3
45223,2023,10,24,3,2,365,16,10,0,2,2
45223,2023,10,24,3,2,262,67,7,1,3,3
45223,2023,10,24,3,3,40,52,12,0,3,2
45223,2023,10,24,3,2,267,83,21,0,1,1
45223,2023,10,24,3,2,116,18,20,1,1,1
45223,2023,10,24,3,3,40,67,12,0,4,4
45223,2023,10,24,3,3,116,67,12,0,3,2
45223,2023,10,24,3,3,153,1,11,1,2,2
45223,2023,10,24,3,3,242,67,20,0,1,1
45223,2023,10,24,3,3,101,52,9,0,2,2
45223,2023,10,24,3,3,104,16,21,1,3,2
45223,2023,10,24,3,3,381,36,12,0,2,2
45191,2023,9,22,6,4,116,67,9,1,4,2
45223,2023,10,24,3,3,116,52,9,0,2,2
45223,2023,10,24,3,3,116,20,7,0,6,2
45223,2023,10,24,3,3,163,1,11,1,3,2
45210,2023,10,11,4,3,364,82,10,0,3,3
45223,2023,10,24,3,3,230,80,9,1,2,2
45223,2023,10,24,3,3,101,48,2,0,4,3
45223,2023,10,24,3,3,470,52,9,0,2,2
45223,2023,10,24,3,4,50,35,2,1,2,2
45223,2023,10,24,3,3,70,1,12,0,3,2
45223,2023,10,24,3,4,116,28,18,0,1,1
45223,2023,10,24,3,3,40,52,9,0,3,2
45223,2023,10,24,3,3,101,16,9,0,2,2
45223,2023,10,24,3,4,116,9,1,0,1,1
45223,2023,10,24,3,4,163,64,20,0,1,1
45223,2023,10,24,3,4,163,11,12,0,2,2
45223,2023,10,24,3,4,50,18,20,0,1,1
45223,2023,10,24,3,4,135,67,4,0,1,1
45224,2023,10,25,4,1,324,67,21,0,2,1
45224,2023,10,25,4,1,376,18,20,0,1,1
45224,2023,10,25,4,1,116,16,12,0,3,2
45224,2023,10,25,4,1,116,67,12,0,2,2
45224,2023,10,25,4,1,146,83,20,0,2,1
45224,2023,10,25,4,1,242,67,7,0,4,2
45224,2023,10,25,4,2,101,11,9,1,2,2
45224,2023,10,25,4,2,116,15,4,0,5,2
45185,2023,9,16,7,4,290,49,12,1,7,3
45224,2023,10,25,4,2,101,17,11,1,3,3
45224,2023,10,25,4,2,381,41,20,0,2,2
45032,2023,4,16,1,2,282,80,10,0,4,3
45212,2023,10,13,6,2,365,67,21,0,13,5
45224,2023,10,25,4,2,101,18,21,0,1,1
45224,2023,10,25,4,2,40,83,15,1,5,5
45224,2023,10,25,4,2,163,16,15,0,4,4
45224,2023,10,25,4,2,155,67,15,0,3,3
45224,2023,10,25,4,2,435,52,9,0,2,2
45224,2023,10,25,4,2,232,45,12,0,21,13
45224,2023,10,25,4,2,116,11,11,1,2,2
45219,2023,10,20,6,1,251,83,21,0,1,1
45224,2023,10,25,4,3,60,29,4,0,3,3
45224,2023,10,25,4,1,393,17,11,0,3,3
45224,2023,10,25,4,2,364,1,20,0,2,2
45224,2023,10,25,4,2,101,83,20,0,2,1
45224,2023,10,25,4,2,163,49,21,0,1,1
45188,2023,9,19,3,2,251,28,18,0,2,1
45224,2023,10,25,4,3,116,28,18,0,1,1
45192,2023,9,23,7,3,381,11,20,0,4,3
45152,2023,8,14,2,4,343,11,10,0,2,2
45224,2023,10,25,4,2,330,82,7,0,3,2
45224,2023,10,25,4,2,280,16,12,0,3,2
45224,2023,10,25,4,3,101,1,9,1,3,2
45224,2023,10,25,4,3,101,67,12,0,2,2
45224,2023,10,25,4,3,381,52,9,1,3,3
45192,2023,9,23,7,4,493,83,12,1,5,4
45221,2023,10,22,1,2,116,28,12,0,4,2
45224,2023,10,25,4,3,163,28,7,0,5,5
45224,2023,10,25,4,3,70,67,12,1,2,2
45224,2023,10,25,4,2,174,5,10,0,3,2
45224,2023,10,25,4,3,381,52,9,1,2,2
45224,2023,10,25,4,4,116,28,4,1,5,2
45204,2023,10,5,5,4,381,61,2,1,2,2
45224,2023,10,25,4,3,452,15,7,0,2,2
45224,2023,10,25,4,4,116,80,7,0,2,2
45224,2023,10,25,4,4,116,80,7,0,2,2
45224,2023,10,25,4,4,470,1,11,1,2,2
45224,2023,10,25,4,4,282,85,7,1,2,2
45224,2023,10,25,4,4,290,11,12,0,2,2
45224,2023,10,25,4,4,470,67,12,0,2,2
45224,2023,10,25,4,4,163,9,10,0,4,3
45224,2023,10,25,4,3,222,21,21,0,3,1
45224,2023,10,25,4,3,407,80,10,0,4,3
45224,2023,10,25,4,4,116,11,21,1,1,1
45224,2023,10,25,4,4,116,67,21,0,1,1
45224,2023,10,25,4,4,116,28,12,0,2,2
45225,2023,10,26,5,1,116,11,12,1,2,2
45225,2023,10,26,5,1,30,18,20,0,1,1
45225,2023,10,26,5,2,40,1,9,1,4,3
45225,2023,10,26,5,1,364,28,12,0,2,2
45225,2023,10,26,5,2,40,56,15,1,5,5
45225,2023,10,26,5,2,116,1,11,0,2,2
45225,2023,10,26,5,2,364,67,12,0,2,2
45225,2023,10,26,5,2,101,33,11,1,4,2
45225,2023,10,26,5,2,158,83,21,0,1,1
45225,2023,10,26,5,2,381,65,20,0,1,1
45225,2023,10,26,5,1,10,18,21,0,1,1
45225,2023,10,26,5,2,116,4,9,0,2,2
45225,2023,10,26,5,2,376,18,4,0,1,1
45225,2023,10,26,5,1,251,15,20,0,2,1
45225,2023,10,26,5,2,386,51,12,0,2,2
45213,2023,10,14,7,2,163,9,10,0,3,3
45225,2023,10,26,5,2,262,52,9,0,2,2
45095,2023,6,18,1,2,381,51,10,0,2,2
45225,2023,10,26,5,2,40,16,12,1,3,2
45225,2023,10,26,5,2,153,80,7,0,2,2
45225,2023,10,26,5,2,386,67,10,0,3,3
45225,2023,10,26,5,2,381,83,21,0,3,3
45225,2023,10,26,5,2,373,18,20,0,2,1
45206,2023,10,7,7,3,40,83,10,1,2,2
45213,2023,10,14,7,2,153,82,7,0,4,2
45225,2023,10,26,5,2,116,80,7,0,2,2
45225,2023,10,26,5,3,101,67,4,0,2,1
45225,2023,10,26,5,2,364,19,11,1,2,2
45225,2023,10,26,5,3,40,51,12,0,2,2
45225,2023,10,26,5,3,277,67,12,0,3,2
45225,2023,10,26,5,3,101,52,12,0,2,2
45225,2023,10,26,5,3,365,15,20,0,1,1
45225,2023,10,26,5,3,424,80,7,0,2,2
45225,2023,10,26,5,3,40,64,7,0,3,2
45225,2023,10,26,5,3,280,28,4,0,1,1
45225,2023,10,26,5,3,285,1,11,0,2,2
45225,2023,10,26,5,3,277,52,4,1,1,1
45170,2023,9,1,6,1,116,67,21,0,1,1
45225,2023,10,26,5,3,277,33,11,1,4,3
45225,2023,10,26,5,3,277,60,10,0,2,2
45225,2023,10,26,5,3,116,61,2,1,2,2
45225,2023,10,26,5,3,262,83,20,0,1,1
45225,2023,10,26,5,3,40,83,12,0,2,2
45225,2023,10,26,5,3,153,1,11,0,4,2
45041,2023,4,25,3,3,70,11,12,0,2,2
45225,2023,10,26,5,4,116,67,2,1,3,2
45225,2023,10,26,5,3,365,67,11,0,3,2
45225,2023,10,26,5,4,163,67,12,0,2,2
45225,2023,10,26,5,4,40,14,21,0,1,1
45225,2023,10,26,5,3,116,83,21,0,2,1
45225,2023,10,26,5,4,393,1,11,0,2,2
45225,2023,10,26,5,4,116,52,7,0,2,2
45225,2023,10,26,5,4,376,28,18,0,1,1
45225,2023,10,26,5,4,116,52,12,1,3,2
45225,2023,10,26,5,4,40,14,21,0,1,1
45225,2023,10,26,5,4,476,83,21,0,2,1
45225,2023,10,26,5,4,101,28,20,0,1,1
45225,2023,10,26,5,4,277,28,18,0,1,1
45225,2023,10,26,5,4,101,56,4,0,3,3
45226,2023,10,27,6,1,410,18,20,0,1,1
45226,2023,10,27,6,1,101,18,4,0,1,1
45226,2023,10,27,6,1,153,67,12,0,2,2
45226,2023,10,27,6,1,101,11,12,1,3,2
45226,2023,10,27,6,1,153,67,20,0,1,1
45225,2023,10,26,5,4,60,28,18,0,1,1
45226,2023,10,27,6,1,407,9,1,0,1,1
45226,2023,10,27,6,2,153,1,11,1,2,2
45226,2023,10,27,6,2,153,18,21,0,2,2
45226,2023,10,27,6,1,101,82,20,0,1,1
45226,2023,10,27,6,2,116,52,12,0,5,4
45226,2023,10,27,6,2,222,19,12,1,2,2
45226,2023,10,27,6,1,226,11,20,0,1,1
45226,2023,10,27,6,2,116,1,9,1,2,2
45226,2023,10,27,6,2,373,1,11,0,4,2
45226,2023,10,27,6,2,277,28,12,0,2,2
45226,2023,10,27,6,2,101,16,12,0,2,2
45226,2023,10,27,6,2,163,82,9,0,2,2
45226,2023,10,27,6,2,163,16,12,1,4,2
45226,2023,10,27,6,2,277,1,12,0,4,3
45226,2023,10,27,6,2,476,78,9,1,3,3
45226,2023,10,27,6,2,163,82,9,0,3,3
45226,2023,10,27,6,2,280,64,20,0,2,1
45226,2023,10,27,6,2,277,82,7,0,2,2
45226,2023,10,27,6,3,20,15,20,0,1,1
45226,2023,10,27,6,2,493,1,9,0,2,2
45226,2023,10,27,6,3,163,82,10,0,2,2
45226,2023,10,27,6,3,452,52,4,1,3,2
45226,2023,10,27,6,3,282,33,11,1,3,2
45226,2023,10,27,6,3,20,4,20,1,1,1
45226,2023,10,27,6,3,316,83,7,0,2,2
45226,2023,10,27,6,3,282,1,9,1,3,2
45226,2023,10,27,6,3,420,66,20,0,3,1
45226,2023,10,27,6,3,116,1,11,0,2,2
45226,2023,10,27,6,3,40,83,20,0,2,1
45226,2023,10,27,6,3,116,85,2,1,3,2
45226,2023,10,27,6,3,163,67,21,0,2,2
45226,2023,10,27,6,3,163,83,11,0,2,2
45226,2023,10,27,6,3,158,28,20,0,1,1
45226,2023,10,27,6,3,316,11,9,1,2,2
45194,2023,9,25,2,3,262,80,11,0,3,2
45226,2023,10,27,6,3,376,11,21,0,1,1
45226,2023,10,27,6,3,101,67,9,0,5,2
45226,2023,10,27,6,2,290,82,21,0,3,3
45226,2023,10,27,6,2,277,83,21,0,2,2
45226,2023,10,27,6,4,116,11,15,0,6,6
45226,2023,10,27,6,3,116,14,21,0,1,1
45226,2023,10,27,6,3,468,1,11,0,18,2
45226,2023,10,27,6,4,101,1,12,1,3,2
45226,2023,10,27,6,4,262,83,12,1,3,2
45226,2023,10,27,6,4,40,11,12,0,2,2
45227,2023,10,28,7,1,116,50,20,0,1,1
45227,2023,10,28,7,1,40,83,21,0,1,1
45227,2023,10,28,7,1,235,80,10,0,2,2
45226,2023,10,27,6,4,226,3,21,0,1,1
45226,2023,10,27,6,2,242,65,18,0,1,1
45227,2023,10,28,7,1,163,18,20,0,1,1
45213,2023,10,14,7,2,282,83,9,0,3,2
45227,2023,10,28,7,2,465,67,10,1,2,2
45227,2023,10,28,7,1,10,82,7,0,2,2
45227,2023,10,28,7,1,230,11,20,0,1,1
45227,2023,10,28,7,2,163,67,20,0,1,1
45227,2023,10,28,7,2,101,67,10,0,2,2
45227,2023,10,28,7,2,381,83,21,0,1,1
45227,2023,10,28,7,2,163,80,10,0,2,2
45225,2023,10,26,5,4,40,67,9,0,2,2
45226,2023,10,27,6,4,316,67,12,0,3,3
45227,2023,10,28,7,2,365,64,20,0,1,1
45227,2023,10,28,7,2,364,11,21,0,1,1
45227,2023,10,28,7,2,373,67,12,1,2,2
45227,2023,10,28,7,2,470,80,7,0,2,2
45227,2023,10,28,7,2,101,11,4,0,1,1
45227,2023,10,28,7,2,153,18,12,0,2,2
45227,2023,10,28,7,3,60,48,7,0,4,2
45227,2023,10,28,7,3,364,67,12,0,3,3
45227,2023,10,28,7,3,116,67,12,0,2,2
45227,2023,10,28,7,3,20,67,20,0,2,1
45227,2023,10,28,7,3,262,1,12,0,4,2
45227,2023,10,28,7,3,290,1,11,0,2,2
45227,2023,10,28,7,3,393,67,10,0,2,2
45227,2023,10,28,7,3,277,80,7,1,3,2
45227,2023,10,28,7,3,304,11,2,1,2,2
45227,2023,10,28,7,3,376,36,12,1,4,3
45227,2023,10,28,7,3,101,85,2,0,2,2
45227,2023,10,28,7,3,101,1,9,1,3,2
45227,2023,10,28,7,3,116,64,20,0,1,1
45227,2023,10,28,7,3,287,28,18,0,1,1
45227,2023,10,28,7,3,116,16,12,0,3,2
45227,2023,10,28,7,3,153,49,10,0,3,3
45227,2023,10,28,7,3,476,67,10,0,3,2
45227,2023,10,28,7,3,116,28,21,0,1,1
45227,2023,10,28,7,3,153,33,11,0,3,2
45227,2023,10,28,7,4,232,82,7,0,2,2
45227,2023,10,28,7,4,101,16,12,1,2,2
45227,2023,10,28,7,4,222,1,11,1,2,2
45227,2023,10,28,7,4,40,52,11,1,2,2