id_data,ano,mes,dia,id_dia_semana,periodo,br,id_causa_acidente,id_tipo_acidente,id_uso_solo,pessoas,veiculos
45227,2023,10,28,7,4,153,49,11,0,2,2
45228,2023,10,29,1,1,116,67,12,1,6,5
45228,2023,10,29,1,1,414,49,12,0,2,2
45228,2023,10,29,1,1,316,80,7,0,3,2
45227,2023,10,28,7,4,70,80,11,0,2,2
45228,2023,10,29,1,1,319,28,7,0,4,2
45228,2023,10,29,1,1,153,52,7,1,5,2
45228,2023,10,29,1,2,376,18,9,0,2,2
45228,2023,10,29,1,2,277,16,12,0,4,2
45228,2023,10,29,1,2,116,33,11,0,4,3
45228,2023,10,29,1,2,163,11,20,0,1,1
45228,2023,10,29,1,2,163,67,10,0,2,2
45212,2023,10,13,6,4,230,82,20,0,1,1
45228,2023,10,29,1,2,222,1,11,0,2,2
45228,2023,10,29,1,2,153,52,9,0,2,2
45228,2023,10,29,1,2,262,82,9,0,2,2
45228,2023,10,29,1,2,381,83,21,0,1,1
45228,2023,10,29,1,2,392,16,15,0,3,3
45228,2023,10,29,1,2,452,49,7,0,3,2
45228,2023,10,29,1,2,116,83,21,0,2,2
45228,2023,10,29,1,2,262,7,21,0,5,3
45228,2023,10,29,1,2,365,80,7,0,7,3
45228,2023,10,29,1,3,369,17,11,1,2,2
45228,2023,10,29,1,3,251,67,20,0,1,1
45228,2023,10,29,1,3,262,52,7,0,4,2
45228,2023,10,29,1,2,116,83,21,0,1,1
45228,2023,10,29,1,3,50,16,12,0,2,2
45228,2023,10,29,1,3,324,67,10,0,3,2
45228,2023,10,29,1,3,393,1,11,1,2,2
45228,2023,10,29,1,3,153,83,15,0,11,7
45228,2023,10,29,1,3,316,16,12,0,3,2
45228,2023,10,29,1,3,116,2,18,0,1,1
45228,2023,10,29,1,4,369,52,9,1,3,2
45228,2023,10,29,1,4,101,11,21,0,1,1
45228,2023,10,29,1,3,101,80,7,0,5,4
45228,2023,10,29,1,4,251,83,21,0,5,2
45228,2023,10,29,1,4,316,9,1,0,2,2
45228,2023,10,29,1,4,116,67,12,0,3,3
45228,2023,10,29,1,4,343,16,12,1,2,2
45229,2023,10,30,2,1,40,48,2,1,2,2
45229,2023,10,30,2,1,230,11,12,1,2,2
45229,2023,10,30,2,1,116,18,12,0,3,2
45228,2023,10,29,1,4,420,83,12,0,3,2
45229,2023,10,30,2,2,101,16,12,0,2,2
45229,2023,10,30,2,1,116,83,21,0,1,1
45229,2023,10,30,2,1,364,72,11,0,3,2
45229,2023,10,30,2,2,135,1,11,1,3,2
45229,2023,10,30,2,2,146,80,7,0,2,2
45229,2023,10,30,2,2,280,85,7,0,2,2
45229,2023,10,30,2,2,381,67,12,0,2,2
45229,2023,10,30,2,2,116,11,11,0,2,2
45208,2023,10,9,2,1,153,80,10,1,4,2
45229,2023,10,30,2,2,230,1,11,0,2,2
45229,2023,10,30,2,1,267,18,10,0,4,3
45229,2023,10,30,2,1,425,48,2,1,2,2
45229,2023,10,30,2,2,470,83,12,0,5,5
45170,2023,9,1,6,4,174,11,21,0,1,1
45229,2023,10,30,2,3,101,28,9,1,4,4
45229,2023,10,30,2,2,262,1,11,0,2,2
45229,2023,10,30,2,3,101,52,9,1,2,2
45229,2023,10,30,2,3,470,1,11,1,2,2
45228,2023,10,29,1,2,381,65,18,1,1,1
45229,2023,10,30,2,3,163,28,12,0,4,4
45229,2023,10,30,2,3,101,1,9,0,3,2
45229,2023,10,30,2,3,277,33,11,1,2,2
45229,2023,10,30,2,3,101,33,11,1,2,2
45229,2023,10,30,2,3,222,1,11,0,11,3
45229,2023,10,30,2,3,364,81,9,0,2,2
45229,2023,10,30,2,3,116,14,21,0,1,1
45229,2023,10,30,2,3,392,82,10,1,3,3
45229,2023,10,30,2,3,222,83,21,0,1,1
45229,2023,10,30,2,2,116,83,21,0,2,1
45229,2023,10,30,2,3,262,1,9,1,2,2
45211,2023,10,12,5,2,153,52,9,0,4,3
45229,2023,10,30,2,3,40,82,9,0,8,6
45229,2023,10,30,2,4,101,82,10,1,2,2
45229,2023,10,30,2,4,101,35,2,1,2,2
45229,2023,10,30,2,4,40,11,12,1,3,2
45229,2023,10,30,2,4,242,65,3,0,1,1
45229,2023,10,30,2,2,116,21,14,0,1,1
45229,2023,10,30,2,3,364,11,4,0,1,1
45229,2023,10,30,2,4,285,67,21,0,1,1
45230,2023,10,31,3,1,101,83,20,0,1,1
45230,2023,10,31,3,1,262,28,18,0,1,1
45230,2023,10,31,3,1,277,18,20,0,2,1
45229,2023,10,30,2,2,153,83,21,0,2,1
45230,2023,10,31,3,1,116,67,9,0,3,2
45230,2023,10,31,3,1,101,67,12,1,2,2
45229,2023,10,30,2,4,407,80,7,1,2,2
45229,2023,10,30,2,4,116,21,21,0,1,1
45230,2023,10,31,3,2,116,67,9,1,3,3
45229,2023,10,30,2,3,376,83,21,0,1,1
45230,2023,10,31,3,2,343,67,12,1,2,2
45230,2023,10,31,3,2,50,11,20,0,1,1
45230,2023,10,31,3,2,163,80,7,1,4,4
45230,2023,10,31,3,1,230,18,21,0,1,1
45229,2023,10,30,2,1,324,28,18,0,1,1
45230,2023,10,31,3,2,163,15,7,0,2,2
45230,2023,10,31,3,2,392,28,10,0,3,3
45230,2023,10,31,3,2,101,83,9,0,2,2
45203,2023,10,4,4,2,116,67,9,0,1,1
45230,2023,10,31,3,2,364,67,15,1,4,3
45230,2023,10,31,3,2,153,18,20,0,2,2
45230,2023,10,31,3,2,101,52,9,1,2,2
45221,2023,10,22,1,3,163,18,10,0,2,2
45230,2023,10,31,3,2,116,49,12,1,3,2
45230,2023,10,31,3,3,101,52,9,0,2,2
45230,2023,10,31,3,2,101,16,12,0,3,2
45230,2023,10,31,3,2,408,14,21,0,1,1
45230,2023,10,31,3,2,153,67,9,0,2,2
45218,2023,10,19,5,2,153,18,15,0,7,4
45208,2023,10,9,2,3,163,52,9,0,2,2
45230,2023,10,31,3,3,392,49,10,0,2,2
45230,2023,10,31,3,3,364,52,12,0,4,4
45230,2023,10,31,3,3,60,28,20,1,2,1
45230,2023,10,31,3,3,116,11,12,1,2,2
45230,2023,10,31,3,3,101,18,7,0,3,3
45230,2023,10,31,3,3,251,64,21,0,1,1
45230,2023,10,31,3,3,116,1,12,1,2,2
45230,2023,10,31,3,3,116,1,9,0,2,2
45230,2023,10,31,3,3,470,1,11,1,3,2
45142,2023,8,4,6,2,101,44,20,1,1,1
45230,2023,10,31,3,3,70,28,18,0,1,1
45230,2023,10,31,3,3,222,33,11,0,3,2
45230,2023,10,31,3,4,101,67,15,0,9,5
45230,2023,10,31,3,2,20,67,21,0,1,1
45230,2023,10,31,3,2,354,83,21,0,1,1
45227,2023,10,28,7,1,354,83,21,0,1,1
45230,2023,10,31,3,3,116,80,10,0,3,3
45230,2023,10,31,3,3,365,83,20,0,1,1
45230,2023,10,31,3,3,174,67,12,0,3,2
45230,2023,10,31,3,4,101,11,12,1,2,2
45230,2023,10,31,3,3,251,15,11,0,2,2
45230,2023,10,31,3,4,277,28,18,0,1,1
45230,2023,10,31,3,3,423,5,11,0,3,2
45230,2023,10,31,3,4,376,11,12,0,2,2
45189,2023,9,20,4,4,364,80,11,0,2,2
45230,2023,10,31,3,4,116,28,18,0,2,2
45230,2023,10,31,3,4,452,18,12,0,2,2
45230,2023,10,31,3,3,116,15,7,0,2,2
45230,2023,10,31,3,4,40,67,21,0,1,1
45230,2023,10,31,3,4,163,85,2,0,2,2
45230,2023,10,31,3,4,158,16,12,0,2,2
45230,2023,10,31,3,4,369,82,7,1,2,2
45231,2023,11,1,4,1,10,12,21,0,1,1
45231,2023,11,1,4,1,262,82,7,0,2,2
45230,2023,10,31,3,2,135,28,21,0,1,1
45231,2023,11,1,4,1,101,11,20,0,1,1
45231,2023,11,1,4,1,376,18,20,0,1,1
45231,2023,11,1,4,2,493,11,12,0,2,2
45231,2023,11,1,4,1,364,46,1,0,2,2
45230,2023,10,31,3,4,376,28,14,0,1,1
45231,2023,11,1,4,2,101,67,4,0,1,1
45231,2023,11,1,4,2,222,16,12,1,2,2
45199,2023,9,30,7,2,290,52,9,0,2,2
45231,2023,11,1,4,2,463,11,20,0,2,2
45231,2023,11,1,4,2,116,70,12,1,2,2
45231,2023,11,1,4,2,470,11,12,1,3,2
45231,2023,11,1,4,2,476,67,20,0,1,1
45231,2023,11,1,4,2,369,67,10,0,6,3
45231,2023,11,1,4,2,163,11,12,0,2,2
45231,2023,11,1,4,3,116,11,12,0,2,2
45231,2023,11,1,4,2,364,11,7,0,3,2
45231,2023,11,1,4,3,101,67,12,1,5,5
45231,2023,11,1,4,3,50,18,12,0,2,2
45231,2023,11,1,4,3,365,11,20,0,3,2
45231,2023,11,1,4,3,290,16,12,0,3,3
45231,2023,11,1,4,3,470,82,7,1,3,2
45231,2023,11,1,4,3,381,28,4,1,1,1
45231,2023,11,1,4,3,101,16,12,0,3,3
45231,2023,11,1,4,3,163,67,21,0,1,1
45231,2023,11,1,4,3,101,67,9,1,2,2
45231,2023,11,1,4,2,251,83,20,0,1,1
45231,2023,11,1,4,3,376,11,11,0,7,2
45231,2023,11,1,4,3,242,16,12,0,2,2
45231,2023,11,1,4,3,116,67,15,1,4,3
45231,2023,11,1,4,3,101,1,12,1,2,2
45231,2023,11,1,4,3,30,28,21,1,2,1
45231,2023,11,1,4,3,101,67,12,0,7,5
45231,2023,11,1,4,4,60,52,3,1,4,1
45231,2023,11,1,4,2,116,67,20,0,1,1
45231,2023,11,1,4,3,153,28,10,0,2,2
45231,2023,11,1,4,4,60,83,9,0,2,2
45231,2023,11,1,4,3,262,64,20,0,2,1
45231,2023,11,1,4,4,101,85,7,0,2,2
45231,2023,11,1,4,4,369,1,11,0,2,2
45231,2023,11,1,4,4,316,49,10,0,3,2
45231,2023,11,1,4,4,40,52,9,1,3,2
45231,2023,11,1,4,4,423,28,18,0,2,1
45231,2023,11,1,4,4,277,11,9,0,2,2
45231,2023,11,1,4,4,116,83,21,0,2,1
45231,2023,11,1,4,4,40,28,18,1,1,1
45231,2023,11,1,4,3,158,11,20,0,1,1
45231,2023,11,1,4,4,381,67,4,0,8,3
45232,2023,11,2,5,1,40,67,12,0,3,2
45231,2023,11,1,4,4,101,11,10,0,2,2
45231,2023,11,1,4,4,222,49,10,0,2,2
45232,2023,11,2,5,1,101,67,7,1,3,2
45232,2023,11,2,5,1,277,67,12,0,2,2
45232,2023,11,2,5,1,277,11,12,0,3,2
45231,2023,11,1,4,4,282,15,4,0,1,1
45232,2023,11,2,5,1,259,83,7,0,5,2
45232,2023,11,2,5,1,470,49,7,1,3,2
45232,2023,11,2,5,1,153,67,21,0,37,4
45232,2023,11,2,5,2,116,67,21,0,1,1
45232,2023,11,2,5,1,381,9,20,0,1,1
45232,2023,11,2,5,2,354,38,21,0,1,1
45232,2023,11,2,5,2,101,4,4,0,3,2
45232,2023,11,2,5,2,101,16,15,0,8,3
45232,2023,11,2,5,2,376,52,9,0,3,2
45232,2023,11,2,5,2,101,1,9,1,2,2
45232,2023,11,2,5,2,101,52,12,0,5,3
45232,2023,11,2,5,2,101,67,21,0,1,1
45232,2023,11,2,5,3,101,67,12,0,3,2
45232,2023,11,2,5,3,376,28,21,0,2,1
45232,2023,11,2,5,3,393,7,20,0,1,1
45232,2023,11,2,5,3,116,16,20,0,5,2
45110,2023,7,3,2,3,470,67,20,1,1,1
45232,2023,11,2,5,3,365,52,9,0,2,2
45232,2023,11,2,5,4,376,80,11,0,5,2
45232,2023,11,2,5,3,222,67,4,1,1,1
45232,2023,11,2,5,4,116,67,21,1,1,1
45233,2023,11,3,6,1,70,80,7,1,2,2
45233,2023,11,3,6,1,116,28,18,0,1,1
45233,2023,11,3,6,1,50,67,9,0,5,2
45233,2023,11,3,6,1,316,28,21,0,1,1
45233,2023,11,3,6,1,364,11,12,0,2,2
45233,2023,11,3,6,2,101,4,9,1,2,2
45233,2023,11,3,6,1,153,16,12,0,2,2
45233,2023,11,3,6,1,116,11,12,0,2,2
45233,2023,11,3,6,2,101,28,21,0,1,1
45233,2023,11,3,6,2,267,18,10,0,3,2
45233,2023,11,3,6,2,153,12,12,1,3,2
45233,2023,11,3,6,2,470,11,12,0,2,2
45233,2023,11,3,6,2,116,28,18,0,1,1
45233,2023,11,3,6,2,116,11,12,0,5,3
45233,2023,11,3,6,2,324,28,12,1,2,2
45233,2023,11,3,6,2,153,67,20,0,1,1
45233,2023,11,3,6,2,392,83,20,0,1,1
45190,2023,9,21,5,1,135,80,21,0,1,1
45233,2023,11,3,6,2,287,67,20,0,2,2
45233,2023,11,3,6,2,493,51,20,0,2,2
45233,2023,11,3,6,2,10,80,10,1,2,2
45233,2023,11,3,6,3,285,80,7,1,2,2
45233,2023,11,3,6,2,393,14,14,0,1,1
45233,2023,11,3,6,3,153,81,11,1,2,2
45233,2023,11,3,6,2,10,17,11,1,2,2
45233,2023,11,3,6,3,232,78,12,0,4,3
45233,2023,11,3,6,3,116,65,4,1,1,1
45233,2023,11,3,6,3,101,67,4,0,3,2
45233,2023,11,3,6,3,116,65,4,1,1,1
45233,2023,11,3,6,3,232,16,12,0,2,2
45233,2023,11,3,6,3,101,11,12,1,2,2
45233,2023,11,3,6,2,174,1,11,0,2,2
45214,2023,10,15,1,2,153,83,12,0,3,2
45233,2023,11,3,6,3,277,36,12,0,3,2
45233,2023,11,3,6,3,163,11,7,1,4,2
45233,2023,11,3,6,3,40,1,9,0,2,2
45233,2023,11,3,6,3,101,11,12,0,2,2
45233,2023,11,3,6,3,282,64,7,0,5,4
45213,2023,10,14,7,4,163,67,12,1,2,2
45233,2023,11,3,6,2,101,28,4,1,1,1
45233,2023,11,3,6,3,365,11,7,0,4,3
45156,2023,8,18,6,2,470,1,11,0,5,4
45233,2023,11,3,6,2,242,83,21,0,1,1
45233,2023,11,3,6,3,381,16,9,0,2,2
45233,2023,11,3,6,4,101,11,4,0,2,2
45233,2023,11,3,6,3,230,49,12,0,3,2
45233,2023,11,3,6,4,101,42,10,0,2,2
45233,2023,11,3,6,4,414,80,10,0,2,2
45233,2023,11,3,6,4,282,80,7,0,3,3
45233,2023,11,3,6,4,116,67,12,1,4,2
45233,2023,11,3,6,4,476,11,20,0,1,1
45233,2023,11,3,6,4,364,18,7,0,2,2
45233,2023,11,3,6,2,153,15,20,0,1,1
45233,2023,11,3,6,4,40,28,21,0,1,1
45233,2023,11,3,6,4,428,11,21,0,1,1
45234,2023,11,4,7,1,381,64,12,0,3,3
45233,2023,11,3,6,4,60,28,18,0,1,1
45234,2023,11,4,7,1,376,67,12,0,2,2
45234,2023,11,4,7,1,476,28,18,0,1,1
45234,2023,11,4,7,1,316,28,3,0,1,1
45234,2023,11,4,7,1,230,60,2,0,2,2
45234,2023,11,4,7,1,104,11,12,0,2,2
45234,2023,11,4,7,1,116,80,10,1,2,2
45234,2023,11,4,7,1,101,67,21,0,2,1
45233,2023,11,3,6,2,163,11,20,1,1,1
45234,2023,11,4,7,1,376,28,18,0,1,1
45234,2023,11,4,7,2,101,48,2,1,2,2
45234,2023,11,4,7,2,40,44,15,1,3,3
45234,2023,11,4,7,2,116,49,21,0,2,1
45234,2023,11,4,7,2,369,18,10,0,5,3
45234,2023,11,4,7,2,40,11,12,1,3,3
45233,2023,11,3,6,2,40,67,20,0,2,2
45234,2023,11,4,7,2,116,67,15,1,7,7
45234,2023,11,4,7,1,101,18,7,0,2,2
45234,2023,11,4,7,2,343,11,4,1,1,1
45234,2023,11,4,7,2,459,49,3,0,2,2
45234,2023,11,4,7,2,414,83,21,0,6,3
45234,2023,11,4,7,2,163,49,20,0,1,1
45234,2023,11,4,7,2,50,1,11,1,3,2
45234,2023,11,4,7,2,40,83,21,0,1,1
45234,2023,11,4,7,2,230,16,12,1,2,2
45234,2023,11,4,7,2,110,67,11,1,2,2
45234,2023,11,4,7,3,277,82,7,0,4,4
45234,2023,11,4,7,3,101,45,15,0,7,5
45229,2023,10,30,2,4,174,11,4,0,1,1
45234,2023,11,4,7,3,158,2,12,0,2,2
45234,2023,11,4,7,3,20,12,7,1,3,2
45234,2023,11,4,7,3,50,11,12,0,2,2
45234,2023,11,4,7,3,116,55,10,0,5,3
45234,2023,11,4,7,3,116,83,21,0,1,1
45234,2023,11,4,7,3,101,52,9,0,2,2
45234,2023,11,4,7,3,476,82,9,0,2,2
45234,2023,11,4,7,3,251,28,18,0,1,1
45234,2023,11,4,7,3,386,1,11,1,2,2
45234,2023,11,4,7,3,116,67,9,0,3,2
45234,2023,11,4,7,3,282,83,12,1,5,3
45234,2023,11,4,7,4,369,28,20,0,3,1
45234,2023,11,4,7,4,70,11,7,0,3,3
45234,2023,11,4,7,4,230,80,7,1,2,2
45234,2023,11,4,7,4,101,1,11,0,5,2
45234,2023,11,4,7,3,242,64,20,0,3,1
45234,2023,11,4,7,4,153,80,7,0,5,2
45234,2023,11,4,7,4,163,1,11,1,4,3
45235,2023,11,5,1,1,393,35,2,0,3,2
45235,2023,11,5,1,1,282,55,12,0,2,2
45234,2023,11,4,7,3,470,28,21,0,1,1
45234,2023,11,4,7,4,386,52,9,0,2,2
45235,2023,11,5,1,1,40,18,12,1,3,3
45235,2023,11,5,1,2,153,7,21,0,4,3
45235,2023,11,5,1,2,316,1,11,1,2,2
45231,2023,11,1,4,4,470,1,11,1,3,3
45235,2023,11,5,1,2,116,65,20,1,1,1
45235,2023,11,5,1,2,364,67,20,0,1,1
45235,2023,11,5,1,2,70,67,21,0,1,1
45235,2023,11,5,1,2,116,16,12,1,2,2
45235,2023,11,5,1,2,50,28,14,0,2,2
45235,2023,11,5,1,2,116,33,11,1,2,2
45235,2023,11,5,1,3,116,52,9,0,2,2
45232,2023,11,2,5,1,70,80,10,1,2,2
45235,2023,11,5,1,2,230,83,21,0,2,1
45235,2023,11,5,1,3,376,67,7,0,2,2
45235,2023,11,5,1,3,163,11,21,0,1,1
45235,2023,11,5,1,3,251,83,10,0,2,2
45235,2023,11,5,1,3,135,3,21,1,1,1
45235,2023,11,5,1,3,153,11,12,1,1,1
45219,2023,10,20,6,2,153,82,9,0,4,2
45235,2023,11,5,1,3,174,14,4,1,1,1
45231,2023,11,1,4,3,50,44,12,0,3,3
45235,2023,11,5,1,4,116,67,12,1,2,2
45235,2023,11,5,1,3,101,67,9,1,2,2
45235,2023,11,5,1,3,364,67,10,0,2,2
45235,2023,11,5,1,4,116,44,20,0,6,2
45235,2023,11,5,1,4,393,44,12,1,1,1
45235,2023,11,5,1,4,158,20,11,0,2,2
45235,2023,11,5,1,3,116,80,7,0,3,3
45235,2023,11,5,1,4,376,21,21,0,2,1
45235,2023,11,5,1,4,282,83,21,0,1,1
45235,2023,11,5,1,4,20,28,21,0,1,1
45235,2023,11,5,1,4,110,67,10,0,3,3
45235,2023,11,5,1,3,70,82,10,0,3,3
45236,2023,11,6,2,1,230,80,7,0,2,2
45236,2023,11,6,2,2,116,29,21,1,1,1
45236,2023,11,6,2,2,470,1,11,1,2,2
45236,2023,11,6,2,2,101,11,10,0,6,2
45236,2023,11,6,2,1,316,11,11,1,2,2
45236,2023,11,6,2,2,242,83,4,0,2,1
45235,2023,11,5,1,4,70,28,7,0,1,1
45236,2023,11,6,2,2,262,81,20,0,1,1
45236,2023,11,6,2,2,277,67,12,0,2,2
45236,2023,11,6,2,2,101,83,21,0,1,1
45236,2023,11,6,2,2,471,28,21,0,2,1
45236,2023,11,6,2,2,101,78,9,0,3,3
45213,2023,10,14,7,2,70,80,7,0,4,2
45236,2023,11,6,2,2,376,16,9,0,3,3
45236,2023,11,6,2,2,116,28,18,1,1,1
45236,2023,11,6,2,2,381,52,9,0,3,2
45236,2023,11,6,2,2,153,16,9,0,3,3
45236,2023,11,6,2,2,423,11,7,0,2,2
45171,2023,9,2,7,2,40,83,3,1,1,1
45235,2023,11,5,1,4,101,83,7,0,51,5
45236,2023,11,6,2,3,381,67,20,0,1,1
45236,2023,11,6,2,3,476,28,12,1,2,2
45236,2023,11,6,2,2,364,67,21,0,1,1
45236,2023,11,6,2,3,428,28,18,0,1,1
45236,2023,11,6,2,3,40,49,12,1,2,2
45236,2023,11,6,2,3,101,11,12,0,3,2
45236,2023,11,6,2,3,230,67,4,1,2,2
45232,2023,11,2,5,4,101,67,3,0,1,1
45236,2023,11,6,2,3,116,67,12,1,3,2
45236,2023,11,6,2,3,101,9,21,1,2,2
45236,2023,11,6,2,3,386,1,9,1,3,3
45236,2023,11,6,2,3,316,11,4,1,5,3
45236,2023,11,6,2,3,101,60,2,0,2,2
45236,2023,11,6,2,3,110,83,21,0,1,1
45236,2023,11,6,2,4,40,16,12,1,6,3
45236,2023,11,6,2,3,420,83,20,1,1,1
45236,2023,11,6,2,4,259,67,20,0,1,1
45236,2023,11,6,2,2,60,18,12,0,3,2
45236,2023,11,6,2,4,262,1,11,0,3,2
45236,2023,11,6,2,2,50,11,9,1,2,2
45236,2023,11,6,2,4,101,18,10,0,2,2
45236,2023,11,6,2,4,101,18,12,0,2,2
45236,2023,11,6,2,4,153,1,11,0,3,2
45236,2023,11,6,2,3,282,65,18,0,1,1
45236,2023,11,6,2,4,101,65,21,0,2,1
45236,2023,11,6,2,4,40,67,15,1,7,5
45237,2023,11,7,3,1,40,18,12,0,2,2
45237,2023,11,7,3,1,381,11,12,1,2,2
45236,2023,11,6,2,4,110,65,18,0,1,1
45237,2023,11,7,3,1,40,67,7,0,3,2
45237,2023,11,7,3,1,381,18,12,1,2,2
45237,2023,11,7,3,1,116,67,3,0,1,1
45237,2023,11,7,3,1,10,82,9,0,5,3
45237,2023,11,7,3,2,101,83,3,0,1,1
45237,2023,11,7,3,1,101,28,21,0,1,1
45236,2023,11,6,2,4,153,16,12,0,2,2
45237,2023,11,7,3,2,381,11,4,0,1,1
45197,2023,9,28,5,2,158,83,10,0,3,2
45237,2023,11,7,3,2,116,33,9,1,2,2
45237,2023,11,7,3,2,153,82,9,1,2,2
45237,2023,11,7,3,2,101,78,9,0,3,3
45237,2023,11,7,3,2,381,83,21,0,1,1
45237,2023,11,7,3,2,381,52,9,1,5,2
45230,2023,10,31,3,1,364,67,4,0,1,1
45237,2023,11,7,3,2,104,28,18,0,1,1
45237,2023,11,7,3,2,324,67,12,0,4,3
45237,2023,11,7,3,3,277,80,7,0,2,2
45227,2023,10,28,7,3,242,21,21,0,1,1
45237,2023,11,7,3,2,316,44,11,0,2,2
45237,2023,11,7,3,3,262,16,12,0,4,4
45237,2023,11,7,3,3,101,67,12,0,2,2
45237,2023,11,7,3,3,116,11,12,0,2,2
45237,2023,11,7,3,3,60,81,12,0,3,2
45237,2023,11,7,3,3,304,61,2,1,2,2
45237,2023,11,7,3,3,280,72,11,0,3,2
45204,2023,10,5,5,3,459,1,11,0,3,3
45145,2023,8,7,2,4,101,35,4,0,6,3
45237,2023,11,7,3,2,364,83,10,0,2,2
45237,2023,11,7,3,3,101,52,9,1,2,2
45237,2023,11,7,3,3,116,83,20,0,1,1
45203,2023,10,4,4,3,262,16,12,0,3,2
45237,2023,11,7,3,3,277,67,12,1,2,2
45237,2023,11,7,3,3,116,11,12,0,2,2
45237,2023,11,7,3,3,101,11,9,1,2,2
45237,2023,11,7,3,3,163,80,7,0,2,2
45237,2023,11,7,3,4,277,67,4,1,1,1
45237,2023,11,7,3,3,487,20,11,0,3,3
45237,2023,11,7,3,4,60,11,20,0,1,1
45237,2023,11,7,3,4,392,67,12,0,2,2
45237,2023,11,7,3,3,101,52,9,0,2,2
45237,2023,11,7,3,4,376,28,18,0,1,1
45237,2023,11,7,3,4,285,19,21,1,1,1
45237,2023,11,7,3,4,110,81,12,1,3,3
45237,2023,11,7,3,4,262,28,4,1,2,2
45237,2023,11,7,3,4,101,83,20,0,1,1
45237,2023,11,7,3,4,376,67,12,0,2,2
45237,2023,11,7,3,4,282,11,7,0,5,2
45237,2023,11,7,3,4,470,82,9,0,2,2
45171,2023,9,2,7,2,251,83,21,0,1,1
45238,2023,11,8,4,1,381,78,9,1,3,3
45238,2023,11,8,4,1,423,28,18,0,1,1
45237,2023,11,7,3,4,226,52,7,0,2,2
45238,2023,11,8,4,1,101,2,11,1,2,2
45238,2023,11,8,4,1,290,67,12,0,4,2
45238,2023,11,8,4,2,116,78,21,1,4,3
45238,2023,11,8,4,1,40,67,21,0,1,1
45238,2023,11,8,4,2,277,65,12,0,5,3
45238,2023,11,8,4,1,116,18,9,1,2,2
45238,2023,11,8,4,2,277,2,10,1,3,2
45238,2023,11,8,4,2,290,67,12,1,3,3
45238,2023,11,8,4,2,277,83,4,0,1,1
45238,2023,11,8,4,2,101,82,9,1,3,2
45238,2023,11,8,4,2,242,83,21,0,1,1
45238,2023,11,8,4,2,153,2,11,0,5,3
45238,2023,11,8,4,2,242,28,21,0,1,1
45238,2023,11,8,4,2,277,16,15,0,4,4
45238,2023,11,8,4,2,324,52,9,0,2,2
45238,2023,11,8,4,2,116,33,11,1,2,2
45233,2023,11,3,6,4,262,1,11,0,2,2
45238,2023,11,8,4,3,470,1,11,1,2,2
45238,2023,11,8,4,2,262,82,9,0,2,2
45238,2023,11,8,4,2,406,1,12,0,3,3
45238,2023,11,8,4,3,155,67,15,0,3,3
45238,2023,11,8,4,3,116,16,12,0,1,1
45238,2023,11,8,4,2,174,13,20,0,2,1
45238,2023,11,8,4,3,163,1,11,0,2,2
45238,2023,11,8,4,3,101,11,12,0,3,2
45238,2023,11,8,4,2,101,83,3,0,1,1
45238,2023,11,8,4,3,480,16,9,1,3,2
45238,2023,11,8,4,3,101,28,21,1,3,2
45238,2023,11,8,4,3,290,1,11,0,2,2
45238,2023,11,8,4,3,369,33,11,0,2,2
45238,2023,11,8,4,3,116,1,11,0,2,2
45238,2023,11,8,4,3,316,11,15,1,4,3
45238,2023,11,8,4,3,101,80,10,0,2,2
45238,2023,11,8,4,2,364,67,15,0,3,3
45238,2023,11,8,4,3,101,16,9,1,3,3
45238,2023,11,8,4,3,393,33,11,0,2,2
45238,2023,11,8,4,4,40,78,12,1,3,3
45238,2023,11,8,4,2,30,11,12,0,6,2
45238,2023,11,8,4,4,369,67,11,0,5,2
45238,2023,11,8,4,4,242,1,12,1,2,2
45238,2023,11,8,4,4,40,80,7,0,3,2
45238,2023,11,8,4,4,364,1,7,0,2,2
45238,2023,11,8,4,3,101,67,4,0,1,1
45238,2023,11,8,4,3,174,82,10,0,2,2
45238,2023,11,8,4,3,364,82,9,0,3,3
45239,2023,11,9,5,1,116,83,21,0,1,1
45238,2023,11,8,4,4,429,11,20,0,1,1
45239,2023,11,9,5,1,101,1,9,1,4,3
45239,2023,11,9,5,1,251,83,21,0,1,1
45238,2023,11,8,4,4,364,3,21,0,1,1
45239,2023,11,9,5,1,365,49,10,0,4,4
45239,2023,11,9,5,1,316,11,12,1,2,2
45239,2023,11,9,5,2,116,1,11,1,2,2
45239,2023,11,9,5,2,40,11,20,0,1,1
45239,2023,11,9,5,2,277,16,12,0,3,2
45239,2023,11,9,5,2,158,83,4,0,1,1
45239,2023,11,9,5,2,153,61,2,1,2,2
45239,2023,11,9,5,2,116,82,10,0,6,3
45191,2023,9,22,6,3,262,85,2,0,3,2
45239,2023,11,9,5,1,470,49,10,0,3,2
45239,2023,11,9,5,2,116,1,12,1,2,2
45239,2023,11,9,5,2,40,1,12,1,4,2
45239,2023,11,9,5,2,153,18,10,0,3,3
45239,2023,11,9,5,2,116,78,9,0,4,3
45239,2023,11,9,5,2,135,1,9,0,2,2
45239,2023,11,9,5,2,226,1,11,1,6,3