id_data,ano,mes,dia,id_dia_semana,periodo,br,id_causa_acidente,id_tipo_acidente,id_uso_solo,pessoas,veiculos
45239,2023,11,9,5,2,40,81,9,1,2,2
45239,2023,11,9,5,2,280,15,7,0,3,2
45239,2023,11,9,5,2,282,19,20,0,1,1
45226,2023,10,27,6,3,242,67,10,0,2,2
45239,2023,11,9,5,2,153,67,21,0,1,1
45239,2023,11,9,5,2,40,52,9,0,6,4
45239,2023,11,9,5,2,163,1,11,0,3,2
45239,2023,11,9,5,2,116,16,15,0,3,3
45239,2023,11,9,5,2,386,80,10,0,2,2
45239,2023,11,9,5,3,70,33,9,1,2,2
45239,2023,11,9,5,2,40,52,9,1,2,2
45214,2023,10,15,1,2,101,11,21,1,1,1
45239,2023,11,9,5,3,386,80,7,0,2,2
45239,2023,11,9,5,3,376,11,20,0,1,1
45211,2023,10,12,5,4,116,67,9,0,4,3
45179,2023,9,10,1,3,476,11,7,0,2,2
45175,2023,9,6,4,3,135,3,9,0,6,3
45239,2023,11,9,5,3,277,67,20,0,1,1
45239,2023,11,9,5,3,376,83,21,0,1,1
45239,2023,11,9,5,3,277,80,11,0,3,2
45239,2023,11,9,5,2,70,67,20,0,1,1
45239,2023,11,9,5,3,376,12,15,0,9,7
45225,2023,10,26,5,3,242,15,21,0,1,1
45239,2023,11,9,5,3,470,1,11,0,2,2
45239,2023,11,9,5,3,101,1,11,0,2,2
45239,2023,11,9,5,3,101,16,12,1,2,2
45239,2023,11,9,5,3,116,1,11,1,2,2
45239,2023,11,9,5,3,116,67,20,0,2,1
45239,2023,11,9,5,3,277,80,20,0,2,2
45147,2023,8,9,4,2,470,1,11,1,2,2
45239,2023,11,9,5,4,470,1,11,0,2,2
45239,2023,11,9,5,3,262,16,20,0,2,1
45239,2023,11,9,5,3,110,35,2,0,2,2
45239,2023,11,9,5,3,324,52,9,1,2,2
45239,2023,11,9,5,4,116,49,12,1,4,3
45239,2023,11,9,5,2,242,52,9,0,3,2
45239,2023,11,9,5,3,381,28,18,0,1,1
45239,2023,11,9,5,3,101,85,2,0,3,2
45175,2023,9,6,4,3,153,11,20,0,1,1
45239,2023,11,9,5,3,153,67,7,0,2,2
45239,2023,11,9,5,4,232,67,21,0,4,2
45240,2023,11,10,6,1,116,11,12,0,2,2
45240,2023,11,10,6,1,153,18,4,0,1,1
45239,2023,11,9,5,4,381,28,18,0,1,1
45239,2023,11,9,5,4,267,83,21,0,1,1
45240,2023,11,10,6,1,163,18,20,0,1,1
45240,2023,11,10,6,1,101,49,10,1,2,2
45239,2023,11,9,5,4,316,12,12,1,4,2
45240,2023,11,10,6,1,356,18,12,1,6,3
45239,2023,11,9,5,4,101,52,9,0,6,2
45240,2023,11,10,6,2,116,83,21,0,1,1
45239,2023,11,9,5,4,230,52,7,0,2,2
45240,2023,11,10,6,2,381,67,9,0,2,2
45200,2023,10,1,1,2,101,28,18,0,1,1
45240,2023,11,10,6,2,230,67,12,1,3,2
45205,2023,10,6,6,2,376,85,12,0,2,2
45240,2023,11,10,6,2,364,11,20,0,1,1
45220,2023,10,21,7,1,376,28,18,0,1,1
45240,2023,11,10,6,2,364,67,11,0,3,2
45240,2023,11,10,6,2,381,52,9,0,3,2
45240,2023,11,10,6,1,153,11,21,0,1,1
45221,2023,10,22,1,1,116,35,2,1,2,2
45239,2023,11,9,5,1,153,28,18,0,1,1
45240,2023,11,10,6,3,40,82,21,0,2,2
45240,2023,11,10,6,3,101,52,11,1,3,2
45240,2023,11,10,6,1,316,49,7,0,2,2
45240,2023,11,10,6,3,101,52,9,0,6,4
45240,2023,11,10,6,3,101,28,18,0,1,1
45240,2023,11,10,6,2,242,67,14,0,1,1
45240,2023,11,10,6,2,116,1,11,1,2,2
45240,2023,11,10,6,3,110,1,11,0,2,2
45232,2023,11,2,5,3,280,65,7,0,9,4
45240,2023,11,10,6,3,116,11,12,0,2,2
45240,2023,11,10,6,3,364,52,9,1,2,2
45240,2023,11,10,6,3,116,35,2,1,3,2
45216,2023,10,17,3,2,101,83,21,0,1,1
45240,2023,11,10,6,3,50,83,9,0,2,2
45240,2023,11,10,6,3,381,67,9,0,5,5
45240,2023,11,10,6,3,153,67,12,0,2,2
45240,2023,11,10,6,3,163,67,20,0,1,1
45240,2023,11,10,6,3,101,16,12,0,2,2
45240,2023,11,10,6,3,163,16,12,0,3,2
45240,2023,11,10,6,3,428,11,11,1,4,2
45240,2023,11,10,6,3,116,11,4,1,4,2
45240,2023,11,10,6,3,376,28,20,0,1,1
45240,2023,11,10,6,4,470,20,11,1,2,2
45240,2023,11,10,6,3,50,83,4,0,1,1
45240,2023,11,10,6,4,163,67,12,0,3,2
45240,2023,11,10,6,4,116,16,12,1,3,2
45240,2023,11,10,6,4,101,82,7,1,2,2
45241,2023,11,11,7,1,376,21,21,0,1,1
45241,2023,11,11,7,1,290,67,20,1,3,1
45241,2023,11,11,7,1,277,52,12,0,2,2
45241,2023,11,11,7,1,40,67,21,0,1,1
45241,2023,11,11,7,1,369,49,10,0,4,3
45241,2023,11,11,7,1,116,80,7,1,2,2
45241,2023,11,11,7,1,423,28,18,0,1,1
45241,2023,11,11,7,1,40,18,20,0,3,1
45241,2023,11,11,7,1,116,18,20,0,1,1
45241,2023,11,11,7,1,423,25,12,0,2,2
45241,2023,11,11,7,2,277,11,12,0,2,2
45240,2023,11,10,6,3,70,3,21,0,1,1
45241,2023,11,11,7,1,116,80,7,0,3,2
45241,2023,11,11,7,2,376,83,12,0,2,2
45241,2023,11,11,7,2,163,67,12,0,5,3
45241,2023,11,11,7,2,381,83,21,0,3,1
45171,2023,9,2,7,4,101,12,12,0,2,2
45241,2023,11,11,7,2,304,52,21,0,2,1
45241,2023,11,11,7,2,277,67,9,0,2,2
45225,2023,10,26,5,2,116,7,20,0,1,1
45241,2023,11,11,7,2,101,78,9,1,2,2
45241,2023,11,11,7,2,116,35,2,1,2,2
45169,2023,8,31,5,1,101,28,18,0,1,1
45241,2023,11,11,7,2,282,28,18,0,1,1
45241,2023,11,11,7,2,153,83,20,1,2,1
45241,2023,11,11,7,2,101,52,9,1,3,2
45241,2023,11,11,7,2,116,11,12,1,2,2
45241,2023,11,11,7,2,381,83,21,0,1,1
45241,2023,11,11,7,2,101,2,9,0,2,2
45241,2023,11,11,7,2,10,83,20,0,2,1
45241,2023,11,11,7,2,405,67,12,0,3,3
45241,2023,11,11,7,1,242,67,20,0,1,1
45241,2023,11,11,7,2,364,83,12,1,2,2
45241,2023,11,11,7,2,316,11,11,1,3,2
45241,2023,11,11,7,2,277,28,9,0,4,2
45241,2023,11,11,7,2,316,67,7,0,2,2
45241,2023,11,11,7,2,116,11,9,1,4,3
45230,2023,10,31,3,3,60,4,7,0,2,2
45241,2023,11,11,7,2,163,1,11,0,4,2
45241,2023,11,11,7,3,381,18,12,1,3,2
45241,2023,11,11,7,3,101,83,21,0,3,3
45241,2023,11,11,7,2,116,51,4,0,1,1
45241,2023,11,11,7,3,277,13,4,0,3,3
45241,2023,11,11,7,3,135,20,12,1,2,2
45241,2023,11,11,7,2,10,52,7,1,2,2
45241,2023,11,11,7,3,163,83,20,0,1,1
45241,2023,11,11,7,3,163,67,20,0,1,1
45241,2023,11,11,7,3,116,80,7,1,2,2
45241,2023,11,11,7,3,60,60,2,0,4,2
45241,2023,11,11,7,4,116,83,20,0,1,1
45241,2023,11,11,7,3,277,80,11,0,2,2
45241,2023,11,11,7,4,101,49,12,0,2,2
45241,2023,11,11,7,4,101,16,12,1,3,2
45241,2023,11,11,7,3,386,11,7,0,5,3
45241,2023,11,11,7,3,101,11,12,0,2,2
45241,2023,11,11,7,3,70,67,15,0,3,3
45241,2023,11,11,7,4,376,61,2,0,2,2
45241,2023,11,11,7,4,153,83,12,1,2,2
45241,2023,11,11,7,3,324,67,21,0,1,1
45241,2023,11,11,7,4,50,11,12,1,2,2
45241,2023,11,11,7,3,30,80,7,0,2,2
45241,2023,11,11,7,4,364,18,7,0,2,2
45241,2023,11,11,7,2,101,83,21,0,1,1
45241,2023,11,11,7,4,393,80,7,0,3,2
45241,2023,11,11,7,4,381,52,9,1,3,2
45241,2023,11,11,7,4,116,33,11,1,2,2
45241,2023,11,11,7,4,376,83,21,0,1,1
45241,2023,11,11,7,4,101,83,7,0,3,2
45242,2023,11,12,1,2,101,18,10,0,2,2
45242,2023,11,12,1,2,235,13,21,1,3,1
45242,2023,11,12,1,2,116,49,9,1,2,2
45242,2023,11,12,1,2,153,49,9,0,2,2
45242,2023,11,12,1,2,316,14,21,0,2,1
45242,2023,11,12,1,2,277,33,11,1,5,2
45242,2023,11,12,1,2,452,16,12,0,5,3
45242,2023,11,12,1,2,101,1,7,1,2,2
45242,2023,11,12,1,2,163,80,7,0,5,3
45242,2023,11,12,1,3,163,52,12,0,4,2
45242,2023,11,12,1,2,364,11,12,0,4,2
45242,2023,11,12,1,3,376,64,21,0,2,2
45242,2023,11,12,1,2,101,11,21,0,1,1
45242,2023,11,12,1,2,381,83,21,0,1,1
45242,2023,11,12,1,3,116,16,12,1,6,2
45242,2023,11,12,1,3,376,1,11,1,2,2
45242,2023,11,12,1,3,116,16,15,1,7,3
45239,2023,11,9,5,1,364,12,7,0,6,3
45209,2023,10,10,3,2,343,78,9,1,4,4
45242,2023,11,12,1,3,470,18,10,0,3,2
45238,2023,11,8,4,3,476,33,11,1,2,2
45242,2023,11,12,1,4,262,80,10,0,4,2
45242,2023,11,12,1,3,364,18,20,0,2,1
45242,2023,11,12,1,3,267,83,11,0,2,2
45242,2023,11,12,1,3,381,1,2,0,2,2
45242,2023,11,12,1,3,277,16,12,0,2,2
45242,2023,11,12,1,4,251,1,11,0,4,2
45242,2023,11,12,1,4,277,16,12,0,6,3
45242,2023,11,12,1,4,116,60,2,0,2,2
45242,2023,11,12,1,4,262,52,7,0,3,3
45242,2023,11,12,1,3,242,83,3,0,1,1
45242,2023,11,12,1,4,267,80,7,0,3,2
45242,2023,11,12,1,4,158,67,20,0,1,1
45242,2023,11,12,1,3,101,52,7,0,2,2
45242,2023,11,12,1,4,386,80,10,0,2,2
45242,2023,11,12,1,3,230,11,4,0,1,1
45242,2023,11,12,1,4,10,49,20,0,3,2
45243,2023,11,13,2,1,116,18,7,0,2,2
45243,2023,11,13,2,1,277,14,21,0,1,1
45243,2023,11,13,2,1,282,11,20,0,1,1
45243,2023,11,13,2,1,116,16,12,0,3,2
45243,2023,11,13,2,1,293,28,18,0,2,1
45243,2023,11,13,2,2,101,28,18,1,1,1
45243,2023,11,13,2,1,155,11,9,1,3,2
45243,2023,11,13,2,2,153,33,11,0,2,2
45235,2023,11,5,1,3,116,82,9,0,2,2
45243,2023,11,13,2,2,470,52,21,0,4,2
45243,2023,11,13,2,2,376,83,21,0,3,3
45243,2023,11,13,2,2,282,1,11,1,2,2
45243,2023,11,13,2,2,354,67,21,0,1,1
45243,2023,11,13,2,2,116,51,9,0,3,3
45243,2023,11,13,2,2,364,81,9,1,2,2
45243,2023,11,13,2,2,40,65,20,0,1,1
45243,2023,11,13,2,2,153,11,12,0,4,4
45243,2023,11,13,2,2,40,78,9,1,3,3
45243,2023,11,13,2,2,232,1,9,1,2,2
45243,2023,11,13,2,2,40,11,21,0,1,1
45243,2023,11,13,2,2,101,67,15,1,4,4
45243,2023,11,13,2,2,101,2,9,1,4,2
45242,2023,11,12,1,4,158,11,12,1,2,2
45243,2023,11,13,2,1,104,83,21,0,1,1
45243,2023,11,13,2,3,153,67,12,0,2,2
44975,2023,2,18,7,2,101,1,11,1,3,3
45238,2023,11,8,4,2,316,82,9,1,2,2
45201,2023,10,2,2,4,365,83,21,0,1,1
45135,2023,7,28,6,3,60,67,12,0,2,2
45243,2023,11,13,2,3,101,52,9,1,2,2
45234,2023,11,4,7,3,472,11,15,0,8,4
45215,2023,10,16,2,3,156,13,20,0,26,1
45207,2023,10,8,1,3,158,28,18,0,1,1
45243,2023,11,13,2,3,116,11,21,0,4,3
45243,2023,11,13,2,3,101,18,10,0,3,2
45243,2023,11,13,2,3,381,60,2,0,3,2
45243,2023,11,13,2,3,116,52,9,1,3,2
45243,2023,11,13,2,3,101,61,2,0,2,2
45243,2023,11,13,2,3,282,11,20,0,1,1
45243,2023,11,13,2,3,376,7,9,0,2,2
45243,2023,11,13,2,4,290,1,11,0,3,2
45243,2023,11,13,2,4,116,11,12,1,2,2
45243,2023,11,13,2,4,381,83,4,0,4,1
45243,2023,11,13,2,4,470,11,15,1,7,5
45243,2023,11,13,2,3,376,51,20,0,2,2
45243,2023,11,13,2,3,364,82,12,0,3,3
45243,2023,11,13,2,4,153,67,10,0,2,2
45244,2023,11,14,3,1,365,18,20,0,1,1
45244,2023,11,14,3,1,70,36,12,1,2,2
45243,2023,11,13,2,4,153,67,12,0,1,1
45235,2023,11,5,1,2,116,11,9,1,3,3
45243,2023,11,13,2,3,101,67,12,0,2,2
45244,2023,11,14,3,1,116,67,9,0,2,2
45244,2023,11,14,3,1,381,11,12,1,2,2
45244,2023,11,14,3,1,70,67,20,0,1,1
45244,2023,11,14,3,1,116,16,12,0,2,2
45244,2023,11,14,3,1,101,18,12,1,2,2
45244,2023,11,14,3,1,116,83,12,1,6,2
45244,2023,11,14,3,1,262,11,20,0,2,1
45244,2023,11,14,3,1,50,13,4,1,3,1
45244,2023,11,14,3,2,470,16,12,0,3,3
45244,2023,11,14,3,2,304,1,11,0,3,2
45244,2023,11,14,3,2,290,83,3,1,2,1
45240,2023,11,10,6,4,70,35,2,1,2,2
45240,2023,11,10,6,2,222,16,12,0,2,2
45244,2023,11,14,3,2,293,67,10,0,2,2
45244,2023,11,14,3,2,470,28,10,0,6,5
45143,2023,8,5,7,2,343,11,12,0,3,2
45244,2023,11,14,3,2,316,1,9,1,2,2
45207,2023,10,8,1,1,101,82,7,0,4,2
45200,2023,10,1,1,4,40,4,20,0,2,1
45244,2023,11,14,3,2,40,67,21,1,2,1
45118,2023,7,11,3,3,435,67,20,0,2,1
45244,2023,11,14,3,2,116,11,12,0,7,3
45244,2023,11,14,3,2,365,16,12,0,2,2
45244,2023,11,14,3,2,376,13,7,0,7,3
45218,2023,10,19,5,2,319,1,11,1,3,2
45244,2023,11,14,3,2,116,67,12,1,6,5
45244,2023,11,14,3,2,40,28,21,0,1,1
45244,2023,11,14,3,2,282,6,21,1,3,3
45244,2023,11,14,3,3,101,18,7,0,5,2
45244,2023,11,14,3,2,116,52,12,0,3,2
45244,2023,11,14,3,3,101,16,12,1,3,2
45244,2023,11,14,3,2,424,16,15,0,4,3
45244,2023,11,14,3,2,364,34,20,0,1,1
45243,2023,11,13,2,2,316,67,12,0,8,2
45244,2023,11,14,3,3,232,67,12,1,3,3
45244,2023,11,14,3,3,290,28,12,1,2,2
45244,2023,11,14,3,3,163,65,9,1,2,2
45244,2023,11,14,3,3,101,11,21,0,1,1
45244,2023,11,14,3,3,153,67,12,1,2,2
45244,2023,11,14,3,3,50,11,20,0,1,1
45244,2023,11,14,3,3,369,56,4,0,2,2
45211,2023,10,12,5,4,10,80,7,0,3,3
45244,2023,11,14,3,2,116,67,21,0,2,2
45244,2023,11,14,3,3,116,67,12,1,4,3
45244,2023,11,14,3,3,116,65,4,0,3,3
45244,2023,11,14,3,3,230,52,9,1,2,2
45244,2023,11,14,3,2,364,67,3,0,1,1
45244,2023,11,14,3,3,101,1,11,1,5,2
45244,2023,11,14,3,3,222,81,21,1,2,2
45244,2023,11,14,3,3,10,1,12,1,2,2
45244,2023,11,14,3,3,495,80,7,0,3,2
45244,2023,11,14,3,3,495,65,9,0,2,2
45244,2023,11,14,3,3,470,1,11,1,4,3
45244,2023,11,14,3,3,116,28,18,0,1,1
45244,2023,11,14,3,4,369,67,12,1,3,2
45244,2023,11,14,3,3,242,67,20,0,1,1
45244,2023,11,14,3,4,101,1,9,1,2,2
45244,2023,11,14,3,4,163,16,12,0,2,2
45244,2023,11,14,3,3,60,81,9,1,3,3
45244,2023,11,14,3,4,116,67,4,0,1,1
45244,2023,11,14,3,4,282,61,2,1,3,2
45244,2023,11,14,3,4,101,11,12,0,2,2
45244,2023,11,14,3,4,381,1,11,0,3,3
45244,2023,11,14,3,4,376,16,12,0,2,2
45245,2023,11,15,4,1,116,19,12,0,2,2
45245,2023,11,15,4,1,50,67,4,0,1,1
45245,2023,11,15,4,1,101,28,18,0,1,1
45245,2023,11,15,4,1,116,67,12,0,2,2
45245,2023,11,15,4,1,110,67,12,0,4,2
45245,2023,11,15,4,1,101,18,11,0,2,2
45245,2023,11,15,4,1,10,52,7,0,2,2
45245,2023,11,15,4,1,153,28,18,0,1,1
45245,2023,11,15,4,1,101,28,4,1,3,2
45245,2023,11,15,4,2,40,16,9,1,2,2
45245,2023,11,15,4,1,373,11,20,0,1,1
45245,2023,11,15,4,1,101,67,21,0,1,1
45245,2023,11,15,4,2,232,52,9,0,3,2
45245,2023,11,15,4,1,242,67,21,0,1,1
45244,2023,11,14,3,3,163,11,21,0,1,1
45245,2023,11,15,4,2,381,82,7,1,4,3
45245,2023,11,15,4,2,116,28,20,0,1,1
45243,2023,11,13,2,3,277,11,20,0,1,1
45198,2023,9,29,6,1,116,67,12,0,2,2
45245,2023,11,15,4,2,356,20,11,0,2,2
45245,2023,11,15,4,2,435,21,20,0,1,1
45245,2023,11,15,4,1,406,67,4,0,1,1
45173,2023,9,4,2,2,465,45,12,0,3,2
45245,2023,11,15,4,2,70,11,21,0,1,1
45245,2023,11,15,4,1,135,11,21,0,3,1
45245,2023,11,15,4,2,262,83,21,0,1,1
45245,2023,11,15,4,2,153,80,7,0,2,2
45245,2023,11,15,4,2,153,67,9,0,5,3
45245,2023,11,15,4,2,60,1,11,0,3,2
45245,2023,11,15,4,2,116,51,3,0,1,1
45245,2023,11,15,4,3,116,28,3,1,1,1
45245,2023,11,15,4,2,116,21,21,0,1,1
45225,2023,10,26,5,3,381,11,12,1,3,2
45245,2023,11,15,4,3,222,49,9,1,2,2
45245,2023,11,15,4,3,251,12,12,0,2,2
45245,2023,11,15,4,3,235,82,7,0,3,3
45245,2023,11,15,4,3,70,7,10,0,2,2
45245,2023,11,15,4,3,376,11,9,0,2,2
45244,2023,11,14,3,3,135,28,7,0,2,2
45245,2023,11,15,4,3,381,60,12,1,2,2
45245,2023,11,15,4,3,163,49,12,0,3,2
45245,2023,11,15,4,3,412,49,10,0,2,2
45245,2023,11,15,4,3,163,3,20,0,1,1
45245,2023,11,15,4,3,376,83,21,0,2,1
45245,2023,11,15,4,3,10,5,21,0,2,2
45245,2023,11,15,4,3,116,18,10,0,2,2
45245,2023,11,15,4,3,381,19,7,0,3,2
45245,2023,11,15,4,4,376,11,12,0,4,2
45245,2023,11,15,4,4,364,80,7,0,2,2
45245,2023,11,15,4,4,392,67,20,0,1,1
45245,2023,11,15,4,4,153,28,20,0,2,1
45246,2023,11,16,5,2,101,67,4,1,2,2
45246,2023,11,16,5,2,40,11,10,1,2,2
45238,2023,11,8,4,1,50,11,12,0,62,2
45246,2023,11,16,5,2,470,18,20,0,2,1
45246,2023,11,16,5,2,393,59,12,0,2,2
45246,2023,11,16,5,2,381,28,21,1,2,2
45246,2023,11,16,5,1,135,52,9,0,2,2
45175,2023,9,6,4,1,101,67,12,0,2,2
45230,2023,10,31,3,2,277,78,9,1,3,3
45246,2023,11,16,5,2,116,52,9,0,2,2
45210,2023,10,11,4,3,101,16,15,0,5,4
45215,2023,10,16,2,1,101,52,9,1,2,2
45246,2023,11,16,5,2,40,67,9,1,3,3
45246,2023,11,16,5,2,343,20,12,1,4,3
45246,2023,11,16,5,2,364,67,12,0,2,2
45246,2023,11,16,5,2,262,1,12,0,2,2
45246,2023,11,16,5,2,101,16,12,1,4,2
45246,2023,11,16,5,2,381,67,21,0,1,1
45246,2023,11,16,5,2,163,12,11,1,2,2
45246,2023,11,16,5,2,373,83,10,0,2,2
45246,2023,11,16,5,2,381,18,12,0,2,2
45246,2023,11,16,5,2,116,67,12,1,2,2
45246,2023,11,16,5,2,369,16,12,1,2,2
45246,2023,11,16,5,2,364,65,12,0,2,2
45246,2023,11,16,5,3,153,14,21,0,1,1
45246,2023,11,16,5,2,222,80,10,0,3,2
45216,2023,10,17,3,2,70,82,9,0,2,2
45246,2023,11,16,5,3,40,11,12,1,3,3
45246,2023,11,16,5,3,116,67,12,0,3,3
45246,2023,11,16,5,3,381,11,10,1,2,2
45246,2023,11,16,5,3,101,81,12,0,2,2
45246,2023,11,16,5,3,226,60,2,0,2,2
45246,2023,11,16,5,3,20,35,2,0,2,2
45246,2023,11,16,5,3,101,67,9,0,2,2
45246,2023,11,16,5,3,116,67,15,0,3,3
45246,2023,11,16,5,3,116,11,12,0,3,3
45246,2023,11,16,5,2,242,1,9,0,2,2
45246,2023,11,16,5,3,376,67,12,0,2,2
45246,2023,11,16,5,4,277,67,12,0,2,2
45246,2023,11,16,5,4,158,49,10,1,2,2
45246,2023,11,16,5,3,452,80,10,0,3,2
45246,2023,11,16,5,4,116,67,12,0,3,3
45246,2023,11,16,5,3,30,21,21,0,1,1
45246,2023,11,16,5,4,135,1,9,1,2,2
45246,2023,11,16,5,3,364,65,18,0,1,1
45246,2023,11,16,5,3,285,7,20,0,1,1
45246,2023,11,16,5,3,116,28,18,0,1,1
45246,2023,11,16,5,4,230,1,11,1,2,2
45246,2023,11,16,5,4,373,67,11,0,2,2
45247,2023,11,17,6,1,277,49,9,1,2,2
45247,2023,11,17,6,1,316,16,12,0,23,2
45247,2023,11,17,6,1,381,18,21,1,1,1
45247,2023,11,17,6,1,116,11,14,0,1,1
45247,2023,11,17,6,1,116,35,2,0,2,2
45247,2023,11,17,6,1,153,63,20,0,1,1
45247,2023,11,17,6,1,40,11,4,0,1,1
45247,2023,11,17,6,2,290,80,7,0,2,2
45247,2023,11,17,6,2,116,67,4,0,2,1
45247,2023,11,17,6,2,158,67,11,1,2,2
45247,2023,11,17,6,2,101,16,12,1,3,2
45247,2023,11,17,6,2,381,78,9,1,2,2
45247,2023,11,17,6,2,280,67,12,1,3,3
44984,2023,2,27,2,3,381,11,12,1,27,3
45247,2023,11,17,6,2,381,83,21,0,2,2
45247,2023,11,17,6,2,316,51,21,0,1,1
45217,2023,10,18,4,4,452,67,10,0,2,2
45247,2023,11,17,6,2,70,52,9,1,2,2
45247,2023,11,17,6,2,101,67,12,1,3,2
45247,2023,11,17,6,2,163,11,20,0,1,1
45247,2023,11,17,6,2,101,20,9,0,2,2
45247,2023,11,17,6,2,116,11,4,1,2,1
45247,2023,11,17,6,2,116,1,11,0,2,2
45247,2023,11,17,6,2,153,67,20,0,3,1
45247,2023,11,17,6,3,290,16,9,0,2,2
45247,2023,11,17,6,2,40,20,9,0,12,4
45247,2023,11,17,6,3,116,11,9,0,2,2
45247,2023,11,17,6,3,230,83,4,1,1,1
45247,2023,11,17,6,2,349,67,10,0,3,2
45240,2023,11,10,6,3,163,11,9,0,3,3
45247,2023,11,17,6,3,282,82,7,0,5,3
45247,2023,11,17,6,3,101,30,12,0,2,2
45247,2023,11,17,6,3,365,82,10,0,3,3
45246,2023,11,16,5,4,277,67,20,0,1,1
45247,2023,11,17,6,3,376,83,15,0,3,3
45247,2023,11,17,6,3,364,52,9,0,2,2
45241,2023,11,11,7,3,101,64,9,1,2,2
45247,2023,11,17,6,2,470,1,11,0,2,2
45247,2023,11,17,6,4,101,11,4,0,3,3
45247,2023,11,17,6,3,153,82,3,0,3,2
45247,2023,11,17,6,4,40,41,21,1,3,1
45247,2023,11,17,6,4,135,67,12,0,2,2
45202,2023,10,3,3,4,285,56,4,0,2,2
45247,2023,11,17,6,4,101,19,12,0,2,2
45247,2023,11,17,6,4,381,67,3,0,3,2
45247,2023,11,17,6,4,60,16,12,0,4,2
45247,2023,11,17,6,4,222,36,12,1,2,2
45248,2023,11,18,7,1,70,64,20,1,3,1
45248,2023,11,18,7,1,277,11,12,1,2,2
45248,2023,11,18,7,1,116,18,12,1,4,2
45248,2023,11,18,7,1,70,80,7,0,2,2
45248,2023,11,18,7,1,316,9,20,0,4,1
45248,2023,11,18,7,1,386,1,10,1,4,2
45248,2023,11,18,7,2,116,49,12,0,5,3
45247,2023,11,17,6,4,101,48,2,0,2,2
45248,2023,11,18,7,2,40,52,11,1,2,2
45248,2023,11,18,7,1,376,11,21,0,1,1
45236,2023,11,6,2,3,376,67,9,0,3,3
45248,2023,11,18,7,2,50,18,12,0,3,2
45248,2023,11,18,7,2,101,52,12,1,4,3
45248,2023,11,18,7,3,262,52,7,0,2,2
45248,2023,11,18,7,2,116,67,21,0,1,1
45248,2023,11,18,7,3,262,28,18,0,1,1
45248,2023,11,18,7,2,116,83,21,0,1,1
45248,2023,11,18,7,3,222,67,20,0,1,1
45248,2023,11,18,7,3,104,28,12,1,4,2
45248,2023,11,18,7,3,262,81,20,0,1,1
45195,2023,9,26,3,3,116,86,10,0,2,2
45248,2023,11,18,7,3,116,52,9,0,2,2
45248,2023,11,18,7,2,386,4,7,0,4,2
45248,2023,11,18,7,3,369,67,21,0,2,2
45248,2023,11,18,7,3,381,11,20,0,2,1
45248,2023,11,18,7,3,280,67,21,0,1,1
45248,2023,11,18,7,2,242,83,21,0,1,1
45248,2023,11,18,7,3,40,11,9,1,4,2
45248,2023,11,18,7,3,116,11,12,0,2,2
45248,2023,11,18,7,3,60,18,20,0,1,1
45248,2023,11,18,7,3,259,80,7,0,2,2
45248,2023,11,18,7,3,40,16,12,1,3,2
45248,2023,11,18,7,4,50,28,18,0,1,1
45248,2023,11,18,7,4,40,10,2,1,3,2
45248,2023,11,18,7,4,277,67,9,0,5,2
45248,2023,11,18,7,3,101,67,12,0,2,2
45248,2023,11,18,7,3,153,83,21,0,1,1
45248,2023,11,18,7,4,116,11,9,1,2,2
45248,2023,11,18,7,4,163,49,12,1,2,2
45248,2023,11,18,7,4,277,28,7,0,6,2
45248,2023,11,18,7,4,101,11,12,1,2,2
45248,2023,11,18,7,3,277,83,20,0,1,1
45249,2023,11,19,1,1,376,49,12,0,2,2
45248,2023,11,18,7,3,277,83,21,0,1,1
45249,2023,11,19,1,1,40,80,10,0,2,2
45249,2023,11,19,1,1,381,11,21,0,1,1
45249,2023,11,19,1,1,369,11,4,0,2,2
45249,2023,11,19,1,1,381,11,7,0,2,2
45249,2023,11,19,1,2,290,67,21,0,1,1
45249,2023,11,19,1,2,116,83,21,0,3,1
45249,2023,11,19,1,2,365,80,7,0,5,2
45246,2023,11,16,5,4,116,11,20,0,1,1
45248,2023,11,18,7,1,242,67,21,0,1,1
45249,2023,11,19,1,2,163,16,12,0,4,4
45249,2023,11,19,1,2,163,11,10,0,2,2
45249,2023,11,19,1,2,282,11,4,0,1,1
45249,2023,11,19,1,2,259,14,21,0,2,2
45249,2023,11,19,1,2,364,16,12,0,5,3
45249,2023,11,19,1,2,116,80,10,0,2,2
45249,2023,11,19,1,2,376,83,12,0,2,2
45249,2023,11,19,1,2,365,83,7,0,2,2
45249,2023,11,19,1,3,277,11,12,0,2,2
45249,2023,11,19,1,2,116,1,9,0,2,2