id_data,ano,mes,dia,id_dia_semana,periodo,br,id_causa_acidente,id_tipo_acidente,id_uso_solo,pessoas,veiculos
45259,2023,11,29,4,1,101,16,12,0,1,1
45259,2023,11,29,4,1,40,83,4,0,1,1
45258,2023,11,28,3,3,381,83,4,0,2,2
45259,2023,11,29,4,2,381,52,4,0,2,2
45259,2023,11,29,4,1,230,65,3,0,1,1
45258,2023,11,28,3,3,101,67,9,1,2,2
45207,2023,10,8,1,2,493,16,12,1,6,5
45259,2023,11,29,4,2,414,16,12,1,2,2
45259,2023,11,29,4,1,153,33,11,0,2,2
45259,2023,11,29,4,2,101,64,9,1,3,2
45224,2023,10,25,4,1,116,64,4,0,7,7
45259,2023,11,29,4,2,20,1,9,0,2,2
45259,2023,11,29,4,2,287,72,11,1,2,2
45259,2023,11,29,4,2,153,1,11,1,4,2
45171,2023,9,2,7,4,20,80,7,0,6,2
45259,2023,11,29,4,2,101,33,11,1,2,2
45259,2023,11,29,4,2,101,1,11,1,2,2
45259,2023,11,29,4,2,101,11,10,0,3,3
45259,2023,11,29,4,2,101,67,21,0,1,1
45259,2023,11,29,4,2,40,18,4,0,1,1
45259,2023,11,29,4,2,101,46,18,0,1,1
45259,2023,11,29,4,2,70,67,10,0,2,2
45244,2023,11,14,3,1,116,11,21,0,1,1
45170,2023,9,1,6,2,251,16,12,0,2,2
45259,2023,11,29,4,3,116,11,10,1,2,2
45259,2023,11,29,4,3,101,67,9,1,3,3
45259,2023,11,29,4,3,158,16,12,1,5,5
45259,2023,11,29,4,2,153,18,10,0,3,2
45219,2023,10,20,6,2,376,67,15,1,8,7
45259,2023,11,29,4,3,70,67,12,1,2,2
45259,2023,11,29,4,3,324,56,12,0,4,3
45259,2023,11,29,4,3,153,4,7,0,2,2
45259,2023,11,29,4,3,116,78,9,1,2,2
45259,2023,11,29,4,3,293,16,9,0,3,3
45259,2023,11,29,4,3,153,18,20,0,1,1
45259,2023,11,29,4,3,392,11,20,0,1,1
45259,2023,11,29,4,3,153,83,20,0,1,1
45259,2023,11,29,4,2,381,83,20,1,1,1
45259,2023,11,29,4,2,392,16,12,0,2,2
45259,2023,11,29,4,3,407,1,11,0,4,2
45259,2023,11,29,4,3,116,38,9,1,4,4
45259,2023,11,29,4,4,50,60,2,0,2,2
45259,2023,11,29,4,2,242,67,21,0,1,1
45259,2023,11,29,4,4,40,1,9,0,7,2
45259,2023,11,29,4,4,373,82,7,0,3,2
45259,2023,11,29,4,4,116,65,21,0,2,1
45259,2023,11,29,4,4,277,67,9,1,2,2
45260,2023,11,30,5,1,116,11,12,0,2,2
45259,2023,11,29,4,4,282,11,7,0,4,3
45260,2023,11,30,5,1,381,18,3,0,1,1
45259,2023,11,29,4,4,116,1,11,0,23,2
45114,2023,7,7,6,4,153,83,21,0,2,2
45260,2023,11,30,5,1,116,28,18,1,1,1
45260,2023,11,30,5,1,376,67,20,0,1,1
45260,2023,11,30,5,2,40,67,2,1,2,2
45260,2023,11,30,5,2,101,52,12,0,4,3
45260,2023,11,30,5,2,493,67,12,0,2,2
45260,2023,11,30,5,2,101,36,9,1,3,3
45260,2023,11,30,5,2,101,1,11,0,2,2
45260,2023,11,30,5,2,316,1,11,0,3,2
45260,2023,11,30,5,2,116,16,12,1,4,3
45260,2023,11,30,5,2,146,83,7,0,4,3
45260,2023,11,30,5,2,116,67,11,1,2,2
45260,2023,11,30,5,2,116,16,12,1,10,2
45260,2023,11,30,5,2,381,67,12,0,2,2
45260,2023,11,30,5,3,116,52,9,0,4,3
45260,2023,11,30,5,3,101,61,2,1,3,3
45260,2023,11,30,5,3,101,61,2,1,2,2
45260,2023,11,30,5,2,163,11,9,1,2,2
45260,2023,11,30,5,3,40,20,12,0,4,4
45260,2023,11,30,5,3,158,67,20,1,3,3
45260,2023,11,30,5,3,153,82,7,0,3,3
45260,2023,11,30,5,3,364,16,11,0,2,2
45260,2023,11,30,5,3,232,67,4,1,1,1
45240,2023,11,10,6,3,50,16,15,1,7,7
45260,2023,11,30,5,3,155,82,12,0,6,3
45260,2023,11,30,5,3,116,11,9,1,4,4
45260,2023,11,30,5,3,101,1,11,1,2,2
45260,2023,11,30,5,3,285,52,12,1,3,3
45260,2023,11,30,5,2,116,28,18,0,1,1
45260,2023,11,30,5,3,262,16,12,0,4,4
45231,2023,11,1,4,3,364,11,12,0,3,2
45260,2023,11,30,5,3,470,1,9,0,2,2
45260,2023,11,30,5,2,101,83,4,1,2,1
45260,2023,11,30,5,2,222,67,21,0,1,1
45260,2023,11,30,5,2,365,1,9,0,3,2
45260,2023,11,30,5,4,158,11,11,0,2,2
45260,2023,11,30,5,4,376,11,12,0,3,2
45260,2023,11,30,5,4,116,49,4,0,3,2
45260,2023,11,30,5,4,101,18,4,0,1,1
45260,2023,11,30,5,4,174,11,12,0,2,2
45260,2023,11,30,5,4,101,67,12,0,7,6
45260,2023,11,30,5,4,365,28,18,0,1,1
45260,2023,11,30,5,4,262,2,10,0,4,2
45260,2023,11,30,5,4,272,49,12,0,2,2
45260,2023,11,30,5,4,163,67,21,0,1,1
45260,2023,11,30,5,4,101,11,12,1,2,2
45261,2023,12,1,6,1,381,80,7,0,3,3
45260,2023,11,30,5,4,70,49,10,0,2,2
45261,2023,12,1,6,1,40,11,12,0,3,2
45261,2023,12,1,6,1,262,11,12,1,2,2
45261,2023,12,1,6,1,116,18,20,0,1,1
45261,2023,12,1,6,1,101,18,20,0,1,1
45248,2023,11,18,7,2,163,67,21,0,1,1
45261,2023,12,1,6,1,163,56,21,0,2,2
45261,2023,12,1,6,1,381,1,12,0,2,2
45260,2023,11,30,5,3,163,63,11,1,6,4
45261,2023,12,1,6,1,101,14,21,1,1,1
45192,2023,9,23,7,3,364,16,12,0,2,2
45261,2023,12,1,6,1,282,11,4,1,2,2
45261,2023,12,1,6,2,262,33,11,0,3,3
45261,2023,12,1,6,2,116,67,20,1,2,2
45261,2023,12,1,6,2,116,60,11,1,2,2
45261,2023,12,1,6,2,50,83,9,1,3,3
45261,2023,12,1,6,2,277,33,11,1,2,2
45261,2023,12,1,6,2,40,78,9,1,4,3
45261,2023,12,1,6,2,101,52,9,1,3,3
45261,2023,12,1,6,2,153,18,20,0,1,1
45261,2023,12,1,6,2,386,49,7,0,5,2
45261,2023,12,1,6,2,110,67,12,1,2,2
45261,2023,12,1,6,2,153,80,10,0,3,3
45261,2023,12,1,6,2,251,65,4,0,1,1
45261,2023,12,1,6,2,364,16,15,0,4,4
45261,2023,12,1,6,3,376,52,9,1,3,2
45261,2023,12,1,6,2,153,67,10,0,2,2
45261,2023,12,1,6,2,158,82,7,0,4,4
45261,2023,12,1,6,3,20,49,11,0,2,2
45261,2023,12,1,6,3,364,64,10,0,2,2
45261,2023,12,1,6,3,135,1,11,1,3,2
45201,2023,10,2,2,4,222,21,21,0,1,1
45261,2023,12,1,6,3,116,51,12,0,2,2
45261,2023,12,1,6,3,101,11,11,1,3,2
45173,2023,9,4,2,2,343,30,18,1,2,2
45261,2023,12,1,6,3,277,49,12,1,3,2
45261,2023,12,1,6,3,101,52,9,0,2,2
45261,2023,12,1,6,2,101,83,21,0,3,1
45261,2023,12,1,6,3,226,52,10,0,3,2
45261,2023,12,1,6,3,116,49,9,1,2,2
45261,2023,12,1,6,3,282,80,10,0,3,3
45261,2023,12,1,6,3,365,67,12,0,2,2
45261,2023,12,1,6,3,277,28,20,0,1,1
45261,2023,12,1,6,3,319,11,12,1,3,2
45261,2023,12,1,6,3,230,11,12,1,5,3
45261,2023,12,1,6,4,277,49,4,1,4,3
45261,2023,12,1,6,4,20,11,12,0,4,2
45261,2023,12,1,6,3,10,80,10,0,2,2
45261,2023,12,1,6,4,60,67,4,0,3,2
45261,2023,12,1,6,4,101,49,12,0,2,2
45261,2023,12,1,6,4,153,49,9,0,3,3
45261,2023,12,1,6,4,470,49,10,1,3,3
45261,2023,12,1,6,4,101,67,21,0,1,1
45261,2023,12,1,6,3,116,67,10,0,3,2
45261,2023,12,1,6,3,101,16,12,1,7,4
45261,2023,12,1,6,4,285,80,7,0,2,2
45261,2023,12,1,6,3,40,52,9,0,3,2
45261,2023,12,1,6,4,101,16,12,1,2,2
45261,2023,12,1,6,4,116,18,12,0,2,2
45261,2023,12,1,6,4,364,82,10,0,5,2
45261,2023,12,1,6,4,277,28,18,0,1,1
45261,2023,12,1,6,4,153,28,18,0,1,1
45262,2023,12,2,7,1,101,67,12,1,2,2
45262,2023,12,2,7,1,163,65,18,0,1,1
45262,2023,12,2,7,1,101,9,20,0,1,1
45262,2023,12,2,7,1,116,67,9,0,2,2
45262,2023,12,2,7,1,153,80,10,0,3,3
45262,2023,12,2,7,1,116,67,12,0,2,2
45262,2023,12,2,7,1,60,18,20,0,1,1
45262,2023,12,2,7,1,356,9,21,0,1,1
45262,2023,12,2,7,2,235,50,10,0,4,2
45262,2023,12,2,7,1,262,1,11,0,2,2
45262,2023,12,2,7,2,381,28,18,0,1,1
45262,2023,12,2,7,2,376,67,12,0,3,2
45148,2023,8,10,5,1,277,67,4,0,1,1
45187,2023,9,18,2,1,262,28,18,0,1,1
45262,2023,12,2,7,2,381,83,21,0,2,2
45262,2023,12,2,7,2,153,80,7,0,3,2
45262,2023,12,2,7,2,116,16,12,0,4,2
45262,2023,12,2,7,2,364,67,15,0,9,6
45262,2023,12,2,7,2,116,11,20,0,1,1
45194,2023,9,25,2,2,101,11,9,0,3,2
45262,2023,12,2,7,3,101,67,12,1,4,4
45262,2023,12,2,7,2,369,33,11,0,5,2
45262,2023,12,2,7,3,393,18,11,0,3,2
45262,2023,12,2,7,3,230,67,12,0,5,3
45262,2023,12,2,7,3,470,49,9,0,2,2
45262,2023,12,2,7,3,101,1,12,0,3,2
45262,2023,12,2,7,3,101,52,9,1,2,2
45262,2023,12,2,7,2,407,28,18,0,1,1
45262,2023,12,2,7,3,230,67,9,0,2,2
45158,2023,8,20,1,3,153,67,12,0,2,2
45262,2023,12,2,7,3,364,65,12,0,2,2
45170,2023,9,1,6,1,116,20,9,0,5,4
45262,2023,12,2,7,3,101,56,12,0,2,2
45262,2023,12,2,7,3,316,81,11,0,2,2
45262,2023,12,2,7,3,364,80,11,0,2,2
45262,2023,12,2,7,3,158,38,20,0,1,1
45262,2023,12,2,7,4,101,11,12,1,26,2
45262,2023,12,2,7,4,101,17,11,1,2,2
45262,2023,12,2,7,4,364,1,11,0,2,2
45262,2023,12,2,7,4,10,15,20,0,1,1
45262,2023,12,2,7,4,116,67,12,1,2,2
45262,2023,12,2,7,4,290,67,12,0,2,2
45262,2023,12,2,7,3,40,16,15,1,4,3
45262,2023,12,2,7,4,230,80,7,0,3,2
45262,2023,12,2,7,4,364,1,9,0,3,2
45262,2023,12,2,7,4,116,80,7,0,2,2
45262,2023,12,2,7,4,153,49,10,0,2,2
45262,2023,12,2,7,4,364,82,21,0,2,2
45263,2023,12,3,1,1,232,83,12,0,2,2
45263,2023,12,3,1,2,116,15,20,0,1,1
45263,2023,12,3,1,1,242,67,20,1,1,1
45263,2023,12,3,1,1,153,80,10,0,2,2
45263,2023,12,3,1,2,116,80,10,0,2,2
45263,2023,12,3,1,1,174,28,18,0,1,1
45263,2023,12,3,1,2,104,83,20,0,2,1
45263,2023,12,3,1,1,423,18,7,1,2,2
45263,2023,12,3,1,1,324,80,10,1,5,2
45260,2023,11,30,5,2,116,11,12,0,3,3
45263,2023,12,3,1,2,259,83,21,0,2,1
45263,2023,12,3,1,2,50,67,12,0,2,2
45261,2023,12,1,6,2,163,1,12,0,5,2
45263,2023,12,3,1,2,316,80,7,0,3,2
45263,2023,12,3,1,1,226,18,7,0,2,2
45263,2023,12,3,1,2,135,52,10,0,2,2
45263,2023,12,3,1,2,153,67,20,0,1,1
45263,2023,12,3,1,2,277,28,12,0,2,2
45263,2023,12,3,1,3,101,67,12,0,2,2
45263,2023,12,3,1,2,364,83,20,1,2,2
45262,2023,12,2,7,4,230,80,10,0,2,2
45263,2023,12,3,1,3,40,14,18,1,1,1
45263,2023,12,3,1,3,369,72,11,0,6,2
45263,2023,12,3,1,2,101,52,9,0,3,2
45263,2023,12,3,1,3,267,28,18,0,2,2
45263,2023,12,3,1,2,116,12,10,0,3,3
45263,2023,12,3,1,2,262,3,21,0,1,1
45263,2023,12,3,1,3,163,3,21,1,1,1
45127,2023,7,20,5,3,290,82,9,0,4,2
45263,2023,12,3,1,3,290,67,21,0,1,1
45263,2023,12,3,1,3,242,67,10,0,2,2
45263,2023,12,3,1,4,386,80,7,0,6,2
45263,2023,12,3,1,4,376,16,9,0,5,2
45263,2023,12,3,1,3,163,67,9,0,3,2
45263,2023,12,3,1,3,60,20,9,0,6,2
45263,2023,12,3,1,4,101,52,9,0,2,2
45263,2023,12,3,1,4,116,83,21,0,1,1
45264,2023,12,4,2,1,116,67,12,0,4,2
45264,2023,12,4,2,1,116,14,21,0,3,1
45264,2023,12,4,2,1,40,11,21,0,1,1
45264,2023,12,4,2,1,116,60,2,0,4,4
45264,2023,12,4,2,1,60,9,4,0,1,1
45264,2023,12,4,2,1,316,11,12,1,2,2
45264,2023,12,4,2,1,277,65,18,1,1,1
45264,2023,12,4,2,1,30,11,20,0,1,1
45196,2023,9,27,4,3,101,44,12,1,7,2
45264,2023,12,4,2,2,487,67,20,0,1,1
45264,2023,12,4,2,1,282,18,20,0,1,1
45264,2023,12,4,2,2,470,1,11,1,2,2
45216,2023,10,17,3,2,40,11,3,1,2,2
45264,2023,12,4,2,2,60,9,20,0,3,2
45264,2023,12,4,2,2,262,80,7,0,3,2
45264,2023,12,4,2,2,232,1,11,1,2,2
45264,2023,12,4,2,2,376,11,12,1,3,2
45264,2023,12,4,2,2,277,20,12,1,3,3
45261,2023,12,1,6,1,101,1,9,0,3,3
45264,2023,12,4,2,2,381,18,12,1,2,2
45264,2023,12,4,2,2,277,52,9,1,2,2
45261,2023,12,1,6,2,282,11,20,0,2,2
45264,2023,12,4,2,2,277,67,12,1,2,2
45264,2023,12,4,2,2,163,52,9,0,3,2
45264,2023,12,4,2,2,116,28,18,0,2,1
45264,2023,12,4,2,2,232,52,11,1,4,3
45264,2023,12,4,2,2,153,15,20,0,2,2
45264,2023,12,4,2,2,393,11,21,0,1,1
45264,2023,12,4,2,2,277,67,12,0,4,2
45264,2023,12,4,2,2,116,83,21,0,2,2
45264,2023,12,4,2,2,277,67,9,1,3,3
45264,2023,12,4,2,3,381,61,2,1,4,2
45264,2023,12,4,2,2,230,1,9,1,2,2
45253,2023,11,23,5,1,101,83,21,1,1,1
45264,2023,12,4,2,2,116,67,20,0,1,1
45264,2023,12,4,2,1,262,18,20,0,1,1
45264,2023,12,4,2,2,230,11,12,0,2,2
45264,2023,12,4,2,3,116,11,10,1,2,2
45259,2023,11,29,4,3,20,80,10,0,2,2
45264,2023,12,4,2,3,476,18,7,0,2,2
45264,2023,12,4,2,3,101,1,12,0,3,2
45264,2023,12,4,2,3,376,16,12,0,4,2
45264,2023,12,4,2,3,392,11,21,0,1,1
45264,2023,12,4,2,3,386,33,11,1,5,2
45214,2023,10,15,1,4,222,1,11,1,4,2
45264,2023,12,4,2,2,470,83,20,0,1,1
45264,2023,12,4,2,2,381,80,7,0,2,2
45264,2023,12,4,2,3,101,67,12,0,2,2
45264,2023,12,4,2,3,376,65,9,0,2,2
45264,2023,12,4,2,4,262,49,9,0,2,2
45264,2023,12,4,2,3,135,52,10,0,2,2
45264,2023,12,4,2,3,116,28,14,1,1,1
45264,2023,12,4,2,3,101,10,11,1,2,2
45264,2023,12,4,2,3,153,28,18,0,1,1
45264,2023,12,4,2,3,365,67,12,0,2,2
45264,2023,12,4,2,4,101,67,21,1,2,2
45264,2023,12,4,2,3,470,83,20,0,3,2
45264,2023,12,4,2,4,40,46,12,0,2,2
45264,2023,12,4,2,4,101,78,9,1,3,2
45264,2023,12,4,2,3,153,83,20,0,3,2
45264,2023,12,4,2,4,476,15,21,0,1,1
45264,2023,12,4,2,4,376,56,4,0,2,2
45264,2023,12,4,2,4,116,64,15,0,7,5
45264,2023,12,4,2,4,408,82,7,0,4,2
45264,2023,12,4,2,4,262,28,18,1,1,1
45264,2023,12,4,2,3,153,67,20,0,1,1
45264,2023,12,4,2,4,163,11,12,0,2,2
45264,2023,12,4,2,4,153,67,21,0,1,1
45265,2023,12,5,3,1,393,83,10,0,2,2
45265,2023,12,5,3,1,116,67,4,0,1,1
45265,2023,12,5,3,1,316,83,21,1,2,1
45265,2023,12,5,3,1,101,67,21,0,1,1
45265,2023,12,5,3,1,101,28,21,0,1,1
45264,2023,12,4,2,3,407,16,9,1,2,2
45264,2023,12,4,2,4,376,11,20,0,1,1
45265,2023,12,5,3,1,116,11,12,0,2,2
45265,2023,12,5,3,2,70,52,20,0,3,3
45265,2023,12,5,3,1,465,11,12,1,2,2
45265,2023,12,5,3,2,262,82,7,0,2,2
45265,2023,12,5,3,2,153,67,20,0,2,2
45265,2023,12,5,3,2,364,18,20,0,1,1
45173,2023,9,4,2,4,285,11,20,0,1,1
45265,2023,12,5,3,2,101,78,9,1,3,3
45265,2023,12,5,3,2,381,11,12,0,2,2
45265,2023,12,5,3,2,116,83,21,0,1,1
45259,2023,11,29,4,4,20,67,12,1,28,2
45265,2023,12,5,3,2,290,83,12,0,4,3
45265,2023,12,5,3,2,381,83,12,0,2,2
45265,2023,12,5,3,2,470,33,11,0,2,2
45265,2023,12,5,3,2,163,3,20,0,1,1
45265,2023,12,5,3,2,267,28,20,0,1,1
45265,2023,12,5,3,2,116,16,12,0,2,2
45265,2023,12,5,3,2,163,64,20,0,1,1
45265,2023,12,5,3,3,282,33,11,1,4,2
45265,2023,12,5,3,3,282,52,20,0,1,1
45265,2023,12,5,3,3,470,11,12,0,5,5
45265,2023,12,5,3,2,242,20,12,0,3,2
45265,2023,12,5,3,3,392,14,4,0,3,2
45265,2023,12,5,3,3,101,67,4,0,1,1
45265,2023,12,5,3,3,101,67,12,1,2,2
45265,2023,12,5,3,3,316,80,10,0,2,2
45265,2023,12,5,3,2,369,1,9,1,2,2
45265,2023,12,5,3,3,459,36,12,0,2,2
45265,2023,12,5,3,3,369,78,9,1,2,2
45265,2023,12,5,3,3,272,52,9,1,2,2
45265,2023,12,5,3,3,364,65,21,0,1,1
45265,2023,12,5,3,3,324,67,12,1,3,3
45265,2023,12,5,3,3,116,64,10,0,2,2
45265,2023,12,5,3,3,116,67,4,0,1,1
45265,2023,12,5,3,4,101,16,12,1,4,3
45265,2023,12,5,3,3,40,11,11,0,3,2
45265,2023,12,5,3,3,101,83,21,0,1,1
45265,2023,12,5,3,4,153,83,10,0,6,4
45265,2023,12,5,3,4,386,52,9,0,2,2
45265,2023,12,5,3,4,116,1,11,0,3,2
45265,2023,12,5,3,3,222,52,10,1,2,2
45265,2023,12,5,3,4,40,44,12,0,2,2
45265,2023,12,5,3,4,163,83,21,1,1,1
45266,2023,12,6,4,1,381,60,2,0,2,2
45265,2023,12,5,3,4,364,67,10,1,2,2
45266,2023,12,6,4,1,101,67,9,0,2,2
45265,2023,12,5,3,4,116,67,15,1,5,4
45266,2023,12,6,4,1,393,15,12,0,4,3
45266,2023,12,6,4,1,277,67,20,0,1,1
45266,2023,12,6,4,1,290,18,4,0,1,1
45266,2023,12,6,4,1,163,67,20,0,1,1
45266,2023,12,6,4,1,101,52,9,1,2,2
45266,2023,12,6,4,1,381,15,21,1,3,3
45265,2023,12,5,3,3,452,83,21,0,1,1
45265,2023,12,5,3,4,116,28,18,0,1,1
45209,2023,10,10,3,4,101,11,11,1,3,2
45266,2023,12,6,4,2,101,67,9,1,2,2
45266,2023,12,6,4,1,116,11,21,0,1,1
45265,2023,12,5,3,4,364,52,7,0,2,2
45262,2023,12,2,7,2,280,49,12,1,4,4
45266,2023,12,6,4,2,116,67,12,1,4,3
45266,2023,12,6,4,1,116,67,21,0,1,1
45227,2023,10,28,7,2,365,64,7,0,2,2
45135,2023,7,28,6,2,242,82,10,0,2,2
45266,2023,12,6,4,2,376,52,9,1,3,3
45266,2023,12,6,4,2,116,1,9,0,3,2
45266,2023,12,6,4,2,60,28,4,0,2,2
45266,2023,12,6,4,2,163,67,4,0,4,4
45266,2023,12,6,4,2,364,67,9,0,2,2
45266,2023,12,6,4,2,101,11,12,0,2,2
45245,2023,11,15,4,3,232,36,14,0,5,3
45266,2023,12,6,4,2,285,52,7,0,2,2
45266,2023,12,6,4,3,406,67,12,1,2,2
45266,2023,12,6,4,2,158,65,18,0,1,1
45266,2023,12,6,4,3,376,67,12,1,2,2
45266,2023,12,6,4,2,163,18,21,0,2,1
45266,2023,12,6,4,3,364,1,12,1,3,3
45266,2023,12,6,4,2,101,18,10,0,3,3
45266,2023,12,6,4,2,364,83,21,0,1,1
45266,2023,12,6,4,3,476,1,11,0,2,1
45266,2023,12,6,4,3,40,83,21,0,1,1
45266,2023,12,6,4,3,116,51,7,0,4,3
45266,2023,12,6,4,3,381,83,4,0,1,1
45266,2023,12,6,4,3,493,20,7,1,5,3
45266,2023,12,6,4,3,163,52,9,1,5,2
45266,2023,12,6,4,3,153,52,9,1,3,2
45266,2023,12,6,4,3,116,16,15,1,3,3
45266,2023,12,6,4,3,101,67,12,1,3,2
45266,2023,12,6,4,3,101,44,12,1,3,2
45266,2023,12,6,4,3,267,11,20,0,1,1
45266,2023,12,6,4,2,153,45,18,0,1,1
45266,2023,12,6,4,3,364,28,18,0,1,1
45266,2023,12,6,4,3,116,67,21,0,1,1
45266,2023,12,6,4,3,376,16,12,0,6,4
45263,2023,12,3,1,2,101,82,9,0,3,3
45266,2023,12,6,4,4,116,16,12,0,3,3
45266,2023,12,6,4,4,376,11,12,0,2,2
45266,2023,12,6,4,4,423,11,4,0,1,1
45266,2023,12,6,4,3,153,67,21,0,1,1
45266,2023,12,6,4,4,393,16,12,1,4,3
45266,2023,12,6,4,4,364,18,12,0,2,2
45266,2023,12,6,4,4,101,18,12,0,2,2
45267,2023,12,7,5,1,232,11,12,1,2,2
45267,2023,12,7,5,1,101,49,4,0,2,2
45226,2023,10,27,6,4,101,1,11,0,3,2
45267,2023,12,7,5,1,262,28,18,0,1,1
45267,2023,12,7,5,1,116,65,18,0,1,1
45267,2023,12,7,5,1,290,18,4,1,1,1
45267,2023,12,7,5,1,101,21,4,1,2,2
45267,2023,12,7,5,1,116,1,12,0,3,2
45267,2023,12,7,5,1,50,67,12,0,2,2
45266,2023,12,6,4,4,153,11,21,0,1,1
45267,2023,12,7,5,1,116,1,11,0,2,2
45267,2023,12,7,5,2,40,11,12,0,4,4
45267,2023,12,7,5,2,262,28,4,1,4,4
45267,2023,12,7,5,2,163,80,7,0,3,3
45267,2023,12,7,5,2,232,67,7,1,3,2
45267,2023,12,7,5,1,393,18,10,0,2,2
45267,2023,12,7,5,1,386,63,21,0,1,1
45267,2023,12,7,5,2,163,1,11,1,2,2
45267,2023,12,7,5,2,101,20,11,0,3,2
45197,2023,9,28,5,4,163,64,7,0,2,2
44928,2023,1,2,2,2,316,80,7,0,6,3
45267,2023,12,7,5,2,116,67,7,1,2,2
45264,2023,12,4,2,2,376,11,12,1,2,2
45267,2023,12,7,5,2,153,67,12,1,2,2
45267,2023,12,7,5,2,101,51,15,0,7,5
45267,2023,12,7,5,2,376,1,9,0,3,2
45267,2023,12,7,5,2,324,14,12,0,7,6
45267,2023,12,7,5,2,101,17,11,1,2,2
45267,2023,12,7,5,2,251,51,10,1,2,2
45267,2023,12,7,5,2,110,52,7,0,4,3
45267,2023,12,7,5,2,101,1,11,1,3,3
45267,2023,12,7,5,2,316,83,21,0,3,1
45267,2023,12,7,5,2,116,61,2,1,2,2
45267,2023,12,7,5,2,116,28,18,0,1,1
45267,2023,12,7,5,2,116,61,2,1,1,1
45267,2023,12,7,5,2,50,11,21,0,1,1
45267,2023,12,7,5,2,226,82,7,0,4,2
45267,2023,12,7,5,2,116,78,9,0,2,2
45267,2023,12,7,5,2,272,28,18,0,1,1
45267,2023,12,7,5,2,393,51,10,0,5,3
45267,2023,12,7,5,2,158,3,20,0,1,1
45267,2023,12,7,5,2,70,21,21,0,1,1
45267,2023,12,7,5,3,376,11,20,0,2,2
45248,2023,11,18,7,2,153,80,7,1,2,2
45267,2023,12,7,5,2,364,49,20,0,1,1
45267,2023,12,7,5,2,381,18,21,0,1,1
45083,2023,6,6,3,1,235,82,7,0,6,2
45267,2023,12,7,5,2,393,51,20,1,1,1
45267,2023,12,7,5,2,251,83,21,0,1,1
45267,2023,12,7,5,3,101,28,18,1,1,1
45267,2023,12,7,5,3,386,80,7,0,2,2
45267,2023,12,7,5,3,405,80,7,0,4,3
45267,2023,12,7,5,3,101,1,9,0,2,2
45267,2023,12,7,5,3,70,1,11,1,2,2
45267,2023,12,7,5,2,381,67,21,0,3,3
45267,2023,12,7,5,3,381,83,4,1,2,2
45267,2023,12,7,5,3,163,11,20,0,1,1
45267,2023,12,7,5,3,101,52,9,1,2,2
45267,2023,12,7,5,3,459,1,11,1,3,2
45267,2023,12,7,5,3,376,83,20,0,1,1
45267,2023,12,7,5,3,135,82,3,0,3,3
45267,2023,12,7,5,3,163,33,11,0,2,2
45267,2023,12,7,5,3,277,78,9,0,3,3
45267,2023,12,7,5,3,416,65,20,0,1,1
45267,2023,12,7,5,3,158,67,21,1,1,1
45267,2023,12,7,5,2,153,28,20,0,1,1
45258,2023,11,28,3,2,101,11,10,0,2,2
45267,2023,12,7,5,2,101,82,9,1,2,2
45267,2023,12,7,5,3,373,28,20,1,1,1
45267,2023,12,7,5,4,242,67,12,0,3,3
45267,2023,12,7,5,3,343,67,9,0,2,2
45267,2023,12,7,5,3,163,83,12,0,4,2
45267,2023,12,7,5,3,381,11,4,0,2,2
45267,2023,12,7,5,3,135,82,20,0,6,2
45267,2023,12,7,5,3,401,18,21,0,2,1
45267,2023,12,7,5,4,282,51,7,1,2,2
45267,2023,12,7,5,3,101,11,12,0,3,2
45235,2023,11,5,1,2,116,11,9,0,2,2
45267,2023,12,7,5,4,290,83,21,0,2,2
45267,2023,12,7,5,4,476,67,10,0,6,2
45267,2023,12,7,5,4,116,18,12,1,2,2
45268,2023,12,8,6,1,50,18,20,0,1,1
45268,2023,12,8,6,1,232,14,21,0,2,1
45267,2023,12,7,5,4,101,56,12,0,3,3
45267,2023,12,7,5,2,110,67,7,0,2,2
45268,2023,12,8,6,2,282,51,4,1,1,1
45268,2023,12,8,6,2,101,28,12,1,3,2
45268,2023,12,8,6,2,262,1,9,1,2,2
45267,2023,12,7,5,3,242,28,21,0,1,1
45268,2023,12,8,6,2,376,85,11,0,2,2
45264,2023,12,4,2,3,364,52,15,1,2,2
45268,2023,12,8,6,2,101,52,9,0,2,2
45268,2023,12,8,6,2,324,16,12,1,6,6
45268,2023,12,8,6,1,376,67,20,0,1,1
45268,2023,12,8,6,2,116,2,12,1,2,2
45268,2023,12,8,6,2,101,11,12,1,4,3
45268,2023,12,8,6,2,153,83,3,0,3,1
45268,2023,12,8,6,2,153,67,9,1,6,4
45268,2023,12,8,6,2,20,67,20,0,2,2
45268,2023,12,8,6,2,285,1,11,0,4,2
45268,2023,12,8,6,2,116,36,12,1,2,2
45268,2023,12,8,6,2,116,67,9,0,4,2
45268,2023,12,8,6,2,40,52,9,1,2,2
45196,2023,9,27,4,4,373,13,4,0,3,3
45268,2023,12,8,6,2,381,11,21,0,2,1
45268,2023,12,8,6,2,116,18,15,0,12,7
45268,2023,12,8,6,2,316,1,11,0,3,2