id_data,ano,mes,dia,id_dia_semana,periodo,br,id_causa_acidente,id_tipo_acidente,id_uso_solo,pessoas,veiculos
44942,2023,1,16,2,2,277,80,7,1,3,2
44942,2023,1,16,2,2,116,28,20,1,3,1
44942,2023,1,16,2,2,324,52,21,0,1,1
44942,2023,1,16,2,2,40,18,20,0,4,1
44942,2023,1,16,2,2,20,9,12,0,8,3
44942,2023,1,16,2,2,101,4,3,0,3,1
44942,2023,1,16,2,2,277,33,11,0,3,2
44942,2023,1,16,2,2,290,1,12,0,5,2
44942,2023,1,16,2,2,80,14,4,0,2,2
44942,2023,1,16,2,2,101,16,12,0,4,2
44942,2023,1,16,2,2,359,83,7,0,5,3
44942,2023,1,16,2,2,470,1,11,1,2,2
44942,2023,1,16,2,2,470,11,20,1,1,1
44940,2023,1,14,7,4,282,83,10,0,2,2
44942,2023,1,16,2,3,101,16,15,1,4,4
44942,2023,1,16,2,3,356,11,12,0,5,2
44942,2023,1,16,2,2,232,2,11,1,2,2
44942,2023,1,16,2,2,101,16,12,0,2,2
44942,2023,1,16,2,2,304,11,21,0,2,1
44942,2023,1,16,2,3,146,38,20,0,1,1
44930,2023,1,4,4,2,20,67,11,0,3,2
44942,2023,1,16,2,3,287,33,11,1,3,3
44929,2023,1,3,3,3,277,33,11,0,2,2
44942,2023,1,16,2,3,470,18,20,0,1,1
44937,2023,1,11,4,2,135,11,11,1,2,2
44927,2023,1,1,1,1,153,49,12,1,4,2
44942,2023,1,16,2,3,101,16,12,0,2,2
44942,2023,1,16,2,3,471,33,11,0,2,2
44937,2023,1,11,4,1,365,67,7,0,8,2
44942,2023,1,16,2,3,101,67,20,0,5,1
44942,2023,1,16,2,3,230,11,9,1,3,2
44942,2023,1,16,2,3,101,1,11,1,2,2
44942,2023,1,16,2,3,324,67,11,1,3,2
44942,2023,1,16,2,3,40,11,12,1,6,4
44942,2023,1,16,2,3,153,15,20,0,1,1
44942,2023,1,16,2,3,101,16,12,1,3,3
44942,2023,1,16,2,3,101,52,9,1,2,2
44942,2023,1,16,2,3,364,13,20,0,1,1
44942,2023,1,16,2,3,304,52,9,0,2,2
44928,2023,1,2,2,2,376,11,12,0,2,2
44942,2023,1,16,2,3,158,67,20,0,1,1
44942,2023,1,16,2,3,381,52,9,1,2,2
44942,2023,1,16,2,3,101,56,7,1,2,2
44942,2023,1,16,2,3,116,52,11,1,5,3
44942,2023,1,16,2,3,101,1,11,1,2,2
44942,2023,1,16,2,3,116,67,9,0,3,2
44942,2023,1,16,2,3,116,33,11,0,3,2
44942,2023,1,16,2,3,222,16,12,1,3,2
44942,2023,1,16,2,3,364,33,11,0,2,2
44942,2023,1,16,2,4,222,11,12,1,3,3
44942,2023,1,16,2,3,101,1,2,1,2,2
44942,2023,1,16,2,3,393,1,10,1,2,2
44942,2023,1,16,2,4,235,48,2,1,2,2
44942,2023,1,16,2,3,153,16,12,1,2,2
44942,2023,1,16,2,4,412,11,20,0,1,1
44942,2023,1,16,2,4,40,48,2,0,2,2
44942,2023,1,16,2,4,405,25,12,0,3,2
44942,2023,1,16,2,4,70,11,12,0,3,2
44942,2023,1,16,2,3,282,15,20,0,5,1
44942,2023,1,16,2,3,405,1,11,1,2,2
44942,2023,1,16,2,3,282,11,12,1,2,2
44942,2023,1,16,2,4,116,13,21,0,2,1
44942,2023,1,16,2,4,280,11,12,1,2,2
44942,2023,1,16,2,4,153,18,20,0,5,1
44942,2023,1,16,2,4,230,11,20,1,4,1
44942,2023,1,16,2,4,376,13,21,0,1,1
44942,2023,1,16,2,3,277,13,20,0,1,1
44942,2023,1,16,2,4,101,80,7,0,5,2
44942,2023,1,16,2,3,470,1,11,1,2,2
44942,2023,1,16,2,4,262,67,4,0,1,1
44942,2023,1,16,2,3,343,9,1,0,2,1
44942,2023,1,16,2,4,110,9,1,0,6,1
44942,2023,1,16,2,4,116,11,20,0,1,1
44943,2023,1,17,3,1,116,67,9,1,3,2
44942,2023,1,16,2,4,285,1,11,0,2,2
44943,2023,1,17,3,1,153,18,20,0,16,1
44943,2023,1,17,3,1,101,11,21,1,1,1
44943,2023,1,17,3,1,116,52,9,1,2,2
44943,2023,1,17,3,1,235,52,21,0,2,1
44943,2023,1,17,3,2,381,11,20,0,5,1
44943,2023,1,17,3,2,381,67,12,1,2,2
44943,2023,1,17,3,2,476,78,9,1,2,2
44943,2023,1,17,3,2,101,18,3,0,1,1
44943,2023,1,17,3,2,163,11,4,0,1,1
44943,2023,1,17,3,2,290,11,15,1,3,3
44943,2023,1,17,3,2,381,16,12,1,2,2
44943,2023,1,17,3,2,222,16,12,1,2,2
44943,2023,1,17,3,2,470,11,12,1,2,2
44943,2023,1,17,3,2,316,83,4,0,2,1
44943,2023,1,17,3,2,163,52,9,0,2,2
44943,2023,1,17,3,2,116,1,11,1,4,2
44943,2023,1,17,3,2,116,11,9,1,2,2
44940,2023,1,14,7,3,470,49,10,0,5,2
44943,2023,1,17,3,2,408,67,15,1,2,2
44931,2023,1,5,5,3,20,29,12,0,3,2
44943,2023,1,17,3,2,262,67,15,1,6,4
44943,2023,1,17,3,2,393,1,11,1,3,2
44940,2023,1,14,7,1,116,28,18,0,1,1
44943,2023,1,17,3,2,304,1,12,1,2,2
44943,2023,1,17,3,1,163,9,1,0,1,1
44943,2023,1,17,3,2,30,16,7,0,14,4
44943,2023,1,17,3,3,116,16,12,1,3,2
44943,2023,1,17,3,3,324,28,18,1,1,1
44943,2023,1,17,3,2,470,29,20,1,1,1
44943,2023,1,17,3,2,101,64,12,1,3,2
44943,2023,1,17,3,3,316,28,18,1,5,1
44943,2023,1,17,3,2,101,67,12,1,2,2
44943,2023,1,17,3,3,401,52,9,1,2,2
44943,2023,1,17,3,2,262,67,21,0,1,1
44943,2023,1,17,3,3,40,67,11,0,2,2
44943,2023,1,17,3,3,316,9,1,0,1,1
44943,2023,1,17,3,2,101,67,21,1,2,2
44943,2023,1,17,3,3,324,82,12,1,3,2
44943,2023,1,17,3,3,163,82,20,0,1,1
44943,2023,1,17,3,3,116,56,4,1,1,1
44943,2023,1,17,3,3,60,67,12,1,6,2
44943,2023,1,17,3,3,324,80,7,0,2,2
44943,2023,1,17,3,3,242,15,20,0,1,1
44943,2023,1,17,3,3,101,11,12,1,4,2
44943,2023,1,17,3,3,393,11,7,0,8,2
44943,2023,1,17,3,3,101,64,21,0,1,1
44943,2023,1,17,3,3,116,33,11,1,2,2
44943,2023,1,17,3,3,369,35,2,1,2,2
44943,2023,1,17,3,3,262,80,7,0,2,2
44943,2023,1,17,3,3,116,11,3,0,3,1
44943,2023,1,17,3,3,101,83,11,1,2,2
44943,2023,1,17,3,3,222,51,20,0,3,1
44943,2023,1,17,3,3,280,83,20,0,1,1
44943,2023,1,17,3,3,116,1,11,1,2,2
44943,2023,1,17,3,3,230,67,20,0,1,1
44943,2023,1,17,3,3,101,1,11,0,2,2
44943,2023,1,17,3,2,480,61,2,1,2,2
44943,2023,1,17,3,3,116,33,11,1,2,2
44943,2023,1,17,3,3,20,16,12,0,3,3
44943,2023,1,17,3,3,470,67,20,0,1,1
44943,2023,1,17,3,3,116,67,4,0,1,1
44943,2023,1,17,3,3,364,1,11,1,2,2
44943,2023,1,17,3,3,393,11,12,1,5,3
44943,2023,1,17,3,4,470,20,11,1,2,2
44943,2023,1,17,3,3,101,11,4,0,2,2
44943,2023,1,17,3,4,365,56,4,1,1,1
44943,2023,1,17,3,2,463,35,2,1,2,2
44943,2023,1,17,3,3,262,15,10,0,3,2
44943,2023,1,17,3,4,116,61,2,1,2,2
44943,2023,1,17,3,4,101,1,11,0,4,2
44943,2023,1,17,3,4,110,11,21,1,1,1
44943,2023,1,17,3,4,343,1,2,1,2,2
44943,2023,1,17,3,4,153,67,4,1,1,1
44943,2023,1,17,3,4,101,1,2,0,2,2
44943,2023,1,17,3,4,101,16,12,0,2,2
44943,2023,1,17,3,4,232,49,11,1,2,2
44931,2023,1,5,5,3,262,63,12,0,3,2
44943,2023,1,17,3,4,116,61,2,1,2,2
44943,2023,1,17,3,4,116,67,12,1,2,2
44943,2023,1,17,3,4,116,11,12,0,2,2
44943,2023,1,17,3,4,316,60,2,0,2,2
44943,2023,1,17,3,4,262,63,21,0,1,1
44943,2023,1,17,3,4,285,11,3,0,4,1
44943,2023,1,17,3,4,116,67,12,1,3,2
44943,2023,1,17,3,4,116,56,4,0,1,1
44944,2023,1,18,4,1,40,67,21,1,2,1
44944,2023,1,18,4,1,116,28,18,0,5,1
44944,2023,1,18,4,1,116,49,10,0,4,2
44943,2023,1,17,3,4,101,41,20,0,5,1
44943,2023,1,17,3,4,153,11,3,0,1,1
44944,2023,1,18,4,1,101,18,20,0,1,1
44944,2023,1,18,4,1,153,28,20,0,1,1
44944,2023,1,18,4,1,428,49,12,1,3,2
44944,2023,1,18,4,1,50,57,20,1,5,1
44944,2023,1,18,4,2,381,67,3,0,3,1
44943,2023,1,17,3,4,101,18,21,1,2,1
44944,2023,1,18,4,2,381,16,12,1,2,2
44944,2023,1,18,4,2,101,83,4,0,3,1
44944,2023,1,18,4,2,116,41,20,0,1,1
44943,2023,1,17,3,2,324,80,7,1,2,2
44944,2023,1,18,4,1,423,60,2,1,3,2
44944,2023,1,18,4,1,316,4,10,0,2,2
44944,2023,1,18,4,2,116,67,3,0,3,1
44944,2023,1,18,4,2,319,33,11,1,2,2
44944,2023,1,18,4,2,101,60,2,1,2,2
44944,2023,1,18,4,2,116,20,11,1,2,2
44944,2023,1,18,4,2,135,18,7,1,3,1
44944,2023,1,18,4,2,343,1,12,1,3,2
44944,2023,1,18,4,1,116,52,12,1,2,2
44930,2023,1,4,4,2,277,2,11,0,7,2
44944,2023,1,18,4,2,116,13,20,0,2,1
44944,2023,1,18,4,2,364,11,9,1,1,1
44943,2023,1,17,3,4,163,11,20,1,1,1
44944,2023,1,18,4,2,343,1,11,1,3,2
44944,2023,1,18,4,2,304,33,11,1,3,2
44944,2023,1,18,4,2,101,16,12,1,3,2
44939,2023,1,13,6,4,280,1,11,1,2,2
44944,2023,1,18,4,2,101,11,12,1,2,2
44944,2023,1,18,4,2,242,2,10,1,2,2
44944,2023,1,18,4,2,364,1,9,1,4,1
44944,2023,1,18,4,2,110,80,21,0,3,3
44944,2023,1,18,4,2,230,83,20,0,4,1
44944,2023,1,18,4,2,262,11,12,1,3,2
44944,2023,1,18,4,2,101,78,12,1,3,3
44944,2023,1,18,4,2,381,52,9,0,5,2
44942,2023,1,16,2,3,480,80,7,1,2,2
44928,2023,1,2,2,2,226,49,7,0,7,2
44944,2023,1,18,4,3,376,21,20,0,2,1
44944,2023,1,18,4,3,428,52,9,1,2,2
44944,2023,1,18,4,2,101,15,3,0,1,1
44944,2023,1,18,4,3,101,83,20,0,1,1
44944,2023,1,18,4,3,40,51,20,1,2,1
44944,2023,1,18,4,3,40,52,12,1,4,3
44944,2023,1,18,4,3,459,51,20,0,1,1
44944,2023,1,18,4,3,364,15,21,0,1,1
44944,2023,1,18,4,3,324,67,12,1,3,2
44944,2023,1,18,4,3,251,80,7,0,3,2
44944,2023,1,18,4,3,356,1,7,0,2,2
44944,2023,1,18,4,3,386,67,12,1,4,2
44944,2023,1,18,4,3,70,2,11,1,2,2
44944,2023,1,18,4,3,282,78,11,1,2,2
44944,2023,1,18,4,3,60,4,20,0,3,1
44944,2023,1,18,4,3,290,52,11,1,2,2
44944,2023,1,18,4,3,367,72,11,0,2,2
44944,2023,1,18,4,2,349,11,3,0,5,1
44944,2023,1,18,4,3,343,11,12,1,2,2
44944,2023,1,18,4,3,262,67,12,0,3,3
44944,2023,1,18,4,3,381,67,12,1,2,2
44944,2023,1,18,4,3,40,67,4,1,2,1
44944,2023,1,18,4,3,235,67,2,1,2,2
44944,2023,1,18,4,3,101,67,12,1,2,2
44944,2023,1,18,4,3,414,82,9,0,3,2
44942,2023,1,16,2,2,101,67,12,1,2,2
44944,2023,1,18,4,4,381,36,15,1,4,3
44944,2023,1,18,4,3,376,11,20,1,1,1
44944,2023,1,18,4,4,101,9,1,1,2,1
44944,2023,1,18,4,3,343,9,1,0,1,1
44944,2023,1,18,4,4,343,16,12,1,2,2
44944,2023,1,18,4,3,101,15,20,0,4,1
44936,2023,1,10,3,3,308,1,11,1,2,2
44944,2023,1,18,4,4,285,67,2,0,3,2
44944,2023,1,18,4,4,282,83,4,0,1,1
44944,2023,1,18,4,4,232,64,21,1,2,2
44944,2023,1,18,4,4,392,35,2,0,2,2
44944,2023,1,18,4,4,262,60,2,0,3,2
44944,2023,1,18,4,4,381,28,18,0,1,1
44944,2023,1,18,4,4,101,83,20,0,4,1
44944,2023,1,18,4,4,262,35,2,1,2,2
44944,2023,1,18,4,4,116,49,4,0,2,1
44945,2023,1,19,5,1,364,60,2,1,3,2
44944,2023,1,18,4,4,174,83,20,0,2,1
44945,2023,1,19,5,1,101,16,12,1,3,2
44944,2023,1,18,4,3,135,1,11,1,4,2
44945,2023,1,19,5,1,101,52,11,1,2,2
44945,2023,1,19,5,1,116,1,9,1,3,2
44945,2023,1,19,5,1,101,83,20,1,1,1
44945,2023,1,19,5,1,101,64,20,1,1,1
44944,2023,1,18,4,3,60,28,20,0,5,2
44945,2023,1,19,5,2,153,28,21,0,1,1
44944,2023,1,18,4,3,101,11,21,1,1,1
44945,2023,1,19,5,1,324,18,20,0,5,1
44945,2023,1,19,5,2,40,67,12,1,3,2
44945,2023,1,19,5,1,381,18,4,0,1,1
44945,2023,1,19,5,2,101,67,12,1,2,2
44944,2023,1,18,4,3,381,16,12,0,2,2
44941,2023,1,15,1,4,101,1,2,1,2,2
44945,2023,1,19,5,2,101,83,15,1,5,3
44945,2023,1,19,5,2,101,67,20,0,1,1
44945,2023,1,19,5,2,60,11,12,0,2,2
44945,2023,1,19,5,2,280,1,11,0,2,2
44945,2023,1,19,5,2,101,11,4,1,1,1
44945,2023,1,19,5,2,116,78,12,0,2,2
44945,2023,1,19,5,2,116,28,21,1,1,1
44945,2023,1,19,5,2,101,52,9,1,3,2
44945,2023,1,19,5,2,101,1,10,0,2,2
44945,2023,1,19,5,2,435,52,9,0,2,2
44945,2023,1,19,5,2,153,29,21,1,1,1
44945,2023,1,19,5,2,116,52,9,1,3,3
44945,2023,1,19,5,2,101,11,12,0,4,4
44945,2023,1,19,5,2,116,11,9,0,2,2
44945,2023,1,19,5,2,381,78,9,1,3,3
44945,2023,1,19,5,2,282,78,10,0,2,2
44945,2023,1,19,5,2,116,52,9,1,1,1
44945,2023,1,19,5,2,493,52,3,1,1,1
44945,2023,1,19,5,2,101,52,9,0,3,2
44945,2023,1,19,5,2,153,67,20,0,1,1
44945,2023,1,19,5,2,282,1,11,0,2,2
44945,2023,1,19,5,2,277,33,11,1,3,2
44935,2023,1,9,2,1,40,15,20,1,1,1
44945,2023,1,19,5,2,116,80,7,0,2,2
44945,2023,1,19,5,2,40,16,12,1,3,2
44945,2023,1,19,5,2,101,80,11,0,2,2
44945,2023,1,19,5,2,280,82,11,1,2,2
44945,2023,1,19,5,2,101,11,21,1,1,1
44945,2023,1,19,5,2,470,20,11,0,8,2
44935,2023,1,9,2,3,230,1,11,0,12,2
44945,2023,1,19,5,2,262,29,11,1,2,2
44945,2023,1,19,5,2,407,52,20,0,1,1
44945,2023,1,19,5,3,101,2,2,1,2,2
44945,2023,1,19,5,3,60,18,20,0,2,1
44940,2023,1,14,7,2,381,18,11,0,6,2
44945,2023,1,19,5,3,324,28,20,0,2,1
44945,2023,1,19,5,2,381,29,21,0,1,1
44928,2023,1,2,2,3,153,64,12,0,3,2
44945,2023,1,19,5,2,210,57,15,1,3,3
44945,2023,1,19,5,2,116,11,4,0,2,1
44945,2023,1,19,5,3,101,52,9,0,4,2
44945,2023,1,19,5,3,232,9,12,1,5,2
44929,2023,1,3,3,3,163,13,21,0,1,1
44945,2023,1,19,5,3,101,20,11,1,3,2
44945,2023,1,19,5,3,470,33,11,1,2,2
44945,2023,1,19,5,3,104,82,10,0,3,2
44945,2023,1,19,5,3,116,83,20,0,4,1
44945,2023,1,19,5,3,381,83,4,0,2,1
44945,2023,1,19,5,3,277,1,11,0,6,2
44945,2023,1,19,5,3,226,67,7,0,2,2
44945,2023,1,19,5,3,101,83,15,0,7,3
44945,2023,1,19,5,3,343,16,12,1,3,2
44945,2023,1,19,5,2,324,67,9,1,2,2
44945,2023,1,19,5,3,116,11,12,1,3,2
44945,2023,1,19,5,3,369,52,9,1,2,2
44945,2023,1,19,5,3,262,11,9,0,4,2
44945,2023,1,19,5,3,222,16,12,1,2,2
44945,2023,1,19,5,3,101,80,11,1,2,2
44945,2023,1,19,5,1,452,83,20,0,1,1
44945,2023,1,19,5,3,414,28,21,0,1,1
44945,2023,1,19,5,3,116,16,12,1,3,2
44945,2023,1,19,5,3,116,83,20,0,3,1
44945,2023,1,19,5,3,158,78,9,1,3,2
44945,2023,1,19,5,3,343,1,9,1,2,2
44945,2023,1,19,5,3,381,83,21,0,1,1
44945,2023,1,19,5,4,262,28,18,0,1,1
44945,2023,1,19,5,3,101,78,9,0,2,2
44945,2023,1,19,5,3,101,52,9,1,7,2
44945,2023,1,19,5,1,163,83,9,0,1,1
44945,2023,1,19,5,4,40,67,15,1,5,4
44945,2023,1,19,5,4,116,16,12,0,2,2
44945,2023,1,19,5,4,101,78,9,0,3,3
44945,2023,1,19,5,4,280,48,4,1,1,1
44945,2023,1,19,5,4,472,67,20,0,1,1
44945,2023,1,19,5,4,222,49,9,1,5,2
44945,2023,1,19,5,4,277,83,20,1,1,1
44945,2023,1,19,5,4,101,1,7,0,2,2
44945,2023,1,19,5,3,376,10,2,1,2,2
44945,2023,1,19,5,4,116,49,4,1,1,1
44945,2023,1,19,5,4,392,28,18,0,1,1
44945,2023,1,19,5,4,101,11,21,0,1,1
44945,2023,1,19,5,4,470,2,7,0,5,2
44945,2023,1,19,5,2,232,1,7,0,2,2
44945,2023,1,19,5,4,230,67,20,0,2,1
44945,2023,1,19,5,4,163,67,21,1,2,1
44945,2023,1,19,5,4,116,67,11,1,3,2
44945,2023,1,19,5,4,101,1,11,1,2,2
44945,2023,1,19,5,4,116,49,20,0,2,2
44945,2023,1,19,5,4,101,83,7,1,2,1
44945,2023,1,19,5,4,262,9,20,0,5,1
44945,2023,1,19,5,2,40,28,18,1,1,1
44945,2023,1,19,5,4,304,80,7,0,2,2
44946,2023,1,20,6,1,153,11,20,0,1,1
44945,2023,1,19,5,4,101,1,11,1,2,2
44945,2023,1,19,5,4,40,80,7,0,7,2
44945,2023,1,19,5,4,425,67,11,1,2,2
44946,2023,1,20,6,1,470,67,20,0,1,1
44945,2023,1,19,5,4,116,67,3,0,3,1
44946,2023,1,20,6,1,251,15,20,0,22,1
44946,2023,1,20,6,1,343,11,20,1,1,1
44946,2023,1,20,6,1,116,61,2,1,3,2
44946,2023,1,20,6,2,376,11,20,0,1,1
44946,2023,1,20,6,1,60,11,20,1,1,1
44945,2023,1,19,5,4,471,9,1,0,3,1
44946,2023,1,20,6,1,101,4,4,1,2,1
44946,2023,1,20,6,1,101,28,20,1,2,1
44946,2023,1,20,6,1,116,61,2,1,3,3
44940,2023,1,14,7,4,116,67,12,1,2,2
44935,2023,1,9,2,2,316,67,11,0,7,3
44946,2023,1,20,6,2,282,11,9,1,3,2
44946,2023,1,20,6,2,381,11,12,0,3,2
44946,2023,1,20,6,2,277,11,4,0,1,1
44946,2023,1,20,6,2,381,83,4,1,1,1
44946,2023,1,20,6,2,163,11,20,0,1,1
44946,2023,1,20,6,2,153,67,12,0,3,2
44946,2023,1,20,6,2,262,83,20,0,1,1
44946,2023,1,20,6,2,20,1,11,1,2,2
44946,2023,1,20,6,2,232,1,11,0,3,2
44946,2023,1,20,6,2,10,13,21,1,2,1
44946,2023,1,20,6,2,101,1,11,0,2,2
44946,2023,1,20,6,2,493,16,12,0,4,2
44946,2023,1,20,6,2,472,80,7,0,2,2
44946,2023,1,20,6,2,101,16,12,1,2,2
44946,2023,1,20,6,2,304,49,21,0,1,1
44946,2023,1,20,6,2,381,52,9,0,5,2
44946,2023,1,20,6,2,381,11,9,1,3,2
44946,2023,1,20,6,2,116,52,9,0,2,2
44946,2023,1,20,6,2,222,33,11,1,2,2
44946,2023,1,20,6,2,101,67,20,0,2,1
44946,2023,1,20,6,2,101,78,11,1,9,3
44946,2023,1,20,6,2,10,1,12,1,4,2
44945,2023,1,19,5,4,405,67,20,0,1,1
44946,2023,1,20,6,2,116,51,20,0,1,1
44946,2023,1,20,6,2,101,83,20,0,1,1
44946,2023,1,20,6,2,376,11,3,0,2,1
44946,2023,1,20,6,2,101,64,4,0,4,1
44946,2023,1,20,6,2,163,70,11,0,4,2
44946,2023,1,20,6,3,287,9,1,0,3,1
44946,2023,1,20,6,2,116,18,11,1,2,2
44946,2023,1,20,6,2,381,67,4,0,1,1
44946,2023,1,20,6,3,230,11,21,1,1,1
44946,2023,1,20,6,3,101,80,7,1,2,2
44946,2023,1,20,6,2,101,1,11,1,2,2
44946,2023,1,20,6,2,40,11,12,1,3,2
44946,2023,1,20,6,3,262,16,2,1,2,2
44946,2023,1,20,6,3,222,16,12,1,2,2
44946,2023,1,20,6,3,101,11,12,1,2,2
44946,2023,1,20,6,3,373,83,4,1,1,1
44946,2023,1,20,6,2,101,15,20,0,2,1
44946,2023,1,20,6,3,101,78,15,0,3,3
44946,2023,1,20,6,2,116,11,20,0,6,1
44946,2023,1,20,6,3,20,15,4,0,2,1
44946,2023,1,20,6,2,282,16,12,0,3,2
44946,2023,1,20,6,3,101,2,9,0,2,2
44946,2023,1,20,6,3,116,28,4,0,1,1
44946,2023,1,20,6,3,381,83,21,1,1,1
44946,2023,1,20,6,2,232,35,2,1,2,2
44946,2023,1,20,6,3,101,1,9,1,2,2
44946,2023,1,20,6,3,101,1,11,1,3,2
44930,2023,1,4,4,4,101,11,12,0,3,2
44946,2023,1,20,6,3,116,11,12,0,5,3
44946,2023,1,20,6,3,468,33,11,1,2,2
44946,2023,1,20,6,3,153,2,7,0,2,2
44946,2023,1,20,6,3,282,1,9,0,3,2
44946,2023,1,20,6,3,30,1,11,0,4,2
44946,2023,1,20,6,3,116,11,15,1,4,3
44946,2023,1,20,6,3,381,11,12,1,5,2
44946,2023,1,20,6,3,101,67,12,1,2,2
44946,2023,1,20,6,3,104,11,12,1,3,2
44946,2023,1,20,6,3,101,49,11,1,3,2
44946,2023,1,20,6,3,476,67,9,1,3,2
44946,2023,1,20,6,3,277,1,12,1,3,3
44946,2023,1,20,6,3,40,11,20,0,4,1
44946,2023,1,20,6,2,381,82,9,0,2,2
44946,2023,1,20,6,3,153,16,12,1,3,2
44946,2023,1,20,6,3,40,1,20,0,4,1
44946,2023,1,20,6,3,290,80,11,0,2,2
44946,2023,1,20,6,3,50,19,3,1,1,1
44948,2023,1,22,1,2,101,1,12,0,5,3
44948,2023,1,22,1,4,101,67,3,1,1,1
44949,2023,1,23,2,1,386,11,4,0,1,1
44948,2023,1,22,1,2,60,83,20,0,1,1
44948,2023,1,22,1,3,116,49,11,0,3,2
44948,2023,1,22,1,4,316,52,10,0,2,2
44947,2023,1,21,7,2,285,80,7,1,3,2
44948,2023,1,22,1,2,116,67,7,0,4,3
44948,2023,1,22,1,2,392,49,20,0,1,1
44948,2023,1,22,1,3,101,49,12,0,4,2
44948,2023,1,22,1,3,316,11,11,1,6,2
44948,2023,1,22,1,3,277,67,20,0,4,1
44948,2023,1,22,1,2,262,67,12,0,4,2
44948,2023,1,22,1,4,101,11,12,0,2,2
44948,2023,1,22,1,4,324,60,2,0,2,2
44948,2023,1,22,1,2,101,28,4,0,2,1
44947,2023,1,21,7,2,101,18,4,0,3,1
44946,2023,1,20,6,4,423,80,7,0,3,2
44948,2023,1,22,1,3,153,49,20,1,1,1
44948,2023,1,22,1,3,364,16,12,1,1,1
44948,2023,1,22,1,1,386,80,7,0,4,3
44948,2023,1,22,1,1,365,83,3,0,4,1
44948,2023,1,22,1,3,316,49,20,1,1,1
44948,2023,1,22,1,3,476,16,12,1,3,3
44949,2023,1,23,2,2,290,67,12,0,9,3
44948,2023,1,22,1,3,290,49,21,1,2,1
44948,2023,1,22,1,3,101,11,21,0,2,1
44948,2023,1,22,1,1,158,80,7,1,3,2
44948,2023,1,22,1,3,70,51,21,1,1,1
44948,2023,1,22,1,4,364,49,4,1,1,1
44948,2023,1,22,1,3,101,67,4,0,1,1
44949,2023,1,23,2,1,381,67,12,1,2,2
44948,2023,1,22,1,3,158,11,20,0,1,1
44949,2023,1,23,2,2,101,67,12,1,2,2
44948,2023,1,22,1,4,230,49,20,1,1,1
44949,2023,1,23,2,2,116,52,9,1,2,2
44948,2023,1,22,1,4,40,11,2,1,3,2
44948,2023,1,22,1,3,232,1,9,0,2,2
44946,2023,1,20,6,3,470,52,11,1,2,2
44948,2023,1,22,1,2,101,3,3,0,5,1
44949,2023,1,23,2,1,116,65,4,1,1,1
44948,2023,1,22,1,3,116,28,21,0,2,1
44948,2023,1,22,1,1,60,9,1,1,1,1
44947,2023,1,21,7,1,343,63,20,0,2,1
44948,2023,1,22,1,4,40,15,20,0,1,1
44948,2023,1,22,1,3,364,15,20,0,3,1
44947,2023,1,21,7,4,386,67,12,0,2,2
44948,2023,1,22,1,3,163,16,12,0,2,2
44949,2023,1,23,2,2,40,16,9,1,6,2
44948,2023,1,22,1,2,50,67,21,0,2,1
44948,2023,1,22,1,3,407,16,9,1,4,2
44948,2023,1,22,1,3,116,78,12,1,2,2
44949,2023,1,23,2,1,116,67,4,1,1,1
44947,2023,1,21,7,1,285,11,4,0,1,1
44948,2023,1,22,1,1,287,9,1,1,3,1
44948,2023,1,22,1,2,163,18,20,0,2,1
44948,2023,1,22,1,2,428,11,3,0,1,1
44948,2023,1,22,1,2,116,61,2,0,2,2
44948,2023,1,22,1,4,116,52,12,1,2,2
44948,2023,1,22,1,2,116,67,4,0,1,1
44947,2023,1,21,7,2,40,82,7,0,7,3
44947,2023,1,21,7,3,285,4,20,0,5,1
44949,2023,1,23,2,2,304,1,11,0,2,2
44948,2023,1,22,1,1,386,11,20,0,4,2
44945,2023,1,19,5,4,101,11,12,1,2,2
44946,2023,1,20,6,4,101,78,9,0,2,2
44949,2023,1,23,2,2,116,1,11,1,2,2
44946,2023,1,20,6,4,493,18,20,1,1,1
44947,2023,1,21,7,2,101,11,12,1,2,2
44947,2023,1,21,7,2,40,67,3,1,3,1
44949,2023,1,23,2,2,232,82,9,0,4,2
44947,2023,1,21,7,4,163,49,7,0,3,2
44948,2023,1,22,1,2,116,16,12,0,3,2
44947,2023,1,21,7,2,304,52,20,0,1,1
44948,2023,1,22,1,2,101,67,9,0,2,2
44948,2023,1,22,1,4,116,33,11,0,3,2
44948,2023,1,22,1,4,376,67,20,0,1,1
44947,2023,1,21,7,2,381,4,20,0,2,1
44947,2023,1,21,7,3,101,64,20,0,4,1
44947,2023,1,21,7,3,282,7,20,0,1,1
44946,2023,1,20,6,4,104,16,12,0,4,3
44947,2023,1,21,7,2,435,82,9,1,3,2
44949,2023,1,23,2,2,40,16,12,1,2,2
44949,2023,1,23,2,2,116,52,9,1,2,2
44947,2023,1,21,7,1,116,49,9,1,3,2
44948,2023,1,22,1,3,277,51,7,0,7,3
44947,2023,1,21,7,1,40,9,1,0,10,3
44947,2023,1,21,7,4,262,83,20,0,2,1
44948,2023,1,22,1,1,285,49,10,0,2,2
44948,2023,1,22,1,1,476,60,2,1,2,2
44948,2023,1,22,1,1,70,28,4,0,1,1
44947,2023,1,21,7,3,423,49,12,1,5,2
44947,2023,1,21,7,3,104,80,7,0,3,2
44948,2023,1,22,1,3,116,67,20,0,2,1
44948,2023,1,22,1,2,230,11,12,0,2,2