id_data,ano,mes,dia,id_dia_semana,periodo,br,id_causa_acidente,id_tipo_acidente,id_uso_solo,pessoas,veiculos
44949,2023,1,23,2,2,364,11,20,0,1,1
44946,2023,1,20,6,4,135,67,12,1,3,2
44946,2023,1,20,6,4,381,18,20,0,2,1
44946,2023,1,20,6,4,116,67,21,1,2,1
44948,2023,1,22,1,1,163,49,12,0,2,2
44949,2023,1,23,2,2,373,60,2,1,2,2
44947,2023,1,21,7,4,364,16,12,0,4,2
44947,2023,1,21,7,3,381,63,21,1,2,1
44949,2023,1,23,2,2,330,83,15,0,5,3
44949,2023,1,23,2,2,101,2,12,0,3,2
44949,2023,1,23,2,2,101,16,12,0,2,2
44946,2023,1,20,6,3,364,67,7,0,2,2
44949,2023,1,23,2,2,116,33,11,0,2,2
44949,2023,1,23,2,2,40,11,12,1,1,1
44947,2023,1,21,7,3,101,67,21,0,2,2
44948,2023,1,22,1,3,116,11,20,0,3,1
44946,2023,1,20,6,4,153,60,2,0,3,3
44947,2023,1,21,7,3,116,1,11,0,4,2
44947,2023,1,21,7,4,470,80,10,0,2,2
44949,2023,1,23,2,2,158,1,11,1,3,2
44947,2023,1,21,7,4,101,11,12,1,3,2
44947,2023,1,21,7,2,381,52,21,0,5,2
44949,2023,1,23,2,2,116,2,11,0,3,2
44949,2023,1,23,2,2,381,83,4,0,1,1
44947,2023,1,21,7,4,222,80,10,1,3,2
44949,2023,1,23,2,2,381,67,12,1,2,2
44947,2023,1,21,7,3,226,48,11,1,4,3
44930,2023,1,4,4,3,163,80,20,0,4,1
44949,2023,1,23,2,2,277,15,20,0,3,1
44949,2023,1,23,2,2,230,1,9,1,3,2
44949,2023,1,23,2,3,40,16,11,1,2,2
44947,2023,1,21,7,3,101,67,12,1,3,2
44949,2023,1,23,2,2,277,67,20,0,4,1
44948,2023,1,22,1,1,101,16,12,0,2,2
44949,2023,1,23,2,2,282,61,2,1,3,2
44948,2023,1,22,1,3,10,49,2,0,2,2
44947,2023,1,21,7,2,101,82,20,0,2,1
44946,2023,1,20,6,3,101,78,12,1,2,2
44947,2023,1,21,7,2,414,1,11,1,2,2
44947,2023,1,21,7,3,381,63,21,1,1,1
44947,2023,1,21,7,3,101,83,20,0,1,1
44933,2023,1,7,7,4,476,17,2,1,2,2
44947,2023,1,21,7,2,424,52,12,1,3,2
44947,2023,1,21,7,2,40,15,3,0,4,1
44949,2023,1,23,2,3,381,83,4,0,2,1
44947,2023,1,21,7,3,40,13,20,0,4,1
44949,2023,1,23,2,3,262,63,3,0,2,1
44949,2023,1,23,2,2,101,13,21,0,2,1
44946,2023,1,20,6,4,10,67,12,1,3,2
44949,2023,1,23,2,2,267,67,20,0,3,1
44948,2023,1,22,1,4,316,11,4,1,1,1
44949,2023,1,23,2,3,101,28,21,0,2,1
44949,2023,1,23,2,3,101,11,12,1,3,2
44946,2023,1,20,6,4,116,67,3,0,1,1
44949,2023,1,23,2,3,392,83,20,0,5,5
44949,2023,1,23,2,3,405,1,11,0,2,2
44947,2023,1,21,7,2,230,1,11,1,3,2
44948,2023,1,22,1,2,210,49,11,1,2,2
44947,2023,1,21,7,2,277,52,9,0,2,2
44949,2023,1,23,2,3,101,11,9,0,2,2
44948,2023,1,22,1,4,101,30,20,0,1,1
44949,2023,1,23,2,3,116,16,12,0,2,2
44947,2023,1,21,7,4,116,49,11,1,4,2
44949,2023,1,23,2,3,146,83,20,0,3,1
44949,2023,1,23,2,1,116,11,4,1,1,1
44949,2023,1,23,2,2,20,57,21,0,1,1
44947,2023,1,21,7,4,153,49,20,0,1,1
44948,2023,1,22,1,1,364,11,20,0,1,1
44949,2023,1,23,2,3,222,9,4,0,2,1
44949,2023,1,23,2,3,40,78,11,1,2,2
44949,2023,1,23,2,3,116,64,3,0,2,1
44948,2023,1,22,1,1,230,11,20,0,1,1
44947,2023,1,21,7,3,232,13,20,0,1,1
44949,2023,1,23,2,2,262,28,18,0,1,1
44946,2023,1,20,6,4,316,52,9,1,2,2
44949,2023,1,23,2,3,369,17,11,1,2,2
44949,2023,1,23,2,3,116,78,12,1,2,2
44949,2023,1,23,2,3,101,52,9,1,2,2
44949,2023,1,23,2,3,101,16,12,1,3,3
44948,2023,1,22,1,1,364,49,20,0,1,1
44948,2023,1,22,1,1,376,83,4,0,1,1
44949,2023,1,23,2,3,80,82,20,0,1,1
44949,2023,1,23,2,3,287,1,11,1,2,2
44947,2023,1,21,7,2,40,83,12,0,4,2
44949,2023,1,23,2,3,381,83,20,0,1,1
44949,2023,1,23,2,3,277,20,11,1,2,2
44948,2023,1,22,1,3,262,20,7,1,4,3
44949,2023,1,23,2,3,376,20,11,1,2,2
44949,2023,1,23,2,3,163,4,20,0,2,1
44949,2023,1,23,2,3,153,9,1,0,2,1
44949,2023,1,23,2,3,101,16,12,0,2,2
44947,2023,1,21,7,3,381,67,12,0,2,2
44949,2023,1,23,2,3,101,1,11,0,5,2
44949,2023,1,23,2,4,277,33,7,1,2,2
44946,2023,1,20,6,4,153,67,4,0,1,1
44949,2023,1,23,2,2,174,82,20,0,5,1
44948,2023,1,22,1,3,316,16,9,1,3,2
44949,2023,1,23,2,4,70,16,12,0,3,2
44949,2023,1,23,2,4,50,1,11,1,2,2
44949,2023,1,23,2,4,316,61,2,1,2,2
44949,2023,1,23,2,4,101,49,9,1,2,2
44947,2023,1,21,7,3,116,4,20,1,4,1
44949,2023,1,23,2,4,116,67,20,0,1,1
44947,2023,1,21,7,2,116,67,3,1,1,1
44949,2023,1,23,2,4,401,82,9,1,2,2
44947,2023,1,21,7,2,381,4,20,0,2,1
44949,2023,1,23,2,4,116,15,3,1,1,1
44949,2023,1,23,2,4,40,83,9,0,3,2
44949,2023,1,23,2,4,116,11,20,0,1,1
44947,2023,1,21,7,4,116,1,11,1,2,2
44942,2023,1,16,2,2,495,82,11,1,3,3
44949,2023,1,23,2,4,290,11,20,1,5,1
44949,2023,1,23,2,4,101,67,9,1,2,2
44949,2023,1,23,2,4,40,1,9,1,3,2
44949,2023,1,23,2,3,470,67,21,1,1,1
44949,2023,1,23,2,4,50,15,21,0,1,1
44947,2023,1,21,7,1,470,33,11,1,4,2
44949,2023,1,23,2,4,40,56,20,1,1,1
44949,2023,1,23,2,4,277,11,9,1,3,3
44945,2023,1,19,5,3,428,52,9,1,2,2
44949,2023,1,23,2,4,101,13,20,0,2,1
44950,2023,1,24,3,1,116,49,4,0,2,1
44949,2023,1,23,2,4,116,52,9,0,2,1
44949,2023,1,23,2,4,259,82,9,0,2,2
44945,2023,1,19,5,4,428,16,15,1,3,3
44946,2023,1,20,6,3,116,1,9,1,2,2
44946,2023,1,20,6,4,290,52,9,1,1,1
44950,2023,1,24,3,1,470,67,9,0,1,1
44950,2023,1,24,3,2,116,78,9,1,2,2
44950,2023,1,24,3,2,50,71,20,0,1,1
44950,2023,1,24,3,2,163,1,11,0,2,2
44946,2023,1,20,6,4,222,1,11,1,2,2
44950,2023,1,24,3,2,381,4,4,0,1,1
44946,2023,1,20,6,4,232,9,20,0,3,1
44950,2023,1,24,3,2,116,67,11,1,2,2
44947,2023,1,21,7,1,101,49,7,0,3,2
44946,2023,1,20,6,3,101,52,9,1,5,3
44947,2023,1,21,7,2,304,52,21,1,2,1
44946,2023,1,20,6,3,101,28,12,1,3,2
44946,2023,1,20,6,4,101,52,9,1,3,2
44950,2023,1,24,3,2,280,20,11,0,2,2
44950,2023,1,24,3,1,110,67,20,0,3,1
44947,2023,1,21,7,1,277,57,11,1,2,2
44950,2023,1,24,3,2,60,44,12,0,3,2
44946,2023,1,20,6,4,277,67,12,1,2,2
44946,2023,1,20,6,4,365,67,20,0,3,1
44950,2023,1,24,3,2,116,11,9,1,2,2
44950,2023,1,24,3,2,116,83,21,0,1,1
44950,2023,1,24,3,2,470,33,11,0,2,2
44946,2023,1,20,6,4,101,83,20,0,1,1
44950,2023,1,24,3,2,101,1,11,0,2,2
44950,2023,1,24,3,2,116,11,15,1,3,3
44946,2023,1,20,6,3,376,16,21,1,1,1
44947,2023,1,21,7,3,316,18,20,0,1,1
44947,2023,1,21,7,1,376,80,7,0,4,2
44950,2023,1,24,3,2,381,13,21,0,1,1
44950,2023,1,24,3,2,101,16,15,0,3,3
44950,2023,1,24,3,2,101,21,3,0,15,2
44947,2023,1,21,7,1,101,11,12,1,2,2
44948,2023,1,22,1,2,116,67,12,0,2,2
44950,2023,1,24,3,2,101,16,12,0,2,2
44946,2023,1,20,6,3,116,83,20,0,5,1
44946,2023,1,20,6,3,277,67,12,0,3,2
44946,2023,1,20,6,4,60,1,21,1,2,1
44947,2023,1,21,7,1,101,67,3,1,1,1
44950,2023,1,24,3,2,230,1,11,1,2,2
44946,2023,1,20,6,4,163,49,20,0,2,1
44947,2023,1,21,7,2,381,67,12,1,2,2
44946,2023,1,20,6,4,40,67,9,1,2,2
44950,2023,1,24,3,2,369,67,12,0,3,3
44949,2023,1,23,2,4,40,67,3,1,1,1
44946,2023,1,20,6,4,364,49,4,1,1,1
44946,2023,1,20,6,4,262,65,2,0,1,1
44947,2023,1,21,7,2,163,67,3,0,2,1
44946,2023,1,20,6,4,101,52,12,0,2,2
44950,2023,1,24,3,2,101,62,21,0,1,1
44947,2023,1,21,7,1,163,14,18,0,1,1
44947,2023,1,21,7,1,364,11,20,1,1,1
44947,2023,1,21,7,3,116,4,20,1,1,1
44946,2023,1,20,6,4,376,67,20,0,1,1
44946,2023,1,20,6,3,158,33,11,1,4,3
44931,2023,1,5,5,2,101,35,2,1,3,2
44947,2023,1,21,7,2,381,49,20,1,1,1
44947,2023,1,21,7,4,135,64,20,1,2,1
44947,2023,1,21,7,1,101,64,3,1,1,1
44948,2023,1,22,1,3,116,11,4,0,1,1
44950,2023,1,24,3,2,104,16,12,1,2,2
44946,2023,1,20,6,3,101,21,3,0,2,1
44950,2023,1,24,3,2,381,67,15,1,3,3
44950,2023,1,24,3,2,163,67,20,0,1,1
44948,2023,1,22,1,1,158,49,20,1,2,1
44950,2023,1,24,3,2,10,28,4,0,1,1
44950,2023,1,24,3,2,364,52,9,1,3,3
44946,2023,1,20,6,4,101,11,12,1,4,2
44950,2023,1,24,3,2,267,83,20,0,5,1
44950,2023,1,24,3,2,282,11,12,0,2,2
44947,2023,1,21,7,3,101,11,12,0,2,2
44947,2023,1,21,7,4,163,80,7,0,3,2
44950,2023,1,24,3,2,232,83,11,1,2,2
44950,2023,1,24,3,3,280,1,2,1,2,2
44950,2023,1,24,3,3,153,1,11,1,3,2
44947,2023,1,21,7,3,101,52,9,1,3,2
44948,2023,1,22,1,2,262,83,4,0,6,1
44950,2023,1,24,3,3,290,16,21,1,2,1
44950,2023,1,24,3,3,116,20,11,0,2,2
44950,2023,1,24,3,3,40,83,20,0,1,1
44947,2023,1,21,7,2,101,78,2,1,2,2
44950,2023,1,24,3,2,174,20,11,1,5,2
44946,2023,1,20,6,3,10,11,21,0,1,1
44950,2023,1,24,3,2,324,67,20,0,5,1
44947,2023,1,21,7,1,104,52,10,1,2,2
44949,2023,1,23,2,1,428,4,3,0,4,1
44950,2023,1,24,3,3,116,16,12,0,6,2
44950,2023,1,24,3,2,210,15,3,0,5,1
44950,2023,1,24,3,3,459,33,9,1,3,2
44948,2023,1,22,1,1,101,18,12,0,2,2
44946,2023,1,20,6,4,116,67,20,0,3,2
44946,2023,1,20,6,3,116,16,12,0,4,3
44950,2023,1,24,3,3,50,83,21,0,1,1
44950,2023,1,24,3,2,101,16,12,1,2,2
44950,2023,1,24,3,3,101,67,12,1,4,2
44950,2023,1,24,3,3,116,11,4,1,1,1
44950,2023,1,24,3,3,381,33,11,1,2,2
44950,2023,1,24,3,3,101,1,9,1,2,2
44950,2023,1,24,3,3,153,67,4,0,3,1
44948,2023,1,22,1,3,153,83,11,0,11,3
44950,2023,1,24,3,3,262,16,12,0,5,2
44950,2023,1,24,3,3,135,16,12,1,1,1
44950,2023,1,24,3,3,424,82,21,0,2,2
44950,2023,1,24,3,3,376,67,21,0,1,1
44950,2023,1,24,3,3,116,15,20,0,1,1
44950,2023,1,24,3,3,153,33,11,0,6,2
44950,2023,1,24,3,3,101,11,21,0,1,1
44932,2023,1,6,6,2,316,16,12,1,4,2
44950,2023,1,24,3,3,101,52,9,1,2,2
44946,2023,1,20,6,4,50,80,7,1,2,2
44950,2023,1,24,3,3,280,1,11,0,2,2
44950,2023,1,24,3,3,153,9,1,1,1,1
44950,2023,1,24,3,3,158,11,12,1,2,2
44950,2023,1,24,3,3,359,67,20,0,1,1
44950,2023,1,24,3,3,40,83,4,0,1,1
44950,2023,1,24,3,3,386,28,21,1,1,1
44947,2023,1,21,7,2,40,16,12,0,2,2
44950,2023,1,24,3,3,101,11,12,1,2,2
44950,2023,1,24,3,4,116,11,9,1,2,2
44950,2023,1,24,3,3,101,15,20,0,4,1
44950,2023,1,24,3,3,101,1,21,1,2,2
44950,2023,1,24,3,4,381,63,4,0,4,1
44950,2023,1,24,3,4,101,10,2,1,2,2
44950,2023,1,24,3,3,308,1,21,0,2,2
44950,2023,1,24,3,3,116,67,7,0,3,2
44950,2023,1,24,3,4,116,20,11,0,2,2
44947,2023,1,21,7,4,267,35,2,0,5,2
44950,2023,1,24,3,4,470,80,7,1,3,2
44948,2023,1,22,1,4,392,67,12,0,8,3
44950,2023,1,24,3,4,50,67,20,0,3,1
44950,2023,1,24,3,4,381,15,20,0,3,1
44950,2023,1,24,3,4,40,15,20,0,1,1
44947,2023,1,21,7,1,470,67,20,0,1,1
44948,2023,1,22,1,2,116,49,4,0,1,1
44950,2023,1,24,3,4,277,16,12,1,2,2
44951,2023,1,25,4,1,277,67,12,1,2,2
44950,2023,1,24,3,4,471,33,11,1,2,2
44951,2023,1,25,4,1,40,49,20,1,1,1
44951,2023,1,25,4,1,101,9,1,0,1,1
44951,2023,1,25,4,1,101,67,20,0,2,1
44951,2023,1,25,4,1,60,9,1,0,2,1
44930,2023,1,4,4,3,101,13,12,0,3,3
44946,2023,1,20,6,4,110,67,20,0,1,1
44951,2023,1,25,4,1,386,67,20,0,4,1
44951,2023,1,25,4,1,222,83,20,0,3,1
44951,2023,1,25,4,1,364,48,2,1,3,2
44951,2023,1,25,4,1,280,1,12,0,2,2
44946,2023,1,20,6,4,101,80,10,0,4,2
44951,2023,1,25,4,2,381,83,12,1,2,2
44951,2023,1,25,4,1,40,11,9,1,3,3
44942,2023,1,16,2,4,116,65,18,0,1,1
44947,2023,1,21,7,2,153,67,20,1,2,1
44947,2023,1,21,7,3,153,16,12,0,2,2
44947,2023,1,21,7,2,101,16,12,0,3,2
44946,2023,1,20,6,3,116,78,9,1,4,3
44947,2023,1,21,7,2,116,82,20,0,5,2
44947,2023,1,21,7,3,163,4,20,1,2,1
44948,2023,1,22,1,1,101,16,12,1,2,2
44951,2023,1,25,4,2,277,52,9,1,3,2
44948,2023,1,22,1,1,101,18,20,0,1,1
44951,2023,1,25,4,2,235,16,12,0,2,2
44948,2023,1,22,1,1,60,16,12,1,2,2
44951,2023,1,25,4,2,116,33,11,1,2,2
44947,2023,1,21,7,3,116,11,21,0,1,1
44947,2023,1,21,7,4,376,67,21,1,1,1
44947,2023,1,21,7,4,277,67,12,0,2,2
44947,2023,1,21,7,2,262,83,20,0,1,1
44951,2023,1,25,4,2,101,61,2,1,3,3
44948,2023,1,22,1,1,381,11,20,0,1,1
44951,2023,1,25,4,2,282,67,12,0,2,2
44951,2023,1,25,4,2,101,28,21,0,2,1
44947,2023,1,21,7,4,290,67,4,1,2,1
44947,2023,1,21,7,2,116,51,4,0,1,1
44947,2023,1,21,7,3,424,80,7,1,3,2
44947,2023,1,21,7,2,158,11,12,1,3,2
44947,2023,1,21,7,4,116,9,1,1,1,1
44951,2023,1,25,4,2,116,11,12,0,2,2
44951,2023,1,25,4,2,230,2,11,1,2,2
44951,2023,1,25,4,2,116,1,2,1,2,2
44951,2023,1,25,4,2,116,33,11,1,7,2
44947,2023,1,21,7,2,40,83,4,0,2,1
44947,2023,1,21,7,3,381,61,2,0,4,2
44951,2023,1,25,4,2,116,67,12,1,2,2
44947,2023,1,21,7,2,376,11,3,0,2,1
44951,2023,1,25,4,2,40,11,2,1,2,2
44947,2023,1,21,7,2,101,16,12,1,3,2
44947,2023,1,21,7,3,101,14,2,0,2,2
44951,2023,1,25,4,2,101,11,4,1,1,1
44947,2023,1,21,7,2,381,15,4,0,10,3
44947,2023,1,21,7,3,364,11,9,1,2,2
44947,2023,1,21,7,3,101,1,12,1,2,2
44939,2023,1,13,6,3,116,11,9,1,2,2
44948,2023,1,22,1,1,101,18,20,0,1,1
44943,2023,1,17,3,2,101,33,7,1,2,2
44951,2023,1,25,4,2,418,11,3,0,3,1
44951,2023,1,25,4,2,101,5,21,1,1,1
44951,2023,1,25,4,2,470,16,11,0,3,2
44951,2023,1,25,4,2,304,11,9,0,2,2
44951,2023,1,25,4,2,50,15,20,0,1,1
44948,2023,1,22,1,4,40,16,12,1,2,2
44951,2023,1,25,4,2,116,2,11,0,2,2
44947,2023,1,21,7,2,163,20,11,1,2,2
44947,2023,1,21,7,4,364,82,7,0,9,2
44951,2023,1,25,4,2,116,1,9,1,3,2
44951,2023,1,25,4,2,285,1,11,1,3,2
44948,2023,1,22,1,1,70,18,20,1,3,1
44951,2023,1,25,4,2,401,11,9,1,2,2
44951,2023,1,25,4,2,101,16,12,1,2,2
44951,2023,1,25,4,2,101,49,12,0,2,2
44951,2023,1,25,4,2,116,33,11,1,5,3
44951,2023,1,25,4,2,381,49,12,0,2,2
44951,2023,1,25,4,2,101,11,21,0,2,1
44947,2023,1,21,7,3,40,67,4,0,4,1
44951,2023,1,25,4,2,40,19,7,1,2,2
44948,2023,1,22,1,2,369,83,20,1,1,1
44947,2023,1,21,7,3,116,67,12,0,5,2
44947,2023,1,21,7,4,101,73,11,1,3,2
44940,2023,1,14,7,3,361,49,3,0,1,1
44948,2023,1,22,1,1,153,49,20,0,2,1
44951,2023,1,25,4,3,381,11,21,1,1,1
44951,2023,1,25,4,2,60,66,9,0,3,2
44951,2023,1,25,4,3,470,67,11,1,3,2
44951,2023,1,25,4,2,376,13,21,1,1,1
44947,2023,1,21,7,2,262,83,10,0,5,3
44951,2023,1,25,4,3,116,1,9,1,2,2
44947,2023,1,21,7,4,262,83,20,0,1,1
44951,2023,1,25,4,2,60,28,20,0,2,1
44951,2023,1,25,4,3,101,28,21,0,2,1
44951,2023,1,25,4,2,116,63,9,0,5,2
44951,2023,1,25,4,3,285,49,21,0,2,1
44951,2023,1,25,4,2,101,52,9,0,2,2
44951,2023,1,25,4,3,101,16,15,1,4,4
44951,2023,1,25,4,3,10,67,12,0,3,2
44951,2023,1,25,4,3,476,44,12,0,5,3
44947,2023,1,21,7,4,470,11,20,0,1,1
44947,2023,1,21,7,4,116,13,21,0,2,1
44948,2023,1,22,1,3,101,20,9,1,3,2
44951,2023,1,25,4,3,230,16,12,0,2,2
44951,2023,1,25,4,3,365,67,9,1,2,2
44947,2023,1,21,7,3,101,80,11,1,2,2
44947,2023,1,21,7,4,101,25,11,1,3,2
44947,2023,1,21,7,4,70,11,20,0,1,1
44951,2023,1,25,4,3,381,83,9,0,4,2
44951,2023,1,25,4,3,381,61,2,0,1,1
44951,2023,1,25,4,3,116,67,12,1,2,2
44951,2023,1,25,4,3,381,20,7,1,2,2
44950,2023,1,24,3,2,101,52,9,0,2,2
44947,2023,1,21,7,3,293,11,9,0,3,2
44951,2023,1,25,4,3,369,16,12,1,2,2
44951,2023,1,25,4,3,50,10,2,1,3,2
44947,2023,1,21,7,3,116,83,11,1,5,2
44951,2023,1,25,4,3,60,64,20,1,1,1
44951,2023,1,25,4,3,20,1,11,1,5,2
44951,2023,1,25,4,3,101,11,9,0,2,2
44947,2023,1,21,7,2,40,83,3,0,3,1
44948,2023,1,22,1,4,262,33,11,0,2,2
44951,2023,1,25,4,3,158,33,11,1,3,2
44951,2023,1,25,4,3,101,2,12,1,5,2
44951,2023,1,25,4,3,101,11,12,0,2,2
44951,2023,1,25,4,3,376,52,9,1,2,2
44951,2023,1,25,4,3,116,16,12,1,2,2
44947,2023,1,21,7,2,277,1,9,1,2,2
44951,2023,1,25,4,3,222,83,4,0,2,1
44948,2023,1,22,1,1,470,49,11,1,2,2
44951,2023,1,25,4,3,230,11,20,0,4,1
44951,2023,1,25,4,3,153,1,12,1,2,2
44951,2023,1,25,4,4,116,67,4,1,1,1
44947,2023,1,21,7,3,470,33,11,1,3,2
44951,2023,1,25,4,3,470,1,11,1,2,2
44948,2023,1,22,1,1,101,18,4,0,1,1
44951,2023,1,25,4,3,280,72,12,1,3,2
44951,2023,1,25,4,4,116,16,12,1,3,3
44951,2023,1,25,4,4,277,11,12,0,6,4
44947,2023,1,21,7,4,381,25,20,0,1,1
44951,2023,1,25,4,4,407,28,18,0,2,1
44951,2023,1,25,4,3,416,80,7,1,3,2
44948,2023,1,22,1,3,101,16,12,1,2,2
44947,2023,1,21,7,3,101,16,12,0,1,1
44951,2023,1,25,4,4,101,2,11,1,2,2
44951,2023,1,25,4,4,101,1,12,1,2,2
44951,2023,1,25,4,4,116,1,12,0,3,2
44951,2023,1,25,4,4,369,13,20,0,2,1
44951,2023,1,25,4,4,230,1,11,1,2,2
44951,2023,1,25,4,3,364,63,12,0,3,2
44929,2023,1,3,3,3,343,9,1,0,3,2
44949,2023,1,23,2,1,230,11,21,0,1,1
44951,2023,1,25,4,4,230,51,20,1,1,1
44951,2023,1,25,4,4,470,67,20,0,2,1
44951,2023,1,25,4,4,116,49,21,0,1,1
44951,2023,1,25,4,4,381,13,21,0,1,1
44951,2023,1,25,4,4,163,49,7,1,2,2
44951,2023,1,25,4,3,101,61,2,0,2,2
44951,2023,1,25,4,4,381,49,3,0,1,1
44951,2023,1,25,4,3,116,28,18,1,1,1
44951,2023,1,25,4,3,116,13,3,0,4,1
44952,2023,1,26,5,1,40,35,2,0,3,2
44952,2023,1,26,5,1,116,67,12,0,2,2
44952,2023,1,26,5,1,101,1,21,0,1,1
44951,2023,1,25,4,3,101,52,9,1,2,2
44952,2023,1,26,5,1,101,67,15,1,9,5
44952,2023,1,26,5,1,70,5,12,1,5,2
44948,2023,1,22,1,3,101,28,12,1,3,2
44948,2023,1,22,1,2,493,2,7,0,3,2
44952,2023,1,26,5,1,101,49,4,0,1,1
44952,2023,1,26,5,2,277,9,20,1,3,3
44952,2023,1,26,5,2,101,60,2,1,2,2
44948,2023,1,22,1,3,277,20,9,0,2,2
44952,2023,1,26,5,2,230,67,12,1,2,2
44948,2023,1,22,1,3,364,16,12,1,4,2
44952,2023,1,26,5,2,116,11,12,0,2,2
44952,2023,1,26,5,2,376,80,7,0,3,3
44952,2023,1,26,5,2,369,16,12,1,3,3
44948,2023,1,22,1,2,376,83,9,0,2,2
44948,2023,1,22,1,1,110,46,1,1,2,1
44952,2023,1,26,5,2,319,17,11,1,3,2
44952,2023,1,26,5,2,376,33,11,0,3,2
44948,2023,1,22,1,4,104,80,7,1,4,2
44952,2023,1,26,5,2,40,67,12,1,2,2
44952,2023,1,26,5,2,116,67,10,1,2,2
44948,2023,1,22,1,2,40,83,20,1,2,1
44952,2023,1,26,5,2,101,1,12,1,2,2
44952,2023,1,26,5,2,101,1,11,1,2,2
44948,2023,1,22,1,4,101,16,12,1,2,1
44952,2023,1,26,5,2,414,1,11,1,2,2
44952,2023,1,26,5,2,116,1,12,0,2,2
44952,2023,1,26,5,2,392,29,3,0,1,1
44952,2023,1,26,5,2,392,6,21,0,1,1
44949,2023,1,23,2,1,163,28,21,0,2,1
44952,2023,1,26,5,2,40,67,3,0,1,1
44952,2023,1,26,5,2,386,67,21,0,1,1
44946,2023,1,20,6,4,20,36,11,0,2,2
44948,2023,1,22,1,4,280,49,12,0,2,2
44948,2023,1,22,1,1,116,1,11,1,2,2
44948,2023,1,22,1,2,277,72,11,1,2,2
44952,2023,1,26,5,2,116,83,21,0,1,1
44952,2023,1,26,5,2,232,52,4,0,4,1
44952,2023,1,26,5,2,153,4,20,0,3,1
44952,2023,1,26,5,2,153,20,7,1,2,2
44952,2023,1,26,5,2,116,28,20,0,1,1
44948,2023,1,22,1,2,232,52,9,1,2,2
44952,2023,1,26,5,2,116,33,11,1,3,2
44937,2023,1,11,4,3,364,16,12,1,3,2
44952,2023,1,26,5,2,116,1,11,0,2,2
44946,2023,1,20,6,3,10,1,9,0,6,2
44952,2023,1,26,5,2,232,11,20,0,2,1
44948,2023,1,22,1,2,277,67,20,0,2,1
44952,2023,1,26,5,2,392,2,21,1,3,2
44952,2023,1,26,5,2,101,16,12,0,2,2
44952,2023,1,26,5,2,230,11,4,1,3,2
44952,2023,1,26,5,2,146,11,20,0,2,2
44952,2023,1,26,5,3,381,16,12,1,2,2
44952,2023,1,26,5,3,116,67,21,1,1,1
44949,2023,1,23,2,1,101,9,1,0,3,2
44952,2023,1,26,5,2,50,11,20,0,1,1
44952,2023,1,26,5,2,116,80,7,0,6,2
44947,2023,1,21,7,2,101,33,11,0,6,2
44952,2023,1,26,5,3,280,78,7,1,2,2
44952,2023,1,26,5,2,425,33,11,1,2,2
44952,2023,1,26,5,2,40,4,20,0,2,1
44948,2023,1,22,1,2,230,28,20,0,1,1
44948,2023,1,22,1,3,101,82,7,0,2,2
44948,2023,1,22,1,3,101,11,20,1,2,1
44952,2023,1,26,5,2,101,67,12,1,2,2
44948,2023,1,22,1,3,277,1,11,0,3,2
44949,2023,1,23,2,1,116,49,9,1,2,2
44952,2023,1,26,5,3,232,16,12,0,2,2
44948,2023,1,22,1,4,101,1,12,0,1,1
44952,2023,1,26,5,3,60,1,11,1,2,2
44952,2023,1,26,5,2,365,67,20,0,1,1
44948,2023,1,22,1,3,376,1,9,1,2,2
44952,2023,1,26,5,3,381,36,12,1,2,2
44948,2023,1,22,1,4,10,1,11,1,7,3
44952,2023,1,26,5,3,392,4,20,0,2,1
44952,2023,1,26,5,3,101,11,12,1,5,3
44952,2023,1,26,5,3,470,1,11,0,2,2
44952,2023,1,26,5,3,116,11,12,1,3,2
44952,2023,1,26,5,3,40,11,21,0,1,1
44952,2023,1,26,5,3,101,52,7,0,7,2
44952,2023,1,26,5,2,407,67,20,0,2,1
44949,2023,1,23,2,4,101,9,1,0,1,1
44952,2023,1,26,5,3,101,16,12,1,3,3
44952,2023,1,26,5,3,101,16,12,0,2,2
44952,2023,1,26,5,3,135,28,18,1,1,1
44952,2023,1,26,5,3,116,1,11,1,3,3
44952,2023,1,26,5,3,153,16,12,1,2,2
44952,2023,1,26,5,2,70,15,20,0,2,1
44952,2023,1,26,5,3,101,28,18,0,1,1
44952,2023,1,26,5,3,101,1,11,0,2,2
44952,2023,1,26,5,4,262,13,20,0,1,1
44952,2023,1,26,5,3,70,13,20,0,1,1
44952,2023,1,26,5,3,316,67,12,0,4,3
44952,2023,1,26,5,3,222,10,2,1,2,2
44952,2023,1,26,5,3,369,16,15,1,4,3
44952,2023,1,26,5,4,101,67,21,0,1,1
44952,2023,1,26,5,3,232,52,9,1,3,2
44948,2023,1,22,1,4,101,20,7,1,2,2
44952,2023,1,26,5,3,101,28,18,0,1,1
44952,2023,1,26,5,3,50,11,20,0,3,1
44952,2023,1,26,5,4,153,1,11,0,2,2
44952,2023,1,26,5,4,101,61,2,0,2,2
44952,2023,1,26,5,4,153,67,20,0,2,1
44952,2023,1,26,5,3,158,13,20,0,7,1
44952,2023,1,26,5,3,116,1,11,1,2,2
44952,2023,1,26,5,4,20,67,12,1,3,3
44952,2023,1,26,5,2,101,82,11,1,3,2
44952,2023,1,26,5,4,232,12,4,0,2,1
44952,2023,1,26,5,4,406,1,12,1,2,2
44952,2023,1,26,5,4,158,51,20,0,2,2
44952,2023,1,26,5,3,50,67,20,0,4,1