id_data,ano,mes,dia,id_dia_semana,periodo,br,id_causa_acidente,id_tipo_acidente,id_uso_solo,pessoas,veiculos
44956,2023,1,30,2,4,20,49,12,0,2,2
44956,2023,1,30,2,4,116,52,9,1,4,3
44956,2023,1,30,2,4,364,67,20,0,3,1
44957,2023,1,31,3,1,110,11,3,0,2,2
44957,2023,1,31,3,1,277,11,20,0,55,1
44957,2023,1,31,3,1,116,83,9,1,2,2
44957,2023,1,31,3,1,101,18,4,0,1,1
44957,2023,1,31,3,1,277,11,20,0,4,1
44957,2023,1,31,3,1,50,67,4,1,1,1
44956,2023,1,30,2,3,476,80,7,0,4,2
44956,2023,1,30,2,3,364,15,11,0,6,3
44957,2023,1,31,3,2,101,33,11,0,2,2
44957,2023,1,31,3,2,304,16,12,0,3,2
44957,2023,1,31,3,2,153,29,21,1,1,1
44957,2023,1,31,3,2,316,16,12,0,6,3
44957,2023,1,31,3,2,153,52,9,0,3,2
44957,2023,1,31,3,1,116,80,20,0,1,1
44957,2023,1,31,3,1,40,64,21,0,2,1
44933,2023,1,7,7,4,116,35,2,0,2,2
44957,2023,1,31,3,2,101,1,11,1,2,2
44957,2023,1,31,3,2,101,52,9,1,3,2
44957,2023,1,31,3,2,40,83,21,1,1,1
44957,2023,1,31,3,2,104,49,11,1,4,2
44954,2023,1,28,7,3,267,56,4,0,2,2
44957,2023,1,31,3,2,324,16,12,0,2,2
44957,2023,1,31,3,2,381,11,4,0,1,1
44957,2023,1,31,3,2,230,67,4,1,2,1
44957,2023,1,31,3,2,324,67,20,0,3,1
44957,2023,1,31,3,2,251,16,12,0,5,2
44957,2023,1,31,3,2,470,18,20,0,1,1
44957,2023,1,31,3,2,101,15,4,0,2,1
44956,2023,1,30,2,3,163,67,12,0,2,2
44957,2023,1,31,3,2,116,16,12,1,2,2
44957,2023,1,31,3,2,282,67,20,0,2,1
44950,2023,1,24,3,3,116,16,12,1,2,2
44957,2023,1,31,3,2,116,13,4,0,1,1
44957,2023,1,31,3,3,101,67,9,1,2,2
44957,2023,1,31,3,3,116,52,12,1,2,2
44949,2023,1,23,2,4,20,9,1,0,2,1
44957,2023,1,31,3,2,381,16,9,1,3,2
44957,2023,1,31,3,3,116,67,12,1,2,1
44957,2023,1,31,3,2,470,83,20,0,1,1
44957,2023,1,31,3,3,153,35,2,0,2,2
44957,2023,1,31,3,3,104,12,11,0,2,2
44957,2023,1,31,3,3,116,67,11,1,2,2
44957,2023,1,31,3,3,324,52,15,1,3,3
44957,2023,1,31,3,2,226,52,12,0,5,2
44957,2023,1,31,3,2,376,52,9,0,4,2
44957,2023,1,31,3,3,158,67,10,0,1,1
44957,2023,1,31,3,3,210,16,15,1,3,3
44957,2023,1,31,3,3,373,15,3,0,1,1
44957,2023,1,31,3,1,153,63,20,1,1,1
44957,2023,1,31,3,3,146,15,4,0,2,2
44957,2023,1,31,3,2,277,67,20,1,2,2
44957,2023,1,31,3,3,116,11,12,1,2,2
44957,2023,1,31,3,3,153,16,15,0,9,4
44957,2023,1,31,3,3,101,28,18,0,1,1
44957,2023,1,31,3,3,376,83,20,0,3,1
44957,2023,1,31,3,3,230,67,21,1,1,1
44957,2023,1,31,3,3,135,11,20,1,1,1
44957,2023,1,31,3,3,116,28,20,0,3,1
44957,2023,1,31,3,3,163,11,20,0,4,1
44957,2023,1,31,3,2,70,67,20,0,1,1
44957,2023,1,31,3,3,40,16,12,1,2,2
44957,2023,1,31,3,3,116,11,12,0,2,2
44957,2023,1,31,3,3,290,11,15,1,3,3
44957,2023,1,31,3,2,280,1,2,0,2,2
44957,2023,1,31,3,3,116,11,12,0,2,2
44957,2023,1,31,3,3,101,33,11,1,2,2
44957,2023,1,31,3,3,60,67,12,0,5,2
44957,2023,1,31,3,3,10,11,12,1,2,2
44957,2023,1,31,3,3,116,78,12,1,3,2
44957,2023,1,31,3,3,235,16,12,0,8,3
44957,2023,1,31,3,3,116,78,9,1,2,2
44957,2023,1,31,3,3,116,16,12,1,3,2
44957,2023,1,31,3,3,406,16,12,0,2,2
44957,2023,1,31,3,3,277,56,12,1,2,2
44957,2023,1,31,3,3,317,4,20,0,4,1
44957,2023,1,31,3,4,20,46,7,1,3,3
44957,2023,1,31,3,4,116,48,4,0,2,2
44957,2023,1,31,3,3,50,15,4,0,1,1
44957,2023,1,31,3,4,381,33,10,1,3,2
44957,2023,1,31,3,3,158,33,11,1,2,2
44957,2023,1,31,3,4,365,67,4,0,2,2
44957,2023,1,31,3,3,364,16,12,1,2,2
44957,2023,1,31,3,4,476,13,4,0,3,1
44957,2023,1,31,3,4,50,29,21,0,1,1
44957,2023,1,31,3,4,381,63,21,0,1,1
44957,2023,1,31,3,3,364,16,12,1,2,2
44957,2023,1,31,3,4,101,67,3,1,1,1
44957,2023,1,31,3,4,101,29,4,1,2,1
44957,2023,1,31,3,4,116,9,1,0,1,1
44957,2023,1,31,3,4,101,80,10,1,2,2
44958,2023,2,1,4,1,158,18,20,0,1,1
44957,2023,1,31,3,3,135,67,12,1,3,2
44958,2023,2,1,4,1,163,83,20,1,2,2
44958,2023,2,1,4,2,110,11,2,1,3,2
44958,2023,2,1,4,2,101,67,15,1,4,3
44958,2023,2,1,4,2,116,20,11,1,3,3
44958,2023,2,1,4,2,376,15,4,0,4,1
44958,2023,2,1,4,2,101,83,4,1,2,1
44958,2023,2,1,4,2,101,67,12,1,3,2
44958,2023,2,1,4,2,232,11,9,0,4,4
44958,2023,2,1,4,2,290,28,20,1,1,1
44958,2023,2,1,4,2,101,33,11,1,2,2
44958,2023,2,1,4,2,116,11,12,0,3,2
44938,2023,1,12,5,3,381,83,21,0,1,1
44958,2023,2,1,4,2,101,52,9,1,2,2
44958,2023,2,1,4,2,116,28,4,1,1,1
44958,2023,2,1,4,2,101,13,21,1,2,1
44927,2023,1,1,1,2,230,49,4,1,8,3
44958,2023,2,1,4,2,101,33,11,0,4,2
44955,2023,1,29,1,4,163,11,12,1,2,2
44958,2023,2,1,4,2,40,1,9,1,2,2
44958,2023,2,1,4,2,116,67,4,1,2,1
44958,2023,2,1,4,2,101,33,9,1,2,2
44958,2023,2,1,4,2,101,52,9,1,2,2
44958,2023,2,1,4,2,116,33,11,1,2,2
44958,2023,2,1,4,2,101,61,2,1,2,2
44958,2023,2,1,4,2,381,13,4,0,2,2
44950,2023,1,24,3,4,369,1,12,0,2,2
44958,2023,2,1,4,3,262,80,7,0,4,2
44958,2023,2,1,4,3,116,1,9,0,2,1
44958,2023,2,1,4,3,386,1,11,1,2,2
44958,2023,2,1,4,3,381,11,12,0,3,2
44958,2023,2,1,4,3,369,52,9,1,2,2
44958,2023,2,1,4,3,153,11,21,0,1,1
44958,2023,2,1,4,3,364,52,12,0,3,2
44930,2023,1,4,4,3,365,63,20,0,4,1
44958,2023,2,1,4,2,153,16,12,1,2,2
44958,2023,2,1,4,3,232,11,12,1,2,2
44940,2023,1,14,7,3,101,17,11,1,2,2
44957,2023,1,31,3,2,163,16,9,1,2,2
44958,2023,2,1,4,3,381,7,4,0,2,1
44958,2023,2,1,4,3,393,2,11,1,2,2
44958,2023,2,1,4,3,463,51,20,0,3,1
44958,2023,2,1,4,3,101,67,9,1,2,2
44938,2023,1,12,5,2,101,78,9,0,4,2
44958,2023,2,1,4,3,285,11,12,1,3,2
44958,2023,2,1,4,3,493,18,4,0,1,1
44958,2023,2,1,4,2,393,83,12,1,2,2
44958,2023,2,1,4,3,135,33,11,1,2,2
44958,2023,2,1,4,3,230,28,21,1,2,1
44958,2023,2,1,4,3,230,28,4,0,1,1
44958,2023,2,1,4,3,232,16,12,0,8,6
44958,2023,2,1,4,3,381,15,3,1,1,1
44958,2023,2,1,4,3,101,1,11,1,3,2
44958,2023,2,1,4,3,163,67,21,1,1,1
44958,2023,2,1,4,3,282,20,9,0,3,2
44958,2023,2,1,4,4,101,1,2,0,2,2
44958,2023,2,1,4,4,343,49,12,1,2,2
44958,2023,2,1,4,3,163,67,12,1,2,2
44958,2023,2,1,4,3,324,83,2,1,2,2
44958,2023,2,1,4,4,158,11,2,1,5,2
44958,2023,2,1,4,4,101,13,21,0,2,1
44958,2023,2,1,4,4,369,16,9,1,5,3
44958,2023,2,1,4,4,392,49,10,0,3,2
44956,2023,1,30,2,3,163,83,9,0,3,2
44958,2023,2,1,4,3,410,49,20,0,1,1
44958,2023,2,1,4,4,272,15,20,0,3,1
44958,2023,2,1,4,3,282,1,11,1,2,2
44958,2023,2,1,4,4,407,83,12,0,2,2
44958,2023,2,1,4,4,135,36,12,0,2,2
44958,2023,2,1,4,3,116,9,1,1,1,1
44958,2023,2,1,4,4,226,80,10,0,2,2
44959,2023,2,2,5,1,230,11,4,1,1,1
44958,2023,2,1,4,4,364,67,12,1,4,4
44959,2023,2,2,5,1,386,1,11,0,3,2
44959,2023,2,2,5,1,343,49,21,1,1,1
44959,2023,2,2,5,1,429,9,1,0,1,1
44959,2023,2,2,5,1,50,36,12,1,2,2
44959,2023,2,2,5,1,70,9,1,0,3,1
44959,2023,2,2,5,2,101,18,20,0,1,1
44959,2023,2,2,5,2,101,52,12,1,3,3
44959,2023,2,2,5,2,116,64,4,0,6,2
44959,2023,2,2,5,2,20,13,12,1,2,2
44959,2023,2,2,5,2,163,52,9,0,4,2
44959,2023,2,2,5,2,116,78,9,0,2,2
44959,2023,2,2,5,2,101,82,9,1,2,2
44959,2023,2,2,5,2,101,67,12,1,2,2
44959,2023,2,2,5,2,470,13,21,1,1,1
44959,2023,2,2,5,2,381,52,9,1,2,2
44959,2023,2,2,5,2,163,16,12,0,3,2
44959,2023,2,2,5,2,424,1,11,1,2,2
44959,2023,2,2,5,2,277,16,15,0,7,3
44959,2023,2,2,5,2,101,11,12,1,2,2
44959,2023,2,2,5,2,101,52,9,0,2,2
44959,2023,2,2,5,2,381,29,4,0,2,1
44959,2023,2,2,5,2,101,16,12,1,2,2
44959,2023,2,2,5,2,364,11,11,1,3,2
44958,2023,2,1,4,4,163,61,2,0,3,2
44959,2023,2,2,5,2,376,1,2,1,2,2
44959,2023,2,2,5,2,406,16,12,1,3,2
44959,2023,2,2,5,2,376,4,11,0,3,2
44959,2023,2,2,5,2,393,1,11,1,2,2
44953,2023,1,27,6,4,324,13,21,1,2,1
44959,2023,2,2,5,2,116,52,9,1,5,2
44959,2023,2,2,5,2,469,33,11,1,2,2
44959,2023,2,2,5,2,376,11,21,1,1,1
44959,2023,2,2,5,1,230,67,12,0,4,2
44959,2023,2,2,5,2,40,1,9,1,2,2
44959,2023,2,2,5,2,369,15,10,0,3,2
44959,2023,2,2,5,2,324,78,12,0,2,2
44959,2023,2,2,5,2,290,82,20,0,4,2
44959,2023,2,2,5,2,262,53,18,0,1,1
44959,2023,2,2,5,2,70,49,12,1,3,2
44959,2023,2,2,5,2,376,17,11,1,2,2
44959,2023,2,2,5,3,381,83,21,1,1,1
44959,2023,2,2,5,3,480,61,2,0,2,2
44940,2023,1,14,7,2,316,82,7,0,6,2
44959,2023,2,2,5,2,304,1,9,1,2,2
44959,2023,2,2,5,3,101,1,11,0,2,2
44959,2023,2,2,5,3,101,11,21,1,1,1
44959,2023,2,2,5,3,163,1,7,1,3,3
44959,2023,2,2,5,3,381,83,20,0,1,1
44959,2023,2,2,5,3,153,11,12,0,5,2
44959,2023,2,2,5,3,101,67,21,0,2,1
44959,2023,2,2,5,3,116,63,21,0,2,1
44959,2023,2,2,5,3,324,67,4,1,1,1
44959,2023,2,2,5,2,153,52,20,0,2,1
44959,2023,2,2,5,3,476,67,11,0,4,2
44959,2023,2,2,5,3,381,33,11,1,2,2
44951,2023,1,25,4,3,262,67,20,0,1,1
44959,2023,2,2,5,3,116,13,9,1,3,2
44959,2023,2,2,5,3,101,52,12,1,2,2
44959,2023,2,2,5,2,376,51,21,1,2,2
44959,2023,2,2,5,3,290,52,4,0,5,1
44959,2023,2,2,5,2,10,1,11,0,2,2
44953,2023,1,27,6,1,163,28,18,0,1,1
44959,2023,2,2,5,3,376,83,4,0,1,1
44959,2023,2,2,5,3,369,33,21,1,2,2
44959,2023,2,2,5,3,230,52,9,0,3,2
44959,2023,2,2,5,3,116,20,11,1,4,2
44959,2023,2,2,5,2,435,11,12,0,3,3
44959,2023,2,2,5,3,101,11,21,0,1,1
44959,2023,2,2,5,3,116,16,15,0,4,3
44959,2023,2,2,5,3,222,11,12,0,3,3
44959,2023,2,2,5,3,101,78,12,1,2,2
44959,2023,2,2,5,3,277,1,11,1,2,2
44959,2023,2,2,5,3,232,76,4,1,2,1
44933,2023,1,7,7,2,324,20,9,1,2,2
44959,2023,2,2,5,4,365,11,12,0,2,2
44959,2023,2,2,5,3,163,58,12,0,2,2
44959,2023,2,2,5,3,381,83,20,0,1,1
44959,2023,2,2,5,4,101,49,12,1,2,2
44959,2023,2,2,5,4,153,1,11,1,2,2
44959,2023,2,2,5,4,222,60,2,0,2,2
44959,2023,2,2,5,4,40,11,20,1,1,1
44943,2023,1,17,3,2,116,80,11,0,12,2
44959,2023,2,2,5,4,116,11,12,1,2,2
44959,2023,2,2,5,4,116,67,11,1,2,2
44959,2023,2,2,5,3,364,67,20,0,1,1
44959,2023,2,2,5,3,267,11,12,0,2,2
44959,2023,2,2,5,3,316,15,20,0,4,1
44959,2023,2,2,5,4,101,52,11,1,2,2
44959,2023,2,2,5,4,470,1,11,1,4,2
44959,2023,2,2,5,4,262,83,12,0,2,2
44959,2023,2,2,5,4,381,51,21,1,1,1
44959,2023,2,2,5,2,262,3,20,0,1,1
44959,2023,2,2,5,4,101,2,11,1,2,2
44959,2023,2,2,5,4,163,33,11,1,2,2
44959,2023,2,2,5,4,414,67,20,0,3,1
44959,2023,2,2,5,4,376,52,9,1,2,2
44959,2023,2,2,5,4,316,1,11,1,2,2
44959,2023,2,2,5,4,101,67,12,1,2,2
44959,2023,2,2,5,4,101,20,12,1,2,2
44959,2023,2,2,5,3,163,67,9,1,2,2
44959,2023,2,2,5,4,116,67,12,1,5,3
44959,2023,2,2,5,3,101,1,9,0,2,2
44959,2023,2,2,5,4,40,11,7,1,3,2
44959,2023,2,2,5,4,101,27,11,0,4,2
44959,2023,2,2,5,4,277,49,21,1,1,1
44960,2023,2,3,6,1,101,9,1,0,1,1
44960,2023,2,3,6,1,101,15,12,0,2,2
44959,2023,2,2,5,4,153,13,20,0,4,1
44960,2023,2,3,6,1,282,11,9,0,4,2
44960,2023,2,3,6,1,277,18,20,0,1,1
44960,2023,2,3,6,1,470,33,11,1,2,2
44960,2023,2,3,6,1,116,18,20,1,1,1
44960,2023,2,3,6,1,471,49,4,0,1,1
44960,2023,2,3,6,1,153,67,20,1,4,1
44960,2023,2,3,6,2,101,11,12,0,2,2
44960,2023,2,3,6,2,104,72,11,0,2,2
44960,2023,2,3,6,2,40,61,2,1,2,2
44960,2023,2,3,6,2,472,1,11,1,5,4
44960,2023,2,3,6,2,153,16,15,1,3,3
44960,2023,2,3,6,1,262,48,20,0,1,1
44960,2023,2,3,6,2,101,16,15,1,6,3
44928,2023,1,2,2,2,153,82,7,0,4,2
44960,2023,2,3,6,2,116,78,9,1,2,2
44960,2023,2,3,6,2,116,52,9,1,2,2
44960,2023,2,3,6,2,365,11,12,0,2,2
44948,2023,1,22,1,4,376,83,4,1,4,2
44957,2023,1,31,3,3,392,9,1,0,1,1
44960,2023,2,3,6,2,101,16,9,1,2,2
44960,2023,2,3,6,2,101,52,9,0,2,2
44960,2023,2,3,6,2,153,82,10,0,3,2
44960,2023,2,3,6,2,290,67,20,0,5,1
44960,2023,2,3,6,2,262,83,20,0,1,1
44959,2023,2,2,5,1,163,56,21,0,1,1
44960,2023,2,3,6,2,101,18,20,0,1,1
44929,2023,1,3,3,1,381,83,4,0,1,1
44960,2023,2,3,6,2,493,67,12,1,2,2
44941,2023,1,15,1,4,101,2,11,1,6,2
44960,2023,2,3,6,2,230,11,21,0,4,2
44960,2023,2,3,6,2,369,1,11,1,5,2
44960,2023,2,3,6,2,40,2,11,0,3,2
44960,2023,2,3,6,2,381,1,11,1,4,2
44960,2023,2,3,6,2,232,19,21,1,2,2
44960,2023,2,3,6,2,174,1,9,1,2,2
44960,2023,2,3,6,2,116,63,21,1,1,1
44960,2023,2,3,6,2,381,11,21,1,1,1
44960,2023,2,3,6,2,343,1,11,1,2,2
44934,2023,1,8,1,1,116,52,9,1,3,2
44960,2023,2,3,6,2,101,1,9,0,2,2
44960,2023,2,3,6,3,277,83,9,1,2,2
44960,2023,2,3,6,2,101,67,12,0,2,2
44960,2023,2,3,6,3,101,52,9,1,3,2
44960,2023,2,3,6,2,277,11,11,1,2,2
44960,2023,2,3,6,3,242,67,11,0,6,2
44960,2023,2,3,6,3,101,13,21,0,2,1
44960,2023,2,3,6,3,101,33,11,1,2,2
44960,2023,2,3,6,3,467,83,20,0,1,1
44954,2023,1,28,7,4,163,35,2,1,3,2
44960,2023,2,3,6,3,116,52,9,1,3,2
44944,2023,1,18,4,3,376,67,3,0,4,1
44960,2023,2,3,6,3,163,61,2,0,2,2
44960,2023,2,3,6,3,290,13,21,0,2,1
44960,2023,2,3,6,3,369,49,20,0,1,1
44960,2023,2,3,6,3,101,67,12,1,3,2
44960,2023,2,3,6,3,101,16,12,1,2,2
44960,2023,2,3,6,3,163,2,11,1,3,3
44960,2023,2,3,6,3,470,1,11,1,3,2
44957,2023,1,31,3,2,267,1,11,0,10,2
44960,2023,2,3,6,3,153,49,15,1,5,5
44960,2023,2,3,6,2,432,83,20,0,4,1
44960,2023,2,3,6,3,153,52,12,0,2,2
44960,2023,2,3,6,3,60,16,12,0,2,2
44960,2023,2,3,6,3,40,82,12,0,2,2
44960,2023,2,3,6,3,428,9,1,1,1,1
44960,2023,2,3,6,3,101,2,21,1,2,2
44960,2023,2,3,6,3,40,83,4,0,1,1
44960,2023,2,3,6,3,158,1,11,0,2,2
44960,2023,2,3,6,3,116,16,9,1,2,2
44960,2023,2,3,6,3,277,83,20,0,2,1
44960,2023,2,3,6,3,116,16,9,0,2,2
44960,2023,2,3,6,3,406,72,20,1,2,1
44960,2023,2,3,6,4,101,33,11,1,4,2
44960,2023,2,3,6,3,163,52,20,0,1,1
44960,2023,2,3,6,3,153,49,4,1,2,2
44941,2023,1,15,1,2,40,13,7,0,6,2
44960,2023,2,3,6,3,230,11,12,1,3,2
44960,2023,2,3,6,3,135,1,11,1,2,2
44960,2023,2,3,6,3,101,4,20,1,2,1
44960,2023,2,3,6,4,364,1,11,1,2,2
44960,2023,2,3,6,4,381,13,21,1,2,1
44960,2023,2,3,6,4,280,67,12,1,3,3
44960,2023,2,3,6,4,381,28,18,0,1,1
44960,2023,2,3,6,4,324,16,12,0,5,2
44960,2023,2,3,6,4,101,16,12,0,3,3
44960,2023,2,3,6,4,116,15,21,1,2,1
44960,2023,2,3,6,4,116,67,15,0,3,3
44960,2023,2,3,6,3,60,83,20,0,2,1
44960,2023,2,3,6,3,101,67,12,0,2,2
44960,2023,2,3,6,4,259,11,7,0,2,2
44960,2023,2,3,6,4,282,83,7,0,2,2
44960,2023,2,3,6,3,364,52,7,0,5,3
44960,2023,2,3,6,4,116,49,12,0,2,2
44960,2023,2,3,6,4,423,12,2,1,2,2
44960,2023,2,3,6,4,406,9,7,0,10,2
44960,2023,2,3,6,4,101,9,1,0,1,1
44960,2023,2,3,6,4,101,48,3,0,1,1
44960,2023,2,3,6,4,153,80,7,0,2,2
44960,2023,2,3,6,4,163,49,21,1,2,2
44960,2023,2,3,6,3,316,67,20,0,1,1
44960,2023,2,3,6,4,470,67,20,0,5,1
44960,2023,2,3,6,4,232,16,12,1,5,2
44961,2023,2,4,7,1,101,67,4,0,1,1
44961,2023,2,4,7,1,393,18,4,1,1,1
44961,2023,2,4,7,1,210,83,11,1,2,2
44960,2023,2,3,6,4,222,82,7,0,2,2
44961,2023,2,4,7,1,116,28,18,0,1,1
44961,2023,2,4,7,1,222,1,11,1,3,2
44961,2023,2,4,7,1,262,9,1,0,1,1
44960,2023,2,3,6,4,376,67,12,0,2,2
44961,2023,2,4,7,1,369,49,4,1,1,1
44961,2023,2,4,7,1,232,9,1,0,4,1
44961,2023,2,4,7,1,116,60,2,0,2,2
44960,2023,2,3,6,3,101,16,12,1,2,2
44961,2023,2,4,7,1,153,80,7,1,2,2
44961,2023,2,4,7,1,116,52,12,1,2,2
44961,2023,2,4,7,1,386,49,10,0,2,2
44961,2023,2,4,7,1,386,80,10,0,5,2
44961,2023,2,4,7,1,381,49,20,1,2,1
44961,2023,2,4,7,1,153,48,20,1,1,1
44961,2023,2,4,7,1,116,18,4,0,1,1
44961,2023,2,4,7,1,101,67,4,0,1,1
44961,2023,2,4,7,1,40,83,4,0,1,1
44961,2023,2,4,7,1,101,83,21,0,2,1
44961,2023,2,4,7,1,392,11,20,0,1,1
44961,2023,2,4,7,1,116,67,12,0,3,2
44961,2023,2,4,7,1,376,67,21,0,3,1
44961,2023,2,4,7,1,116,11,12,0,3,2
44961,2023,2,4,7,1,280,2,9,0,2,2
44961,2023,2,4,7,1,101,72,20,0,1,1
44961,2023,2,4,7,2,153,11,12,0,2,2
44961,2023,2,4,7,2,101,13,20,0,2,1
44961,2023,2,4,7,1,242,11,20,0,3,1
44961,2023,2,4,7,2,116,67,12,0,6,3
44954,2023,1,28,7,1,277,52,9,1,3,2
44961,2023,2,4,7,2,116,16,20,1,3,2
44961,2023,2,4,7,2,101,49,7,1,3,2
44961,2023,2,4,7,2,226,1,11,1,2,2
44961,2023,2,4,7,2,101,83,11,1,2,2
44961,2023,2,4,7,2,153,33,11,1,2,2
44961,2023,2,4,7,2,50,33,11,1,2,2
44961,2023,2,4,7,2,277,11,20,0,3,1
44958,2023,2,1,4,1,470,83,3,0,1,1
44961,2023,2,4,7,2,101,83,4,1,3,1
44961,2023,2,4,7,2,476,11,11,0,2,2
44961,2023,2,4,7,2,280,16,12,0,7,3
44961,2023,2,4,7,2,262,16,12,0,2,2
44961,2023,2,4,7,2,101,1,11,0,2,2
44961,2023,2,4,7,2,116,1,11,1,2,2
44961,2023,2,4,7,2,408,67,20,1,1,1
44961,2023,2,4,7,2,324,67,20,0,5,1
44961,2023,2,4,7,2,116,11,12,1,3,2
44961,2023,2,4,7,2,40,67,9,0,2,2
44961,2023,2,4,7,2,101,16,12,1,3,3
44961,2023,2,4,7,2,116,17,11,1,3,2
44958,2023,2,1,4,4,386,52,12,1,3,2
44961,2023,2,4,7,2,116,1,11,0,2,2
44961,2023,2,4,7,2,364,67,12,1,5,2
44961,2023,2,4,7,2,116,28,21,0,1,1
44961,2023,2,4,7,3,277,67,12,1,2,2
44961,2023,2,4,7,2,381,16,12,0,3,2
44961,2023,2,4,7,3,101,28,3,1,2,1
44961,2023,2,4,7,3,40,11,21,1,1,1
44961,2023,2,4,7,3,101,33,11,1,2,2
44940,2023,1,14,7,3,365,1,11,0,6,2
44961,2023,2,4,7,3,163,2,12,1,2,2
44961,2023,2,4,7,3,101,19,20,0,2,1
44961,2023,2,4,7,3,324,52,7,1,2,2
44961,2023,2,4,7,2,153,11,4,0,1,1
44961,2023,2,4,7,3,101,49,12,0,3,2
44961,2023,2,4,7,3,116,67,20,0,3,1
44961,2023,2,4,7,3,381,16,15,0,10,3
44961,2023,2,4,7,3,232,18,12,0,2,2
44961,2023,2,4,7,3,230,11,12,1,2,2
44961,2023,2,4,7,3,304,33,11,0,4,2
44961,2023,2,4,7,3,116,67,21,1,2,2
44961,2023,2,4,7,3,381,28,18,0,1,1
44961,2023,2,4,7,3,116,67,20,0,5,1
44961,2023,2,4,7,2,232,82,11,0,2,2
44961,2023,2,4,7,3,116,49,9,0,2,2
44961,2023,2,4,7,3,101,67,20,0,3,1
44961,2023,2,4,7,3,104,83,4,1,1,1
44961,2023,2,4,7,3,101,11,12,0,1,1
44961,2023,2,4,7,3,163,13,21,0,2,1
44961,2023,2,4,7,3,101,83,11,1,2,2
44961,2023,2,4,7,3,376,67,21,0,3,1
44961,2023,2,4,7,3,10,20,10,1,2,2
44961,2023,2,4,7,3,235,33,11,1,2,2
44961,2023,2,4,7,2,364,4,20,0,2,1
44961,2023,2,4,7,3,232,57,4,1,2,2
44961,2023,2,4,7,3,101,13,21,0,2,1
44961,2023,2,4,7,3,116,52,9,0,2,2
44961,2023,2,4,7,3,101,9,1,0,1,1
44961,2023,2,4,7,3,364,52,9,1,2,2
44961,2023,2,4,7,3,116,18,3,0,5,1
44961,2023,2,4,7,3,116,49,20,1,1,1
44961,2023,2,4,7,3,40,52,11,0,3,2
44961,2023,2,4,7,3,153,64,21,1,2,1
44961,2023,2,4,7,3,158,1,11,0,4,2
44961,2023,2,4,7,3,101,1,11,0,8,2
44961,2023,2,4,7,3,116,1,11,0,4,3
44961,2023,2,4,7,3,116,67,20,0,3,1
44961,2023,2,4,7,3,101,49,12,1,3,2
44961,2023,2,4,7,3,40,52,2,0,2,2
44961,2023,2,4,7,3,280,11,11,0,1,1
44961,2023,2,4,7,3,280,1,11,1,2,2
44961,2023,2,4,7,3,465,67,9,1,2,2
44961,2023,2,4,7,4,470,83,20,0,1,1
44961,2023,2,4,7,3,280,49,20,0,1,1
44961,2023,2,4,7,3,277,52,9,0,2,2
44961,2023,2,4,7,3,101,11,21,0,1,1
44961,2023,2,4,7,3,153,49,20,0,1,1
44961,2023,2,4,7,4,20,1,9,1,2,2
44961,2023,2,4,7,3,230,49,2,1,2,2
44961,2023,2,4,7,4,493,28,20,0,3,1
44961,2023,2,4,7,4,40,67,12,1,5,2
44961,2023,2,4,7,4,470,11,20,1,1,1
44961,2023,2,4,7,4,101,67,21,1,1,1
44961,2023,2,4,7,3,40,83,3,0,1,1
44961,2023,2,4,7,4,153,49,20,1,1,1
44961,2023,2,4,7,4,381,80,7,0,2,2
44961,2023,2,4,7,4,104,25,12,0,2,2
44961,2023,2,4,7,4,232,35,2,0,2,2
44961,2023,2,4,7,4,316,2,11,1,2,2
44961,2023,2,4,7,4,101,67,21,1,2,1
44961,2023,2,4,7,3,480,28,18,1,1,1
44961,2023,2,4,7,4,476,11,11,1,3,2
44961,2023,2,4,7,4,116,49,12,0,3,3
44961,2023,2,4,7,4,376,1,12,1,2,2
44961,2023,2,4,7,3,116,52,9,1,2,2
44961,2023,2,4,7,4,40,52,4,0,1,1
44961,2023,2,4,7,4,101,67,21,1,2,1
44961,2023,2,4,7,4,101,28,4,1,1,1
44961,2023,2,4,7,4,116,11,12,0,5,4
44961,2023,2,4,7,4,153,11,12,1,2,2
44961,2023,2,4,7,4,230,11,15,1,8,3
44961,2023,2,4,7,4,40,49,3,0,3,1
44961,2023,2,4,7,4,393,44,12,1,3,3
44961,2023,2,4,7,4,469,1,11,1,2,2
44961,2023,2,4,7,4,369,49,4,0,2,1
44961,2023,2,4,7,3,381,20,12,0,3,2
44961,2023,2,4,7,4,267,67,7,0,3,2
44961,2023,2,4,7,4,153,2,20,0,1,1
44961,2023,2,4,7,4,470,33,11,1,2,2
44961,2023,2,4,7,4,116,1,2,1,2,2
44961,2023,2,4,7,4,476,33,12,1,2,2
44961,2023,2,4,7,4,101,35,9,0,2,2
44961,2023,2,4,7,4,230,9,1,1,2,1
44961,2023,2,4,7,4,316,52,7,1,2,2
44961,2023,2,4,7,4,116,11,12,1,2,2
44961,2023,2,4,7,4,324,16,12,0,4,2
44961,2023,2,4,7,4,472,11,20,0,1,1
44961,2023,2,4,7,4,369,83,4,0,1,1
44961,2023,2,4,7,4,101,49,4,0,1,1
44961,2023,2,4,7,4,163,49,21,0,1,1
44962,2023,2,5,1,1,101,11,4,1,1,1
44962,2023,2,5,1,1,280,1,11,1,3,2
44962,2023,2,5,1,1,116,49,4,1,1,1
44962,2023,2,5,1,1,60,49,20,1,1,1
44961,2023,2,4,7,2,262,11,20,0,3,1
44962,2023,2,5,1,1,116,67,20,1,1,1
44962,2023,2,5,1,1,365,67,20,0,4,1
44962,2023,2,5,1,1,369,28,21,0,2,1
44962,2023,2,5,1,1,381,67,20,0,4,1
44961,2023,2,4,7,4,222,11,7,0,2,2
44962,2023,2,5,1,1,116,83,20,1,1,1
44962,2023,2,5,1,1,369,83,20,1,2,1
44962,2023,2,5,1,1,277,11,12,0,3,2
44962,2023,2,5,1,1,376,67,4,1,1,1
44962,2023,2,5,1,1,163,11,4,0,1,1