id_data,ano,mes,dia,id_dia_semana,periodo,br,id_causa_acidente,id_tipo_acidente,id_uso_solo,pessoas,veiculos
44962,2023,2,5,1,1,101,56,4,1,4,1
44962,2023,2,5,1,1,153,2,7,1,3,2
44962,2023,2,5,1,1,153,49,4,1,1,1
44962,2023,2,5,1,2,277,11,12,0,2,2
44962,2023,2,5,1,1,40,18,20,1,1,1
44962,2023,2,5,1,1,459,80,10,0,3,3
44962,2023,2,5,1,2,469,11,20,1,1,1
44962,2023,2,5,1,1,163,83,20,0,3,1
44962,2023,2,5,1,1,116,11,7,0,4,2
44962,2023,2,5,1,2,470,11,20,1,1,1
44962,2023,2,5,1,2,101,67,12,1,3,1
44962,2023,2,5,1,1,364,49,20,0,2,1
44962,2023,2,5,1,2,101,18,20,0,3,1
44962,2023,2,5,1,2,282,48,20,0,4,1
44962,2023,2,5,1,2,101,11,20,1,1,1
44962,2023,2,5,1,1,101,4,20,0,1,1
44962,2023,2,5,1,2,116,52,4,1,2,2
44962,2023,2,5,1,2,267,11,20,0,1,1
44962,2023,2,5,1,2,369,49,21,1,2,1
44954,2023,1,28,7,4,367,9,20,1,1,1
44962,2023,2,5,1,2,116,67,12,0,24,2
44962,2023,2,5,1,2,10,11,4,0,1,1
44962,2023,2,5,1,2,10,67,12,1,3,2
44962,2023,2,5,1,2,116,67,12,0,3,2
44962,2023,2,5,1,1,116,11,15,1,4,3
44962,2023,2,5,1,2,470,51,20,0,1,1
44962,2023,2,5,1,1,470,18,21,0,1,1
44962,2023,2,5,1,2,493,18,20,0,1,1
44962,2023,2,5,1,2,158,83,12,0,3,2
44962,2023,2,5,1,2,101,1,11,1,2,2
44962,2023,2,5,1,2,101,1,11,0,2,2
44962,2023,2,5,1,2,153,49,12,1,2,2
44962,2023,2,5,1,2,116,17,11,1,7,3
44962,2023,2,5,1,2,101,4,20,0,5,1
44962,2023,2,5,1,2,343,49,11,1,3,2
44962,2023,2,5,1,2,101,16,12,0,3,2
44962,2023,2,5,1,2,101,16,12,1,3,2
44962,2023,2,5,1,2,262,83,12,0,5,3
44962,2023,2,5,1,2,343,1,12,1,2,2
44962,2023,2,5,1,2,476,2,11,1,3,2
44962,2023,2,5,1,2,235,28,20,0,1,1
44962,2023,2,5,1,2,381,11,4,0,2,1
44962,2023,2,5,1,2,381,61,2,1,3,2
44962,2023,2,5,1,2,376,28,18,0,2,1
44962,2023,2,5,1,2,158,67,20,0,4,1
44962,2023,2,5,1,2,316,5,21,0,1,1
44962,2023,2,5,1,2,364,82,9,1,3,2
44962,2023,2,5,1,2,158,49,21,0,1,1
44962,2023,2,5,1,2,153,11,20,0,2,1
44962,2023,2,5,1,2,232,13,4,1,1,1
44962,2023,2,5,1,2,343,11,20,0,1,1
44962,2023,2,5,1,2,101,52,21,0,1,1
44962,2023,2,5,1,2,101,52,9,1,2,2
44962,2023,2,5,1,2,101,1,12,1,2,2
44959,2023,2,2,5,3,101,67,21,1,1,1
44962,2023,2,5,1,3,50,49,20,0,1,1
44962,2023,2,5,1,3,153,83,3,0,1,1
44962,2023,2,5,1,3,262,13,7,0,3,2
44962,2023,2,5,1,2,470,80,7,0,5,2
44962,2023,2,5,1,3,101,48,12,0,2,2
44962,2023,2,5,1,3,158,80,10,0,3,2
44962,2023,2,5,1,3,116,11,20,0,2,1
44962,2023,2,5,1,3,262,18,20,0,4,1
44962,2023,2,5,1,3,116,82,7,0,5,2
44962,2023,2,5,1,3,40,1,11,0,5,2
44962,2023,2,5,1,1,163,80,7,0,3,3
44962,2023,2,5,1,3,406,11,4,0,1,1
44962,2023,2,5,1,3,101,28,21,0,2,1
44962,2023,2,5,1,3,153,49,9,1,2,2
44938,2023,1,12,5,2,40,4,20,0,3,1
44962,2023,2,5,1,3,40,11,20,0,1,1
44962,2023,2,5,1,3,282,1,11,1,3,2
44962,2023,2,5,1,3,116,16,12,0,5,2
44962,2023,2,5,1,3,101,82,9,1,3,2
44962,2023,2,5,1,3,476,67,12,1,4,2
44962,2023,2,5,1,3,392,11,20,0,2,1
44962,2023,2,5,1,3,40,49,2,1,2,2
44962,2023,2,5,1,3,230,1,11,1,3,2
44962,2023,2,5,1,3,40,52,12,1,4,2
44962,2023,2,5,1,3,153,49,4,0,2,1
44962,2023,2,5,1,3,116,11,20,0,2,1
44962,2023,2,5,1,3,376,52,9,1,3,2
44962,2023,2,5,1,3,101,1,11,0,2,2
44962,2023,2,5,1,3,226,83,12,0,6,2
44962,2023,2,5,1,3,101,16,12,0,2,2
44962,2023,2,5,1,3,470,67,20,1,2,1
44962,2023,2,5,1,4,101,11,3,0,2,1
44962,2023,2,5,1,3,101,35,2,1,2,2
44962,2023,2,5,1,3,40,15,20,0,2,1
44962,2023,2,5,1,3,364,16,12,1,7,3
44962,2023,2,5,1,4,262,16,12,1,3,2
44962,2023,2,5,1,4,365,28,18,0,1,1
44962,2023,2,5,1,3,153,83,20,0,2,1
44962,2023,2,5,1,4,287,83,4,1,2,1
44962,2023,2,5,1,4,401,11,9,1,2,1
44962,2023,2,5,1,4,101,16,12,1,2,2
44962,2023,2,5,1,4,381,67,12,0,3,2
44962,2023,2,5,1,4,40,16,11,0,5,3
44962,2023,2,5,1,3,316,1,12,0,2,2
44962,2023,2,5,1,4,414,49,20,0,8,1
44962,2023,2,5,1,4,104,1,11,0,3,2
44962,2023,2,5,1,1,407,18,10,1,2,2
44962,2023,2,5,1,4,116,48,2,0,2,2
44962,2023,2,5,1,4,20,9,1,0,2,1
44962,2023,2,5,1,4,101,48,2,1,2,2
44962,2023,2,5,1,3,282,1,11,0,4,2
44962,2023,2,5,1,3,101,67,12,0,2,2
44962,2023,2,5,1,4,163,63,4,1,1,1
44962,2023,2,5,1,4,232,16,12,1,3,2
44962,2023,2,5,1,4,101,11,4,1,2,2
44948,2023,1,22,1,3,319,67,4,0,1,1
44962,2023,2,5,1,4,153,61,2,1,2,2
44962,2023,2,5,1,4,174,16,12,0,1,1
44962,2023,2,5,1,4,356,49,12,0,2,2
44962,2023,2,5,1,4,470,11,20,0,1,1
44962,2023,2,5,1,4,20,49,10,0,4,3
44962,2023,2,5,1,3,101,28,18,0,1,1
44962,2023,2,5,1,4,101,46,21,0,1,1
44962,2023,2,5,1,4,470,49,20,1,1,1
44962,2023,2,5,1,4,405,11,12,1,3,2
44962,2023,2,5,1,4,30,11,12,0,2,2
44962,2023,2,5,1,4,262,80,7,0,6,2
44962,2023,2,5,1,4,116,9,20,0,1,1
44962,2023,2,5,1,4,116,67,4,1,3,2
44962,2023,2,5,1,4,316,9,1,0,1,1
44962,2023,2,5,1,4,365,49,7,0,2,2
44962,2023,2,5,1,4,116,11,3,0,1,1
44962,2023,2,5,1,4,324,11,20,0,1,1
44962,2023,2,5,1,4,163,4,21,0,2,1
44962,2023,2,5,1,3,324,11,21,1,1,1
44963,2023,2,6,2,1,381,28,18,0,1,1
44963,2023,2,6,2,1,101,67,20,0,1,1
44963,2023,2,6,2,1,376,49,12,0,3,2
44963,2023,2,6,2,1,230,9,1,0,1,1
44963,2023,2,6,2,1,153,9,1,1,2,1
44963,2023,2,6,2,1,153,49,4,0,1,1
44963,2023,2,6,2,1,488,83,3,1,2,1
44962,2023,2,5,1,4,116,9,1,0,1,1
44939,2023,1,13,6,4,101,67,11,1,2,2
44963,2023,2,6,2,1,267,67,4,0,1,1
44963,2023,2,6,2,2,101,16,12,0,3,3
44962,2023,2,5,1,4,367,49,7,1,5,2
44962,2023,2,5,1,4,116,80,7,1,4,2
44963,2023,2,6,2,2,20,49,4,1,2,1
44963,2023,2,6,2,2,116,67,9,1,3,2
44963,2023,2,6,2,1,376,52,21,0,1,1
44963,2023,2,6,2,1,290,11,20,0,5,1
44963,2023,2,6,2,2,262,11,12,1,2,2
44963,2023,2,6,2,2,101,67,12,1,3,2
44963,2023,2,6,2,2,290,78,9,0,3,3
44963,2023,2,6,2,2,116,83,4,0,1,1
44963,2023,2,6,2,2,116,67,9,1,3,3
44963,2023,2,6,2,2,101,1,11,0,2,2
44963,2023,2,6,2,2,230,33,11,1,2,2
44963,2023,2,6,2,2,116,16,12,1,3,3
44963,2023,2,6,2,2,116,16,21,1,1,1
44963,2023,2,6,2,2,10,1,11,1,2,2
44963,2023,2,6,2,1,135,1,12,1,2,2
44963,2023,2,6,2,2,116,67,12,1,2,2
44963,2023,2,6,2,2,101,11,12,1,2,2
44963,2023,2,6,2,2,153,63,20,0,4,1
44963,2023,2,6,2,2,70,20,9,0,3,2
44963,2023,2,6,2,2,40,18,20,0,1,1
44963,2023,2,6,2,2,290,78,9,0,2,2
44963,2023,2,6,2,2,277,16,12,0,3,2
44963,2023,2,6,2,2,20,28,3,0,1,1
44963,2023,2,6,2,2,101,1,9,0,5,2
44963,2023,2,6,2,2,280,83,15,1,4,3
44963,2023,2,6,2,2,20,83,20,0,1,1
44963,2023,2,6,2,2,470,11,12,0,3,3
44963,2023,2,6,2,2,316,22,3,0,1,1
44939,2023,1,13,6,4,101,49,12,1,2,2
44963,2023,2,6,2,2,101,33,11,1,2,2
44963,2023,2,6,2,2,408,15,20,0,1,1
44963,2023,2,6,2,2,280,82,9,0,2,2
44955,2023,1,29,1,3,262,67,9,0,5,2
44963,2023,2,6,2,2,101,28,4,1,6,2
44963,2023,2,6,2,2,163,1,11,1,2,2
44963,2023,2,6,2,2,414,33,11,1,5,2
44963,2023,2,6,2,2,101,16,12,0,3,2
44963,2023,2,6,2,2,116,1,11,1,3,3
44963,2023,2,6,2,2,146,1,11,0,4,2
44963,2023,2,6,2,3,116,1,3,1,3,2
44963,2023,2,6,2,2,364,33,11,1,2,2
44963,2023,2,6,2,2,101,20,9,0,2,2
44963,2023,2,6,2,3,116,52,9,0,1,1
44963,2023,2,6,2,2,381,13,4,0,2,1
44963,2023,2,6,2,3,116,28,18,0,1,1
44963,2023,2,6,2,3,153,33,12,0,2,2
44963,2023,2,6,2,3,364,67,20,1,3,1
44963,2023,2,6,2,3,153,13,21,0,2,1
44963,2023,2,6,2,3,50,15,20,0,1,1
44963,2023,2,6,2,3,316,72,11,1,2,2
44963,2023,2,6,2,3,110,13,20,0,3,1
44956,2023,1,30,2,3,262,49,12,0,2,2
44963,2023,2,6,2,2,381,28,18,0,1,1
44956,2023,1,30,2,1,116,18,4,0,33,1
44963,2023,2,6,2,2,50,11,20,0,2,1
44963,2023,2,6,2,3,101,67,20,1,2,1
44963,2023,2,6,2,3,116,16,12,1,3,3
44961,2023,2,4,7,1,153,67,20,0,1,1
44963,2023,2,6,2,3,393,52,9,1,2,2
44963,2023,2,6,2,3,230,16,12,1,2,2
44963,2023,2,6,2,3,40,83,20,0,1,1
44963,2023,2,6,2,3,40,67,4,0,2,1
44963,2023,2,6,2,3,230,67,12,0,2,2
44963,2023,2,6,2,3,158,1,11,1,2,2
44963,2023,2,6,2,3,116,11,4,0,2,1
44963,2023,2,6,2,3,116,11,12,1,2,2
44963,2023,2,6,2,3,262,29,21,0,1,1
44963,2023,2,6,2,3,232,67,2,1,2,2
44963,2023,2,6,2,3,116,18,12,0,1,1
44963,2023,2,6,2,3,116,67,12,1,3,2
44963,2023,2,6,2,3,369,28,7,1,3,2
44963,2023,2,6,2,3,324,60,2,0,2,2
44963,2023,2,6,2,3,470,82,11,1,2,2
44963,2023,2,6,2,3,282,5,4,0,1,1
44963,2023,2,6,2,3,116,80,11,1,2,2
44963,2023,2,6,2,3,70,52,12,1,3,3
44963,2023,2,6,2,3,476,41,3,0,2,1
44963,2023,2,6,2,3,222,52,7,0,3,2
44963,2023,2,6,2,4,101,20,11,1,2,2
44942,2023,1,16,2,1,316,16,12,1,2,2
44963,2023,2,6,2,4,324,49,12,0,5,2
44963,2023,2,6,2,3,116,67,20,0,2,1
44963,2023,2,6,2,4,70,1,7,0,2,2
44963,2023,2,6,2,4,101,18,20,0,1,1
44948,2023,1,22,1,3,230,67,12,0,3,3
44963,2023,2,6,2,4,101,83,11,0,2,2
44963,2023,2,6,2,4,405,83,9,1,1,1
44963,2023,2,6,2,3,423,46,20,0,1,1
44963,2023,2,6,2,4,262,61,2,1,2,2
44963,2023,2,6,2,4,116,16,12,1,1,1
44963,2023,2,6,2,4,40,80,7,0,2,2
44963,2023,2,6,2,4,116,11,12,1,3,2
44963,2023,2,6,2,4,116,4,4,1,1,1
44963,2023,2,6,2,3,101,15,3,0,1,1
44963,2023,2,6,2,4,381,11,20,0,1,1
44963,2023,2,6,2,3,364,52,9,1,2,2
44963,2023,2,6,2,4,163,80,10,1,3,2
44963,2023,2,6,2,4,153,1,11,1,2,2
44963,2023,2,6,2,4,163,1,11,1,3,2
44963,2023,2,6,2,4,116,11,21,0,2,1
44963,2023,2,6,2,4,116,1,11,0,3,2
44963,2023,2,6,2,4,135,25,12,0,3,2
44963,2023,2,6,2,4,101,67,20,0,1,1
44964,2023,2,7,3,1,116,83,20,0,1,1
44963,2023,2,6,2,3,116,49,20,0,1,1
44964,2023,2,7,3,1,408,80,7,1,2,2
44964,2023,2,7,3,1,101,83,4,1,1,1
44964,2023,2,7,3,1,101,13,21,0,3,2
44964,2023,2,7,3,2,20,83,20,0,2,1
44964,2023,2,7,3,2,101,1,11,1,2,2
44964,2023,2,7,3,2,290,52,20,1,2,1
44964,2023,2,7,3,2,70,67,12,1,2,2
44964,2023,2,7,3,2,280,67,12,1,2,2
44964,2023,2,7,3,2,101,67,12,1,2,2
44964,2023,2,7,3,2,40,52,9,0,3,3
44964,2023,2,7,3,2,356,33,11,1,2,2
44935,2023,1,9,2,3,101,11,3,0,3,1
44955,2023,1,29,1,4,376,80,7,1,3,2
44964,2023,2,7,3,2,101,83,12,1,2,2
44964,2023,2,7,3,2,116,67,11,1,2,2
44964,2023,2,7,3,2,381,61,2,1,2,2
44964,2023,2,7,3,2,476,52,9,1,3,2
44964,2023,2,7,3,2,116,15,4,0,3,1
44964,2023,2,7,3,2,293,1,11,0,2,2
44934,2023,1,8,1,3,386,80,20,0,4,4
44964,2023,2,7,3,2,290,16,12,0,3,3
44964,2023,2,7,3,2,101,11,11,1,2,2
44964,2023,2,7,3,2,316,16,12,1,2,2
44964,2023,2,7,3,2,452,2,11,0,5,2
44964,2023,2,7,3,2,232,67,12,1,3,2
44964,2023,2,7,3,2,10,1,11,1,2,2
44964,2023,2,7,3,2,423,11,20,0,4,1
44956,2023,1,30,2,2,101,16,12,1,3,2
44964,2023,2,7,3,2,242,83,20,0,2,1
44964,2023,2,7,3,3,235,83,12,0,4,2
44964,2023,2,7,3,2,364,20,11,0,2,2
44964,2023,2,7,3,2,471,1,11,1,4,2
44948,2023,1,22,1,2,282,5,20,0,4,1
44954,2023,1,28,7,1,316,2,12,0,3,2
44964,2023,2,7,3,3,70,80,7,0,3,3
44942,2023,1,16,2,3,282,52,10,1,2,2
44964,2023,2,7,3,3,116,67,12,0,2,2
44964,2023,2,7,3,3,376,16,12,0,3,2
44964,2023,2,7,3,3,277,28,21,1,2,2
44964,2023,2,7,3,2,101,11,9,1,2,1
44964,2023,2,7,3,3,285,1,11,0,3,2
44964,2023,2,7,3,3,381,83,20,0,2,1
44964,2023,2,7,3,3,116,67,21,1,1,1
44964,2023,2,7,3,3,116,28,21,0,2,1
44964,2023,2,7,3,3,381,67,20,0,3,1
44964,2023,2,7,3,3,364,4,20,0,1,1
44964,2023,2,7,3,3,101,16,12,0,2,2
44964,2023,2,7,3,3,369,1,11,1,2,2
44964,2023,2,7,3,3,20,72,12,0,4,2
44964,2023,2,7,3,3,235,16,12,1,2,2
44964,2023,2,7,3,3,101,82,9,0,2,2
44964,2023,2,7,3,3,40,15,3,0,1,1
44964,2023,2,7,3,3,381,67,21,1,1,1
44964,2023,2,7,3,3,70,56,21,1,1,1
44964,2023,2,7,3,3,40,11,12,0,2,2
44964,2023,2,7,3,3,116,52,9,1,3,3
44964,2023,2,7,3,3,153,83,15,0,4,4
44964,2023,2,7,3,3,428,61,2,1,2,2
44964,2023,2,7,3,3,101,67,12,1,2,2
44964,2023,2,7,3,3,40,10,2,1,1,1
44964,2023,2,7,3,4,381,14,4,0,2,1
44964,2023,2,7,3,3,116,1,11,1,2,2
44964,2023,2,7,3,3,470,11,12,1,2,2
44964,2023,2,7,3,4,381,82,7,0,4,3
44964,2023,2,7,3,3,163,67,4,0,2,1
44964,2023,2,7,3,4,101,1,11,0,2,2
44964,2023,2,7,3,3,116,83,20,0,3,1
44964,2023,2,7,3,4,232,11,21,1,2,1
44964,2023,2,7,3,4,290,52,11,0,3,2
44964,2023,2,7,3,4,101,9,1,1,2,1
44964,2023,2,7,3,4,116,49,20,1,1,1
44964,2023,2,7,3,4,386,1,11,1,3,2
44964,2023,2,7,3,4,101,64,7,0,2,2
44964,2023,2,7,3,4,101,61,2,0,2,2
44956,2023,1,30,2,2,267,13,20,0,2,1
44964,2023,2,7,3,4,364,1,11,1,2,2
44964,2023,2,7,3,3,287,11,20,0,1,1
44965,2023,2,8,4,1,101,11,3,0,5,1
44964,2023,2,7,3,4,101,18,4,0,1,1
44964,2023,2,7,3,2,101,78,9,0,2,2
44965,2023,2,8,4,1,324,18,4,0,1,1
44964,2023,2,7,3,4,285,9,1,0,1,1
44965,2023,2,8,4,1,381,18,20,1,15,1
44964,2023,2,7,3,4,493,61,2,1,2,2
44965,2023,2,8,4,1,277,80,7,1,2,2
44965,2023,2,8,4,2,158,33,7,0,4,3
44965,2023,2,8,4,2,40,20,11,0,3,2
44965,2023,2,8,4,2,101,1,11,1,2,2
44965,2023,2,8,4,2,40,7,21,0,1,1
44965,2023,2,8,4,2,116,16,9,1,3,2
44965,2023,2,8,4,2,369,52,21,1,1,1
44965,2023,2,8,4,2,364,1,9,1,2,2
44965,2023,2,8,4,2,282,52,9,0,2,2
44964,2023,2,7,3,2,287,9,1,0,4,1
44965,2023,2,8,4,1,116,60,2,0,2,2
44965,2023,2,8,4,2,101,18,20,0,1,1
44965,2023,2,8,4,2,277,78,9,1,3,2
44965,2023,2,8,4,2,163,1,11,1,2,2
44965,2023,2,8,4,2,101,78,11,0,2,2
44965,2023,2,8,4,2,101,16,12,1,3,3
44965,2023,2,8,4,2,101,16,12,0,2,2
44965,2023,2,8,4,2,277,83,20,0,2,2
44964,2023,2,7,3,3,158,38,20,0,1,1
44965,2023,2,8,4,2,116,16,12,1,3,2
44965,2023,2,8,4,2,40,1,11,1,2,1
44965,2023,2,8,4,2,116,13,3,0,4,1
44965,2023,2,8,4,2,163,11,11,0,3,2
44965,2023,2,8,4,2,101,67,20,1,1,1
44965,2023,2,8,4,2,470,33,11,0,2,2
44965,2023,2,8,4,2,277,80,7,0,5,2
44965,2023,2,8,4,2,222,1,9,0,2,2
44965,2023,2,8,4,2,290,67,12,1,3,2
44965,2023,2,8,4,2,116,16,12,0,3,2
44965,2023,2,8,4,2,364,33,11,1,4,2
44946,2023,1,20,6,4,40,35,2,1,3,2
44965,2023,2,8,4,2,110,13,12,1,2,2
44965,2023,2,8,4,2,101,44,12,1,2,2
44964,2023,2,7,3,4,285,83,20,0,1,1
44965,2023,2,8,4,2,392,67,21,0,2,1
44933,2023,1,7,7,3,386,80,10,0,2,2
44949,2023,1,23,2,4,116,16,4,0,2,1
44965,2023,2,8,4,3,381,37,9,1,3,2
44965,2023,2,8,4,2,373,1,11,0,2,2
44965,2023,2,8,4,3,60,16,12,1,2,2
44965,2023,2,8,4,3,386,80,10,1,14,2
44930,2023,1,4,4,1,386,67,20,0,1,1
44965,2023,2,8,4,3,116,1,2,1,2,2
44965,2023,2,8,4,3,343,33,11,1,3,2
44965,2023,2,8,4,3,232,1,11,1,3,3
44965,2023,2,8,4,3,116,33,9,1,2,2
44965,2023,2,8,4,3,40,83,12,1,3,2
44965,2023,2,8,4,3,364,13,20,0,1,1
44965,2023,2,8,4,3,364,1,12,1,3,2
44965,2023,2,8,4,3,101,33,11,1,2,2
44965,2023,2,8,4,2,230,35,2,0,4,2
44965,2023,2,8,4,3,101,28,4,0,1,1
44965,2023,2,8,4,3,163,67,21,0,1,1
44965,2023,2,8,4,3,459,18,20,0,1,1
44965,2023,2,8,4,2,50,16,12,0,2,2
44965,2023,2,8,4,3,40,83,20,1,1,1
44965,2023,2,8,4,3,40,4,3,0,2,1
44965,2023,2,8,4,3,101,11,12,1,3,2
44965,2023,2,8,4,3,116,1,11,0,3,2
44965,2023,2,8,4,3,116,82,21,0,1,1
44965,2023,2,8,4,3,101,16,12,1,2,2
44965,2023,2,8,4,3,470,78,9,1,2,2
44965,2023,2,8,4,2,101,66,20,0,2,1
44965,2023,2,8,4,3,324,67,9,1,3,3
44965,2023,2,8,4,3,116,67,9,1,3,2
44965,2023,2,8,4,3,470,78,11,0,2,2
44965,2023,2,8,4,3,290,16,9,1,2,2
44965,2023,2,8,4,3,319,1,11,1,2,2
44965,2023,2,8,4,3,101,11,11,1,4,2
44965,2023,2,8,4,4,70,1,12,1,2,2
44965,2023,2,8,4,4,277,83,15,1,4,4
44965,2023,2,8,4,4,316,1,11,1,3,2
44965,2023,2,8,4,3,101,19,7,0,2,2
44965,2023,2,8,4,3,290,67,20,0,10,1
44965,2023,2,8,4,3,116,67,12,1,2,2
44965,2023,2,8,4,4,20,35,2,0,2,2
44965,2023,2,8,4,4,101,11,12,1,2,2
44965,2023,2,8,4,2,470,1,11,1,2,2
44965,2023,2,8,4,4,60,11,21,0,1,1
44965,2023,2,8,4,3,470,82,11,0,2,2
44947,2023,1,21,7,3,290,82,3,0,1,1
44965,2023,2,8,4,4,280,67,11,0,2,2
44965,2023,2,8,4,4,116,82,7,1,3,2
44965,2023,2,8,4,3,163,13,20,0,2,1
44965,2023,2,8,4,4,232,83,20,0,1,1
44965,2023,2,8,4,4,101,11,18,0,1,1
44965,2023,2,8,4,4,116,9,1,0,2,2
44965,2023,2,8,4,4,116,15,2,0,2,2
44965,2023,2,8,4,3,330,1,11,0,2,2
44961,2023,2,4,7,3,158,17,11,1,3,2
44965,2023,2,8,4,4,381,11,12,1,2,2
44965,2023,2,8,4,4,163,21,20,0,29,1
44965,2023,2,8,4,4,153,11,12,1,2,2
44966,2023,2,9,5,1,116,49,3,1,2,1
44966,2023,2,9,5,1,153,67,21,1,1,1
44966,2023,2,9,5,1,232,9,1,0,5,1
44966,2023,2,9,5,1,376,67,4,1,2,2
44965,2023,2,8,4,4,267,83,20,1,1,1
44966,2023,2,9,5,1,101,49,20,1,2,1
44965,2023,2,8,4,4,242,11,20,0,1,1
44966,2023,2,9,5,1,101,35,2,1,3,2
44941,2023,1,15,1,3,406,3,9,0,2,1
44966,2023,2,9,5,1,101,18,3,0,2,1
44966,2023,2,9,5,1,116,35,2,1,2,2
44966,2023,2,9,5,1,40,67,20,0,2,1
44943,2023,1,17,3,3,101,35,2,1,2,2
44966,2023,2,9,5,2,381,11,12,1,2,2
44966,2023,2,9,5,1,163,83,20,1,1,1
44966,2023,2,9,5,2,163,1,11,0,2,2
44966,2023,2,9,5,2,324,16,12,1,3,2
44966,2023,2,9,5,2,277,67,20,1,2,1
44966,2023,2,9,5,2,116,52,9,1,3,2
44966,2023,2,9,5,2,101,11,12,0,2,2
44966,2023,2,9,5,2,101,1,12,0,2,2
44938,2023,1,12,5,3,163,16,12,0,6,2
44966,2023,2,9,5,2,174,82,9,1,2,2
44966,2023,2,9,5,2,101,67,21,1,2,1
44946,2023,1,20,6,3,316,49,20,0,6,1
44966,2023,2,9,5,2,277,16,15,1,4,3
44965,2023,2,8,4,4,381,83,4,0,1,1
44966,2023,2,9,5,2,116,67,21,0,1,1
44966,2023,2,9,5,2,369,44,12,0,6,2
44966,2023,2,9,5,2,259,11,20,0,4,1
44966,2023,2,9,5,2,324,1,12,0,2,2
44966,2023,2,9,5,2,290,52,12,0,5,4
44966,2023,2,9,5,2,376,11,9,0,2,2
44966,2023,2,9,5,2,20,52,10,0,6,2
44966,2023,2,9,5,2,101,76,12,0,2,2
44966,2023,2,9,5,2,101,67,21,1,1,1
44966,2023,2,9,5,2,116,83,20,0,1,1
44966,2023,2,9,5,1,153,80,10,0,3,2
44966,2023,2,9,5,2,386,2,9,1,2,2
44966,2023,2,9,5,2,163,67,12,1,2,2
44966,2023,2,9,5,2,304,67,20,1,2,1
44966,2023,2,9,5,2,470,63,7,1,3,2
44966,2023,2,9,5,2,277,33,11,0,3,2
44966,2023,2,9,5,2,230,52,9,1,6,4
44966,2023,2,9,5,2,421,15,20,0,1,1
44966,2023,2,9,5,2,459,61,2,1,3,2
44966,2023,2,9,5,2,308,1,11,1,2,2
44966,2023,2,9,5,2,343,52,9,1,3,2
44966,2023,2,9,5,2,101,11,12,1,2,2
44966,2023,2,9,5,2,381,83,3,0,1,1
44966,2023,2,9,5,2,354,67,20,0,1,1
44966,2023,2,9,5,3,101,4,12,0,3,2
44966,2023,2,9,5,2,356,11,10,0,3,2
44966,2023,2,9,5,2,135,18,20,1,1,1
44966,2023,2,9,5,2,262,9,1,0,2,2
44966,2023,2,9,5,3,495,78,2,1,2,2
44962,2023,2,5,1,2,116,52,12,0,10,3
44946,2023,1,20,6,3,262,80,7,0,3,2
44966,2023,2,9,5,3,376,51,12,0,5,2
44955,2023,1,29,1,3,316,80,10,0,2,2
44966,2023,2,9,5,3,116,33,11,1,2,2
44966,2023,2,9,5,3,467,11,20,0,1,1
44966,2023,2,9,5,2,101,11,12,0,2,2
44966,2023,2,9,5,3,101,20,21,0,1,1
44966,2023,2,9,5,3,356,16,12,1,4,2
44966,2023,2,9,5,3,364,11,9,1,2,2
44966,2023,2,9,5,3,101,1,11,1,3,2
44966,2023,2,9,5,3,277,1,11,0,2,2
44966,2023,2,9,5,3,101,67,12,0,3,2
44966,2023,2,9,5,3,153,80,7,0,6,3
44966,2023,2,9,5,3,470,20,2,0,2,2
44966,2023,2,9,5,3,101,16,12,1,2,2
44966,2023,2,9,5,3,40,12,15,1,6,4
44966,2023,2,9,5,3,101,16,12,1,2,2
44966,2023,2,9,5,2,40,35,2,1,2,2
44966,2023,2,9,5,3,101,33,11,1,3,3
44966,2023,2,9,5,3,10,1,11,1,2,2
44966,2023,2,9,5,4,116,67,21,0,2,2
44966,2023,2,9,5,4,116,11,12,1,3,2
44966,2023,2,9,5,3,163,3,20,0,1,1
44966,2023,2,9,5,4,101,83,20,0,1,1
44966,2023,2,9,5,4,235,49,7,0,2,2
44966,2023,2,9,5,4,101,52,11,1,2,2
44966,2023,2,9,5,3,232,1,11,0,2,2
44966,2023,2,9,5,4,262,20,11,1,2,2
44966,2023,2,9,5,3,116,52,12,0,2,2
44966,2023,2,9,5,4,116,67,20,0,1,1
44966,2023,2,9,5,4,251,67,10,1,2,2
44966,2023,2,9,5,4,242,49,10,0,4,2
44966,2023,2,9,5,4,101,1,9,1,2,2
44966,2023,2,9,5,3,277,61,2,0,2,2
44966,2023,2,9,5,4,369,49,20,0,1,1
44966,2023,2,9,5,3,376,83,4,0,1,1
44966,2023,2,9,5,3,365,67,11,1,4,2
44966,2023,2,9,5,4,101,28,9,1,2,2
44966,2023,2,9,5,3,476,1,11,0,2,2
44966,2023,2,9,5,3,116,52,9,1,2,2
44966,2023,2,9,5,4,101,52,10,1,2,2
44966,2023,2,9,5,4,282,1,2,0,2,2
44966,2023,2,9,5,4,116,67,20,1,1,1
44966,2023,2,9,5,4,262,9,1,0,3,1
44966,2023,2,9,5,4,101,67,21,1,1,1
44966,2023,2,9,5,4,277,11,20,0,1,1
44966,2023,2,9,5,4,381,49,4,1,1,1
44966,2023,2,9,5,4,116,17,11,1,3,2
44966,2023,2,9,5,4,386,56,21,1,1,1
44966,2023,2,9,5,4,280,9,1,0,1,1
44966,2023,2,9,5,4,158,67,21,1,1,1
44967,2023,2,10,6,1,101,48,2,0,2,2
44966,2023,2,9,5,3,174,80,7,0,4,2
44967,2023,2,10,6,1,290,9,1,0,2,2
44967,2023,2,10,6,1,101,49,20,1,2,1
44967,2023,2,10,6,1,381,67,20,0,1,1
44967,2023,2,10,6,1,324,11,12,0,4,2
44967,2023,2,10,6,1,277,49,20,0,1,1
44967,2023,2,10,6,1,324,9,12,1,2,2
44967,2023,2,10,6,1,101,49,20,0,1,1
44967,2023,2,10,6,2,101,16,12,1,2,2
44967,2023,2,10,6,1,60,4,20,0,4,1
44967,2023,2,10,6,2,40,18,21,1,1,1
44967,2023,2,10,6,2,116,11,12,0,2,2
44967,2023,2,10,6,2,116,67,9,1,3,3
44955,2023,1,29,1,2,101,1,11,1,2,2
44967,2023,2,10,6,2,324,16,12,1,2,2