id_data,ano,mes,dia,id_dia_semana,periodo,br,id_causa_acidente,id_tipo_acidente,id_uso_solo,pessoas,veiculos
44967,2023,2,10,6,2,153,18,20,0,4,1
44967,2023,2,10,6,2,304,11,12,1,1,1
44967,2023,2,10,6,2,376,67,21,0,1,1
44967,2023,2,10,6,2,381,11,9,0,2,2
44966,2023,2,9,5,4,70,63,21,0,3,1
44967,2023,2,10,6,2,493,18,20,0,1,1
44967,2023,2,10,6,2,280,1,11,1,2,2
44967,2023,2,10,6,1,163,82,10,0,1,1
44955,2023,1,29,1,4,101,16,12,0,2,2
44967,2023,2,10,6,2,277,78,12,1,2,2
44947,2023,1,21,7,3,282,11,20,0,1,1
44967,2023,2,10,6,2,282,11,20,0,4,1
44966,2023,2,9,5,4,116,82,7,0,3,3
44967,2023,2,10,6,2,230,67,20,0,1,1
44935,2023,1,9,2,3,376,83,4,0,2,2
44967,2023,2,10,6,2,386,11,21,1,1,1
44967,2023,2,10,6,2,232,11,12,1,2,2
44967,2023,2,10,6,2,381,52,9,0,2,2
44956,2023,1,30,2,4,163,67,20,1,1,1
44967,2023,2,10,6,2,324,1,12,0,3,2
44967,2023,2,10,6,2,280,10,11,1,3,3
44967,2023,2,10,6,2,406,52,10,0,2,2
44967,2023,2,10,6,2,476,34,21,0,2,2
44967,2023,2,10,6,2,20,16,12,1,2,2
44967,2023,2,10,6,2,232,11,12,1,3,3
44943,2023,1,17,3,4,101,11,21,1,1,1
44967,2023,2,10,6,2,316,1,9,0,3,2
44967,2023,2,10,6,2,116,60,2,1,6,2
44967,2023,2,10,6,2,101,67,12,1,3,2
44967,2023,2,10,6,2,153,1,12,1,2,2
44967,2023,2,10,6,2,467,4,9,0,2,2
44967,2023,2,10,6,3,277,48,3,0,2,1
44964,2023,2,7,3,4,470,49,20,1,1,1
44967,2023,2,10,6,2,153,28,18,0,1,1
44967,2023,2,10,6,3,480,33,11,1,2,2
44967,2023,2,10,6,3,40,11,20,1,1,1
44967,2023,2,10,6,3,381,28,21,1,2,1
44964,2023,2,7,3,3,324,9,12,0,3,1
44967,2023,2,10,6,2,376,13,21,0,1,1
44967,2023,2,10,6,3,101,1,9,0,5,2
44967,2023,2,10,6,2,222,52,11,1,2,2
44967,2023,2,10,6,3,470,82,12,0,2,2
44935,2023,1,9,2,2,158,67,12,0,1,1
44967,2023,2,10,6,3,470,1,11,0,2,2
44967,2023,2,10,6,3,308,1,11,1,3,2
44967,2023,2,10,6,2,381,80,11,1,4,3
44967,2023,2,10,6,2,163,52,11,1,2,2
44967,2023,2,10,6,3,153,1,11,0,2,2
44967,2023,2,10,6,3,319,16,12,1,2,2
44967,2023,2,10,6,2,101,11,12,1,2,2
44967,2023,2,10,6,3,101,52,9,1,3,2
44967,2023,2,10,6,3,364,49,12,1,3,2
44967,2023,2,10,6,3,116,67,12,1,1,1
44967,2023,2,10,6,3,116,52,11,1,2,2
44967,2023,2,10,6,3,116,1,2,0,2,2
44967,2023,2,10,6,3,158,13,3,0,2,1
44967,2023,2,10,6,3,369,1,7,1,2,2
44967,2023,2,10,6,3,222,1,11,1,2,2
44967,2023,2,10,6,3,232,80,7,1,9,2
44967,2023,2,10,6,3,153,80,7,1,3,2
44967,2023,2,10,6,3,116,11,9,1,2,2
44967,2023,2,10,6,3,230,49,21,1,1,1
44967,2023,2,10,6,3,290,52,9,1,2,2
44967,2023,2,10,6,3,101,2,11,1,2,2
44967,2023,2,10,6,3,153,83,20,0,1,1
44967,2023,2,10,6,3,101,11,12,0,2,2
44967,2023,2,10,6,3,407,1,11,0,3,2
44967,2023,2,10,6,3,324,82,20,0,2,1
44967,2023,2,10,6,3,116,35,2,1,3,2
44967,2023,2,10,6,3,101,16,12,0,2,2
44967,2023,2,10,6,3,40,13,20,0,2,1
44967,2023,2,10,6,3,101,35,2,1,2,2
44967,2023,2,10,6,4,116,78,9,1,2,2
44967,2023,2,10,6,3,60,4,20,0,1,1
44967,2023,2,10,6,4,101,1,2,1,3,2
44967,2023,2,10,6,4,308,1,9,0,2,2
44967,2023,2,10,6,2,116,11,4,1,2,1
44967,2023,2,10,6,3,376,67,15,1,4,3
44967,2023,2,10,6,4,424,83,3,0,1,1
44967,2023,2,10,6,4,101,1,2,1,2,2
44967,2023,2,10,6,4,116,20,9,0,2,2
44967,2023,2,10,6,4,280,33,12,1,2,2
44967,2023,2,10,6,3,101,49,12,1,2,2
44967,2023,2,10,6,4,381,67,9,0,2,2
44967,2023,2,10,6,4,262,56,12,0,3,2
44967,2023,2,10,6,4,343,11,4,0,1,1
44967,2023,2,10,6,3,163,11,20,0,2,1
44967,2023,2,10,6,4,393,20,11,1,2,2
44967,2023,2,10,6,4,293,11,20,0,4,1
44967,2023,2,10,6,4,101,60,2,1,2,2
44967,2023,2,10,6,4,116,83,12,0,2,2
44967,2023,2,10,6,4,262,49,11,0,4,2
44927,2023,1,1,1,1,101,9,20,0,1,1
44967,2023,2,10,6,4,230,80,7,0,3,2
44967,2023,2,10,6,4,381,83,9,0,2,2
44967,2023,2,10,6,4,392,83,20,0,2,1
44967,2023,2,10,6,4,101,15,4,0,2,1
44967,2023,2,10,6,4,285,49,7,0,2,2
44967,2023,2,10,6,3,116,1,11,0,2,2
44967,2023,2,10,6,4,116,1,9,1,2,2
44967,2023,2,10,6,3,251,60,2,0,5,2
44968,2023,2,11,7,1,392,42,4,0,1,1
44968,2023,2,11,7,1,101,9,1,1,2,1
44967,2023,2,10,6,4,277,60,2,0,2,2
44967,2023,2,10,6,4,50,83,20,0,2,1
44967,2023,2,10,6,4,116,82,9,0,3,2
44968,2023,2,11,7,1,251,83,21,1,1,1
44968,2023,2,11,7,1,386,1,11,0,3,2
44968,2023,2,11,7,1,101,49,20,0,1,1
44968,2023,2,11,7,1,468,83,12,0,7,3
44968,2023,2,11,7,1,242,49,10,1,3,2
44968,2023,2,11,7,1,116,67,20,1,4,1
44968,2023,2,11,7,1,369,15,20,1,1,1
44968,2023,2,11,7,1,304,49,4,1,1,1
44968,2023,2,11,7,1,262,15,21,0,1,1
44968,2023,2,11,7,1,101,49,20,1,1,1
44968,2023,2,11,7,1,40,18,20,1,2,2
44968,2023,2,11,7,1,116,35,2,1,2,2
44968,2023,2,11,7,1,101,67,12,0,2,2
44968,2023,2,11,7,2,386,11,12,0,2,2
44968,2023,2,11,7,2,470,49,20,0,2,1
44968,2023,2,11,7,2,101,83,3,0,6,2
44968,2023,2,11,7,2,60,16,12,0,2,2
44968,2023,2,11,7,2,116,83,4,1,1,1
44968,2023,2,11,7,2,493,82,9,0,2,2
44968,2023,2,11,7,2,116,49,20,0,3,1
44968,2023,2,11,7,2,116,11,12,1,2,2
44968,2023,2,11,7,2,392,11,4,0,1,1
44968,2023,2,11,7,2,40,78,12,0,4,3
44968,2023,2,11,7,2,116,11,9,0,2,2
44968,2023,2,11,7,2,101,67,11,1,4,2
44968,2023,2,11,7,1,232,17,11,1,2,2
44968,2023,2,11,7,2,210,1,9,1,2,2
44968,2023,2,11,7,2,101,83,12,1,2,2
44968,2023,2,11,7,2,116,64,4,0,2,1
44968,2023,2,11,7,2,381,49,3,0,1,1
44968,2023,2,11,7,2,381,83,21,0,1,1
44968,2023,2,11,7,2,364,52,9,1,2,2
44968,2023,2,11,7,2,101,52,9,1,3,2
44968,2023,2,11,7,1,376,11,20,0,2,1
44968,2023,2,11,7,2,40,78,9,1,2,2
44968,2023,2,11,7,2,20,67,11,0,2,2
44968,2023,2,11,7,2,101,16,12,1,2,2
44968,2023,2,11,7,2,163,16,12,0,2,2
44968,2023,2,11,7,2,101,11,15,0,4,3
44968,2023,2,11,7,2,308,1,7,1,2,2
44964,2023,2,7,3,2,163,67,20,0,2,1
44968,2023,2,11,7,2,101,1,11,0,6,3
44968,2023,2,11,7,2,101,33,11,1,6,3
44968,2023,2,11,7,2,376,67,11,1,2,2
44968,2023,2,11,7,2,153,67,12,1,3,2
44968,2023,2,11,7,2,40,28,12,1,3,2
44968,2023,2,11,7,2,364,72,11,1,2,2
44968,2023,2,11,7,2,153,28,20,0,2,1
44968,2023,2,11,7,2,101,1,9,1,4,3
44968,2023,2,11,7,3,101,11,9,0,3,2
44968,2023,2,11,7,3,101,16,12,1,2,1
44968,2023,2,11,7,2,364,16,12,1,3,2
44961,2023,2,4,7,4,20,16,12,0,4,2
44968,2023,2,11,7,3,376,9,1,1,1,1
44968,2023,2,11,7,2,50,83,20,0,2,1
44968,2023,2,11,7,3,447,67,11,1,2,2
44968,2023,2,11,7,2,101,16,12,1,5,4
44964,2023,2,7,3,4,282,11,21,1,2,2
44968,2023,2,11,7,3,116,67,12,0,3,2
44968,2023,2,11,7,3,101,49,4,1,2,2
44968,2023,2,11,7,3,369,11,20,0,1,1
44968,2023,2,11,7,2,116,49,9,0,3,2
44968,2023,2,11,7,3,101,52,21,0,2,2
44968,2023,2,11,7,3,101,33,11,1,2,2
44968,2023,2,11,7,3,376,1,9,1,3,2
44968,2023,2,11,7,2,242,83,20,0,4,1
44968,2023,2,11,7,3,116,15,20,0,2,1
44968,2023,2,11,7,3,282,83,4,1,1,1
44968,2023,2,11,7,3,101,67,20,1,1,1
44932,2023,1,6,6,3,381,16,15,0,3,3
44968,2023,2,11,7,3,158,9,1,0,2,1
44968,2023,2,11,7,3,104,1,9,1,2,2
44968,2023,2,11,7,3,381,82,9,0,3,3
44968,2023,2,11,7,3,282,52,9,0,2,2
44968,2023,2,11,7,3,116,28,4,0,1,1
44968,2023,2,11,7,2,293,67,20,0,2,1
44968,2023,2,11,7,3,101,82,12,1,2,2
44968,2023,2,11,7,3,262,1,11,1,2,2
44968,2023,2,11,7,3,376,7,20,0,2,1
44968,2023,2,11,7,3,116,11,12,0,2,2
44968,2023,2,11,7,2,423,11,12,1,2,2
44968,2023,2,11,7,3,316,16,12,0,6,2
44968,2023,2,11,7,3,235,33,11,1,2,2
44968,2023,2,11,7,3,406,49,11,1,3,2
44968,2023,2,11,7,3,230,1,11,0,2,2
44968,2023,2,11,7,3,381,67,4,0,2,1
44968,2023,2,11,7,3,343,17,11,1,2,2
44968,2023,2,11,7,3,272,4,20,0,1,1
44968,2023,2,11,7,3,20,67,2,0,2,2
44965,2023,2,8,4,4,262,28,4,1,1,1
44968,2023,2,11,7,4,101,28,21,0,2,1
44968,2023,2,11,7,3,116,52,9,0,2,2
44968,2023,2,11,7,3,116,67,12,0,3,3
44968,2023,2,11,7,4,101,15,4,0,2,1
44968,2023,2,11,7,4,101,16,12,0,2,2
44968,2023,2,11,7,3,365,28,12,0,2,2
44968,2023,2,11,7,4,386,49,7,0,3,2
44968,2023,2,11,7,4,116,35,2,1,2,2
44968,2023,2,11,7,3,376,67,20,0,1,1
44968,2023,2,11,7,4,232,35,2,1,2,2
44968,2023,2,11,7,4,116,11,12,1,3,3
44968,2023,2,11,7,3,116,9,1,0,1,1
44968,2023,2,11,7,4,392,56,4,1,1,1
44968,2023,2,11,7,4,116,11,4,1,1,1
44968,2023,2,11,7,4,381,15,20,0,2,1
44959,2023,2,2,5,1,101,9,21,1,1,1
44968,2023,2,11,7,3,116,1,2,1,2,2
44968,2023,2,11,7,3,470,33,11,1,2,2
44968,2023,2,11,7,3,10,80,7,0,2,2
44968,2023,2,11,7,4,101,49,4,0,1,1
44968,2023,2,11,7,4,232,61,2,0,2,2
44968,2023,2,11,7,4,101,33,11,1,3,2
44968,2023,2,11,7,4,381,1,9,0,2,2
44968,2023,2,11,7,4,116,15,3,0,5,1
44968,2023,2,11,7,4,116,11,12,1,2,2
44968,2023,2,11,7,4,356,1,11,0,3,2
44968,2023,2,11,7,4,40,18,20,1,1,1
44968,2023,2,11,7,3,420,83,20,0,1,1
44968,2023,2,11,7,4,101,16,12,1,2,2
44968,2023,2,11,7,4,408,60,2,0,2,2
44968,2023,2,11,7,4,343,11,9,1,4,3
44968,2023,2,11,7,4,381,63,4,1,1,1
44968,2023,2,11,7,4,376,11,20,1,2,2
44968,2023,2,11,7,4,376,49,12,1,8,3
44968,2023,2,11,7,4,282,67,21,1,2,1
44968,2023,2,11,7,4,163,11,21,0,1,1
44968,2023,2,11,7,4,40,11,12,1,2,2
44968,2023,2,11,7,4,101,11,21,1,1,1
44968,2023,2,11,7,4,104,67,4,1,1,1
44968,2023,2,11,7,2,116,83,20,1,1,1
44968,2023,2,11,7,4,153,80,7,0,3,2
44968,2023,2,11,7,4,158,33,11,1,2,2
44968,2023,2,11,7,4,60,49,20,1,1,1
44968,2023,2,11,7,4,262,83,20,0,1,1
44969,2023,2,12,1,1,116,2,11,0,3,2
44968,2023,2,11,7,4,356,49,4,1,1,1
44969,2023,2,12,1,1,406,9,1,0,2,1
44969,2023,2,12,1,1,116,67,12,0,3,2
44969,2023,2,12,1,1,116,49,7,1,3,2
44969,2023,2,12,1,1,153,11,3,0,2,1
44969,2023,2,12,1,1,230,11,12,1,2,2
44969,2023,2,12,1,1,282,67,20,0,4,1
44968,2023,2,11,7,4,364,11,20,1,1,1
44969,2023,2,12,1,1,101,49,4,1,1,1
44969,2023,2,12,1,1,376,49,3,0,1,1
44969,2023,2,12,1,1,101,49,20,1,1,1
44969,2023,2,12,1,1,364,80,7,1,3,2
44969,2023,2,12,1,1,101,49,20,0,1,1
44969,2023,2,12,1,1,116,18,4,1,1,1
44969,2023,2,12,1,1,316,18,7,0,3,2
44969,2023,2,12,1,1,116,11,12,0,2,2
44969,2023,2,12,1,1,319,17,11,1,3,3
44969,2023,2,12,1,1,472,80,7,0,4,2
44969,2023,2,12,1,2,392,67,20,0,1,1
44969,2023,2,12,1,2,158,67,20,1,1,1
44968,2023,2,11,7,4,174,52,21,0,2,2
44969,2023,2,12,1,2,386,49,20,0,1,1
44965,2023,2,8,4,2,101,11,12,0,4,3
44969,2023,2,12,1,2,135,80,7,0,2,2
44969,2023,2,12,1,2,101,11,12,0,1,1
44969,2023,2,12,1,1,135,80,10,1,3,2
44969,2023,2,12,1,1,470,18,20,0,2,1
44969,2023,2,12,1,2,287,18,20,0,1,1
44968,2023,2,11,7,4,468,1,11,0,7,2
44969,2023,2,12,1,2,393,18,20,0,1,1
44969,2023,2,12,1,2,467,67,20,0,1,1
44969,2023,2,12,1,2,163,11,20,0,1,1
44969,2023,2,12,1,1,153,11,20,0,1,1
44968,2023,2,11,7,4,343,15,20,0,1,1
44969,2023,2,12,1,1,376,11,20,0,2,1
44969,2023,2,12,1,2,290,52,9,0,3,2
44969,2023,2,12,1,2,316,18,20,0,2,1
44969,2023,2,12,1,2,153,11,21,1,1,1
44969,2023,2,12,1,2,101,11,12,1,2,2
44969,2023,2,12,1,2,116,82,9,1,3,2
44969,2023,2,12,1,1,153,2,20,1,1,1
44969,2023,2,12,1,2,40,28,18,0,1,1
44969,2023,2,12,1,1,230,1,12,0,6,2
44969,2023,2,12,1,2,280,83,3,0,1,1
44968,2023,2,11,7,2,476,18,20,0,1,1
44969,2023,2,12,1,1,230,67,1,0,1,1
44969,2023,2,12,1,2,40,15,4,0,3,1
44969,2023,2,12,1,2,470,33,11,0,3,2
44969,2023,2,12,1,1,232,18,20,0,3,1
44940,2023,1,14,7,3,405,29,3,0,5,1
44965,2023,2,8,4,3,277,51,20,0,1,1
44953,2023,1,27,6,3,20,57,12,0,3,2
44969,2023,2,12,1,2,376,52,21,1,2,1
44969,2023,2,12,1,2,116,20,12,0,3,2
44969,2023,2,12,1,2,116,11,20,1,2,1
44969,2023,2,12,1,2,316,49,20,1,2,1
44969,2023,2,12,1,2,364,63,21,0,1,1
44969,2023,2,12,1,2,364,1,11,0,3,2
44969,2023,2,12,1,1,277,83,20,0,1,1
44969,2023,2,12,1,2,70,67,9,0,1,1
44969,2023,2,12,1,2,324,13,21,0,2,1
44969,2023,2,12,1,2,116,49,21,0,1,1
44969,2023,2,12,1,2,116,67,12,0,2,2
44969,2023,2,12,1,3,356,67,21,1,1,1
44969,2023,2,12,1,3,101,52,12,1,3,2
44969,2023,2,12,1,2,470,83,20,1,1,1
44969,2023,2,12,1,2,262,11,12,1,3,2
44969,2023,2,12,1,3,70,52,10,0,5,2
44969,2023,2,12,1,3,116,13,4,0,5,1
44969,2023,2,12,1,3,282,16,12,0,5,2
44969,2023,2,12,1,3,116,52,12,1,4,2
44969,2023,2,12,1,3,230,82,9,0,2,2
44969,2023,2,12,1,3,40,83,11,0,2,2
44969,2023,2,12,1,3,277,16,12,0,4,2
44969,2023,2,12,1,3,101,67,9,0,2,2
44969,2023,2,12,1,3,290,67,20,0,1,1
44969,2023,2,12,1,3,101,18,20,0,1,1
44969,2023,2,12,1,2,101,15,20,0,1,1
44969,2023,2,12,1,3,470,11,20,0,1,1
44969,2023,2,12,1,3,356,1,11,0,4,3
44969,2023,2,12,1,3,116,49,15,1,4,3
44969,2023,2,12,1,3,116,49,4,1,2,1
44969,2023,2,12,1,3,40,13,21,0,2,1
44969,2023,2,12,1,3,470,11,11,0,2,2
44969,2023,2,12,1,3,376,67,20,1,2,1
44969,2023,2,12,1,3,452,11,4,0,2,2
44969,2023,2,12,1,3,487,28,11,0,5,2
44969,2023,2,12,1,3,116,83,9,1,1,1
44969,2023,2,12,1,3,381,16,12,1,3,3
44969,2023,2,12,1,3,104,49,12,0,2,2
44969,2023,2,12,1,3,386,67,20,0,2,2
44969,2023,2,12,1,3,222,16,12,0,3,2
44969,2023,2,12,1,3,230,72,7,1,3,2
44969,2023,2,12,1,3,101,67,9,0,1,1
44969,2023,2,12,1,3,376,52,10,0,4,3
44969,2023,2,12,1,3,116,11,21,0,1,1
44969,2023,2,12,1,3,476,61,2,0,2,2
44969,2023,2,12,1,3,70,67,12,1,2,2
44969,2023,2,12,1,3,470,1,11,0,2,2
44969,2023,2,12,1,3,116,78,9,1,3,2
44969,2023,2,12,1,3,101,52,12,1,3,3
44969,2023,2,12,1,3,386,49,20,1,6,2
44969,2023,2,12,1,3,153,16,12,0,5,2
44969,2023,2,12,1,3,282,1,9,1,4,2
44969,2023,2,12,1,3,222,1,9,0,2,2
44969,2023,2,12,1,3,101,52,12,0,2,2
44969,2023,2,12,1,3,101,2,11,0,3,2
44969,2023,2,12,1,4,101,16,12,0,6,2
44969,2023,2,12,1,4,101,16,15,0,4,3
44969,2023,2,12,1,4,101,76,10,1,3,2
44969,2023,2,12,1,4,277,1,12,0,3,2
44969,2023,2,12,1,3,101,49,4,1,1,1
44969,2023,2,12,1,4,259,1,11,1,2,2
44969,2023,2,12,1,4,116,11,21,0,1,1
44969,2023,2,12,1,4,386,1,11,0,3,2
44969,2023,2,12,1,4,386,49,7,1,4,2
44969,2023,2,12,1,3,251,49,12,0,5,2
44969,2023,2,12,1,4,40,1,11,1,4,2
44969,2023,2,12,1,4,116,11,9,1,2,2
44969,2023,2,12,1,4,376,15,4,0,3,1
44969,2023,2,12,1,4,376,15,21,0,4,4
44969,2023,2,12,1,4,364,11,20,1,1,1
44969,2023,2,12,1,4,116,83,20,1,1,1
44969,2023,2,12,1,4,316,17,11,1,2,2
44969,2023,2,12,1,3,101,11,9,0,2,2
44969,2023,2,12,1,3,116,67,4,0,3,1
44969,2023,2,12,1,4,116,67,4,0,1,1
44969,2023,2,12,1,4,104,67,20,0,2,1
44969,2023,2,12,1,4,280,67,11,1,2,2
44969,2023,2,12,1,3,277,67,4,1,1,1
44969,2023,2,12,1,4,316,35,2,1,5,2
44969,2023,2,12,1,4,101,11,15,0,5,4
44969,2023,2,12,1,4,40,13,20,0,1,1
44969,2023,2,12,1,4,20,49,4,1,5,1
44969,2023,2,12,1,4,280,49,10,0,4,2
44969,2023,2,12,1,4,40,83,12,1,4,2
44969,2023,2,12,1,4,381,15,20,0,2,1
44929,2023,1,3,3,3,50,19,12,0,3,3
44969,2023,2,12,1,3,163,11,12,1,3,2
44969,2023,2,12,1,4,280,16,12,1,2,2
44969,2023,2,12,1,4,392,11,20,1,2,1
44969,2023,2,12,1,4,287,11,20,1,2,1
44969,2023,2,12,1,3,262,49,20,1,1,1
44969,2023,2,12,1,4,116,67,4,0,1,1
44969,2023,2,12,1,4,116,61,2,0,2,2
44969,2023,2,12,1,4,20,56,4,1,1,1
44969,2023,2,12,1,4,316,49,21,0,1,1
44969,2023,2,12,1,3,290,82,9,0,6,2
44969,2023,2,12,1,4,116,49,20,0,2,2
44969,2023,2,12,1,4,369,67,4,0,1,1
44970,2023,2,13,2,1,116,18,4,1,1,1
44969,2023,2,12,1,4,116,25,7,1,3,2
44969,2023,2,12,1,4,101,82,12,1,2,2
44969,2023,2,12,1,4,262,80,7,0,3,2
44969,2023,2,12,1,4,70,11,12,1,4,2
44969,2023,2,12,1,4,304,61,2,1,2,2
44969,2023,2,12,1,4,230,16,12,0,2,2
44970,2023,2,13,2,1,116,11,12,0,2,2
44970,2023,2,13,2,1,381,67,21,1,1,1
44970,2023,2,13,2,1,277,16,12,0,2,2
44970,2023,2,13,2,1,365,11,20,0,2,1
44970,2023,2,13,2,1,116,18,4,1,1,1
44961,2023,2,4,7,2,364,11,3,0,1,1
44970,2023,2,13,2,1,101,11,21,0,1,1
44970,2023,2,13,2,1,423,2,11,0,6,2
44970,2023,2,13,2,1,101,67,9,1,2,2
44969,2023,2,12,1,4,101,1,12,0,6,2
44970,2023,2,13,2,2,101,1,11,0,2,2
44970,2023,2,13,2,2,101,52,9,1,2,2
44969,2023,2,12,1,4,405,80,11,0,2,2
44969,2023,2,12,1,3,282,82,12,0,1,1
44970,2023,2,13,2,1,60,1,11,0,2,2
44970,2023,2,13,2,2,101,78,12,0,2,2
44970,2023,2,13,2,1,392,9,20,0,5,1
44969,2023,2,12,1,4,262,67,20,1,1,1
44969,2023,2,12,1,4,365,60,2,1,3,2
44969,2023,2,12,1,4,381,11,12,0,2,2
44970,2023,2,13,2,2,101,13,4,0,1,1
44970,2023,2,13,2,2,116,16,12,1,2,2
44970,2023,2,13,2,2,153,16,9,1,3,3
44970,2023,2,13,2,2,280,20,11,1,2,2
44970,2023,2,13,2,2,304,13,21,0,2,1
44970,2023,2,13,2,2,262,35,2,0,2,2
44970,2023,2,13,2,2,222,11,15,1,4,4
44970,2023,2,13,2,2,285,1,11,1,4,2
44970,2023,2,13,2,2,163,11,15,0,4,4
44970,2023,2,13,2,2,60,1,11,0,2,2
44970,2023,2,13,2,2,116,52,9,1,2,2
44970,2023,2,13,2,2,40,52,9,1,2,2
44970,2023,2,13,2,2,101,52,9,1,3,2
44970,2023,2,13,2,2,101,11,20,0,1,1
44970,2023,2,13,2,2,116,11,21,1,1,1
44970,2023,2,13,2,2,282,2,11,0,2,2
44970,2023,2,13,2,2,116,16,12,1,2,2
44970,2023,2,13,2,2,267,18,20,0,1,1
44970,2023,2,13,2,2,101,28,12,1,2,2
44970,2023,2,13,2,2,116,52,12,1,1,1
44963,2023,2,6,2,3,319,9,20,0,1,1
44970,2023,2,13,2,2,101,16,15,0,4,4
44970,2023,2,13,2,1,401,67,4,0,6,2
44969,2023,2,12,1,4,101,1,12,0,7,3
44970,2023,2,13,2,2,262,83,9,1,4,3
44970,2023,2,13,2,2,40,67,12,1,3,3
44970,2023,2,13,2,2,40,2,3,0,1,1
44970,2023,2,13,2,2,365,67,4,0,1,1
44970,2023,2,13,2,2,70,11,12,1,3,2
44970,2023,2,13,2,2,290,67,12,0,4,2
44970,2023,2,13,2,2,110,67,15,1,5,4
44970,2023,2,13,2,2,40,28,18,0,1,1
44970,2023,2,13,2,3,20,1,12,1,3,2
44969,2023,2,12,1,4,343,49,12,1,3,3
44951,2023,1,25,4,3,101,1,11,0,2,2
44970,2023,2,13,2,3,101,16,12,1,2,2
44970,2023,2,13,2,3,110,16,12,1,2,2
44970,2023,2,13,2,2,364,67,12,0,4,2
44970,2023,2,13,2,2,412,1,11,1,2,2
44950,2023,1,24,3,4,101,11,20,0,1,1
44970,2023,2,13,2,3,153,16,12,1,2,2
44970,2023,2,13,2,3,376,13,21,0,1,1
44963,2023,2,6,2,2,290,67,12,0,6,2
44970,2023,2,13,2,2,101,29,21,0,1,1
44970,2023,2,13,2,3,369,17,11,1,2,2
44970,2023,2,13,2,3,101,83,9,0,3,3
44970,2023,2,13,2,3,230,1,11,1,3,2
44970,2023,2,13,2,3,101,16,9,1,2,2
44970,2023,2,13,2,3,386,80,10,0,4,2
44970,2023,2,13,2,2,116,52,12,1,1,1
44970,2023,2,13,2,3,101,80,7,0,3,3
44970,2023,2,13,2,3,101,11,20,0,2,1
44970,2023,2,13,2,2,101,20,11,1,2,2
44970,2023,2,13,2,3,470,16,12,1,2,2
44970,2023,2,13,2,3,101,11,2,0,3,2
44970,2023,2,13,2,2,343,67,20,0,1,1
44970,2023,2,13,2,3,101,78,9,1,3,3
44970,2023,2,13,2,3,101,16,12,1,2,2
44970,2023,2,13,2,3,101,67,20,0,5,1
44970,2023,2,13,2,3,381,67,15,0,5,3
44970,2023,2,13,2,3,101,67,21,1,2,1
44970,2023,2,13,2,3,101,13,21,0,2,1
44970,2023,2,13,2,3,158,49,20,0,2,1
44970,2023,2,13,2,3,381,83,7,1,4,2
44970,2023,2,13,2,3,116,52,9,0,2,2
44969,2023,2,12,1,2,116,20,11,1,3,2
44945,2023,1,19,5,3,101,16,21,1,1,1
44970,2023,2,13,2,3,116,28,20,0,4,1
44970,2023,2,13,2,3,470,1,11,1,3,2
44970,2023,2,13,2,3,116,15,4,1,1,1
44970,2023,2,13,2,3,376,15,21,1,2,1
44970,2023,2,13,2,3,135,12,21,1,1,1
44970,2023,2,13,2,3,116,51,20,0,1,1
44970,2023,2,13,2,3,262,83,20,0,1,1
44970,2023,2,13,2,3,101,67,7,1,2,2
44968,2023,2,11,7,3,242,63,20,0,1,1
44970,2023,2,13,2,2,30,83,20,0,1,1
44970,2023,2,13,2,3,230,28,18,1,1,1
44970,2023,2,13,2,3,386,2,11,0,2,2
44970,2023,2,13,2,4,163,11,12,0,3,2
44966,2023,2,9,5,2,116,82,11,1,2,2
44970,2023,2,13,2,4,393,1,12,1,3,2
44970,2023,2,13,2,3,116,67,12,1,2,2
44970,2023,2,13,2,3,101,67,12,0,3,2
44970,2023,2,13,2,4,101,11,12,0,3,2
44970,2023,2,13,2,3,101,28,18,1,2,2
44970,2023,2,13,2,4,101,28,18,0,2,1
44970,2023,2,13,2,4,471,80,10,1,2,2
44970,2023,2,13,2,3,381,1,11,0,2,2
44970,2023,2,13,2,3,386,83,2,1,3,2
44970,2023,2,13,2,4,470,11,12,1,2,2
44970,2023,2,13,2,3,277,13,4,0,1,1
44970,2023,2,13,2,3,70,11,12,1,2,2
44954,2023,1,28,7,3,393,78,7,1,5,3
44970,2023,2,13,2,4,381,67,4,1,1,1
44970,2023,2,13,2,4,101,11,21,1,1,1
44970,2023,2,13,2,4,405,82,7,0,3,2
44970,2023,2,13,2,4,116,61,2,1,2,2
44971,2023,2,14,3,1,20,67,2,0,5,3
44971,2023,2,14,3,1,222,9,1,0,2,1
44971,2023,2,14,3,1,316,51,20,1,2,1
44971,2023,2,14,3,1,70,9,1,0,4,1
44971,2023,2,14,3,2,101,28,21,0,2,1
44971,2023,2,14,3,2,116,67,9,1,2,2
44971,2023,2,14,3,2,101,1,21,0,1,1
44970,2023,2,13,2,4,158,83,20,0,1,1
44971,2023,2,14,3,2,153,52,9,1,3,3
44971,2023,2,14,3,2,101,67,12,1,2,2
44971,2023,2,14,3,2,110,16,12,1,3,2
44971,2023,2,14,3,2,101,67,21,1,1,1
44971,2023,2,14,3,2,153,1,9,1,2,2
44971,2023,2,14,3,2,10,9,1,0,2,1
44971,2023,2,14,3,2,101,2,11,1,1,1
44971,2023,2,14,3,2,427,67,9,0,2,2
44968,2023,2,11,7,4,470,49,11,0,3,2
44971,2023,2,14,3,2,282,52,9,1,3,2
44971,2023,2,14,3,2,364,67,11,1,2,2