id_data,ano,mes,dia,id_dia_semana,periodo,br,id_causa_acidente,id_tipo_acidente,id_uso_solo,pessoas,veiculos
44985,2023,2,28,3,2,230,1,7,1,2,2
44985,2023,2,28,3,2,101,11,20,1,2,1
44985,2023,2,28,3,2,262,1,11,0,2,2
44985,2023,2,28,3,2,282,33,11,0,2,2
44985,2023,2,28,3,2,101,78,9,1,3,3
44981,2023,2,24,6,2,376,16,12,1,2,2
44985,2023,2,28,3,3,40,1,11,1,2,2
44985,2023,2,28,3,2,262,67,20,0,1,1
44985,2023,2,28,3,2,262,11,11,1,2,2
44985,2023,2,28,3,3,153,16,12,0,2,2
44963,2023,2,6,2,4,101,35,2,1,4,2
44985,2023,2,28,3,2,287,16,12,1,2,2
44985,2023,2,28,3,2,277,83,3,0,1,1
44985,2023,2,28,3,1,232,18,20,0,1,1
44985,2023,2,28,3,2,251,67,3,0,1,1
44974,2023,2,17,6,1,463,64,20,0,1,1
44985,2023,2,28,3,2,222,2,11,0,4,2
44981,2023,2,24,6,3,376,67,12,1,2,2
44985,2023,2,28,3,3,116,9,1,0,1,1
44985,2023,2,28,3,3,40,82,20,0,2,2
44985,2023,2,28,3,3,101,2,11,1,2,2
44985,2023,2,28,3,3,101,11,20,0,1,1
44985,2023,2,28,3,3,153,1,11,1,2,2
44985,2023,2,28,3,2,364,1,11,0,3,2
44985,2023,2,28,3,3,316,11,20,0,2,1
44985,2023,2,28,3,3,386,1,11,1,4,2
44985,2023,2,28,3,3,101,28,21,1,1,1
44985,2023,2,28,3,3,116,67,12,0,2,2
44985,2023,2,28,3,3,116,18,4,1,3,1
44985,2023,2,28,3,3,101,11,15,0,4,3
44985,2023,2,28,3,3,356,11,20,0,1,1
44985,2023,2,28,3,3,101,61,2,1,4,4
44939,2023,1,13,6,4,405,49,7,0,3,2
44977,2023,2,20,2,4,153,11,20,0,3,1
44985,2023,2,28,3,3,101,18,20,0,4,1
44985,2023,2,28,3,3,381,67,9,1,2,2
44985,2023,2,28,3,3,116,67,12,1,5,2
44985,2023,2,28,3,3,386,67,12,0,2,2
44985,2023,2,28,3,3,408,52,9,0,2,2
44985,2023,2,28,3,2,324,16,9,1,3,2
44985,2023,2,28,3,3,493,11,20,0,1,1
44985,2023,2,28,3,3,116,64,21,1,2,2
44985,2023,2,28,3,3,376,52,9,0,2,2
44985,2023,2,28,3,3,343,67,20,0,3,1
44985,2023,2,28,3,3,116,63,21,0,2,1
44985,2023,2,28,3,3,364,33,9,1,2,2
44985,2023,2,28,3,4,116,60,9,1,3,3
44985,2023,2,28,3,4,116,67,12,1,2,2
44985,2023,2,28,3,4,116,52,12,1,3,2
44985,2023,2,28,3,4,101,4,21,1,2,1
44985,2023,2,28,3,4,282,16,12,1,3,2
44985,2023,2,28,3,3,493,34,11,1,2,2
44985,2023,2,28,3,3,101,1,11,1,3,2
44985,2023,2,28,3,4,20,52,9,0,2,2
44985,2023,2,28,3,3,392,67,4,1,2,1
44985,2023,2,28,3,4,316,80,7,1,3,2
44985,2023,2,28,3,3,163,1,11,1,2,2
44985,2023,2,28,3,4,163,11,21,0,1,1
44985,2023,2,28,3,4,163,11,11,0,2,2
44985,2023,2,28,3,4,116,49,21,0,2,1
44948,2023,1,22,1,2,277,49,4,0,4,2
44985,2023,2,28,3,4,101,28,21,0,1,1
44985,2023,2,28,3,4,381,11,7,0,2,2
44985,2023,2,28,3,4,60,5,20,0,3,1
44945,2023,1,19,5,2,101,80,7,0,2,2
44985,2023,2,28,3,3,40,52,4,1,2,2
44985,2023,2,28,3,2,10,1,11,1,2,2
44985,2023,2,28,3,4,470,9,1,1,1,1
44986,2023,3,1,4,1,40,1,11,1,3,2
44985,2023,2,28,3,4,364,52,11,0,3,2
44985,2023,2,28,3,4,104,1,7,0,2,2
44933,2023,1,7,7,1,324,60,2,0,3,2
44985,2023,2,28,3,4,262,80,20,0,2,2
44986,2023,3,1,4,1,40,11,3,1,3,1
44985,2023,2,28,3,2,407,1,11,1,2,2
44985,2023,2,28,3,3,324,82,7,0,3,2
44985,2023,2,28,3,4,116,48,2,0,2,2
44986,2023,3,1,4,1,369,11,20,0,1,1
44970,2023,2,13,2,3,467,67,3,0,4,1
44985,2023,2,28,3,3,393,1,11,0,2,2
44986,2023,3,1,4,2,230,16,21,1,2,1
44986,2023,3,1,4,2,101,67,21,1,1,1
44985,2023,2,28,3,4,163,4,20,0,1,1
44986,2023,3,1,4,2,116,67,12,1,4,2
44986,2023,3,1,4,2,406,51,4,1,1,1
44985,2023,2,28,3,3,364,1,11,1,2,2
44986,2023,3,1,4,2,101,1,12,1,3,3
44986,2023,3,1,4,2,163,52,9,1,2,2
44986,2023,3,1,4,2,116,67,9,1,2,2
44986,2023,3,1,4,2,101,11,12,1,4,3
44986,2023,3,1,4,2,356,11,12,0,2,2
44986,2023,3,1,4,2,101,18,20,0,1,1
44986,2023,3,1,4,2,282,11,9,1,2,2
44986,2023,3,1,4,2,40,11,21,0,1,1
44985,2023,2,28,3,2,367,20,9,1,2,2
44983,2023,2,26,1,3,101,1,11,1,2,2
44986,2023,3,1,4,2,367,1,11,1,2,2
44986,2023,3,1,4,2,230,52,7,1,2,2
44986,2023,3,1,4,2,101,11,20,0,4,1
44958,2023,2,1,4,2,376,52,9,1,3,3
44986,2023,3,1,4,2,101,16,12,1,2,2
44986,2023,3,1,4,2,401,1,11,1,2,2
44984,2023,2,27,2,2,235,9,3,0,1,1
44986,2023,3,1,4,2,282,44,11,0,3,3
44986,2023,3,1,4,2,116,67,12,0,3,3
44986,2023,3,1,4,3,285,11,4,1,1,1
44986,2023,3,1,4,2,476,67,11,0,3,2
44986,2023,3,1,4,2,40,10,2,0,2,2
44964,2023,2,7,3,2,226,82,11,0,3,2
44986,2023,3,1,4,3,101,16,12,0,2,2
44986,2023,3,1,4,2,277,20,20,0,1,1
44983,2023,2,26,1,2,405,9,1,0,1,1
44986,2023,3,1,4,2,70,1,11,0,4,2
44986,2023,3,1,4,3,101,67,4,1,1,1
44971,2023,2,14,3,4,163,9,1,0,1,1
44981,2023,2,24,6,3,470,1,11,1,2,2
44986,2023,3,1,4,3,158,49,4,1,1,1
44986,2023,3,1,4,3,101,44,12,0,2,2
44986,2023,3,1,4,3,50,33,11,1,2,2
44986,2023,3,1,4,3,428,52,9,1,3,2
44986,2023,3,1,4,3,262,80,7,0,2,2
44986,2023,3,1,4,3,116,11,21,1,1,1
44986,2023,3,1,4,3,316,2,9,0,3,2
44986,2023,3,1,4,3,230,16,12,0,2,2
44986,2023,3,1,4,3,262,11,12,1,2,2
44986,2023,3,1,4,3,101,16,12,1,2,2
44986,2023,3,1,4,3,163,1,11,1,2,2
44976,2023,2,19,1,4,376,80,7,0,5,2
44986,2023,3,1,4,3,277,52,9,0,2,2
44986,2023,3,1,4,2,230,16,12,1,2,2
44986,2023,3,1,4,3,101,16,15,1,5,4
44986,2023,3,1,4,3,285,11,9,1,3,2
44986,2023,3,1,4,3,101,11,20,0,2,1
44986,2023,3,1,4,3,376,67,12,1,2,2
44986,2023,3,1,4,3,423,1,9,1,3,2
44986,2023,3,1,4,3,414,13,20,0,2,1
44986,2023,3,1,4,3,493,1,9,1,2,2
44986,2023,3,1,4,3,470,1,7,1,2,2
44986,2023,3,1,4,3,153,1,11,0,4,2
44986,2023,3,1,4,3,110,67,12,1,3,2
44986,2023,3,1,4,2,262,9,1,0,3,1
44986,2023,3,1,4,2,435,17,11,1,2,2
44986,2023,3,1,4,3,262,67,21,1,2,2
44986,2023,3,1,4,4,20,11,20,1,2,1
44986,2023,3,1,4,4,230,83,3,1,1,1
44986,2023,3,1,4,4,153,49,12,0,2,2
44986,2023,3,1,4,4,101,28,18,0,2,1
44985,2023,2,28,3,4,101,67,12,1,2,2
44986,2023,3,1,4,4,50,44,21,0,1,1
44986,2023,3,1,4,4,116,67,21,1,1,1
44986,2023,3,1,4,3,364,1,9,1,2,2
44986,2023,3,1,4,3,381,33,11,1,2,2
44938,2023,1,12,5,2,40,78,12,1,2,2
44986,2023,3,1,4,4,101,49,12,0,3,2
44986,2023,3,1,4,4,116,49,3,1,1,1
44986,2023,3,1,4,4,116,67,20,0,1,1
44986,2023,3,1,4,4,386,11,12,0,2,2
44986,2023,3,1,4,4,116,56,21,1,1,1
44986,2023,3,1,4,4,364,1,11,0,3,2
44986,2023,3,1,4,4,222,28,18,0,1,1
44987,2023,3,2,5,1,116,80,10,1,4,2
44987,2023,3,2,5,1,116,67,4,0,2,1
44987,2023,3,2,5,2,20,78,12,0,2,2
44987,2023,3,2,5,2,101,52,21,1,2,1
44986,2023,3,1,4,3,60,67,21,0,2,1
44986,2023,3,1,4,4,495,67,12,1,2,2
44987,2023,3,2,5,2,153,52,9,1,2,2
44979,2023,2,22,4,4,101,11,2,1,3,2
44987,2023,3,2,5,2,70,67,12,1,2,2
44972,2023,2,15,4,3,277,56,4,1,2,1
44987,2023,3,2,5,2,470,1,11,1,2,2
44987,2023,3,2,5,1,40,48,7,0,2,2
44947,2023,1,21,7,4,101,67,21,0,2,1
44987,2023,3,2,5,2,280,11,12,1,4,2
44987,2023,3,2,5,2,101,52,9,1,3,2
44987,2023,3,2,5,2,135,11,12,1,3,2
44987,2023,3,2,5,2,40,67,21,1,1,1
44987,2023,3,2,5,2,40,11,9,0,2,2
44987,2023,3,2,5,2,415,2,11,1,2,2
44987,2023,3,2,5,2,472,1,11,0,2,2
44987,2023,3,2,5,2,262,9,1,0,2,1
44987,2023,3,2,5,2,101,1,12,1,3,2
44987,2023,3,2,5,2,20,67,12,1,2,2
44987,2023,3,2,5,2,361,1,11,1,2,2
44951,2023,1,25,4,4,116,52,9,1,3,2
44987,2023,3,2,5,2,393,16,12,1,2,2
44987,2023,3,2,5,2,226,52,11,1,3,2
44987,2023,3,2,5,2,262,63,21,0,2,1
44987,2023,3,2,5,2,101,1,9,1,2,2
44987,2023,3,2,5,2,101,52,10,1,4,3
44987,2023,3,2,5,2,393,1,9,0,3,3
44987,2023,3,2,5,2,101,67,12,0,2,2
44987,2023,3,2,5,2,343,1,11,1,2,2
44947,2023,1,21,7,4,101,2,11,1,3,2
44987,2023,3,2,5,3,469,80,9,0,2,2
44987,2023,3,2,5,2,285,51,20,0,1,1
44987,2023,3,2,5,2,262,51,20,0,1,1
44987,2023,3,2,5,3,463,78,12,0,2,2
44987,2023,3,2,5,3,101,11,20,0,1,1
44987,2023,3,2,5,3,324,67,4,1,1,1
44987,2023,3,2,5,2,116,1,11,0,2,2
44987,2023,3,2,5,3,468,33,11,0,2,2
44975,2023,2,18,7,3,60,67,21,0,2,1
44987,2023,3,2,5,3,60,11,10,0,3,2
44986,2023,3,1,4,3,163,67,20,0,1,1
44987,2023,3,2,5,3,293,72,11,0,7,2
44986,2023,3,1,4,3,471,28,18,0,1,1
44987,2023,3,2,5,3,116,11,2,1,2,2
44971,2023,2,14,3,2,101,83,12,0,4,3
44987,2023,3,2,5,3,381,28,18,0,44,1
44987,2023,3,2,5,3,40,64,21,0,2,1
44987,2023,3,2,5,3,262,1,11,0,2,2
44987,2023,3,2,5,3,101,1,11,0,3,2
44987,2023,3,2,5,3,101,1,11,1,2,2
44987,2023,3,2,5,3,386,16,12,0,3,3
44987,2023,3,2,5,3,116,78,9,1,3,2
44987,2023,3,2,5,3,116,11,21,1,1,1
44987,2023,3,2,5,3,365,19,12,1,2,2
44987,2023,3,2,5,3,163,1,11,1,2,2
44987,2023,3,2,5,3,381,79,4,0,1,1
44987,2023,3,2,5,2,101,16,12,1,2,2
44987,2023,3,2,5,3,277,1,11,1,2,2
44987,2023,3,2,5,3,101,33,11,1,2,2
44987,2023,3,2,5,3,232,28,18,0,1,1
44987,2023,3,2,5,3,381,35,2,1,2,2
44987,2023,3,2,5,3,230,63,4,0,1,1
44987,2023,3,2,5,3,110,1,11,1,2,2
44987,2023,3,2,5,3,116,16,12,1,7,5
44987,2023,3,2,5,3,421,83,12,0,3,2
44987,2023,3,2,5,3,277,52,9,1,2,2
44987,2023,3,2,5,3,116,52,9,0,2,2
44987,2023,3,2,5,3,101,1,11,0,2,2
44987,2023,3,2,5,3,101,16,12,0,2,2
44987,2023,3,2,5,4,146,83,7,0,3,2
44987,2023,3,2,5,4,116,67,12,1,2,2
44987,2023,3,2,5,3,285,83,20,0,1,1
44987,2023,3,2,5,4,116,1,11,1,3,2
44987,2023,3,2,5,4,101,11,11,1,3,2
44987,2023,3,2,5,3,40,83,7,0,13,3
44987,2023,3,2,5,4,104,25,12,1,2,2
44987,2023,3,2,5,4,116,11,12,1,2,2
44987,2023,3,2,5,4,158,33,11,1,3,2
44987,2023,3,2,5,3,116,52,9,1,2,2
44987,2023,3,2,5,3,282,83,4,0,1,1
44987,2023,3,2,5,3,174,11,9,1,2,2
44987,2023,3,2,5,3,259,16,12,0,2,2
44987,2023,3,2,5,3,259,33,11,0,2,2
44987,2023,3,2,5,3,324,15,20,0,2,1
44987,2023,3,2,5,3,116,13,4,1,1,1
44987,2023,3,2,5,3,101,83,20,0,1,1
44987,2023,3,2,5,3,262,83,20,0,1,1
44987,2023,3,2,5,4,393,67,12,0,3,2
44987,2023,3,2,5,4,101,11,20,1,1,1
44987,2023,3,2,5,4,210,49,9,1,2,2
44987,2023,3,2,5,4,153,9,1,0,2,1
44987,2023,3,2,5,4,116,52,21,1,2,2
44987,2023,3,2,5,3,222,28,18,0,1,1
44987,2023,3,2,5,4,116,52,21,1,2,2
44987,2023,3,2,5,4,116,11,12,1,3,3
44987,2023,3,2,5,4,465,11,2,1,2,2
44987,2023,3,2,5,4,226,52,11,1,2,2
44987,2023,3,2,5,4,50,11,4,1,1,1
44987,2023,3,2,5,4,101,11,12,1,3,2
44987,2023,3,2,5,4,116,1,11,1,2,2
44987,2023,3,2,5,4,262,83,20,0,3,1
44987,2023,3,2,5,4,251,11,20,1,1,1
44988,2023,3,3,6,1,101,49,4,1,1,1
44988,2023,3,3,6,1,116,67,3,0,1,1
44988,2023,3,3,6,1,230,49,20,1,1,1
44988,2023,3,3,6,1,232,80,7,0,10,2
44988,2023,3,3,6,1,116,67,2,1,2,2
44984,2023,2,27,2,2,101,11,9,1,2,2
44988,2023,3,3,6,2,116,52,9,1,6,2
44988,2023,3,3,6,2,373,67,7,0,2,2
44988,2023,3,3,6,2,116,11,9,0,2,2
44987,2023,3,2,5,4,376,15,20,0,2,1
44988,2023,3,3,6,2,153,2,9,1,3,2
44988,2023,3,3,6,2,101,2,12,1,3,3
44988,2023,3,3,6,1,40,51,21,0,1,1
44984,2023,2,27,2,4,285,13,20,0,1,1
44988,2023,3,3,6,1,423,9,1,0,4,1
44988,2023,3,3,6,2,101,52,12,1,3,3
44988,2023,3,3,6,1,20,11,20,0,1,1
44988,2023,3,3,6,2,101,67,20,0,2,1
44988,2023,3,3,6,2,230,78,12,1,2,2
44988,2023,3,3,6,2,277,55,20,0,1,1
44988,2023,3,3,6,2,277,80,12,0,2,2
44988,2023,3,3,6,2,116,67,12,1,2,2
44988,2023,3,3,6,2,101,16,12,1,3,2
44948,2023,1,22,1,3,415,83,21,1,1,1
44987,2023,3,2,5,2,116,51,20,0,1,1
44988,2023,3,3,6,2,373,16,12,0,2,2
44988,2023,3,3,6,2,101,1,11,1,2,2
44988,2023,3,3,6,2,376,52,7,0,2,2
44988,2023,3,3,6,2,116,52,9,1,3,2
44988,2023,3,3,6,2,392,82,9,1,2,2
44988,2023,3,3,6,2,70,52,9,0,4,3
44987,2023,3,2,5,4,101,1,7,0,2,2
44961,2023,2,4,7,1,116,15,21,0,1,1
44988,2023,3,3,6,2,101,67,21,1,1,1
44988,2023,3,3,6,2,376,28,18,0,1,1
44988,2023,3,3,6,2,116,67,12,0,3,2
44988,2023,3,3,6,2,381,11,12,1,3,3
44988,2023,3,3,6,1,452,18,4,0,1,1
44988,2023,3,3,6,2,364,11,20,0,1,1
44988,2023,3,3,6,2,101,33,11,1,2,2
44988,2023,3,3,6,2,40,11,21,0,1,1
44988,2023,3,3,6,2,405,2,7,0,2,2
44988,2023,3,3,6,2,101,67,21,1,1,1
44978,2023,2,21,3,3,392,67,9,0,2,2
44988,2023,3,3,6,2,101,6,21,0,1,1
44988,2023,3,3,6,2,101,18,20,1,1,1
44988,2023,3,3,6,2,376,28,3,0,1,1
44988,2023,3,3,6,2,101,20,11,0,2,2
44940,2023,1,14,7,2,163,82,11,1,2,2
44988,2023,3,3,6,2,319,16,12,1,5,3
44988,2023,3,3,6,2,104,58,12,1,4,3
44988,2023,3,3,6,2,101,1,11,1,2,2
44985,2023,2,28,3,2,110,1,11,1,2,2
44988,2023,3,3,6,2,277,83,12,0,2,1
44988,2023,3,3,6,2,40,28,9,1,2,2
44988,2023,3,3,6,2,101,11,20,0,1,1
44979,2023,2,22,4,2,242,11,20,0,4,1
44988,2023,3,3,6,2,40,82,20,0,1,1
44988,2023,3,3,6,2,376,82,10,0,5,5
44988,2023,3,3,6,2,101,52,9,1,3,2
44988,2023,3,3,6,2,262,20,11,1,3,2
44988,2023,3,3,6,3,116,83,12,0,3,2
44988,2023,3,3,6,3,230,16,12,1,2,2
44988,2023,3,3,6,3,50,67,9,1,2,2
44988,2023,3,3,6,3,470,1,11,1,2,2
44988,2023,3,3,6,3,364,1,9,1,2,2
44975,2023,2,18,7,4,230,50,20,0,2,2
44988,2023,3,3,6,3,101,1,11,0,2,2
44988,2023,3,3,6,3,101,67,12,0,2,2
44988,2023,3,3,6,3,153,67,20,1,1,1
44988,2023,3,3,6,3,369,1,11,0,2,2
44988,2023,3,3,6,3,101,67,9,0,1,1
44988,2023,3,3,6,3,101,16,12,1,2,2
44988,2023,3,3,6,3,60,28,18,0,1,1
44988,2023,3,3,6,3,470,1,11,1,2,2
44988,2023,3,3,6,3,153,18,20,0,1,1
44988,2023,3,3,6,3,153,12,4,0,1,1
44988,2023,3,3,6,3,343,1,9,1,3,2
44988,2023,3,3,6,3,470,11,20,0,1,1
44988,2023,3,3,6,3,104,1,9,1,2,2
44988,2023,3,3,6,3,393,1,11,1,2,2
44988,2023,3,3,6,3,262,11,12,0,3,2
44988,2023,3,3,6,3,60,4,20,0,3,1
44988,2023,3,3,6,3,40,20,11,0,3,2
44988,2023,3,3,6,3,70,82,3,0,2,2
44988,2023,3,3,6,3,381,72,9,1,2,2
44988,2023,3,3,6,3,153,51,3,0,1,1
44988,2023,3,3,6,3,70,15,20,0,1,1
44988,2023,3,3,6,3,381,28,18,0,1,1
44988,2023,3,3,6,3,101,67,12,1,3,2
44988,2023,3,3,6,3,343,11,15,0,5,3
44986,2023,3,1,4,1,470,67,3,0,1,1
44988,2023,3,3,6,4,470,1,11,0,2,2
44988,2023,3,3,6,4,101,11,12,1,2,1
44988,2023,3,3,6,3,50,28,20,0,1,1
44988,2023,3,3,6,3,277,4,7,1,1,1
44988,2023,3,3,6,4,101,67,21,0,4,2
44988,2023,3,3,6,4,101,83,15,0,3,3
44988,2023,3,3,6,3,369,11,21,1,1,1
44988,2023,3,3,6,4,101,82,20,0,5,2
44988,2023,3,3,6,4,163,1,7,1,4,2
44988,2023,3,3,6,3,262,44,20,0,5,1
44988,2023,3,3,6,3,230,10,2,1,2,2
44988,2023,3,3,6,4,101,45,18,1,1,1
44988,2023,3,3,6,4,381,33,11,1,2,2
44988,2023,3,3,6,4,101,78,9,1,2,2
44988,2023,3,3,6,3,40,18,4,0,3,1
44973,2023,2,16,5,3,364,60,2,1,2,2
44988,2023,3,3,6,4,472,28,21,0,2,1
44988,2023,3,3,6,4,101,16,12,1,3,3
44988,2023,3,3,6,4,101,67,21,1,1,1
44988,2023,3,3,6,3,262,13,4,0,5,1
44988,2023,3,3,6,3,402,83,20,0,1,1
44988,2023,3,3,6,4,262,80,10,0,6,3
44988,2023,3,3,6,4,101,16,12,1,2,2
44988,2023,3,3,6,4,282,80,10,0,2,2
44988,2023,3,3,6,4,40,11,4,1,1,1
44988,2023,3,3,6,4,470,80,7,0,3,2
44988,2023,3,3,6,4,232,11,12,0,1,1
44988,2023,3,3,6,4,116,2,11,0,2,2
44988,2023,3,3,6,4,386,35,2,1,2,2
44988,2023,3,3,6,4,376,49,3,0,2,1
44988,2023,3,3,6,2,364,41,20,0,2,1
44988,2023,3,3,6,4,262,1,11,1,2,2
44988,2023,3,3,6,4,116,46,2,0,3,2
44988,2023,3,3,6,4,153,83,1,0,1,1
44988,2023,3,3,6,4,116,16,9,1,1,1
44988,2023,3,3,6,4,262,11,12,0,3,2
44988,2023,3,3,6,4,116,11,20,0,1,1
44988,2023,3,3,6,4,116,51,4,0,2,1
44989,2023,3,4,7,1,116,15,4,0,2,1
44989,2023,3,4,7,1,60,49,20,1,1,1
44989,2023,3,4,7,1,386,49,21,0,1,1
44989,2023,3,4,7,1,116,52,4,1,2,1
44989,2023,3,4,7,1,116,49,4,0,1,1
44989,2023,3,4,7,1,116,49,20,0,1,1
44989,2023,3,4,7,1,282,64,4,0,1,1
44988,2023,3,3,6,3,343,67,12,0,4,3
44989,2023,3,4,7,1,285,49,20,0,2,1
44989,2023,3,4,7,1,414,9,1,0,1,1
44989,2023,3,4,7,1,101,83,7,0,23,2
44989,2023,3,4,7,1,116,11,4,1,1,1
44989,2023,3,4,7,1,381,52,12,1,2,2
44989,2023,3,4,7,1,259,9,1,0,1,1
44989,2023,3,4,7,1,101,67,3,1,2,1
44989,2023,3,4,7,1,116,67,20,1,2,1
44989,2023,3,4,7,1,470,61,2,1,2,2
44989,2023,3,4,7,2,60,18,20,0,1,1
44989,2023,3,4,7,2,101,16,12,1,2,2
44989,2023,3,4,7,2,163,9,1,0,1,1
44989,2023,3,4,7,1,101,28,21,1,1,1
44988,2023,3,3,6,4,163,67,20,0,1,1
44989,2023,3,4,7,2,290,13,20,1,1,1
44989,2023,3,4,7,2,101,49,12,1,3,3
44989,2023,3,4,7,2,495,49,7,0,3,2
44989,2023,3,4,7,2,470,11,11,0,2,2
44989,2023,3,4,7,2,101,52,9,0,3,2
44989,2023,3,4,7,2,448,67,4,0,1,1
44989,2023,3,4,7,2,285,11,20,0,1,1
44989,2023,3,4,7,2,116,48,2,1,3,2
44989,2023,3,4,7,2,104,16,12,1,3,2
44989,2023,3,4,7,2,369,1,11,0,3,2
44989,2023,3,4,7,2,101,28,18,0,2,1
44989,2023,3,4,7,2,101,13,4,0,6,1
44989,2023,3,4,7,2,381,28,18,1,1,1
44989,2023,3,4,7,2,101,67,4,1,2,1
44989,2023,3,4,7,2,280,33,11,1,2,2
44962,2023,2,5,1,4,277,67,11,0,9,3
44989,2023,3,4,7,2,104,67,20,0,1,1
44989,2023,3,4,7,2,116,1,11,0,4,2
44989,2023,3,4,7,2,153,49,20,1,1,1
44989,2023,3,4,7,2,365,80,7,0,10,2
44989,2023,3,4,7,2,277,83,12,1,4,2
44989,2023,3,4,7,2,40,52,9,1,5,3
44989,2023,3,4,7,2,280,16,12,0,2,2
44989,2023,3,4,7,2,381,83,4,0,1,1
44989,2023,3,4,7,2,101,18,20,1,1,1
44989,2023,3,4,7,2,468,11,20,0,1,1
44989,2023,3,4,7,2,101,2,11,1,2,2
44989,2023,3,4,7,2,316,80,10,0,3,2
44989,2023,3,4,7,1,222,18,20,0,2,1
44989,2023,3,4,7,2,285,67,21,0,1,1
44989,2023,3,4,7,2,163,83,20,1,5,1
44969,2023,2,12,1,1,423,9,1,0,2,1
44989,2023,3,4,7,3,101,56,21,1,2,1
44989,2023,3,4,7,3,101,1,4,1,2,1
44989,2023,3,4,7,3,369,33,11,1,3,2
44989,2023,3,4,7,2,163,33,11,1,2,2
44989,2023,3,4,7,2,104,52,11,1,2,2
44989,2023,3,4,7,3,116,67,12,1,2,2
44989,2023,3,4,7,2,163,2,2,1,2,2
44989,2023,3,4,7,2,381,83,4,0,2,2
44989,2023,3,4,7,3,116,2,9,1,2,2
44989,2023,3,4,7,2,116,67,12,1,2,2
44989,2023,3,4,7,3,316,28,7,1,3,2
44989,2023,3,4,7,3,222,15,20,0,1,1
44989,2023,3,4,7,3,116,52,9,1,2,2
44989,2023,3,4,7,3,381,67,3,0,2,2
44989,2023,3,4,7,3,101,82,7,0,3,2
44989,2023,3,4,7,3,10,20,9,1,2,2
44989,2023,3,4,7,3,414,49,20,1,1,1
44989,2023,3,4,7,3,116,52,20,1,1,1
44988,2023,3,3,6,4,101,16,12,1,2,2
44989,2023,3,4,7,3,476,1,11,0,2,2
44989,2023,3,4,7,3,116,15,2,1,2,2
44989,2023,3,4,7,3,381,15,4,0,1,1
44989,2023,3,4,7,3,324,16,12,0,2,2
44989,2023,3,4,7,3,116,1,11,0,4,2
44989,2023,3,4,7,3,70,83,20,1,1,1
44989,2023,3,4,7,3,101,11,12,0,2,2
44989,2023,3,4,7,3,40,67,4,0,2,1
44989,2023,3,4,7,3,324,28,4,0,1,1
44989,2023,3,4,7,3,316,11,12,1,2,2
44989,2023,3,4,7,3,101,83,20,0,2,1
44989,2023,3,4,7,3,116,16,12,1,2,2
44989,2023,3,4,7,3,116,52,12,1,3,2
44989,2023,3,4,7,3,290,33,11,1,4,2
44989,2023,3,4,7,3,423,61,2,1,2,2
44989,2023,3,4,7,3,364,18,20,1,2,1
44989,2023,3,4,7,3,262,11,20,0,1,1
44989,2023,3,4,7,3,393,9,1,0,1,1
44989,2023,3,4,7,3,235,67,21,1,1,1
44989,2023,3,4,7,3,104,52,12,1,3,2
44989,2023,3,4,7,3,386,64,20,0,1,1
44989,2023,3,4,7,3,20,63,7,1,3,2
44989,2023,3,4,7,3,230,61,2,1,2,2
44989,2023,3,4,7,3,101,52,9,1,3,2
44989,2023,3,4,7,4,135,11,11,1,2,2
44989,2023,3,4,7,4,153,2,11,1,2,2
44989,2023,3,4,7,3,316,10,2,1,2,2
44989,2023,3,4,7,3,267,11,12,0,2,2
44989,2023,3,4,7,4,60,61,2,1,2,2
44989,2023,3,4,7,4,277,83,12,1,1,1
44989,2023,3,4,7,4,101,28,18,1,1,1
44989,2023,3,4,7,3,153,1,11,0,8,2
44989,2023,3,4,7,2,116,4,20,0,3,1
44989,2023,3,4,7,4,101,35,2,0,4,2
44989,2023,3,4,7,3,116,82,9,0,2,2
44989,2023,3,4,7,3,153,2,7,1,3,2
44989,2023,3,4,7,3,290,80,7,0,7,2
44989,2023,3,4,7,4,101,49,3,0,1,1
44989,2023,3,4,7,4,101,80,7,1,2,2
44989,2023,3,4,7,4,40,2,11,1,2,2
44989,2023,3,4,7,4,20,49,20,1,2,1
44989,2023,3,4,7,3,40,11,11,1,3,2
44989,2023,3,4,7,4,40,35,2,1,2,2
44989,2023,3,4,7,4,101,49,4,0,2,1
44989,2023,3,4,7,3,425,33,11,1,2,2
44989,2023,3,4,7,4,101,41,20,0,2,1
44989,2023,3,4,7,4,101,49,4,0,1,1
44989,2023,3,4,7,3,364,63,20,0,3,1
44989,2023,3,4,7,4,369,82,9,0,3,2
44989,2023,3,4,7,4,290,16,21,1,2,1
44989,2023,3,4,7,4,158,11,20,0,2,2
44989,2023,3,4,7,4,277,33,11,1,5,2
44989,2023,3,4,7,4,153,49,3,1,2,1
44989,2023,3,4,7,4,116,80,7,1,3,2
44989,2023,3,4,7,4,101,33,11,1,2,2
44989,2023,3,4,7,4,230,11,12,0,2,2
44989,2023,3,4,7,4,110,25,7,0,2,2
44989,2023,3,4,7,4,104,1,11,1,2,2
44989,2023,3,4,7,4,116,1,2,1,2,2
44989,2023,3,4,7,4,163,82,9,1,2,2
44989,2023,3,4,7,4,101,11,9,0,3,2
44989,2023,3,4,7,4,282,67,4,1,1,1
44989,2023,3,4,7,3,60,4,20,0,5,1
44989,2023,3,4,7,4,40,51,4,1,1,1
44989,2023,3,4,7,4,386,28,4,0,1,1
44989,2023,3,4,7,4,316,48,2,0,2,2
44989,2023,3,4,7,4,153,1,12,0,2,2
44989,2023,3,4,7,4,135,17,12,1,3,3
44989,2023,3,4,7,4,116,4,21,1,2,1
44990,2023,3,5,1,1,101,60,2,1,2,2
44989,2023,3,4,7,4,343,11,20,1,1,1
44990,2023,3,5,1,1,290,64,21,0,2,1
44989,2023,3,4,7,4,101,33,11,1,2,2
44990,2023,3,5,1,1,116,67,12,1,5,2
44989,2023,3,4,7,3,364,7,20,0,2,1
44990,2023,3,5,1,1,493,9,1,0,4,1
44990,2023,3,5,1,1,386,11,20,0,1,1
44990,2023,3,5,1,1,381,83,3,0,2,1
44990,2023,3,5,1,1,277,83,4,0,1,1