id_data,ano,mes,dia,id_dia_semana,periodo,br,id_causa_acidente,id_tipo_acidente,id_uso_solo,pessoas,veiculos
44990,2023,3,5,1,1,116,9,1,1,1,1
44990,2023,3,5,1,1,101,1,10,1,3,2
44990,2023,3,5,1,1,153,11,3,0,1,1
44990,2023,3,5,1,1,330,11,20,0,1,1
44990,2023,3,5,1,1,277,11,3,0,4,1
44990,2023,3,5,1,1,369,67,4,1,1,1
44990,2023,3,5,1,1,470,11,4,0,1,1
44990,2023,3,5,1,1,101,11,1,0,2,2
44990,2023,3,5,1,1,101,49,9,0,3,2
44990,2023,3,5,1,1,343,11,12,1,2,2
44990,2023,3,5,1,1,158,49,20,1,3,1
44990,2023,3,5,1,1,277,49,12,0,2,2
44990,2023,3,5,1,1,101,49,4,1,2,2
44990,2023,3,5,1,1,282,49,20,0,2,1
44990,2023,3,5,1,1,376,72,11,1,3,2
44990,2023,3,5,1,1,316,83,4,1,1,1
44990,2023,3,5,1,1,277,49,20,0,3,1
44990,2023,3,5,1,1,116,67,4,0,1,1
44990,2023,3,5,1,1,116,11,20,0,1,1
44990,2023,3,5,1,1,230,49,7,0,6,2
44990,2023,3,5,1,1,101,28,18,1,1,1
44990,2023,3,5,1,1,101,11,12,0,2,2
44990,2023,3,5,1,1,153,80,7,1,3,2
44990,2023,3,5,1,1,369,80,7,0,4,3
44990,2023,3,5,1,2,116,49,3,1,1,1
44990,2023,3,5,1,1,282,48,10,1,2,2
44990,2023,3,5,1,2,376,11,20,0,1,1
44990,2023,3,5,1,1,163,49,10,0,2,2
44990,2023,3,5,1,2,153,5,20,0,4,1
44989,2023,3,4,7,3,20,67,20,0,1,1
44990,2023,3,5,1,2,101,11,12,0,3,3
44990,2023,3,5,1,2,50,57,4,1,1,1
44990,2023,3,5,1,2,101,67,4,0,1,1
44950,2023,1,24,3,3,232,2,11,1,2,2
44990,2023,3,5,1,2,381,67,12,1,2,2
44990,2023,3,5,1,2,153,52,9,1,2,2
44990,2023,3,5,1,2,376,67,21,0,1,1
44990,2023,3,5,1,2,251,1,11,0,3,2
44990,2023,3,5,1,2,60,4,20,0,2,1
44990,2023,3,5,1,2,414,56,4,0,5,5
44990,2023,3,5,1,2,381,83,21,0,2,1
44990,2023,3,5,1,2,101,72,12,1,3,2
44990,2023,3,5,1,2,470,1,11,1,2,2
44990,2023,3,5,1,2,470,16,12,1,4,2
44990,2023,3,5,1,2,101,13,21,1,2,1
44990,2023,3,5,1,2,163,33,9,0,5,2
44990,2023,3,5,1,2,60,1,11,1,3,2
44990,2023,3,5,1,2,381,49,20,0,1,1
44990,2023,3,5,1,2,70,11,9,0,2,2
44990,2023,3,5,1,2,222,60,2,1,2,2
44990,2023,3,5,1,2,381,1,11,0,2,2
44990,2023,3,5,1,2,277,15,20,0,4,1
44990,2023,3,5,1,2,116,11,9,1,2,2
44990,2023,3,5,1,2,50,18,3,0,1,1
44990,2023,3,5,1,2,376,49,12,1,2,2
44990,2023,3,5,1,2,364,67,20,0,4,1
44990,2023,3,5,1,2,262,52,10,0,3,3
44990,2023,3,5,1,2,101,16,12,0,3,2
44990,2023,3,5,1,2,116,5,21,0,2,1
44990,2023,3,5,1,2,101,13,3,0,2,1
44990,2023,3,5,1,3,470,1,11,1,3,2
44990,2023,3,5,1,2,101,16,12,0,4,2
44990,2023,3,5,1,3,116,13,4,0,3,1
44990,2023,3,5,1,2,316,16,12,1,2,2
44990,2023,3,5,1,2,101,16,15,0,3,3
44990,2023,3,5,1,2,493,18,20,0,1,1
44990,2023,3,5,1,3,381,28,20,0,1,1
44990,2023,3,5,1,3,153,11,20,0,1,1
44990,2023,3,5,1,3,40,11,15,1,10,5
44990,2023,3,5,1,3,101,16,12,1,2,2
44990,2023,3,5,1,3,116,67,20,0,2,1
44990,2023,3,5,1,3,40,11,4,0,1,1
44990,2023,3,5,1,3,262,1,11,1,4,2
44990,2023,3,5,1,3,101,44,21,1,1,1
44990,2023,3,5,1,3,381,67,4,0,2,1
44990,2023,3,5,1,3,324,67,20,0,1,1
44990,2023,3,5,1,3,163,67,4,0,1,1
44990,2023,3,5,1,3,101,1,11,1,2,2
44990,2023,3,5,1,3,163,82,11,1,3,2
44990,2023,3,5,1,3,381,78,9,0,3,3
44990,2023,3,5,1,3,277,63,7,1,6,3
44990,2023,3,5,1,3,101,16,12,0,4,2
44990,2023,3,5,1,3,262,67,9,1,2,2
44990,2023,3,5,1,3,116,82,4,0,2,2
44990,2023,3,5,1,3,316,49,12,0,2,2
44990,2023,3,5,1,3,470,1,11,0,3,2
44990,2023,3,5,1,3,381,1,11,0,3,2
44990,2023,3,5,1,3,116,11,12,1,6,2
44990,2023,3,5,1,3,277,1,11,0,5,2
44990,2023,3,5,1,3,101,78,12,0,2,2
44990,2023,3,5,1,3,40,67,20,1,6,1
44990,2023,3,5,1,3,469,9,1,1,3,3
44990,2023,3,5,1,2,290,28,3,0,3,1
44990,2023,3,5,1,3,393,16,21,1,1,1
44990,2023,3,5,1,3,282,64,20,0,3,1
44990,2023,3,5,1,3,101,13,21,0,2,1
44990,2023,3,5,1,4,232,80,10,1,2,2
44990,2023,3,5,1,3,364,52,12,0,3,2
44990,2023,3,5,1,3,423,11,12,0,2,2
44990,2023,3,5,1,3,153,48,20,1,2,1
44990,2023,3,5,1,3,40,78,9,1,3,3
44990,2023,3,5,1,3,470,11,3,0,3,1
44990,2023,3,5,1,3,470,80,7,0,3,2
44990,2023,3,5,1,4,40,48,2,0,2,2
44990,2023,3,5,1,3,101,35,2,1,2,2
44990,2023,3,5,1,4,101,15,7,0,5,2
44990,2023,3,5,1,3,282,9,1,1,1,1
44990,2023,3,5,1,3,386,1,11,0,7,2
44990,2023,3,5,1,4,376,79,2,0,2,2
44990,2023,3,5,1,3,101,1,11,1,2,2
44990,2023,3,5,1,4,116,67,12,1,2,2
44990,2023,3,5,1,4,101,11,12,1,3,3
44990,2023,3,5,1,4,423,80,10,0,2,2
44990,2023,3,5,1,4,101,1,11,0,2,2
44990,2023,3,5,1,4,101,28,18,1,2,1
44990,2023,3,5,1,4,365,1,9,1,2,2
44990,2023,3,5,1,3,116,13,20,0,4,1
44990,2023,3,5,1,4,277,2,12,0,4,3
44990,2023,3,5,1,4,101,49,4,0,3,2
44990,2023,3,5,1,4,40,11,21,1,1,1
44990,2023,3,5,1,3,364,49,20,1,3,3
44990,2023,3,5,1,4,376,28,10,0,2,2
44990,2023,3,5,1,3,376,67,20,0,1,1
44990,2023,3,5,1,4,376,35,2,0,4,2
44990,2023,3,5,1,3,493,28,18,0,1,1
44990,2023,3,5,1,4,262,80,7,1,8,3
44990,2023,3,5,1,4,101,49,20,0,1,1
44990,2023,3,5,1,4,104,82,7,0,2,2
44990,2023,3,5,1,4,116,4,3,0,2,1
44990,2023,3,5,1,4,40,60,2,0,2,2
44990,2023,3,5,1,4,101,67,20,0,2,1
44990,2023,3,5,1,4,470,16,12,0,2,2
44990,2023,3,5,1,4,116,28,18,0,1,1
44990,2023,3,5,1,4,282,1,11,0,7,2
44990,2023,3,5,1,4,174,11,3,0,4,1
44990,2023,3,5,1,4,470,2,4,1,1,1
44990,2023,3,5,1,4,40,80,7,0,4,2
44991,2023,3,6,2,1,101,49,20,0,2,1
44990,2023,3,5,1,4,110,82,7,1,3,2
44990,2023,3,5,1,4,116,52,12,1,2,2
44990,2023,3,5,1,4,280,35,2,0,2,2
44991,2023,3,6,2,1,277,83,4,0,1,1
44991,2023,3,6,2,1,493,9,1,1,1,1
44991,2023,3,6,2,1,40,21,4,0,2,1
44991,2023,3,6,2,1,116,67,4,1,1,1
44991,2023,3,6,2,1,364,83,21,0,1,1
44990,2023,3,5,1,4,364,1,12,0,2,2
44991,2023,3,6,2,1,101,11,9,0,2,2
44991,2023,3,6,2,1,324,83,12,0,3,2
44991,2023,3,6,2,1,364,11,20,0,1,1
44991,2023,3,6,2,1,470,60,2,0,2,2
44991,2023,3,6,2,1,376,63,21,0,1,1
44991,2023,3,6,2,1,116,28,21,1,2,1
44990,2023,3,5,1,3,412,82,7,0,2,2
44990,2023,3,5,1,4,381,80,7,0,5,2
44991,2023,3,6,2,2,20,52,9,0,2,2
44991,2023,3,6,2,1,153,49,21,1,1,1
44991,2023,3,6,2,2,116,67,12,1,3,3
44991,2023,3,6,2,2,101,67,11,1,2,2
44991,2023,3,6,2,2,101,6,20,0,1,1
44991,2023,3,6,2,2,60,11,4,0,1,1
44991,2023,3,6,2,2,153,67,9,1,2,2
44991,2023,3,6,2,2,116,16,12,1,6,5
44972,2023,2,15,4,4,365,13,3,0,2,2
44991,2023,3,6,2,2,40,80,7,0,7,3
44986,2023,3,1,4,3,116,83,12,0,3,1
44991,2023,3,6,2,2,153,16,12,1,2,2
44991,2023,3,6,2,2,70,21,3,1,1,1
44991,2023,3,6,2,2,40,78,21,1,1,1
44991,2023,3,6,2,2,116,78,9,1,4,3
44991,2023,3,6,2,2,277,78,9,1,3,3
44991,2023,3,6,2,2,116,16,12,0,2,2
44991,2023,3,6,2,2,101,16,12,0,4,3
44991,2023,3,6,2,2,101,28,18,0,1,1
44991,2023,3,6,2,2,290,15,20,1,2,1
44990,2023,3,5,1,4,101,67,12,1,3,2
44991,2023,3,6,2,2,116,78,9,1,3,2
44991,2023,3,6,2,2,174,20,9,0,2,2
44991,2023,3,6,2,2,116,1,11,1,3,2
44991,2023,3,6,2,2,319,33,11,1,3,2
44949,2023,1,23,2,3,277,4,3,0,5,1
44991,2023,3,6,2,2,101,28,18,0,1,1
44991,2023,3,6,2,2,101,52,9,1,2,2
44991,2023,3,6,2,2,235,16,9,1,2,2
44991,2023,3,6,2,2,230,61,2,1,3,2
44991,2023,3,6,2,2,101,1,11,0,2,2
44991,2023,3,6,2,2,60,18,20,0,1,1
44991,2023,3,6,2,2,153,1,11,0,3,2
44991,2023,3,6,2,2,235,16,12,1,2,2
44989,2023,3,4,7,2,101,28,18,0,5,1
44969,2023,2,12,1,4,222,82,12,1,4,4
44991,2023,3,6,2,2,376,67,20,0,1,1
44991,2023,3,6,2,2,101,28,21,1,2,1
44991,2023,3,6,2,3,20,1,12,0,2,2
44991,2023,3,6,2,3,406,67,12,0,5,4
44991,2023,3,6,2,2,470,1,11,0,2,2
44991,2023,3,6,2,3,116,67,4,1,2,1
44991,2023,3,6,2,3,324,17,7,1,2,2
44991,2023,3,6,2,3,386,11,20,1,1,1
44991,2023,3,6,2,3,116,83,12,1,2,2
44991,2023,3,6,2,2,222,1,11,0,2,2
44991,2023,3,6,2,3,365,16,15,0,9,3
44991,2023,3,6,2,3,101,15,20,1,2,1
44991,2023,3,6,2,3,376,13,20,0,1,1
44991,2023,3,6,2,3,153,67,12,1,2,2
44991,2023,3,6,2,3,101,28,21,0,1,1
44991,2023,3,6,2,3,376,1,9,1,2,2
44991,2023,3,6,2,3,116,44,21,1,1,1
44991,2023,3,6,2,3,365,16,12,1,2,2
44988,2023,3,3,6,2,393,16,11,1,2,2
44991,2023,3,6,2,3,317,4,20,0,1,1
44991,2023,3,6,2,3,470,33,11,1,3,2
44991,2023,3,6,2,3,116,13,21,0,2,1
44991,2023,3,6,2,3,116,78,9,1,3,3
44991,2023,3,6,2,3,101,1,7,1,2,2
44991,2023,3,6,2,3,304,82,9,0,1,1
44991,2023,3,6,2,3,232,67,4,0,2,1
44991,2023,3,6,2,3,230,52,20,0,1,1
44991,2023,3,6,2,3,369,78,12,1,2,2
44983,2023,2,26,1,3,376,16,12,1,6,2
44991,2023,3,6,2,3,101,61,2,1,2,2
44991,2023,3,6,2,2,101,11,9,1,3,2
44991,2023,3,6,2,3,101,67,12,1,2,2
44991,2023,3,6,2,3,101,78,21,1,2,2
44991,2023,3,6,2,3,101,15,20,0,1,1
44991,2023,3,6,2,3,232,11,4,0,4,3
44991,2023,3,6,2,3,60,61,2,1,2,2
44991,2023,3,6,2,4,153,44,3,0,1,1
44991,2023,3,6,2,4,262,82,7,0,5,3
44991,2023,3,6,2,3,40,61,2,0,2,2
44991,2023,3,6,2,4,116,78,9,1,3,2
44991,2023,3,6,2,4,80,18,4,0,2,1
44991,2023,3,6,2,3,153,67,12,0,4,2
44991,2023,3,6,2,4,101,11,15,1,6,6
44991,2023,3,6,2,3,40,61,2,1,2,2
44990,2023,3,5,1,1,364,35,2,0,3,2
44991,2023,3,6,2,4,116,67,9,1,3,3
44991,2023,3,6,2,3,287,11,20,0,1,1
44991,2023,3,6,2,4,376,72,11,1,2,2
44991,2023,3,6,2,3,364,20,11,0,2,2
44991,2023,3,6,2,4,285,11,20,0,2,1
44991,2023,3,6,2,3,116,49,10,1,2,2
44991,2023,3,6,2,4,365,11,20,0,1,1
44991,2023,3,6,2,4,110,9,1,0,1,1
44967,2023,2,10,6,2,174,67,20,0,1,1
44991,2023,3,6,2,4,116,11,21,1,1,1
44975,2023,2,18,7,1,356,82,11,0,4,2
44991,2023,3,6,2,3,101,11,15,1,3,3
44991,2023,3,6,2,1,267,11,20,0,1,1
44991,2023,3,6,2,4,116,1,12,0,5,3
44992,2023,3,7,3,1,135,9,1,0,4,1
44991,2023,3,6,2,4,40,60,2,0,3,2
44992,2023,3,7,3,1,262,18,4,0,5,1
44992,2023,3,7,3,1,356,11,21,0,1,1
44992,2023,3,7,3,1,381,60,2,1,2,2
44992,2023,3,7,3,1,40,11,20,1,1,1
44992,2023,3,7,3,1,428,17,11,1,3,2
44992,2023,3,7,3,2,40,16,12,1,4,3
44992,2023,3,7,3,1,40,78,9,0,2,2
44951,2023,1,25,4,3,153,1,11,1,2,2
44992,2023,3,7,3,2,116,52,9,1,2,2
44992,2023,3,7,3,2,153,13,21,0,2,1
44992,2023,3,7,3,2,116,52,9,1,3,2
44992,2023,3,7,3,2,290,11,21,1,1,1
44992,2023,3,7,3,2,116,16,12,1,5,4
44992,2023,3,7,3,2,393,82,11,1,2,2
44992,2023,3,7,3,2,476,67,2,1,2,2
44984,2023,2,27,2,4,280,1,12,1,2,2
44992,2023,3,7,3,2,101,1,11,1,2,2
44992,2023,3,7,3,2,101,67,4,0,1,1
44950,2023,1,24,3,4,381,9,1,0,1,1
44992,2023,3,7,3,2,153,13,21,0,2,1
44992,2023,3,7,3,2,158,67,20,0,2,1
44992,2023,3,7,3,2,116,1,11,1,3,2
44992,2023,3,7,3,2,459,52,3,0,1,1
44992,2023,3,7,3,2,376,61,2,1,2,2
44992,2023,3,7,3,2,364,1,11,0,3,2
44992,2023,3,7,3,2,365,2,11,1,2,2
44972,2023,2,15,4,4,135,67,12,1,2,2
44992,2023,3,7,3,2,343,1,11,1,2,2
44992,2023,3,7,3,2,101,67,21,0,1,1
44983,2023,2,26,1,3,476,67,4,0,1,1
44961,2023,2,4,7,1,40,49,7,1,3,2
44992,2023,3,7,3,2,280,52,11,1,2,2
44992,2023,3,7,3,2,101,1,9,1,2,2
44992,2023,3,7,3,2,367,28,20,0,2,1
44992,2023,3,7,3,3,116,78,9,1,2,2
44992,2023,3,7,3,2,369,72,11,1,3,2
44968,2023,2,11,7,4,135,11,12,1,5,2
44992,2023,3,7,3,3,262,4,20,1,2,1
44992,2023,3,7,3,3,365,67,7,0,4,2
44992,2023,3,7,3,3,230,1,9,1,3,3
44992,2023,3,7,3,2,493,67,20,0,1,1
44992,2023,3,7,3,3,101,35,2,0,2,2
44992,2023,3,7,3,3,60,28,4,0,3,1
44992,2023,3,7,3,3,101,52,12,0,3,2
44992,2023,3,7,3,3,354,35,2,1,2,2
44960,2023,2,3,6,4,40,67,12,1,2,1
44992,2023,3,7,3,3,259,18,7,1,3,2
44976,2023,2,19,1,2,163,52,11,1,4,3
44992,2023,3,7,3,3,40,4,20,0,1,1
44992,2023,3,7,3,3,364,18,20,1,4,1
44992,2023,3,7,3,3,324,52,7,0,3,3
44992,2023,3,7,3,2,232,1,11,1,2,2
44992,2023,3,7,3,3,116,83,20,0,1,1
44992,2023,3,7,3,2,101,67,15,0,5,5
44992,2023,3,7,3,3,280,1,11,0,4,2
44992,2023,3,7,3,3,40,13,3,0,1,1
44992,2023,3,7,3,3,356,1,11,1,3,2
44992,2023,3,7,3,3,101,67,12,0,4,2
44992,2023,3,7,3,3,116,83,12,0,2,2
44992,2023,3,7,3,3,364,15,20,0,1,1
44992,2023,3,7,3,3,373,33,11,1,2,2
44992,2023,3,7,3,3,262,67,20,0,2,1
44992,2023,3,7,3,3,101,49,4,0,1,1
44992,2023,3,7,3,3,393,1,11,1,3,2
44992,2023,3,7,3,3,101,11,21,0,1,1
44992,2023,3,7,3,3,364,1,11,1,2,2
44992,2023,3,7,3,4,304,16,9,1,2,2
44992,2023,3,7,3,3,101,52,11,1,2,2
44992,2023,3,7,3,3,381,11,4,0,1,1
44992,2023,3,7,3,3,468,82,9,0,5,2
44992,2023,3,7,3,4,428,9,1,0,1,1
44992,2023,3,7,3,4,40,1,11,1,4,2
44992,2023,3,7,3,4,447,67,12,1,2,2
44992,2023,3,7,3,4,101,60,2,1,3,2
44992,2023,3,7,3,4,101,16,12,1,2,2
44992,2023,3,7,3,4,226,18,3,0,1,1
44992,2023,3,7,3,4,365,51,20,0,1,1
44992,2023,3,7,3,4,101,33,7,1,2,2
44992,2023,3,7,3,4,101,11,20,0,1,1
44992,2023,3,7,3,4,376,83,20,0,2,1
44992,2023,3,7,3,4,135,9,1,0,2,1
44993,2023,3,8,4,1,376,33,11,1,2,2
44992,2023,3,7,3,4,285,60,2,0,2,2
44993,2023,3,8,4,2,101,15,3,0,1,1
44993,2023,3,8,4,2,60,83,12,1,4,3
44993,2023,3,8,4,2,470,82,11,1,2,2
44993,2023,3,8,4,2,116,52,9,1,2,2
44992,2023,3,7,3,4,304,9,1,0,2,1
44993,2023,3,8,4,2,116,80,7,0,2,2
44993,2023,3,8,4,2,369,1,11,1,2,2
44993,2023,3,8,4,2,104,11,12,1,4,2
44992,2023,3,7,3,3,116,67,12,0,2,2
44993,2023,3,8,4,2,230,52,9,1,3,2
44993,2023,3,8,4,2,470,33,11,1,2,2
44993,2023,3,8,4,2,135,11,11,0,2,2
44993,2023,3,8,4,2,116,61,2,1,2,2
44993,2023,3,8,4,2,101,16,12,0,2,2
44993,2023,3,8,4,2,101,11,21,1,1,1
44993,2023,3,8,4,2,40,52,9,1,2,2
44993,2023,3,8,4,2,101,75,11,1,3,2
44993,2023,3,8,4,2,364,49,11,1,2,2
44969,2023,2,12,1,2,101,15,20,0,1,1
44993,2023,3,8,4,2,381,83,20,1,1,1
44993,2023,3,8,4,2,316,2,9,0,3,2
44992,2023,3,7,3,4,158,11,20,0,1,1
44993,2023,3,8,4,2,235,33,7,1,4,3
44993,2023,3,8,4,2,290,67,12,1,3,2
44993,2023,3,8,4,2,101,67,4,0,1,1
44993,2023,3,8,4,2,280,67,12,1,2,2
44993,2023,3,8,4,2,116,13,21,0,1,1
44993,2023,3,8,4,2,101,83,7,0,4,3
44993,2023,3,8,4,2,316,67,12,1,2,2
44993,2023,3,8,4,2,101,67,11,1,2,2
44993,2023,3,8,4,2,235,41,20,0,1,1
44993,2023,3,8,4,2,116,56,4,0,1,1
44993,2023,3,8,4,2,392,80,7,1,5,3
44993,2023,3,8,4,2,290,1,11,1,3,2
44993,2023,3,8,4,2,101,67,15,0,4,3
44941,2023,1,15,1,2,476,11,9,1,3,3
44993,2023,3,8,4,2,470,67,12,1,4,4
44993,2023,3,8,4,2,70,1,7,1,2,2
44993,2023,3,8,4,2,495,2,11,1,2,2
44993,2023,3,8,4,3,116,11,12,1,2,2
44993,2023,3,8,4,3,116,1,11,0,2,2
44993,2023,3,8,4,2,230,1,11,1,4,2
44993,2023,3,8,4,3,116,28,21,0,1,1
44993,2023,3,8,4,3,116,11,12,0,3,3
44993,2023,3,8,4,3,290,52,11,0,2,2
44993,2023,3,8,4,3,381,11,4,0,2,2
44993,2023,3,8,4,3,369,28,18,0,2,1
44993,2023,3,8,4,3,104,52,9,0,3,3
44993,2023,3,8,4,3,101,51,20,0,1,1
44993,2023,3,8,4,2,101,28,21,0,2,1
44993,2023,3,8,4,3,235,44,12,0,2,2
44993,2023,3,8,4,3,230,52,9,1,2,2
44993,2023,3,8,4,3,20,11,4,1,1,1
44993,2023,3,8,4,2,101,11,9,0,2,2
44993,2023,3,8,4,3,406,4,20,0,4,1
44993,2023,3,8,4,3,343,11,9,1,3,2
44993,2023,3,8,4,3,116,78,12,1,2,2
44993,2023,3,8,4,3,40,13,21,1,2,1
44993,2023,3,8,4,3,343,16,12,1,2,2
44993,2023,3,8,4,2,116,83,3,0,1,1
44993,2023,3,8,4,3,381,11,9,0,2,2
44993,2023,3,8,4,3,364,33,11,0,2,2
44993,2023,3,8,4,3,101,16,4,0,1,1
44993,2023,3,8,4,3,110,61,2,1,2,2
44993,2023,3,8,4,3,116,1,9,1,3,2
44993,2023,3,8,4,3,316,60,2,0,2,2
44993,2023,3,8,4,3,277,16,12,1,2,2
44993,2023,3,8,4,3,101,52,9,1,2,2
44993,2023,3,8,4,3,282,1,7,1,2,2
44993,2023,3,8,4,3,101,11,4,1,1,1
44993,2023,3,8,4,3,116,16,12,1,3,2
44993,2023,3,8,4,3,101,67,12,1,3,2
44993,2023,3,8,4,4,101,60,2,1,2,2
44974,2023,2,17,6,1,376,15,4,0,2,1
44993,2023,3,8,4,3,343,82,12,0,2,2
44993,2023,3,8,4,3,101,1,11,0,3,2
44993,2023,3,8,4,3,381,52,9,0,2,2
44993,2023,3,8,4,4,472,1,11,1,2,2
44993,2023,3,8,4,3,101,20,10,1,2,2
44993,2023,3,8,4,4,376,49,12,0,2,2
44993,2023,3,8,4,4,116,67,12,1,3,2
44993,2023,3,8,4,3,364,1,9,1,3,2
44993,2023,3,8,4,4,407,1,11,1,2,2
44993,2023,3,8,4,4,230,67,7,1,2,2
44993,2023,3,8,4,4,116,9,1,1,1,1
44993,2023,3,8,4,4,101,11,7,0,3,2
44993,2023,3,8,4,4,116,9,9,1,2,2
44993,2023,3,8,4,4,40,33,11,1,3,2
44993,2023,3,8,4,4,267,1,11,1,3,2
44993,2023,3,8,4,4,101,78,12,1,2,2
44993,2023,3,8,4,4,262,11,12,0,2,2
44993,2023,3,8,4,4,163,67,12,0,3,2
44993,2023,3,8,4,4,101,49,3,1,2,1
44993,2023,3,8,4,4,70,51,20,1,1,1
44993,2023,3,8,4,4,364,33,11,1,2,2
44993,2023,3,8,4,4,470,9,1,0,2,1
44993,2023,3,8,4,4,406,9,1,0,1,1
44994,2023,3,9,5,1,381,9,20,0,2,1
44993,2023,3,8,4,4,282,49,7,1,7,2
44994,2023,3,9,5,1,232,52,7,1,4,2
44994,2023,3,9,5,1,101,52,11,1,2,2
44993,2023,3,8,4,4,364,11,2,1,2,2
44994,2023,3,9,5,1,290,49,20,0,1,1
44994,2023,3,9,5,1,290,9,20,0,1,1
44994,2023,3,9,5,1,40,18,20,0,1,1
44994,2023,3,9,5,1,343,11,4,1,1,1
44994,2023,3,9,5,1,316,67,4,0,1,1
44994,2023,3,9,5,2,40,78,9,1,3,3
44994,2023,3,9,5,2,290,28,18,0,1,1
44974,2023,2,17,6,3,101,78,2,1,2,2
44994,2023,3,9,5,2,101,1,12,1,2,2
44994,2023,3,9,5,2,60,52,9,0,2,2
44994,2023,3,9,5,2,230,11,11,1,2,2
44994,2023,3,9,5,2,232,52,11,0,2,2
44994,2023,3,9,5,2,116,12,12,1,3,3
44994,2023,3,9,5,2,116,67,12,1,3,2
44994,2023,3,9,5,2,101,11,12,1,2,2
44994,2023,3,9,5,2,282,82,9,1,2,2
44994,2023,3,9,5,2,40,67,11,1,2,2
44994,2023,3,9,5,2,116,11,15,1,5,4
44994,2023,3,9,5,2,101,16,15,0,6,4
44994,2023,3,9,5,2,116,67,12,1,2,2
44994,2023,3,9,5,2,376,1,9,0,2,2
44994,2023,3,9,5,2,101,16,12,1,2,2
44994,2023,3,9,5,2,70,5,9,1,2,2
44994,2023,3,9,5,2,101,16,12,1,2,2
44993,2023,3,8,4,4,116,67,20,0,1,1
44994,2023,3,9,5,2,376,11,12,1,2,2
44994,2023,3,9,5,2,153,11,4,0,5,1
44994,2023,3,9,5,2,262,16,12,0,3,3
44994,2023,3,9,5,2,262,1,11,0,3,2
44979,2023,2,22,4,2,158,1,11,0,3,2
44994,2023,3,9,5,2,101,13,21,1,1,1
44994,2023,3,9,5,2,470,11,9,1,2,2
44994,2023,3,9,5,2,116,67,12,1,3,2
44994,2023,3,9,5,2,381,67,4,0,2,1
44977,2023,2,20,2,4,174,49,15,0,3,3
44994,2023,3,9,5,2,364,67,20,0,1,1
44994,2023,3,9,5,2,101,20,9,1,3,2
44994,2023,3,9,5,2,376,16,12,1,2,2
44994,2023,3,9,5,2,282,15,20,0,1,1
44993,2023,3,8,4,3,277,80,10,0,2,2
44956,2023,1,30,2,3,101,49,2,1,3,2
44994,2023,3,9,5,1,277,9,1,0,15,1
44994,2023,3,9,5,2,364,11,11,1,2,2
44994,2023,3,9,5,2,116,67,12,1,2,2
44934,2023,1,8,1,4,40,83,21,0,1,1
44994,2023,3,9,5,2,222,51,20,1,1,1
44994,2023,3,9,5,2,293,33,11,0,3,2
44994,2023,3,9,5,2,470,16,15,0,3,3
44994,2023,3,9,5,2,116,1,9,0,2,2
44994,2023,3,9,5,2,381,13,21,0,2,1
44994,2023,3,9,5,2,116,35,2,1,2,2
44994,2023,3,9,5,2,116,61,2,1,2,2
44994,2023,3,9,5,3,101,18,20,1,3,1
44994,2023,3,9,5,2,364,1,11,1,3,2
44981,2023,2,24,6,3,282,25,12,0,2,2
44994,2023,3,9,5,3,381,1,9,1,2,2
44994,2023,3,9,5,3,70,1,11,0,2,2
44994,2023,3,9,5,2,381,80,7,0,3,2
44994,2023,3,9,5,2,10,82,11,1,3,2
44994,2023,3,9,5,3,232,1,11,1,4,3
44994,2023,3,9,5,3,101,11,12,1,2,2
44983,2023,2,26,1,2,116,82,4,0,2,2
44994,2023,3,9,5,2,470,16,12,0,2,2
44975,2023,2,18,7,2,304,52,7,1,4,2
44987,2023,3,2,5,1,364,11,21,1,3,2
44978,2023,2,21,3,2,467,49,20,1,1,1
44986,2023,3,1,4,2,60,15,11,0,2,2
44994,2023,3,9,5,3,364,1,9,0,2,2
44978,2023,2,21,3,4,365,67,9,0,3,2
44994,2023,3,9,5,3,304,83,20,0,1,1
44994,2023,3,9,5,3,116,9,1,1,1,1
44994,2023,3,9,5,3,381,28,21,0,1,1
44994,2023,3,9,5,3,285,1,11,1,4,2
44994,2023,3,9,5,3,116,80,7,1,2,2
44994,2023,3,9,5,3,40,48,20,0,1,1
44994,2023,3,9,5,3,101,1,11,1,4,4
44994,2023,3,9,5,3,287,67,2,1,2,2
44994,2023,3,9,5,2,101,11,3,1,1,1
44994,2023,3,9,5,3,376,67,11,1,2,2
44962,2023,2,5,1,3,386,11,21,1,2,2
44994,2023,3,9,5,2,116,9,21,0,2,1
44994,2023,3,9,5,3,381,83,15,0,4,4
44994,2023,3,9,5,3,116,51,12,1,3,2
44994,2023,3,9,5,3,40,28,18,0,1,1
44976,2023,2,19,1,4,316,9,1,0,1,1
44994,2023,3,9,5,3,116,5,4,0,2,1
44994,2023,3,9,5,3,40,61,2,1,3,2
44994,2023,3,9,5,3,392,72,11,0,2,2
44994,2023,3,9,5,4,101,1,11,1,2,2
44994,2023,3,9,5,3,158,67,20,0,2,1
44994,2023,3,9,5,3,116,61,2,1,3,2
44994,2023,3,9,5,4,50,1,9,0,2,2
44994,2023,3,9,5,3,40,11,12,1,4,2
44994,2023,3,9,5,3,163,82,12,0,4,3
44994,2023,3,9,5,3,116,80,7,1,3,3
44994,2023,3,9,5,4,40,52,9,1,2,2
44983,2023,2,26,1,2,116,16,9,0,3,2
44994,2023,3,9,5,4,101,9,1,0,1,1
44994,2023,3,9,5,4,153,67,4,1,1,1
44994,2023,3,9,5,4,285,80,11,1,5,2
44994,2023,3,9,5,3,163,67,2,1,2,2
44994,2023,3,9,5,3,493,1,11,0,2,2
44944,2023,1,18,4,4,153,11,20,0,2,2
44994,2023,3,9,5,3,135,52,9,0,2,2
44994,2023,3,9,5,4,101,11,4,1,1,1
44994,2023,3,9,5,3,476,83,7,0,2,2
44994,2023,3,9,5,3,60,4,20,0,1,1
44994,2023,3,9,5,4,116,18,4,1,4,3
44994,2023,3,9,5,4,393,35,2,1,2,2
44994,2023,3,9,5,4,471,83,4,1,1,1
44994,2023,3,9,5,4,476,33,10,0,2,2
44994,2023,3,9,5,4,381,83,3,0,2,1
44995,2023,3,10,6,1,153,49,20,1,1,1
44994,2023,3,9,5,4,262,83,21,1,1,1