id_data,ano,mes,dia,id_dia_semana,periodo,br,id_causa_acidente,id_tipo_acidente,id_uso_solo,pessoas,veiculos
45008,2023,3,23,5,2,101,1,11,1,2,2
45008,2023,3,23,5,2,101,16,12,1,3,2
45008,2023,3,23,5,2,116,52,12,0,3,2
45008,2023,3,23,5,2,101,67,4,0,1,1
45008,2023,3,23,5,2,381,11,21,1,2,2
45008,2023,3,23,5,2,376,11,20,0,5,2
45008,2023,3,23,5,2,116,11,9,1,2,2
45008,2023,3,23,5,2,174,33,11,1,2,2
45008,2023,3,23,5,2,40,52,9,0,3,2
45008,2023,3,23,5,2,101,13,20,0,2,1
45008,2023,3,23,5,2,392,1,11,1,3,3
45008,2023,3,23,5,2,116,1,11,0,2,2
45008,2023,3,23,5,2,116,11,20,0,1,1
45008,2023,3,23,5,2,493,67,12,1,2,2
45008,2023,3,23,5,1,364,20,11,0,4,2
45008,2023,3,23,5,2,116,67,9,1,2,2
45008,2023,3,23,5,2,101,15,4,0,1,1
45008,2023,3,23,5,2,369,1,9,1,2,2
45008,2023,3,23,5,2,101,78,12,0,2,2
44934,2023,1,8,1,3,381,29,21,0,2,1
45008,2023,3,23,5,2,272,82,12,0,3,3
45008,2023,3,23,5,2,40,1,9,0,2,2
45008,2023,3,23,5,2,285,1,9,1,2,2
44992,2023,3,7,3,4,20,35,2,0,3,2
45008,2023,3,23,5,2,101,52,9,1,2,2
45008,2023,3,23,5,2,277,49,20,1,1,1
45008,2023,3,23,5,2,101,16,12,1,2,2
45008,2023,3,23,5,2,40,67,11,0,2,2
45008,2023,3,23,5,2,235,83,11,0,2,2
44952,2023,1,26,5,1,101,67,21,1,1,1
45008,2023,3,23,5,2,290,11,4,1,1,1
45008,2023,3,23,5,2,116,78,11,1,2,2
45008,2023,3,23,5,2,40,13,21,0,2,1
45008,2023,3,23,5,2,101,80,7,0,2,2
45008,2023,3,23,5,2,226,80,7,0,2,2
45008,2023,3,23,5,2,381,1,11,1,2,2
45008,2023,3,23,5,3,101,61,2,0,2,2
45008,2023,3,23,5,2,116,11,15,1,4,4
45008,2023,3,23,5,3,101,1,11,0,3,2
45008,2023,3,23,5,3,116,67,4,0,1,1
45008,2023,3,23,5,3,10,67,10,1,2,2
45008,2023,3,23,5,3,381,11,21,0,1,1
45008,2023,3,23,5,3,40,1,9,1,2,2
45008,2023,3,23,5,3,101,67,12,1,2,2
45008,2023,3,23,5,3,364,1,11,1,3,2
45008,2023,3,23,5,3,110,1,11,1,2,2
45008,2023,3,23,5,3,40,11,20,0,1,1
45008,2023,3,23,5,3,101,16,12,0,2,2
45008,2023,3,23,5,3,116,1,11,0,2,2
45008,2023,3,23,5,3,381,1,11,1,4,3
45008,2023,3,23,5,3,101,11,12,0,3,2
45008,2023,3,23,5,3,20,67,21,1,1,1
44986,2023,3,1,4,2,101,1,12,1,1,1
45008,2023,3,23,5,3,116,11,4,0,1,1
45008,2023,3,23,5,3,101,52,9,1,2,2
45008,2023,3,23,5,3,60,1,11,1,2,2
45008,2023,3,23,5,3,101,78,11,1,3,2
45008,2023,3,23,5,3,50,76,12,1,3,3
45008,2023,3,23,5,3,319,67,12,1,3,2
45008,2023,3,23,5,3,293,20,11,0,3,2
45008,2023,3,23,5,4,116,67,12,1,2,2
45008,2023,3,23,5,3,116,67,4,0,1,1
45005,2023,3,20,2,2,116,20,4,0,2,2
45008,2023,3,23,5,4,381,1,9,1,2,2
45008,2023,3,23,5,3,376,82,10,0,2,2
45008,2023,3,23,5,4,116,33,11,1,4,3
45008,2023,3,23,5,4,356,1,11,1,2,2
45008,2023,3,23,5,3,153,33,11,1,2,2
45008,2023,3,23,5,3,163,83,20,0,1,1
45008,2023,3,23,5,3,470,1,10,0,2,2
45008,2023,3,23,5,4,470,1,11,1,6,2
45008,2023,3,23,5,4,101,28,18,0,1,1
45008,2023,3,23,5,4,419,9,1,0,2,1
45008,2023,3,23,5,4,316,67,11,1,2,2
45008,2023,3,23,5,3,116,1,11,0,3,2
45008,2023,3,23,5,4,163,52,7,1,2,2
45008,2023,3,23,5,4,116,1,9,1,3,2
45008,2023,3,23,5,4,116,7,21,1,1,1
45008,2023,3,23,5,4,163,67,20,0,1,1
45008,2023,3,23,5,4,158,80,7,0,2,2
45008,2023,3,23,5,4,101,28,12,0,2,2
44951,2023,1,25,4,1,392,67,20,0,1,1
45008,2023,3,23,5,4,116,49,20,0,1,1
45009,2023,3,24,6,1,282,67,20,1,1,1
45008,2023,3,23,5,4,101,33,11,1,2,2
45009,2023,3,24,6,1,101,52,12,0,2,2
45009,2023,3,24,6,1,101,11,20,1,1,1
45009,2023,3,24,6,1,116,9,1,1,4,2
45009,2023,3,24,6,1,376,16,12,0,3,2
45009,2023,3,24,6,1,101,9,1,0,5,1
45009,2023,3,24,6,1,304,82,7,0,7,2
45009,2023,3,24,6,2,101,28,18,1,1,1
45009,2023,3,24,6,2,324,11,9,1,2,2
45009,2023,3,24,6,1,364,67,12,0,3,2
45009,2023,3,24,6,2,376,67,12,0,2,2
45009,2023,3,24,6,2,392,11,20,0,1,1
45009,2023,3,24,6,2,235,16,12,0,2,2
45009,2023,3,24,6,2,116,16,12,1,3,2
45009,2023,3,24,6,2,116,2,21,0,2,1
45009,2023,3,24,6,2,153,65,12,0,4,3
45009,2023,3,24,6,1,277,67,20,0,2,2
45009,2023,3,24,6,2,210,52,11,1,3,2
45009,2023,3,24,6,2,153,11,20,0,1,1
45009,2023,3,24,6,2,40,16,12,1,2,2
44978,2023,2,21,3,2,101,83,4,1,3,2
45009,2023,3,24,6,2,101,52,9,1,3,3
45009,2023,3,24,6,2,116,52,9,1,2,2
45009,2023,3,24,6,2,110,5,20,1,1,1
44986,2023,3,1,4,3,20,67,20,0,5,1
45009,2023,3,24,6,2,101,16,15,1,6,6
45009,2023,3,24,6,1,101,28,18,0,1,1
45009,2023,3,24,6,2,235,33,11,1,2,2
45009,2023,3,24,6,2,116,11,12,0,2,2
45009,2023,3,24,6,2,381,67,20,0,3,1
45009,2023,3,24,6,2,393,1,11,0,4,2
45009,2023,3,24,6,2,470,80,7,1,2,2
45008,2023,3,23,5,4,364,28,20,0,1,1
45009,2023,3,24,6,2,153,1,9,1,2,2
45009,2023,3,24,6,2,222,67,12,1,5,5
44985,2023,2,28,3,3,110,21,20,0,6,1
45009,2023,3,24,6,2,101,61,2,0,2,2
45009,2023,3,24,6,2,101,1,9,0,3,2
44999,2023,3,14,3,3,376,44,3,0,3,1
45005,2023,3,20,2,2,101,4,20,0,1,1
45009,2023,3,24,6,2,470,11,12,0,2,2
45001,2023,3,16,5,4,101,67,7,1,3,2
45009,2023,3,24,6,2,280,82,9,0,3,3
45009,2023,3,24,6,2,101,52,9,0,3,2
44996,2023,3,11,7,2,364,63,21,0,1,1
45009,2023,3,24,6,2,101,13,20,0,2,1
45009,2023,3,24,6,3,280,49,12,1,2,2
45009,2023,3,24,6,2,381,16,12,0,4,2
44977,2023,2,20,2,3,316,49,20,0,2,1
45009,2023,3,24,6,2,470,11,11,0,3,2
45009,2023,3,24,6,2,40,82,9,0,3,2
45009,2023,3,24,6,3,60,16,12,0,2,2
45009,2023,3,24,6,3,232,1,11,1,4,2
45009,2023,3,24,6,3,101,33,11,1,3,2
45009,2023,3,24,6,2,158,11,20,0,1,1
45009,2023,3,24,6,3,392,13,3,1,1,1
45009,2023,3,24,6,3,163,67,12,0,2,2
44989,2023,3,4,7,1,101,9,1,1,5,2
45009,2023,3,24,6,2,364,1,11,0,5,2
45009,2023,3,24,6,3,230,11,12,0,2,2
45009,2023,3,24,6,3,230,11,12,1,2,2
45009,2023,3,24,6,3,101,82,2,0,2,2
45009,2023,3,24,6,3,386,13,21,0,1,1
45009,2023,3,24,6,3,116,78,9,1,3,2
45009,2023,3,24,6,2,262,11,20,0,1,1
45009,2023,3,24,6,3,40,67,9,0,2,2
45009,2023,3,24,6,3,116,11,12,0,3,2
45009,2023,3,24,6,3,116,35,2,0,2,2
44973,2023,2,16,5,4,40,7,21,1,1,1
45009,2023,3,24,6,3,101,78,9,0,2,2
45009,2023,3,24,6,3,20,16,12,1,6,2
45009,2023,3,24,6,3,116,78,9,1,4,2
45009,2023,3,24,6,3,376,67,4,1,1,1
45009,2023,3,24,6,3,116,1,11,0,3,2
45009,2023,3,24,6,3,116,50,20,0,1,1
45009,2023,3,24,6,3,101,16,12,1,2,2
45009,2023,3,24,6,3,116,61,2,1,2,2
45009,2023,3,24,6,3,153,16,12,1,2,2
45009,2023,3,24,6,4,158,33,11,1,2,2
45009,2023,3,24,6,3,101,16,12,1,1,1
45009,2023,3,24,6,2,101,78,9,1,2,2
45009,2023,3,24,6,3,116,52,9,0,1,1
45009,2023,3,24,6,3,282,83,20,0,1,1
45009,2023,3,24,6,3,364,11,9,1,2,2
44994,2023,3,9,5,4,116,35,2,1,2,2
45009,2023,3,24,6,4,101,61,2,1,3,2
45009,2023,3,24,6,4,40,1,11,1,2,2
45009,2023,3,24,6,4,101,52,9,0,2,2
45009,2023,3,24,6,4,285,28,20,0,1,1
45009,2023,3,24,6,3,381,52,9,1,2,2
45009,2023,3,24,6,4,342,17,11,1,2,2
45009,2023,3,24,6,4,153,11,11,1,3,2
45009,2023,3,24,6,4,101,1,11,1,2,2
45009,2023,3,24,6,3,104,16,12,0,2,2
45009,2023,3,24,6,4,116,67,12,1,4,3
45003,2023,3,18,7,3,469,1,11,0,3,2
45009,2023,3,24,6,3,407,11,11,1,2,2
45009,2023,3,24,6,3,135,83,21,1,2,1
45009,2023,3,24,6,4,470,67,20,0,3,1
45009,2023,3,24,6,4,40,72,20,1,1,1
45009,2023,3,24,6,4,392,28,21,0,2,1
45009,2023,3,24,6,4,116,46,20,0,2,1
45009,2023,3,24,6,4,40,35,2,1,4,2
45009,2023,3,24,6,4,60,48,2,1,2,2
45009,2023,3,24,6,4,101,67,12,1,2,2
45009,2023,3,24,6,4,101,44,11,1,2,2
45009,2023,3,24,6,4,101,9,20,0,1,1
45009,2023,3,24,6,4,463,78,2,0,2,2
45009,2023,3,24,6,4,116,16,21,0,1,1
45009,2023,3,24,6,4,369,67,4,0,2,1
45009,2023,3,24,6,4,493,67,7,1,2,2
45009,2023,3,24,6,4,401,16,9,1,4,3
45009,2023,3,24,6,4,116,33,11,1,2,2
45009,2023,3,24,6,4,50,11,4,0,1,1
45009,2023,3,24,6,4,282,52,9,0,2,2
45009,2023,3,24,6,4,116,28,4,0,1,1
45009,2023,3,24,6,4,40,67,20,0,1,1
45010,2023,3,25,7,1,392,49,20,0,4,2
45009,2023,3,24,6,4,40,67,9,1,4,2
45010,2023,3,25,7,1,470,11,4,0,1,1
45009,2023,3,24,6,4,116,80,7,0,7,3
45010,2023,3,25,7,1,376,67,9,1,1,1
45010,2023,3,25,7,1,101,9,1,0,1,1
45009,2023,3,24,6,4,392,11,2,1,2,2
45010,2023,3,25,7,1,226,49,12,1,6,2
45009,2023,3,24,6,4,470,67,20,0,1,1
45010,2023,3,25,7,1,158,9,1,0,1,1
45010,2023,3,25,7,1,316,11,4,1,1,1
45010,2023,3,25,7,1,163,18,7,0,5,2
45010,2023,3,25,7,1,459,9,1,0,1,1
45010,2023,3,25,7,1,290,49,20,0,1,1
45010,2023,3,25,7,1,101,49,4,1,1,1
45010,2023,3,25,7,1,158,49,20,1,1,1
45010,2023,3,25,7,1,418,49,7,1,2,2
45010,2023,3,25,7,1,101,83,4,1,1,1
45010,2023,3,25,7,2,282,49,20,1,1,1
45010,2023,3,25,7,1,40,49,4,0,4,1
45010,2023,3,25,7,1,280,1,7,1,2,2
45010,2023,3,25,7,2,470,11,4,0,1,1
45010,2023,3,25,7,2,116,52,12,1,3,3
45010,2023,3,25,7,2,101,67,9,1,2,2
45010,2023,3,25,7,1,116,67,20,0,1,1
45010,2023,3,25,7,2,356,28,18,0,1,1
45010,2023,3,25,7,2,153,19,20,0,3,1
44998,2023,3,13,2,4,423,35,2,1,2,2
45010,2023,3,25,7,2,226,20,12,1,4,3
45010,2023,3,25,7,2,101,28,21,1,2,1
45010,2023,3,25,7,2,101,67,11,1,2,2
45010,2023,3,25,7,2,493,82,12,0,4,2
45010,2023,3,25,7,2,343,16,12,1,3,3
45010,2023,3,25,7,2,40,35,2,1,2,2
45010,2023,3,25,7,2,116,52,21,1,2,2
45010,2023,3,25,7,2,101,33,11,1,2,2
45010,2023,3,25,7,2,101,33,11,0,5,2
45010,2023,3,25,7,2,470,11,11,1,2,2
45010,2023,3,25,7,2,319,52,9,1,3,2
45010,2023,3,25,7,2,316,67,4,0,2,2
45010,2023,3,25,7,2,101,67,21,1,1,1
45010,2023,3,25,7,2,293,1,9,0,2,2
45010,2023,3,25,7,2,158,51,20,0,1,1
45010,2023,3,25,7,2,60,67,3,0,1,1
45010,2023,3,25,7,2,163,10,2,1,2,2
45010,2023,3,25,7,2,10,49,20,0,1,1
45010,2023,3,25,7,2,101,80,7,1,2,2
45010,2023,3,25,7,2,163,82,7,0,2,2
45010,2023,3,25,7,2,381,67,21,1,1,1
45010,2023,3,25,7,2,158,33,11,1,2,2
45010,2023,3,25,7,2,70,33,10,0,3,2
45010,2023,3,25,7,2,116,1,11,1,2,2
45002,2023,3,17,6,4,343,15,4,1,1,1
45010,2023,3,25,7,2,116,67,20,0,1,1
45010,2023,3,25,7,2,146,1,11,0,3,2
45010,2023,3,25,7,2,381,63,9,0,5,1
45010,2023,3,25,7,2,381,16,1,0,5,2
45010,2023,3,25,7,2,110,67,21,0,1,1
45010,2023,3,25,7,3,40,11,20,0,1,1
45010,2023,3,25,7,2,376,11,12,0,2,2
45010,2023,3,25,7,2,101,11,20,1,1,1
45010,2023,3,25,7,2,101,33,11,1,2,2
45010,2023,3,25,7,2,381,11,20,0,2,1
45010,2023,3,25,7,3,381,72,15,0,7,4
45010,2023,3,25,7,3,262,52,20,0,4,2
45010,2023,3,25,7,3,40,1,12,1,2,2
45010,2023,3,25,7,3,101,52,9,1,2,2
45010,2023,3,25,7,3,116,18,20,0,1,1
45010,2023,3,25,7,2,470,1,11,0,2,2
45010,2023,3,25,7,3,110,28,18,0,1,1
45010,2023,3,25,7,3,369,13,20,1,2,1
45010,2023,3,25,7,3,428,35,2,1,2,2
45010,2023,3,25,7,3,232,52,4,1,2,1
45010,2023,3,25,7,3,232,80,7,1,2,2
45010,2023,3,25,7,4,60,49,20,0,1,1
45010,2023,3,25,7,3,381,67,4,0,1,1
45010,2023,3,25,7,3,101,11,20,1,4,2
45010,2023,3,25,7,4,282,80,10,0,2,2
45010,2023,3,25,7,4,101,67,7,0,3,3
45010,2023,3,25,7,3,116,11,4,1,3,1
45010,2023,3,25,7,3,163,49,20,0,3,1
45010,2023,3,25,7,3,277,28,4,0,1,1
45010,2023,3,25,7,3,463,62,20,0,1,1
45010,2023,3,25,7,3,230,52,11,1,3,2
45010,2023,3,25,7,4,158,33,11,0,2,2
45010,2023,3,25,7,3,361,11,21,0,3,1
45010,2023,3,25,7,4,101,11,12,1,2,2
45010,2023,3,25,7,3,226,60,2,1,2,2
45010,2023,3,25,7,3,153,49,9,0,2,2
45010,2023,3,25,7,3,174,64,20,0,4,1
45010,2023,3,25,7,3,40,11,3,1,1,1
45010,2023,3,25,7,3,414,83,20,1,1,1
45010,2023,3,25,7,3,101,11,7,0,2,2
45010,2023,3,25,7,2,343,1,11,1,2,2
45010,2023,3,25,7,4,153,49,12,0,2,2
45010,2023,3,25,7,3,367,67,20,0,1,1
45010,2023,3,25,7,4,116,16,12,1,2,2
45010,2023,3,25,7,4,101,60,2,1,2,2
45010,2023,3,25,7,3,285,11,20,0,3,1
45010,2023,3,25,7,4,116,4,7,0,3,2
45010,2023,3,25,7,3,116,11,21,1,1,1
45010,2023,3,25,7,4,343,16,12,1,2,2
45010,2023,3,25,7,4,101,52,9,0,2,2
45010,2023,3,25,7,4,40,49,20,1,1,1
45010,2023,3,25,7,3,153,80,7,1,2,2
45010,2023,3,25,7,4,40,35,2,1,2,2
45010,2023,3,25,7,4,153,80,10,0,3,3
45010,2023,3,25,7,4,153,11,20,0,3,1
45010,2023,3,25,7,4,277,61,2,1,2,2
45010,2023,3,25,7,4,40,11,20,0,2,1
45010,2023,3,25,7,4,116,16,20,0,2,1
45010,2023,3,25,7,3,381,18,20,0,1,1
45010,2023,3,25,7,3,316,49,11,1,2,2
45010,2023,3,25,7,3,101,82,4,0,2,1
45010,2023,3,25,7,4,470,49,20,0,2,1
45010,2023,3,25,7,4,267,11,10,1,4,2
45010,2023,3,25,7,4,470,49,20,0,1,1
45010,2023,3,25,7,4,101,11,20,0,2,1
45010,2023,3,25,7,4,153,52,11,0,3,2
45010,2023,3,25,7,4,40,67,4,1,1,1
45010,2023,3,25,7,4,10,16,12,1,3,2
45010,2023,3,25,7,4,101,80,7,0,7,2
45010,2023,3,25,7,4,232,11,10,0,3,2
45010,2023,3,25,7,4,116,49,4,1,1,1
45010,2023,3,25,7,4,101,9,1,1,1,1
45010,2023,3,25,7,4,230,63,7,0,3,2
45010,2023,3,25,7,3,40,83,7,0,8,3
45010,2023,3,25,7,4,110,11,20,0,1,1
45010,2023,3,25,7,4,50,83,20,0,1,1
45011,2023,3,26,1,1,407,1,9,1,3,2
45011,2023,3,26,1,1,101,18,20,0,2,1
45010,2023,3,25,7,4,280,11,11,1,2,2
45010,2023,3,25,7,4,343,52,7,1,2,2
45011,2023,3,26,1,1,116,51,21,0,1,1
45011,2023,3,26,1,1,60,16,9,1,2,2
45011,2023,3,26,1,1,101,20,9,1,5,2
45010,2023,3,25,7,3,116,6,21,0,1,1
45011,2023,3,26,1,1,386,11,4,0,1,1
45011,2023,3,26,1,1,324,11,3,0,1,1
45011,2023,3,26,1,1,376,83,20,1,2,1
45011,2023,3,26,1,1,116,16,12,1,2,2
45010,2023,3,25,7,4,369,19,20,0,2,1
45011,2023,3,26,1,1,116,49,20,0,1,1
45011,2023,3,26,1,1,364,80,7,0,2,2
45011,2023,3,26,1,1,60,18,4,1,1,1
45010,2023,3,25,7,3,153,67,12,1,2,2
45011,2023,3,26,1,1,163,67,4,1,1,1
45011,2023,3,26,1,1,290,67,12,0,4,2
45011,2023,3,26,1,1,101,11,4,0,2,1
45011,2023,3,26,1,1,110,11,10,1,2,2
45011,2023,3,26,1,1,80,67,20,0,2,1
45011,2023,3,26,1,1,116,1,4,0,1,1
45011,2023,3,26,1,1,324,49,4,1,1,1
45011,2023,3,26,1,1,230,18,4,1,2,1
45011,2023,3,26,1,1,101,67,4,1,1,1
45011,2023,3,26,1,2,324,1,10,1,2,2
45011,2023,3,26,1,1,386,13,20,0,1,1
45010,2023,3,25,7,4,40,33,11,1,4,2
45011,2023,3,26,1,2,381,11,20,0,1,1
45010,2023,3,25,7,3,226,11,10,0,3,3
45011,2023,3,26,1,2,262,67,20,0,7,1
45010,2023,3,25,7,3,282,67,20,0,1,1
45010,2023,3,25,7,4,116,67,4,0,1,1
45011,2023,3,26,1,1,101,11,2,0,2,2
45011,2023,3,26,1,1,40,18,4,1,1,1
45011,2023,3,26,1,2,116,49,20,1,1,1
44983,2023,2,26,1,4,101,16,12,1,4,2
45011,2023,3,26,1,1,470,67,20,0,1,1
45011,2023,3,26,1,2,376,18,20,0,3,1
45011,2023,3,26,1,1,343,11,20,0,2,1
45010,2023,3,25,7,4,40,56,4,0,1,1
45011,2023,3,26,1,1,153,49,20,0,1,1
45011,2023,3,26,1,1,153,15,20,0,1,1
45011,2023,3,26,1,2,405,11,20,0,2,1
45011,2023,3,26,1,2,304,28,4,0,2,1
45011,2023,3,26,1,2,324,67,20,0,2,1
45011,2023,3,26,1,1,101,67,20,0,1,1
45011,2023,3,26,1,2,277,11,4,0,1,1
45011,2023,3,26,1,2,40,83,20,0,2,1
45011,2023,3,26,1,2,116,67,12,0,2,2
45007,2023,3,22,4,3,381,83,21,0,1,1
45011,2023,3,26,1,2,116,67,20,0,1,1
45011,2023,3,26,1,2,60,52,12,0,4,3
45011,2023,3,26,1,2,101,14,20,1,3,1
45011,2023,3,26,1,2,163,18,3,0,1,1
45011,2023,3,26,1,2,470,67,12,0,2,2
45011,2023,3,26,1,1,116,11,12,0,2,2
45011,2023,3,26,1,2,316,1,11,1,2,2
45011,2023,3,26,1,2,277,83,20,0,1,1
44998,2023,3,13,2,4,116,33,11,1,2,2
45011,2023,3,26,1,2,414,16,9,0,2,2
45011,2023,3,26,1,2,116,2,9,1,2,2
45011,2023,3,26,1,2,414,18,20,0,1,1
45011,2023,3,26,1,2,174,11,7,0,5,2
45011,2023,3,26,1,2,262,11,20,0,4,1
45010,2023,3,25,7,3,414,49,20,0,1,1
45011,2023,3,26,1,2,135,17,11,1,2,2
45011,2023,3,26,1,2,364,49,4,0,1,1
45011,2023,3,26,1,1,381,67,3,0,3,3
45011,2023,3,26,1,2,40,67,4,0,2,1
45011,2023,3,26,1,2,40,35,2,1,2,2
45011,2023,3,26,1,2,101,52,12,0,2,2
45011,2023,3,26,1,2,386,11,12,0,7,2
45011,2023,3,26,1,3,277,49,12,1,4,2
45011,2023,3,26,1,3,373,11,20,0,1,1
45011,2023,3,26,1,3,70,49,21,0,2,1
45011,2023,3,26,1,3,376,67,21,0,1,1
45011,2023,3,26,1,3,262,67,20,0,1,1
45010,2023,3,25,7,3,60,18,20,0,1,1
45011,2023,3,26,1,2,421,1,11,0,3,2
45011,2023,3,26,1,3,282,83,20,0,1,1
45011,2023,3,26,1,3,101,52,9,1,2,2
45011,2023,3,26,1,3,101,67,20,0,1,1
45011,2023,3,26,1,3,153,67,3,0,1,1
45011,2023,3,26,1,2,116,13,4,0,1,1
45011,2023,3,26,1,3,116,11,11,0,2,2
45011,2023,3,26,1,3,101,2,11,1,2,2
45011,2023,3,26,1,3,116,67,12,0,2,2
45011,2023,3,26,1,3,174,83,12,0,5,2
45011,2023,3,26,1,3,287,29,20,0,3,1
45010,2023,3,25,7,2,392,83,20,0,1,1
45011,2023,3,26,1,3,101,52,12,0,2,2
45011,2023,3,26,1,3,116,83,20,0,2,1
45011,2023,3,26,1,3,80,67,20,0,1,1
45011,2023,3,26,1,2,407,28,4,1,1,1
45011,2023,3,26,1,3,381,67,12,1,3,2
45011,2023,3,26,1,3,101,16,15,0,4,3
45011,2023,3,26,1,3,101,11,12,1,3,2
44939,2023,1,13,6,2,230,11,15,1,3,3
45011,2023,3,26,1,3,267,1,11,1,6,2
45011,2023,3,26,1,3,262,11,9,0,2,2
45011,2023,3,26,1,3,101,5,21,0,1,1
45011,2023,3,26,1,3,40,1,9,0,2,2
45011,2023,3,26,1,3,101,16,12,0,3,2
45011,2023,3,26,1,3,101,67,12,1,4,3
45011,2023,3,26,1,3,101,1,9,1,2,2
44987,2023,3,2,5,4,459,49,7,0,2,2
45011,2023,3,26,1,3,230,67,21,1,1,1
45011,2023,3,26,1,3,393,11,20,0,1,1
45011,2023,3,26,1,3,163,16,9,0,3,2
45011,2023,3,26,1,3,101,35,2,0,2,2
45011,2023,3,26,1,3,277,64,4,0,3,1
45011,2023,3,26,1,3,158,33,11,0,2,2
45011,2023,3,26,1,3,277,49,11,1,3,2
45011,2023,3,26,1,2,364,67,12,1,2,2
45011,2023,3,26,1,3,60,67,20,0,1,1
45011,2023,3,26,1,3,101,52,20,0,2,1
45011,2023,3,26,1,4,116,16,4,1,3,2
45011,2023,3,26,1,4,101,18,4,0,1,1
45011,2023,3,26,1,1,470,83,12,1,2,2
45011,2023,3,26,1,4,386,1,11,1,2,2
45011,2023,3,26,1,3,424,67,4,0,1,1
45011,2023,3,26,1,3,101,80,10,0,4,2
45011,2023,3,26,1,4,153,9,1,1,1,1
45011,2023,3,26,1,4,40,56,4,1,1,1
45011,2023,3,26,1,3,163,11,4,1,1,1
45011,2023,3,26,1,4,116,52,9,1,4,2
45011,2023,3,26,1,4,70,67,21,0,1,1
45011,2023,3,26,1,4,242,1,11,1,2,2
45011,2023,3,26,1,4,290,49,4,1,1,1
45011,2023,3,26,1,4,163,16,12,1,7,2
45011,2023,3,26,1,4,101,33,11,0,7,2
45011,2023,3,26,1,4,262,67,12,1,2,2
45011,2023,3,26,1,4,116,1,11,1,3,2
45011,2023,3,26,1,4,262,5,21,0,1,1
45011,2023,3,26,1,4,277,49,20,0,1,1
45011,2023,3,26,1,4,407,9,1,0,1,1
45011,2023,3,26,1,3,174,1,12,0,2,2
45011,2023,3,26,1,4,386,11,20,0,1,1
45011,2023,3,26,1,4,470,1,11,1,2,2
45011,2023,3,26,1,4,470,82,7,0,3,2
45011,2023,3,26,1,4,280,78,9,1,2,2
45011,2023,3,26,1,4,232,67,12,1,3,2
45011,2023,3,26,1,4,469,28,20,1,1,1
45011,2023,3,26,1,4,476,13,21,0,2,2
45011,2023,3,26,1,4,259,1,11,0,3,2
45011,2023,3,26,1,4,116,44,12,1,2,2
45011,2023,3,26,1,4,116,11,12,0,1,1
45011,2023,3,26,1,4,174,11,3,0,2,1
45011,2023,3,26,1,4,304,9,4,0,1,1
45011,2023,3,26,1,4,101,80,7,0,2,2
45011,2023,3,26,1,4,163,2,2,0,2,2
45012,2023,3,27,2,1,277,83,20,1,7,2
45011,2023,3,26,1,4,293,9,1,0,5,2
45012,2023,3,27,2,1,153,18,20,0,1,1
45012,2023,3,27,2,1,116,11,4,1,1,1
45012,2023,3,27,2,1,381,61,2,1,2,2
45012,2023,3,27,2,1,50,49,12,0,1,1
45012,2023,3,27,2,1,10,67,4,0,1,1
45012,2023,3,27,2,1,116,11,4,1,3,2
45011,2023,3,26,1,1,471,18,20,0,1,1
45012,2023,3,27,2,1,290,83,20,1,2,1
45012,2023,3,27,2,1,343,67,4,1,1,1
45012,2023,3,27,2,1,153,52,20,0,1,1
45012,2023,3,27,2,1,381,28,3,1,2,1
45012,2023,3,27,2,1,163,18,20,0,1,1
45012,2023,3,27,2,1,392,67,20,0,3,1
45012,2023,3,27,2,1,116,1,7,0,2,2
45012,2023,3,27,2,1,101,11,4,1,1,1
45012,2023,3,27,2,1,40,52,21,1,1,1
45012,2023,3,27,2,1,282,49,20,0,1,1
45012,2023,3,27,2,1,116,64,11,0,5,2
45012,2023,3,27,2,1,101,52,9,0,2,2
45012,2023,3,27,2,2,40,82,2,1,2,2
45011,2023,3,26,1,4,343,16,12,1,2,2
45012,2023,3,27,2,2,465,16,12,1,2,2
45012,2023,3,27,2,2,376,1,9,0,2,2
45012,2023,3,27,2,1,101,67,7,0,2,2
45012,2023,3,27,2,2,116,83,4,1,1,1
45012,2023,3,27,2,2,101,52,9,1,2,2
45012,2023,3,27,2,2,116,52,9,1,2,2
45012,2023,3,27,2,2,163,18,20,0,2,1
45012,2023,3,27,2,1,392,11,20,0,1,1
45012,2023,3,27,2,2,40,78,12,1,2,2
45012,2023,3,27,2,2,386,33,11,0,2,2
45012,2023,3,27,2,2,40,83,12,1,4,3
45012,2023,3,27,2,2,101,1,12,1,2,2
45012,2023,3,27,2,2,101,1,20,0,2,2
45012,2023,3,27,2,2,116,16,12,1,2,2
44932,2023,1,6,6,3,40,80,7,0,2,2
45012,2023,3,27,2,2,116,33,11,0,8,2
45012,2023,3,27,2,2,343,1,11,0,3,2
45012,2023,3,27,2,2,116,1,11,1,4,2
45011,2023,3,26,1,4,163,11,4,0,1,1
44948,2023,1,22,1,4,40,9,1,0,4,4
45012,2023,3,27,2,2,116,67,3,0,3,1
45011,2023,3,26,1,3,364,80,7,1,4,2
45012,2023,3,27,2,2,277,67,21,1,1,1
45012,2023,3,27,2,2,101,11,12,0,3,2
45011,2023,3,26,1,3,222,49,9,0,2,2
45012,2023,3,27,2,2,381,11,21,0,2,1
45012,2023,3,27,2,2,101,5,21,0,1,1
45012,2023,3,27,2,2,101,52,12,0,3,2
45012,2023,3,27,2,1,319,11,20,1,1,1