id_data,ano,mes,dia,id_dia_semana,periodo,br,id_causa_acidente,id_tipo_acidente,id_uso_solo,pessoas,veiculos
45012,2023,3,27,2,2,101,67,12,0,2,2
45012,2023,3,27,2,2,222,16,12,1,3,2
45012,2023,3,27,2,2,316,35,4,1,3,1
45012,2023,3,27,2,2,101,1,2,1,2,2
45012,2023,3,27,2,2,424,18,20,0,1,1
45012,2023,3,27,2,2,116,11,2,0,2,2
45012,2023,3,27,2,2,153,16,12,1,2,2
45012,2023,3,27,2,2,101,67,12,1,3,3
44945,2023,1,19,5,3,262,80,7,1,2,2
45012,2023,3,27,2,2,116,16,12,1,2,2
45012,2023,3,27,2,2,116,1,12,0,3,2
45012,2023,3,27,2,2,116,67,9,1,2,2
45012,2023,3,27,2,2,470,1,11,1,2,2
45012,2023,3,27,2,2,20,52,20,1,2,1
45012,2023,3,27,2,2,101,16,12,1,2,2
44934,2023,1,8,1,2,364,67,9,0,2,2
44975,2023,2,18,7,1,277,67,12,0,2,2
45012,2023,3,27,2,2,101,29,11,1,2,2
44997,2023,3,12,1,1,10,11,12,0,3,2
45012,2023,3,27,2,2,101,33,11,1,2,2
45005,2023,3,20,2,4,50,67,20,0,2,2
45012,2023,3,27,2,2,153,80,7,0,4,2
45012,2023,3,27,2,2,153,29,4,0,1,1
45012,2023,3,27,2,3,101,1,9,1,2,2
45012,2023,3,27,2,2,101,1,11,0,2,2
45012,2023,3,27,2,3,153,2,11,1,1,1
45012,2023,3,27,2,2,116,11,4,0,1,1
45012,2023,3,27,2,3,40,67,12,0,3,2
45012,2023,3,27,2,2,277,50,9,1,2,2
45012,2023,3,27,2,3,101,11,2,0,3,2
45012,2023,3,27,2,3,277,67,12,0,2,2
45012,2023,3,27,2,3,277,67,3,1,1,1
44930,2023,1,4,4,4,277,16,12,0,3,2
45012,2023,3,27,2,3,101,16,12,1,2,2
45012,2023,3,27,2,3,116,11,12,0,2,2
45012,2023,3,27,2,3,232,67,20,0,1,1
45012,2023,3,27,2,3,290,1,11,1,2,2
45012,2023,3,27,2,3,101,67,21,0,2,1
45012,2023,3,27,2,3,101,11,12,1,2,2
45012,2023,3,27,2,2,60,1,18,0,1,1
45012,2023,3,27,2,2,101,16,12,0,2,2
45012,2023,3,27,2,3,40,52,9,0,2,2
45012,2023,3,27,2,3,101,64,11,0,6,3
45012,2023,3,27,2,3,365,83,20,0,3,1
45010,2023,3,25,7,3,287,15,20,0,1,1
44964,2023,2,7,3,3,376,13,21,1,2,1
45012,2023,3,27,2,3,101,12,21,1,2,1
45012,2023,3,27,2,3,116,33,9,1,3,2
45012,2023,3,27,2,3,101,64,20,0,2,1
45012,2023,3,27,2,3,448,52,9,0,2,2
44970,2023,2,13,2,2,153,1,12,0,3,2
45012,2023,3,27,2,3,470,36,12,1,5,2
45012,2023,3,27,2,3,163,67,20,1,4,2
45012,2023,3,27,2,3,101,35,2,0,4,2
45012,2023,3,27,2,2,435,49,11,1,2,2
45012,2023,3,27,2,3,386,67,21,1,2,1
45012,2023,3,27,2,3,317,11,12,0,4,2
45012,2023,3,27,2,3,153,11,12,1,2,2
45012,2023,3,27,2,3,232,82,7,1,2,2
45012,2023,3,27,2,3,116,52,9,0,2,2
45012,2023,3,27,2,3,459,9,1,0,1,1
45012,2023,3,27,2,3,40,10,2,1,2,2
45012,2023,3,27,2,3,70,82,9,1,4,3
45012,2023,3,27,2,3,343,16,21,1,2,2
45012,2023,3,27,2,3,60,52,11,1,2,2
45012,2023,3,27,2,4,40,52,9,1,2,2
45012,2023,3,27,2,4,101,16,12,1,5,3
44966,2023,2,9,5,2,116,9,21,1,2,2
45012,2023,3,27,2,3,232,52,7,0,5,2
45004,2023,3,19,1,4,476,67,4,0,1,1
45012,2023,3,27,2,3,364,11,7,1,3,2
45012,2023,3,27,2,4,381,12,12,1,2,2
45012,2023,3,27,2,4,364,1,11,1,2,2
44973,2023,2,16,5,2,116,67,12,1,2,2
45012,2023,3,27,2,4,262,11,21,0,1,1
45012,2023,3,27,2,4,470,3,21,0,1,1
45012,2023,3,27,2,4,40,80,7,1,2,2
45012,2023,3,27,2,4,423,9,1,1,1,1
45012,2023,3,27,2,4,40,9,1,1,3,2
45012,2023,3,27,2,3,262,67,3,0,2,1
45012,2023,3,27,2,4,364,51,21,0,1,1
45012,2023,3,27,2,4,116,67,20,0,1,1
45012,2023,3,27,2,4,381,11,4,0,2,1
45012,2023,3,27,2,4,116,51,4,1,1,1
45012,2023,3,27,2,4,116,28,18,1,1,1
45012,2023,3,27,2,4,470,82,7,1,3,2
45012,2023,3,27,2,4,376,9,9,0,1,1
45012,2023,3,27,2,4,361,11,12,0,2,2
45012,2023,3,27,2,4,267,18,20,0,4,1
45013,2023,3,28,3,1,230,11,1,0,1,1
45013,2023,3,28,3,1,101,60,2,1,2,2
45013,2023,3,28,3,1,280,11,2,1,2,2
45013,2023,3,28,3,1,116,11,12,1,2,2
45013,2023,3,28,3,1,364,28,18,0,5,1
45013,2023,3,28,3,2,116,1,11,1,2,2
45013,2023,3,28,3,2,381,11,21,1,1,1
45012,2023,3,27,2,2,376,28,18,0,1,1
45013,2023,3,28,3,2,367,67,12,1,3,2
45013,2023,3,28,3,2,40,11,12,1,2,2
45009,2023,3,24,6,4,267,67,1,0,2,1
45013,2023,3,28,3,2,116,1,11,1,2,2
45013,2023,3,28,3,2,40,52,9,1,2,2
45013,2023,3,28,3,2,232,67,15,0,4,3
45013,2023,3,28,3,2,40,83,4,0,1,1
45010,2023,3,25,7,1,70,1,7,1,2,2
45013,2023,3,28,3,2,282,6,21,0,2,2
45013,2023,3,28,3,2,428,16,12,1,3,2
45013,2023,3,28,3,2,116,78,9,1,6,3
44963,2023,2,6,2,3,316,52,12,1,4,3
45013,2023,3,28,3,2,110,16,12,1,3,2
45013,2023,3,28,3,2,230,18,4,0,2,2
45013,2023,3,28,3,2,465,78,9,1,2,2
45013,2023,3,28,3,2,116,11,12,0,2,2
45013,2023,3,28,3,2,101,67,12,1,2,2
45013,2023,3,28,3,2,116,16,12,1,4,4
45013,2023,3,28,3,2,364,67,12,1,5,2
45013,2023,3,28,3,2,293,11,15,1,3,3
45013,2023,3,28,3,2,40,64,20,0,1,1
45013,2023,3,28,3,2,116,78,12,1,3,2
45013,2023,3,28,3,2,381,16,12,1,3,2
45013,2023,3,28,3,2,381,16,15,0,5,4
45013,2023,3,28,3,2,101,67,4,0,1,1
45013,2023,3,28,3,2,116,11,12,1,3,2
45013,2023,3,28,3,2,280,20,9,0,2,2
45009,2023,3,24,6,3,116,16,12,1,2,2
45013,2023,3,28,3,2,116,11,12,0,2,2
45013,2023,3,28,3,2,101,1,20,0,2,2
44994,2023,3,9,5,3,101,16,15,1,4,3
44985,2023,2,28,3,3,324,78,9,1,2,2
45013,2023,3,28,3,2,465,11,11,1,3,3
45013,2023,3,28,3,2,230,52,11,1,2,2
45013,2023,3,28,3,3,381,28,18,0,1,1
45013,2023,3,28,3,3,470,11,11,0,3,2
45013,2023,3,28,3,3,116,11,11,1,2,2
45013,2023,3,28,3,3,101,52,11,1,3,2
45013,2023,3,28,3,2,116,16,12,0,2,2
45013,2023,3,28,3,3,365,49,4,1,1,1
45013,2023,3,28,3,3,101,16,12,0,2,2
45013,2023,3,28,3,3,101,28,20,0,2,1
45013,2023,3,28,3,3,116,52,9,1,2,2
45013,2023,3,28,3,3,470,1,11,0,2,2
45013,2023,3,28,3,2,101,82,9,1,2,2
45013,2023,3,28,3,3,101,28,20,0,1,1
45014,2023,3,29,4,2,116,52,9,1,2,1
44999,2023,3,14,3,1,116,28,12,1,3,3
45013,2023,3,28,3,2,465,67,9,1,2,2
45013,2023,3,28,3,3,101,1,11,1,4,2
45013,2023,3,28,3,3,222,16,12,0,2,2
45013,2023,3,28,3,3,282,11,3,0,2,1
45013,2023,3,28,3,3,101,16,12,1,2,2
45013,2023,3,28,3,3,230,9,1,1,2,2
45013,2023,3,28,3,3,381,28,18,0,1,1
45013,2023,3,28,3,3,470,67,20,0,1,1
45013,2023,3,28,3,3,116,11,9,0,3,2
45013,2023,3,28,3,3,116,1,11,0,3,2
45013,2023,3,28,3,3,369,51,4,1,2,2
45013,2023,3,28,3,3,369,44,12,1,5,2
45013,2023,3,28,3,3,364,67,20,0,1,1
45013,2023,3,28,3,3,381,15,4,0,1,1
45013,2023,3,28,3,3,262,67,21,0,2,1
45013,2023,3,28,3,3,101,13,21,1,2,1
45013,2023,3,28,3,3,369,1,12,1,2,2
45013,2023,3,28,3,3,174,49,7,1,4,2
45013,2023,3,28,3,3,153,52,9,1,2,2
45013,2023,3,28,3,3,476,1,9,0,2,2
45013,2023,3,28,3,3,20,10,2,1,2,2
45013,2023,3,28,3,3,101,1,11,1,2,2
45013,2023,3,28,3,4,369,1,11,1,2,2
45013,2023,3,28,3,3,262,61,2,1,2,2
45013,2023,3,28,3,4,101,67,4,0,1,1
45013,2023,3,28,3,4,101,60,2,0,2,2
45013,2023,3,28,3,4,40,52,9,1,4,2
45012,2023,3,27,2,4,364,67,20,0,1,1
45013,2023,3,28,3,3,364,33,11,0,7,2
45013,2023,3,28,3,4,101,28,18,0,1,1
45013,2023,3,28,3,4,408,18,10,0,3,3
45013,2023,3,28,3,2,376,18,20,0,1,1
45013,2023,3,28,3,4,470,44,11,0,2,2
44964,2023,2,7,3,4,343,60,2,1,2,2
45013,2023,3,28,3,4,116,21,7,1,1,1
45013,2023,3,28,3,3,163,67,20,0,3,1
45014,2023,3,29,4,1,304,49,2,1,2,2
45013,2023,3,28,3,4,267,16,12,0,2,2
45014,2023,3,29,4,1,40,18,7,0,54,2
45014,2023,3,29,4,1,40,41,20,0,2,1
45014,2023,3,29,4,1,101,1,11,0,3,2
45014,2023,3,29,4,1,163,33,11,1,2,2
44951,2023,1,25,4,4,406,35,2,1,2,2
45014,2023,3,29,4,2,116,52,9,0,3,2
45014,2023,3,29,4,2,210,16,12,1,1,1
45014,2023,3,29,4,2,101,16,12,1,2,2
45014,2023,3,29,4,2,153,35,2,1,2,2
45014,2023,3,29,4,2,304,13,21,0,2,1
45014,2023,3,29,4,2,280,67,4,0,1,1
45014,2023,3,29,4,2,116,11,9,1,3,2
45014,2023,3,29,4,2,101,33,11,1,2,2
45014,2023,3,29,4,2,381,52,9,1,2,2
45014,2023,3,29,4,2,448,11,12,0,2,2
45014,2023,3,29,4,2,163,1,11,1,3,2
45010,2023,3,25,7,4,101,67,12,1,2,2
44991,2023,3,6,2,3,101,1,11,1,3,2
45014,2023,3,29,4,2,40,1,9,1,2,2
45013,2023,3,28,3,4,101,52,9,0,4,2
45014,2023,3,29,4,2,381,11,4,0,1,1
45014,2023,3,29,4,2,174,1,11,1,2,2
45014,2023,3,29,4,2,101,83,7,0,3,2
45014,2023,3,29,4,2,116,28,11,1,4,3
45014,2023,3,29,4,2,116,67,12,0,2,2
45014,2023,3,29,4,2,101,4,20,0,1,1
45014,2023,3,29,4,2,226,1,11,1,2,2
45014,2023,3,29,4,2,230,1,11,1,2,2
45014,2023,3,29,4,2,101,1,11,0,3,2
45014,2023,3,29,4,2,343,52,4,1,2,1
45014,2023,3,29,4,2,493,16,21,0,3,3
44958,2023,2,1,4,3,101,35,2,0,2,2
45009,2023,3,24,6,2,163,80,12,1,2,2
45014,2023,3,29,4,2,20,83,12,0,3,3
45014,2023,3,29,4,3,101,67,21,1,2,1
45014,2023,3,29,4,2,280,1,11,1,2,2
45014,2023,3,29,4,2,70,1,7,0,2,2
45014,2023,3,29,4,2,364,67,3,0,1,1
45014,2023,3,29,4,3,470,13,21,1,1,1
45014,2023,3,29,4,3,163,67,20,0,1,1
45005,2023,3,20,2,2,262,67,20,0,3,2
45014,2023,3,29,4,2,364,13,21,0,2,1
45014,2023,3,29,4,3,101,64,21,1,2,1
45014,2023,3,29,4,2,101,36,12,1,2,2
45014,2023,3,29,4,3,116,67,4,1,1,1
45014,2023,3,29,4,3,101,78,9,0,3,2
45014,2023,3,29,4,3,452,1,9,1,3,2
45014,2023,3,29,4,3,324,28,18,0,4,1
45014,2023,3,29,4,2,369,16,12,0,3,2
45014,2023,3,29,4,3,116,52,9,1,2,2
44970,2023,2,13,2,2,101,78,9,1,2,2
45014,2023,3,29,4,3,153,20,12,0,5,2
45014,2023,3,29,4,3,153,52,9,1,2,2
45014,2023,3,29,4,3,20,67,2,1,3,2
45014,2023,3,29,4,3,226,80,7,0,2,2
45014,2023,3,29,4,3,282,16,12,0,2,2
45014,2023,3,29,4,3,343,16,12,1,2,2
45014,2023,3,29,4,3,381,83,20,1,1,1
45014,2023,3,29,4,3,116,80,7,1,2,2
45014,2023,3,29,4,3,116,82,12,1,3,3
45014,2023,3,29,4,3,277,60,2,0,2,2
45014,2023,3,29,4,3,101,33,11,1,2,2
45014,2023,3,29,4,3,277,58,12,0,3,2
45014,2023,3,29,4,3,163,13,20,0,2,1
45014,2023,3,29,4,3,116,78,12,0,5,3
45010,2023,3,25,7,1,376,49,12,0,4,2
45014,2023,3,29,4,3,135,67,15,1,4,4
45014,2023,3,29,4,3,110,11,12,1,2,2
45014,2023,3,29,4,3,158,67,10,0,2,2
45014,2023,3,29,4,3,101,52,12,1,2,2
45014,2023,3,29,4,3,60,82,11,0,2,2
45014,2023,3,29,4,3,116,11,21,0,1,1
45014,2023,3,29,4,3,116,33,11,1,6,2
45014,2023,3,29,4,4,70,12,12,1,2,2
44955,2023,1,29,1,2,101,13,21,0,2,1
45014,2023,3,29,4,3,230,28,18,0,2,1
45014,2023,3,29,4,3,452,37,9,1,2,2
45014,2023,3,29,4,4,282,4,3,0,3,1
45014,2023,3,29,4,4,163,33,11,0,3,2
45014,2023,3,29,4,4,116,78,9,1,3,2
45014,2023,3,29,4,4,116,28,21,0,1,1
45014,2023,3,29,4,3,153,64,21,0,1,1
45014,2023,3,29,4,3,163,83,20,0,1,1
45014,2023,3,29,4,4,116,57,21,1,2,1
45014,2023,3,29,4,4,101,20,11,1,2,2
45014,2023,3,29,4,3,116,57,21,1,1,1
45014,2023,3,29,4,3,101,16,12,1,2,2
45014,2023,3,29,4,3,364,1,7,0,2,2
45014,2023,3,29,4,3,287,38,20,0,1,1
45014,2023,3,29,4,3,116,30,12,0,2,2
45014,2023,3,29,4,4,116,49,4,0,2,2
45014,2023,3,29,4,3,101,1,11,0,2,2
45014,2023,3,29,4,4,116,6,11,1,3,2
45014,2023,3,29,4,4,10,2,2,1,3,2
45014,2023,3,29,4,4,230,11,7,0,2,2
45014,2023,3,29,4,4,392,4,4,0,4,1
45014,2023,3,29,4,4,40,67,12,1,12,5
45014,2023,3,29,4,4,80,49,12,0,3,2
45014,2023,3,29,4,4,116,67,12,1,2,2
45014,2023,3,29,4,4,101,82,7,0,1,1
45015,2023,3,30,5,1,50,18,20,0,3,1
45015,2023,3,30,5,1,101,28,18,1,1,1
45015,2023,3,30,5,1,290,11,20,0,2,1
45015,2023,3,30,5,2,101,1,11,1,2,2
45015,2023,3,30,5,1,262,83,3,0,2,1
45015,2023,3,30,5,2,415,11,20,0,3,1
45015,2023,3,30,5,1,364,60,2,0,2,2
45015,2023,3,30,5,1,116,80,7,0,3,3
45015,2023,3,30,5,2,101,78,12,0,2,2
45015,2023,3,30,5,2,277,4,20,0,1,1
45015,2023,3,30,5,2,158,51,20,0,1,1
45015,2023,3,30,5,1,116,16,12,1,3,2
45015,2023,3,30,5,2,316,1,11,1,2,2
45015,2023,3,30,5,2,448,16,15,0,3,3
45015,2023,3,30,5,2,70,1,11,1,2,2
45015,2023,3,30,5,2,101,1,11,0,2,2
45015,2023,3,30,5,2,101,16,12,1,2,2
45015,2023,3,30,5,2,20,52,9,1,2,2
45015,2023,3,30,5,2,476,16,12,0,7,7
45015,2023,3,30,5,2,101,11,2,1,2,2
45015,2023,3,30,5,2,116,83,20,1,1,1
45015,2023,3,30,5,1,230,25,12,0,30,2
45015,2023,3,30,5,2,386,1,11,0,2,2
44979,2023,2,22,4,2,324,16,15,1,2,1
45015,2023,3,30,5,2,262,1,11,0,2,2
45015,2023,3,30,5,2,158,18,20,0,1,1
45015,2023,3,30,5,2,230,1,2,1,4,3
44950,2023,1,24,3,3,282,83,20,0,1,1
45015,2023,3,30,5,2,101,67,4,0,2,1
45015,2023,3,30,5,2,101,9,1,0,2,2
45015,2023,3,30,5,2,104,83,4,0,5,1
45002,2023,3,17,6,4,101,67,12,0,2,2
45015,2023,3,30,5,2,116,52,21,0,2,1
45015,2023,3,30,5,2,116,11,3,0,1,1
45015,2023,3,30,5,2,20,67,20,1,2,1
45015,2023,3,30,5,2,262,28,20,0,2,2
45015,2023,3,30,5,2,101,15,4,0,1,1
45015,2023,3,30,5,3,40,11,21,0,1,1
45015,2023,3,30,5,1,230,67,20,0,2,1
45015,2023,3,30,5,3,116,16,12,1,3,2
45008,2023,3,23,5,1,158,35,12,1,2,2
44972,2023,2,15,4,1,356,11,3,0,1,1
45015,2023,3,30,5,3,324,63,21,1,1,1
45015,2023,3,30,5,3,101,11,12,1,4,2
45015,2023,3,30,5,2,364,67,9,1,2,2
45015,2023,3,30,5,3,282,52,12,1,3,2
45015,2023,3,30,5,3,470,20,11,1,2,2
45015,2023,3,30,5,3,163,1,11,1,3,2
45015,2023,3,30,5,3,230,28,20,0,5,1
44979,2023,2,22,4,2,135,4,3,0,2,1
44939,2023,1,13,6,2,40,52,4,0,3,2
45011,2023,3,26,1,4,101,49,11,0,2,2
45003,2023,3,18,7,4,20,67,12,1,2,2
45015,2023,3,30,5,3,101,16,12,1,2,2
45015,2023,3,30,5,2,158,49,4,0,1,1
45015,2023,3,30,5,3,163,1,11,1,2,2
45015,2023,3,30,5,3,158,1,11,0,4,2
45015,2023,3,30,5,3,101,52,9,0,2,2
45015,2023,3,30,5,3,101,52,9,1,2,2
45015,2023,3,30,5,3,101,1,11,0,2,2
45015,2023,3,30,5,3,110,82,11,1,2,2
45015,2023,3,30,5,3,381,52,9,1,5,2
45015,2023,3,30,5,3,40,11,11,1,2,2
45015,2023,3,30,5,3,101,16,12,1,2,2
45015,2023,3,30,5,3,116,1,11,0,2,2
45015,2023,3,30,5,3,116,67,12,1,2,2
44955,2023,1,29,1,4,364,28,4,0,4,1
45015,2023,3,30,5,3,101,11,4,1,1,1
45015,2023,3,30,5,3,50,67,21,0,1,1
45011,2023,3,26,1,4,470,48,2,1,2,2
44960,2023,2,3,6,1,101,11,4,0,2,1
45015,2023,3,30,5,3,101,28,4,0,2,1
45015,2023,3,30,5,3,101,78,9,1,3,2
45015,2023,3,30,5,3,262,83,15,1,3,3
45015,2023,3,30,5,3,101,15,21,0,1,1
45005,2023,3,20,2,2,135,67,10,0,6,2
45015,2023,3,30,5,3,381,78,9,1,3,2
44994,2023,3,9,5,1,101,52,9,1,3,3
45015,2023,3,30,5,3,101,56,21,1,1,1
45015,2023,3,30,5,3,116,67,12,1,6,2
45015,2023,3,30,5,4,282,2,11,1,2,2
45015,2023,3,30,5,4,406,11,2,1,2,2
45015,2023,3,30,5,4,101,15,20,0,1,1
45015,2023,3,30,5,4,282,35,2,1,2,2
45015,2023,3,30,5,4,116,80,10,0,2,2
45015,2023,3,30,5,3,381,67,20,0,1,1
45015,2023,3,30,5,3,40,52,9,0,2,2
44955,2023,1,29,1,4,287,1,11,0,2,2
45015,2023,3,30,5,4,381,61,2,1,2,2
45015,2023,3,30,5,3,364,11,12,1,2,2
45015,2023,3,30,5,4,40,15,3,0,2,1
45015,2023,3,30,5,4,282,9,1,0,1,1
45015,2023,3,30,5,4,153,11,21,1,1,1
45015,2023,3,30,5,4,343,28,18,0,2,1
45015,2023,3,30,5,4,116,16,12,0,2,2
45015,2023,3,30,5,4,101,67,4,1,2,1
45015,2023,3,30,5,4,116,11,4,1,1,1
45015,2023,3,30,5,3,116,44,12,1,3,2
45016,2023,3,31,6,1,376,67,21,1,1,1
45016,2023,3,31,6,1,277,67,4,0,1,1
45015,2023,3,30,5,4,135,67,12,1,2,2
45016,2023,3,31,6,1,153,83,20,1,1,1
45016,2023,3,31,6,2,101,1,2,1,2,2
45016,2023,3,31,6,1,280,52,11,1,2,2
45016,2023,3,31,6,1,386,80,10,0,3,2
45016,2023,3,31,6,2,381,62,21,0,1,1
45015,2023,3,30,5,4,393,11,12,0,2,2
45016,2023,3,31,6,1,280,63,20,0,1,1
45015,2023,3,30,5,4,393,60,2,1,2,2
45016,2023,3,31,6,2,222,16,12,0,2,2
45016,2023,3,31,6,2,70,18,20,0,1,1
45016,2023,3,31,6,2,116,2,9,1,2,2
45016,2023,3,31,6,2,116,16,12,1,2,2
45016,2023,3,31,6,2,116,52,12,1,2,2
45016,2023,3,31,6,2,356,9,1,0,1,1
45016,2023,3,31,6,2,163,35,2,0,4,4
45016,2023,3,31,6,2,116,16,12,1,2,2
45016,2023,3,31,6,2,116,52,9,1,2,2
45016,2023,3,31,6,2,232,82,9,0,2,2
45015,2023,3,30,5,3,163,65,9,0,3,3
45016,2023,3,31,6,2,381,11,21,1,1,1
45016,2023,3,31,6,2,282,1,9,1,2,2
45016,2023,3,31,6,2,369,67,12,1,2,2
45016,2023,3,31,6,2,10,9,1,1,2,1
45016,2023,3,31,6,1,251,35,2,0,3,3
45016,2023,3,31,6,2,101,78,12,1,2,2
45004,2023,3,19,1,3,101,52,12,0,8,3
45016,2023,3,31,6,2,50,1,12,1,2,2
44999,2023,3,14,3,2,101,67,12,1,2,2
45016,2023,3,31,6,1,316,4,21,0,3,1
44948,2023,1,22,1,3,470,1,11,1,4,2
44996,2023,3,11,7,4,116,33,11,0,2,2
45016,2023,3,31,6,2,101,67,12,0,2,2
45016,2023,3,31,6,2,230,2,9,1,3,2
45016,2023,3,31,6,2,116,67,15,1,3,3
45016,2023,3,31,6,2,470,18,20,0,1,1
45016,2023,3,31,6,2,10,1,9,1,4,3
44997,2023,3,12,1,3,101,78,9,1,2,2
44928,2023,1,2,2,4,40,64,12,1,1,1
45016,2023,3,31,6,2,319,78,9,1,2,2
45016,2023,3,31,6,2,101,11,12,1,5,3
45016,2023,3,31,6,2,376,16,12,1,2,2
45016,2023,3,31,6,2,135,82,20,0,2,1
45004,2023,3,19,1,2,376,49,21,0,1,1
45016,2023,3,31,6,2,381,51,4,0,1,1
45016,2023,3,31,6,2,435,1,11,1,2,2
45016,2023,3,31,6,2,163,52,11,1,2,2
45016,2023,3,31,6,2,235,28,21,1,2,1
45008,2023,3,23,5,3,376,49,12,0,2,2
45016,2023,3,31,6,2,364,67,20,0,1,1
45016,2023,3,31,6,2,40,67,12,0,1,1
45016,2023,3,31,6,2,163,11,21,0,2,1
45016,2023,3,31,6,3,101,11,9,1,2,2
45016,2023,3,31,6,2,470,2,11,1,4,2
45016,2023,3,31,6,2,262,1,11,1,2,2
45016,2023,3,31,6,3,116,67,12,1,3,2
45016,2023,3,31,6,2,116,67,12,1,2,2
45016,2023,3,31,6,2,467,11,20,0,1,1
45016,2023,3,31,6,3,259,11,20,0,4,1
45016,2023,3,31,6,3,101,10,2,0,2,2
45016,2023,3,31,6,1,386,18,7,0,3,2
45016,2023,3,31,6,3,116,1,12,1,2,2
45016,2023,3,31,6,3,470,49,20,0,2,1
45016,2023,3,31,6,2,364,11,21,1,1,1
45016,2023,3,31,6,3,381,67,21,1,1,1
45016,2023,3,31,6,3,381,13,20,0,1,1
44941,2023,1,15,1,4,364,67,12,0,2,2
45016,2023,3,31,6,2,420,82,12,1,2,2
45016,2023,3,31,6,3,365,15,20,0,2,1
45016,2023,3,31,6,3,116,49,9,1,2,2
45016,2023,3,31,6,2,392,67,20,1,1,1
45013,2023,3,28,3,3,316,15,20,0,1,1
45016,2023,3,31,6,3,367,72,11,1,2,2
45016,2023,3,31,6,3,316,67,12,0,2,2
45016,2023,3,31,6,3,50,11,20,0,2,1
45016,2023,3,31,6,3,101,1,11,1,2,2
45016,2023,3,31,6,3,226,80,7,0,2,2
45016,2023,3,31,6,3,158,13,21,1,1,1
45016,2023,3,31,6,3,393,82,9,0,2,2
45016,2023,3,31,6,3,20,1,12,0,2,2
45016,2023,3,31,6,3,277,51,20,0,1,1
45016,2023,3,31,6,3,50,25,4,0,1,1
45016,2023,3,31,6,3,101,1,11,1,2,2
45016,2023,3,31,6,3,116,52,9,1,2,2
45016,2023,3,31,6,3,277,1,9,0,3,2
45016,2023,3,31,6,3,101,52,9,1,3,2
45016,2023,3,31,6,3,153,61,2,1,2,2
45016,2023,3,31,6,3,101,67,11,1,2,2
45016,2023,3,31,6,3,393,28,18,1,1,1
45016,2023,3,31,6,3,163,11,12,1,4,2
45016,2023,3,31,6,3,381,52,3,0,3,1
45004,2023,3,19,1,4,20,25,12,1,4,2
45016,2023,3,31,6,3,381,67,12,1,3,2
45016,2023,3,31,6,2,429,52,9,1,4,2
45016,2023,3,31,6,3,70,52,4,1,2,2
45016,2023,3,31,6,3,277,11,12,0,2,1
45016,2023,3,31,6,3,101,10,11,1,2,2
45016,2023,3,31,6,3,116,83,2,1,2,2
45016,2023,3,31,6,3,40,83,12,1,3,3
45016,2023,3,31,6,3,282,78,21,1,2,1
45016,2023,3,31,6,3,262,1,9,0,3,2
45016,2023,3,31,6,3,40,1,11,1,7,2
45016,2023,3,31,6,4,262,56,4,1,2,1
45016,2023,3,31,6,3,267,1,11,0,2,2
45016,2023,3,31,6,3,116,11,15,0,3,3
45016,2023,3,31,6,4,470,82,11,0,4,3
45016,2023,3,31,6,3,116,52,9,1,2,2
45016,2023,3,31,6,4,330,67,2,0,3,2
45016,2023,3,31,6,4,153,67,2,1,2,2
45016,2023,3,31,6,3,470,11,20,0,1,1
45017,2023,4,1,7,2,470,49,20,0,1,1
45016,2023,3,31,6,4,469,33,11,1,2,2
45016,2023,3,31,6,3,116,16,12,0,4,3
45016,2023,3,31,6,3,364,67,12,0,3,2
45016,2023,3,31,6,3,116,49,7,0,4,2
45016,2023,3,31,6,3,101,20,11,0,2,2
45016,2023,3,31,6,4,251,1,11,0,6,2
45016,2023,3,31,6,3,20,70,9,1,3,2
45005,2023,3,20,2,2,101,56,12,0,6,3
45016,2023,3,31,6,4,242,57,20,0,1,1
45016,2023,3,31,6,4,428,11,11,0,4,2
45016,2023,3,31,6,4,222,20,11,1,2,2
45016,2023,3,31,6,4,101,1,11,1,3,2
45016,2023,3,31,6,4,50,18,3,1,1,1
45016,2023,3,31,6,4,116,17,11,1,5,4
45016,2023,3,31,6,4,277,48,2,1,2,2
45016,2023,3,31,6,4,470,1,20,0,2,2
45016,2023,3,31,6,2,381,1,11,0,2,2
45016,2023,3,31,6,3,262,83,20,0,3,1
45016,2023,3,31,6,4,277,61,2,0,2,2
45016,2023,3,31,6,3,493,18,3,0,1,1
45016,2023,3,31,6,4,101,67,4,1,1,1
45016,2023,3,31,6,4,101,52,9,1,2,2
45016,2023,3,31,6,4,365,9,1,0,2,2
45016,2023,3,31,6,4,393,49,12,1,5,2
45016,2023,3,31,6,4,369,17,7,1,2,2
45016,2023,3,31,6,4,153,80,7,0,5,2
45016,2023,3,31,6,4,60,33,11,1,3,2
45016,2023,3,31,6,4,424,80,10,0,3,2
45016,2023,3,31,6,4,381,67,21,0,3,2
45016,2023,3,31,6,3,116,16,9,1,2,2
45016,2023,3,31,6,4,116,61,2,1,3,3
45016,2023,3,31,6,4,373,60,2,0,2,2
45016,2023,3,31,6,4,116,49,20,0,1,1
45016,2023,3,31,6,4,392,11,11,0,2,2
45016,2023,3,31,6,4,282,1,11,0,5,2
45016,2023,3,31,6,4,101,67,3,1,1,1
45016,2023,3,31,6,4,407,51,4,1,2,1
45016,2023,3,31,6,4,101,9,1,1,4,1
45017,2023,4,1,7,1,376,49,12,0,2,2
45017,2023,4,1,7,1,116,11,9,0,3,3
45017,2023,4,1,7,1,101,83,3,1,2,2
45016,2023,3,31,6,4,280,1,11,0,4,2