id_data,ano,mes,dia,id_dia_semana,periodo,br,id_causa_acidente,id_tipo_acidente,id_uso_solo,pessoas,veiculos
45021,2023,4,5,4,3,392,1,11,1,2,2
45021,2023,4,5,4,2,101,28,21,1,2,1
44963,2023,2,6,2,3,230,20,11,1,2,2
45021,2023,4,5,4,2,153,67,12,1,5,2
45021,2023,4,5,4,3,232,5,3,0,1,1
45021,2023,4,5,4,2,153,61,2,0,2,2
45021,2023,4,5,4,3,116,16,15,0,7,5
45021,2023,4,5,4,2,101,67,15,1,5,3
45021,2023,4,5,4,3,116,28,20,0,5,1
45021,2023,4,5,4,3,101,11,12,1,2,2
45021,2023,4,5,4,2,163,64,21,0,1,1
45021,2023,4,5,4,3,381,16,12,1,2,2
45021,2023,4,5,4,2,287,16,10,0,7,2
45021,2023,4,5,4,3,101,11,9,0,2,2
45005,2023,3,20,2,1,262,18,20,0,2,1
45018,2023,4,2,1,2,116,11,3,0,1,1
45021,2023,4,5,4,3,20,64,20,0,3,1
45021,2023,4,5,4,3,364,33,11,1,4,2
45021,2023,4,5,4,3,158,1,11,1,2,2
45021,2023,4,5,4,2,116,52,9,1,3,2
45021,2023,4,5,4,3,116,61,2,1,2,2
45021,2023,4,5,4,3,381,78,9,0,2,2
45021,2023,4,5,4,3,459,67,12,1,2,2
45021,2023,4,5,4,3,369,67,9,1,2,2
45021,2023,4,5,4,3,101,16,12,0,5,4
45021,2023,4,5,4,3,116,67,20,0,1,1
45021,2023,4,5,4,3,282,15,3,1,2,1
45021,2023,4,5,4,3,40,49,4,0,1,1
45021,2023,4,5,4,3,262,67,20,0,1,1
45021,2023,4,5,4,3,101,11,21,0,1,1
45021,2023,4,5,4,3,116,16,12,1,4,3
45021,2023,4,5,4,3,222,52,9,1,2,2
45021,2023,4,5,4,3,277,11,9,1,3,2
45021,2023,4,5,4,3,222,18,20,0,2,1
45021,2023,4,5,4,3,101,52,9,0,2,2
45021,2023,4,5,4,3,101,67,21,1,2,1
45021,2023,4,5,4,3,393,1,2,1,2,2
45021,2023,4,5,4,4,101,52,21,1,1,1
45021,2023,4,5,4,4,101,1,9,1,2,2
45021,2023,4,5,4,4,101,11,12,0,2,2
45021,2023,4,5,4,3,262,61,2,1,3,2
45021,2023,4,5,4,4,277,78,9,1,2,2
45021,2023,4,5,4,4,20,67,12,1,3,2
45021,2023,4,5,4,3,116,67,12,0,3,3
45021,2023,4,5,4,2,317,63,3,0,1,1
45021,2023,4,5,4,4,101,67,21,1,2,2
45021,2023,4,5,4,3,153,16,12,1,2,2
45021,2023,4,5,4,4,381,56,4,1,1,1
45021,2023,4,5,4,4,262,7,21,0,1,1
45021,2023,4,5,4,4,316,80,10,0,2,2
45021,2023,4,5,4,4,116,52,9,1,2,2
45021,2023,4,5,4,4,116,67,21,1,1,1
45021,2023,4,5,4,4,277,20,11,1,4,2
45021,2023,4,5,4,4,369,83,12,1,6,2
45021,2023,4,5,4,4,104,1,11,1,3,2
45021,2023,4,5,4,4,116,11,12,0,3,2
45021,2023,4,5,4,4,230,49,20,0,1,1
45021,2023,4,5,4,4,101,11,7,1,2,2
45021,2023,4,5,4,3,101,11,12,1,3,2
44965,2023,2,8,4,3,343,11,21,1,1,1
45021,2023,4,5,4,4,262,67,20,0,4,1
45021,2023,4,5,4,4,280,11,20,0,1,1
45021,2023,4,5,4,4,230,11,12,0,2,2
45022,2023,4,6,5,1,381,49,3,0,2,1
45022,2023,4,6,5,1,267,18,20,0,4,1
45022,2023,4,6,5,1,101,80,10,1,2,2
45022,2023,4,6,5,1,386,20,11,1,3,2
45022,2023,4,6,5,1,101,67,20,0,1,1
45022,2023,4,6,5,1,116,49,12,0,3,2
45022,2023,4,6,5,1,116,60,2,0,4,3
45022,2023,4,6,5,2,392,9,1,0,1,1
45022,2023,4,6,5,1,412,55,4,0,5,1
45021,2023,4,5,4,4,101,11,11,0,2,2
45022,2023,4,6,5,2,381,11,20,0,2,1
45022,2023,4,6,5,2,40,1,12,1,3,2
45022,2023,4,6,5,2,116,11,7,1,2,2
45022,2023,4,6,5,2,116,49,12,1,2,2
45022,2023,4,6,5,2,40,11,9,0,2,2
45022,2023,4,6,5,2,70,11,9,0,3,2
45022,2023,4,6,5,2,153,67,21,1,1,1
45022,2023,4,6,5,2,407,2,2,1,2,2
45022,2023,4,6,5,1,364,82,7,0,2,2
45022,2023,4,6,5,2,101,20,11,1,2,2
45022,2023,4,6,5,2,316,67,12,0,2,2
45022,2023,4,6,5,2,135,11,12,1,2,2
45022,2023,4,6,5,2,116,67,20,0,1,1
45022,2023,4,6,5,2,116,52,9,1,3,2
45022,2023,4,6,5,1,101,67,20,0,5,1
45022,2023,4,6,5,2,101,2,11,1,2,2
45022,2023,4,6,5,2,376,83,20,0,1,1
45022,2023,4,6,5,1,369,80,7,1,5,2
45022,2023,4,6,5,2,232,13,20,0,4,1
44992,2023,3,7,3,2,392,11,12,1,2,2
45022,2023,4,6,5,2,222,16,12,1,3,2
45022,2023,4,6,5,2,40,11,20,0,1,1
45022,2023,4,6,5,2,101,11,12,1,2,2
45022,2023,4,6,5,2,101,67,4,0,2,1
45022,2023,4,6,5,2,116,67,9,1,2,2
45022,2023,4,6,5,2,40,83,20,0,1,1
44959,2023,2,2,5,4,174,60,2,0,2,2
45022,2023,4,6,5,2,146,1,11,0,2,2
45022,2023,4,6,5,2,316,1,12,1,3,3
45022,2023,4,6,5,2,101,1,11,1,2,2
45022,2023,4,6,5,2,153,67,15,1,3,3
45022,2023,4,6,5,2,232,1,11,1,2,2
45022,2023,4,6,5,2,101,33,11,1,2,2
45022,2023,4,6,5,2,282,44,12,0,3,3
45022,2023,4,6,5,2,116,67,11,0,4,2
45022,2023,4,6,5,2,40,16,12,1,3,2
45022,2023,4,6,5,2,376,83,20,0,3,1
44956,2023,1,30,2,4,40,67,12,1,2,2
45022,2023,4,6,5,2,290,52,9,0,7,2
45022,2023,4,6,5,2,381,18,20,0,2,1
45022,2023,4,6,5,3,163,15,9,0,3,2
45018,2023,4,2,1,4,262,11,12,0,5,2
45022,2023,4,6,5,2,408,13,4,0,1,1
45022,2023,4,6,5,2,285,64,7,0,3,2
45022,2023,4,6,5,2,364,1,9,0,2,2
45022,2023,4,6,5,3,470,11,4,1,4,1
45022,2023,4,6,5,3,381,83,20,0,4,1
45022,2023,4,6,5,3,364,82,9,1,2,2
45022,2023,4,6,5,3,408,11,20,1,2,2
45022,2023,4,6,5,3,101,16,12,0,2,2
45022,2023,4,6,5,3,381,16,12,0,2,2
45022,2023,4,6,5,3,20,29,20,0,1,1
45015,2023,3,30,5,3,463,4,20,0,4,1
45022,2023,4,6,5,3,470,83,20,0,1,1
45006,2023,3,21,3,4,101,67,9,1,2,2
45022,2023,4,6,5,2,282,1,11,1,3,2
45022,2023,4,6,5,3,364,1,9,1,2,2
45022,2023,4,6,5,3,470,1,11,1,4,2
45022,2023,4,6,5,3,101,64,20,0,1,1
45022,2023,4,6,5,3,101,67,20,0,3,2
45022,2023,4,6,5,2,425,52,9,0,3,2
45022,2023,4,6,5,3,101,18,20,0,2,1
45022,2023,4,6,5,3,101,16,11,1,3,3
45022,2023,4,6,5,3,282,11,20,0,2,1
45022,2023,4,6,5,3,60,83,20,0,2,1
45022,2023,4,6,5,3,50,52,12,0,2,2
45022,2023,4,6,5,3,262,28,21,0,2,1
45022,2023,4,6,5,3,408,1,11,1,2,2
45022,2023,4,6,5,3,116,11,12,1,4,2
45022,2023,4,6,5,3,376,16,12,1,2,2
45022,2023,4,6,5,3,230,33,11,0,2,2
45022,2023,4,6,5,3,116,51,4,1,1,1
45022,2023,4,6,5,3,101,67,12,1,2,2
45022,2023,4,6,5,3,101,16,12,0,3,2
45022,2023,4,6,5,3,60,52,11,0,2,2
45022,2023,4,6,5,3,60,1,12,1,3,2
45022,2023,4,6,5,3,101,11,12,0,2,2
45022,2023,4,6,5,3,262,67,11,1,2,2
45022,2023,4,6,5,3,153,67,12,1,2,2
45022,2023,4,6,5,3,101,16,12,0,3,2
45022,2023,4,6,5,3,101,11,2,1,2,2
45022,2023,4,6,5,3,232,5,21,1,2,1
45022,2023,4,6,5,3,116,67,21,1,1,1
45022,2023,4,6,5,3,316,83,20,0,1,1
45022,2023,4,6,5,3,282,80,12,0,2,2
45022,2023,4,6,5,3,267,13,21,0,2,1
45022,2023,4,6,5,3,116,16,12,1,2,2
45022,2023,4,6,5,4,101,11,11,1,2,2
45022,2023,4,6,5,3,232,52,9,0,2,2
45021,2023,4,5,4,4,116,2,11,0,6,2
45022,2023,4,6,5,4,153,11,4,0,1,1
45022,2023,4,6,5,3,40,67,7,0,6,2
45022,2023,4,6,5,4,40,1,2,1,2,2
45022,2023,4,6,5,3,146,83,20,0,1,1
45022,2023,4,6,5,3,277,49,20,0,5,3
45022,2023,4,6,5,4,230,25,20,1,1,1
45007,2023,3,22,4,2,163,1,11,0,3,2
45022,2023,4,6,5,3,343,35,2,0,2,2
45022,2023,4,6,5,4,116,67,4,0,2,1
45022,2023,4,6,5,3,116,67,2,1,3,2
45022,2023,4,6,5,4,290,11,12,1,3,2
45022,2023,4,6,5,4,101,67,12,1,2,2
45022,2023,4,6,5,3,158,16,15,0,5,5
45022,2023,4,6,5,3,364,33,11,0,2,2
45022,2023,4,6,5,4,101,64,3,0,2,1
45022,2023,4,6,5,4,158,9,1,0,4,1
45022,2023,4,6,5,4,242,67,7,0,3,2
45022,2023,4,6,5,4,101,9,1,1,1,1
45022,2023,4,6,5,4,471,82,21,0,1,1
45022,2023,4,6,5,4,376,11,12,1,4,2
45022,2023,4,6,5,4,101,11,4,0,2,1
45022,2023,4,6,5,4,285,1,11,0,3,2
45022,2023,4,6,5,4,101,72,11,0,2,2
45022,2023,4,6,5,4,163,60,2,1,6,2
45022,2023,4,6,5,4,163,60,2,1,3,2
45022,2023,4,6,5,4,277,49,4,0,1,1
45022,2023,4,6,5,4,116,82,11,0,2,2
45022,2023,4,6,5,3,116,35,2,0,3,3
45022,2023,4,6,5,4,101,15,21,1,1,1
45022,2023,4,6,5,4,101,67,11,1,2,2
45022,2023,4,6,5,2,50,13,21,1,1,1
45022,2023,4,6,5,4,230,11,11,1,2,2
45022,2023,4,6,5,4,135,1,2,1,2,2
45022,2023,4,6,5,3,277,52,9,1,2,2
45022,2023,4,6,5,4,324,16,12,0,7,2
45022,2023,4,6,5,4,222,61,2,0,2,2
45022,2023,4,6,5,4,364,16,12,1,3,2
45022,2023,4,6,5,4,376,80,7,1,2,2
45022,2023,4,6,5,4,70,67,20,1,1,1
45022,2023,4,6,5,3,364,9,1,0,1,1
45022,2023,4,6,5,4,110,80,7,0,2,2
45022,2023,4,6,5,4,116,49,7,0,2,2
45023,2023,4,7,6,1,488,11,12,1,2,2
45023,2023,4,7,6,1,324,28,18,0,3,1
45023,2023,4,7,6,1,101,56,9,0,3,2
45023,2023,4,7,6,1,277,83,12,0,4,2
45023,2023,4,7,6,1,101,4,20,0,1,1
45023,2023,4,7,6,1,470,67,10,0,5,3
45023,2023,4,7,6,1,116,16,12,0,2,1
45023,2023,4,7,6,1,369,49,11,0,4,3
45023,2023,4,7,6,1,116,52,12,1,2,2
45023,2023,4,7,6,1,381,67,12,0,4,2
45023,2023,4,7,6,1,101,11,21,0,1,1
45023,2023,4,7,6,1,470,80,7,0,2,2
45023,2023,4,7,6,1,470,4,20,0,3,1
45023,2023,4,7,6,1,282,49,10,1,6,2
45023,2023,4,7,6,1,222,80,7,1,2,2
45023,2023,4,7,6,1,116,64,20,0,2,1
45023,2023,4,7,6,1,470,82,7,0,9,3
45023,2023,4,7,6,1,116,11,12,1,2,2
45023,2023,4,7,6,1,153,49,20,1,1,1
45023,2023,4,7,6,1,101,11,20,1,1,1
45023,2023,4,7,6,2,262,18,20,0,2,1
45023,2023,4,7,6,2,381,83,20,0,2,1
45023,2023,4,7,6,1,116,18,12,1,2,2
45023,2023,4,7,6,1,232,11,20,1,4,2
45023,2023,4,7,6,2,324,11,21,1,1,1
45023,2023,4,7,6,2,60,33,11,1,4,2
45023,2023,4,7,6,2,116,11,3,0,2,1
45023,2023,4,7,6,2,116,16,21,1,3,2
45023,2023,4,7,6,2,163,67,21,0,1,1
45023,2023,4,7,6,2,428,11,3,0,4,1
45023,2023,4,7,6,2,101,67,20,0,3,1
45023,2023,4,7,6,2,116,52,9,1,3,2
45023,2023,4,7,6,2,116,11,4,0,2,1
45023,2023,4,7,6,1,116,11,20,0,1,1
45023,2023,4,7,6,2,101,11,12,1,4,3
45023,2023,4,7,6,2,101,67,20,1,1,1
45023,2023,4,7,6,2,135,1,9,1,2,2
45023,2023,4,7,6,2,376,83,4,0,3,1
44931,2023,1,5,5,2,262,80,7,0,2,2
45023,2023,4,7,6,2,381,83,4,0,2,1
45023,2023,4,7,6,2,101,1,12,0,3,2
45023,2023,4,7,6,2,381,4,20,0,3,1
45023,2023,4,7,6,2,381,18,20,0,4,2
45023,2023,4,7,6,2,110,16,12,0,3,2
45023,2023,4,7,6,2,116,41,21,0,5,1
45023,2023,4,7,6,1,280,11,20,0,1,1
45023,2023,4,7,6,2,60,83,20,0,1,1
45023,2023,4,7,6,2,376,67,20,0,1,1
45020,2023,4,4,3,3,401,1,9,0,4,2
45023,2023,4,7,6,2,101,83,9,1,2,2
45023,2023,4,7,6,2,364,7,20,0,3,1
45023,2023,4,7,6,2,381,11,4,0,3,1
45023,2023,4,7,6,2,40,67,12,0,9,2
45023,2023,4,7,6,2,376,13,7,0,7,2
45023,2023,4,7,6,2,116,16,12,0,10,7
45023,2023,4,7,6,2,316,17,11,1,2,2
45023,2023,4,7,6,2,116,49,9,1,3,2
45023,2023,4,7,6,2,116,83,20,1,2,1
45023,2023,4,7,6,2,282,83,20,1,4,1
45023,2023,4,7,6,2,101,33,11,1,2,2
45023,2023,4,7,6,2,116,67,20,0,3,1
45023,2023,4,7,6,2,116,67,12,1,2,2
45023,2023,4,7,6,2,163,20,12,0,2,2
45023,2023,4,7,6,2,101,16,12,1,2,2
45023,2023,4,7,6,2,470,4,7,0,3,2
45023,2023,4,7,6,2,101,11,20,1,3,1
45023,2023,4,7,6,2,365,49,20,0,2,1
45023,2023,4,7,6,2,116,67,11,1,7,3
45023,2023,4,7,6,2,101,16,15,1,5,5
45023,2023,4,7,6,2,470,1,11,1,2,2
45023,2023,4,7,6,2,116,11,3,0,2,1
45023,2023,4,7,6,2,104,16,12,1,2,2
45023,2023,4,7,6,3,101,15,4,0,3,2
45023,2023,4,7,6,3,101,83,4,1,3,1
45023,2023,4,7,6,2,40,49,20,0,2,2
45023,2023,4,7,6,2,381,83,20,0,3,1
45023,2023,4,7,6,2,381,15,20,0,2,1
45023,2023,4,7,6,3,101,72,11,0,3,2
45023,2023,4,7,6,2,153,2,9,1,2,2
45023,2023,4,7,6,2,60,13,20,0,2,1
45023,2023,4,7,6,3,405,67,9,1,2,2
45023,2023,4,7,6,3,282,64,11,1,2,2
45023,2023,4,7,6,2,262,64,20,0,2,1
45023,2023,4,7,6,3,158,51,4,0,2,2
45012,2023,3,27,2,2,324,1,11,1,2,2
45023,2023,4,7,6,3,447,67,21,1,1,1
45023,2023,4,7,6,3,101,48,12,1,2,2
45023,2023,4,7,6,2,381,83,11,0,2,2
45023,2023,4,7,6,2,282,83,11,0,3,2
45023,2023,4,7,6,2,280,18,11,0,3,2
45023,2023,4,7,6,2,101,18,12,0,2,2
45023,2023,4,7,6,3,381,11,12,1,3,2
45023,2023,4,7,6,3,101,11,12,1,2,2
45023,2023,4,7,6,3,277,61,2,1,2,2
45023,2023,4,7,6,3,262,20,11,1,2,2
45023,2023,4,7,6,2,101,16,12,0,2,2
45023,2023,4,7,6,3,262,1,11,0,2,2
45023,2023,4,7,6,3,381,83,20,0,2,1
45023,2023,4,7,6,3,381,67,21,0,1,1
45023,2023,4,7,6,3,493,20,11,1,2,2
45023,2023,4,7,6,3,364,67,20,0,1,1
45023,2023,4,7,6,3,40,1,12,1,3,2
45023,2023,4,7,6,3,282,18,3,1,2,2
45023,2023,4,7,6,3,101,16,12,1,5,3
45023,2023,4,7,6,3,424,83,12,0,2,2
45023,2023,4,7,6,2,153,18,20,0,2,1
45023,2023,4,7,6,3,116,6,20,0,1,1
45023,2023,4,7,6,3,381,15,20,0,2,1
45023,2023,4,7,6,3,381,83,20,0,3,1
45023,2023,4,7,6,2,282,64,7,0,8,2
45023,2023,4,7,6,3,116,16,12,1,7,6
45023,2023,4,7,6,3,101,15,20,0,1,1
45023,2023,4,7,6,3,381,11,4,0,2,1
45023,2023,4,7,6,3,364,67,20,0,1,1
45023,2023,4,7,6,3,153,63,20,0,5,2
45023,2023,4,7,6,3,376,67,20,0,1,1
45023,2023,4,7,6,3,60,49,11,1,3,2
45023,2023,4,7,6,3,153,49,20,0,1,1
45023,2023,4,7,6,3,116,16,12,0,3,2
45023,2023,4,7,6,3,158,9,20,0,1,1
45023,2023,4,7,6,3,267,83,20,0,1,1
45023,2023,4,7,6,3,116,15,21,0,1,1
45023,2023,4,7,6,3,262,67,20,0,1,1
45023,2023,4,7,6,3,405,15,20,0,1,1
45023,2023,4,7,6,3,230,18,4,1,1,1
45023,2023,4,7,6,4,407,80,7,0,6,2
45023,2023,4,7,6,3,222,11,12,1,3,2
45023,2023,4,7,6,3,232,49,7,0,3,2
45023,2023,4,7,6,4,369,35,2,1,3,2
45023,2023,4,7,6,4,414,49,9,0,2,2
45023,2023,4,7,6,3,174,33,11,1,1,1
45023,2023,4,7,6,3,365,64,20,0,1,1
45023,2023,4,7,6,4,469,11,4,1,1,1
45023,2023,4,7,6,4,277,1,9,0,2,2
45023,2023,4,7,6,4,369,11,9,0,3,2
45023,2023,4,7,6,3,163,49,20,0,1,1
45023,2023,4,7,6,4,116,1,9,1,2,2
45023,2023,4,7,6,4,364,1,11,1,3,2
45023,2023,4,7,6,4,116,16,4,0,1,1
44990,2023,3,5,1,4,116,52,7,0,6,2
45023,2023,4,7,6,4,116,49,15,1,3,3
45023,2023,4,7,6,4,60,11,12,1,1,1
45023,2023,4,7,6,2,381,5,21,0,2,1
45023,2023,4,7,6,4,101,9,1,1,2,2
45023,2023,4,7,6,3,262,2,11,0,5,2
45023,2023,4,7,6,4,158,13,20,0,1,1
45023,2023,4,7,6,4,116,49,11,1,2,2
45023,2023,4,7,6,4,110,80,10,1,6,2
45023,2023,4,7,6,4,101,11,21,0,1,1
45023,2023,4,7,6,4,101,33,11,1,2,2
45023,2023,4,7,6,4,101,83,3,0,3,1
45023,2023,4,7,6,4,101,49,12,1,2,2
45023,2023,4,7,6,4,101,1,11,0,4,3
45023,2023,4,7,6,4,277,49,7,1,8,3
45023,2023,4,7,6,4,135,67,21,1,3,1
45023,2023,4,7,6,4,116,49,4,1,1,1
45023,2023,4,7,6,4,381,11,20,0,2,1
45023,2023,4,7,6,2,376,33,11,1,2,2
45023,2023,4,7,6,4,116,11,11,1,2,2
45023,2023,4,7,6,4,20,49,12,1,4,3
45023,2023,4,7,6,4,101,49,11,1,2,2
45023,2023,4,7,6,4,116,11,12,0,6,2
45023,2023,4,7,6,3,158,9,1,0,2,1
45023,2023,4,7,6,4,304,49,4,0,1,1
45023,2023,4,7,6,4,116,11,4,0,1,1
45024,2023,4,8,7,1,163,11,4,0,1,1
45024,2023,4,8,7,1,116,80,7,1,3,2
45023,2023,4,7,6,4,101,67,20,0,6,1
45023,2023,4,7,6,4,40,67,4,1,1,1
45024,2023,4,8,7,1,116,11,20,1,1,1
45023,2023,4,7,6,4,163,83,20,0,2,1
45024,2023,4,8,7,1,101,36,12,1,3,3
45024,2023,4,8,7,1,116,67,4,0,1,1
45024,2023,4,8,7,1,242,18,21,0,3,1
45024,2023,4,8,7,1,222,11,4,1,1,1
45024,2023,4,8,7,1,116,67,20,0,2,1
45024,2023,4,8,7,1,116,15,4,0,1,1
45024,2023,4,8,7,1,116,67,4,0,4,1
45024,2023,4,8,7,1,101,52,9,1,4,3
45024,2023,4,8,7,2,381,11,20,1,6,1
45024,2023,4,8,7,1,40,64,21,0,1,1
45024,2023,4,8,7,1,153,28,18,0,1,1
45024,2023,4,8,7,2,116,18,20,1,2,1
45020,2023,4,4,3,2,101,16,12,0,2,2
45024,2023,4,8,7,1,116,55,20,0,1,1
45024,2023,4,8,7,2,104,1,11,1,2,2
45024,2023,4,8,7,2,101,1,11,1,2,2
45024,2023,4,8,7,2,101,11,11,1,3,2
45024,2023,4,8,7,2,101,67,21,1,1,1
45024,2023,4,8,7,2,101,15,21,1,1,1
45024,2023,4,8,7,2,116,67,20,0,4,1
45024,2023,4,8,7,2,376,67,12,0,2,2
45024,2023,4,8,7,2,40,83,20,0,1,1
45024,2023,4,8,7,2,365,20,12,0,5,2
45024,2023,4,8,7,2,393,83,20,0,1,1
45024,2023,4,8,7,2,210,13,20,0,4,1
45024,2023,4,8,7,2,101,15,20,0,2,1
45024,2023,4,8,7,2,101,80,7,1,4,2
45024,2023,4,8,7,2,104,67,2,1,3,2
45024,2023,4,8,7,2,101,28,18,0,1,1
45024,2023,4,8,7,2,116,16,12,1,3,2
45024,2023,4,8,7,2,101,16,12,1,2,2
45024,2023,4,8,7,2,469,1,11,1,2,2
45024,2023,4,8,7,2,267,67,20,0,2,1
45024,2023,4,8,7,2,230,15,21,1,2,1
45024,2023,4,8,7,2,116,16,12,0,2,2
45024,2023,4,8,7,2,401,44,9,0,3,3
45024,2023,4,8,7,2,381,1,11,1,6,2
45024,2023,4,8,7,2,40,16,20,1,3,1
45024,2023,4,8,7,2,40,1,12,1,4,2
45024,2023,4,8,7,2,405,11,11,0,5,2
45024,2023,4,8,7,2,116,49,12,1,3,3
45012,2023,3,27,2,2,324,35,2,1,2,2
45024,2023,4,8,7,2,277,44,12,1,7,2
45024,2023,4,8,7,2,116,83,4,1,1,1
45024,2023,4,8,7,2,116,4,4,0,2,1
45024,2023,4,8,7,2,10,16,12,0,2,2
45024,2023,4,8,7,2,101,16,12,1,3,2
45024,2023,4,8,7,2,467,52,20,0,1,1
45024,2023,4,8,7,2,40,52,12,1,4,2
45024,2023,4,8,7,2,277,28,18,0,1,1
45024,2023,4,8,7,2,153,16,12,1,2,2
45024,2023,4,8,7,2,116,13,4,0,2,1
45024,2023,4,8,7,3,101,1,11,1,2,2
45024,2023,4,8,7,2,230,16,12,1,2,2
45024,2023,4,8,7,3,232,4,20,0,2,1
45024,2023,4,8,7,3,101,28,20,0,1,1
45024,2023,4,8,7,3,304,15,4,0,3,1
45024,2023,4,8,7,2,70,2,11,1,3,2
45024,2023,4,8,7,2,242,80,7,0,2,2
45016,2023,3,31,6,3,376,63,21,0,3,2
45024,2023,4,8,7,3,101,83,20,0,5,1
45024,2023,4,8,7,3,101,15,4,0,4,1
45024,2023,4,8,7,2,40,15,20,1,2,1
45024,2023,4,8,7,3,40,83,4,1,2,1
45024,2023,4,8,7,3,381,11,20,0,1,1
45024,2023,4,8,7,3,50,67,20,0,1,1
45024,2023,4,8,7,3,381,67,4,0,1,1
45024,2023,4,8,7,3,116,67,4,1,2,1
45024,2023,4,8,7,3,470,1,11,0,3,2
45024,2023,4,8,7,3,290,12,12,0,5,2
45024,2023,4,8,7,3,101,83,4,0,1,1
45024,2023,4,8,7,3,230,83,2,1,2,2
45024,2023,4,8,7,3,40,67,4,0,2,1
45024,2023,4,8,7,3,40,49,4,0,5,2
45024,2023,4,8,7,2,174,1,11,0,6,3
45024,2023,4,8,7,3,364,1,11,0,2,2
45024,2023,4,8,7,3,101,44,12,1,3,3
45024,2023,4,8,7,3,101,15,4,0,3,1
45024,2023,4,8,7,3,116,11,7,0,2,2
45024,2023,4,8,7,3,393,1,9,1,3,2
45024,2023,4,8,7,3,101,64,20,0,10,3
45024,2023,4,8,7,3,235,1,11,1,2,2
45024,2023,4,8,7,3,116,28,4,1,1,1
45024,2023,4,8,7,3,230,15,2,1,2,2
45024,2023,4,8,7,3,459,2,7,1,2,2
45024,2023,4,8,7,3,290,49,20,0,4,1
45024,2023,4,8,7,3,280,67,4,0,1,1
45024,2023,4,8,7,3,222,20,11,1,2,2
45024,2023,4,8,7,4,222,35,2,1,2,2
45024,2023,4,8,7,3,369,28,21,0,4,2
45024,2023,4,8,7,4,476,83,7,0,4,2
45024,2023,4,8,7,4,470,83,7,0,5,4
45024,2023,4,8,7,4,116,61,2,0,2,2
45024,2023,4,8,7,4,40,61,2,1,2,2
45024,2023,4,8,7,3,40,5,21,1,2,2
45024,2023,4,8,7,4,40,15,15,1,4,3
45024,2023,4,8,7,3,381,11,12,1,2,2
45024,2023,4,8,7,3,304,1,11,1,2,2
45024,2023,4,8,7,4,101,15,21,1,1,1
45024,2023,4,8,7,4,153,67,11,1,6,2
45024,2023,4,8,7,3,364,67,7,0,2,2
45024,2023,4,8,7,3,101,13,20,1,4,1
45024,2023,4,8,7,3,381,67,3,0,1,1
45024,2023,4,8,7,4,280,49,2,0,4,2
45024,2023,4,8,7,3,163,49,20,1,1,1
45024,2023,4,8,7,4,101,82,9,0,2,2
45024,2023,4,8,7,4,381,52,12,0,6,2
45024,2023,4,8,7,4,290,49,20,0,1,1
45024,2023,4,8,7,4,324,11,20,0,1,1
45024,2023,4,8,7,3,230,80,7,0,5,2
45024,2023,4,8,7,3,230,67,20,1,3,1
45024,2023,4,8,7,4,116,11,12,0,3,2
45024,2023,4,8,7,4,116,49,12,1,2,2
45024,2023,4,8,7,4,40,67,20,0,4,1
45024,2023,4,8,7,4,163,60,2,0,2,2
45024,2023,4,8,7,4,158,49,12,0,3,2
45024,2023,4,8,7,4,101,49,20,1,1,1
45024,2023,4,8,7,4,10,82,7,1,3,3
45024,2023,4,8,7,4,428,48,2,1,2,2
45024,2023,4,8,7,3,226,49,4,0,2,2
45024,2023,4,8,7,4,381,13,20,0,1,1
45024,2023,4,8,7,4,116,11,11,1,2,2
45024,2023,4,8,7,4,135,80,7,0,6,2
45024,2023,4,8,7,4,135,16,12,0,3,2
45024,2023,4,8,7,4,116,67,21,1,1,1
45024,2023,4,8,7,4,153,60,2,1,2,2
45024,2023,4,8,7,4,267,80,7,0,4,2
45024,2023,4,8,7,4,428,11,12,0,2,2
45025,2023,4,9,1,1,116,67,12,0,3,2
45025,2023,4,9,1,1,392,49,4,0,1,1
45025,2023,4,9,1,1,101,82,9,1,2,2
45025,2023,4,9,1,1,376,67,20,1,1,1
45025,2023,4,9,1,1,364,9,21,0,2,1
45025,2023,4,9,1,1,116,49,4,0,1,1
45025,2023,4,9,1,1,40,49,3,0,1,1
45025,2023,4,9,1,1,40,49,20,1,2,1
45025,2023,4,9,1,1,101,49,9,0,3,2
45025,2023,4,9,1,1,116,11,20,0,3,1
45025,2023,4,9,1,1,116,46,4,0,1,1
45025,2023,4,9,1,1,467,49,7,0,3,2
45025,2023,4,9,1,1,116,18,4,0,1,1
45025,2023,4,9,1,1,282,83,12,1,2,2
45025,2023,4,9,1,1,174,67,7,0,2,2
45025,2023,4,9,1,1,146,80,10,0,2,2
45025,2023,4,9,1,1,101,49,20,1,1,1
45025,2023,4,9,1,1,476,67,4,1,1,1
45025,2023,4,9,1,1,101,15,3,0,3,1
45025,2023,4,9,1,1,153,11,20,0,4,1
45024,2023,4,8,7,4,324,52,11,1,4,2
45025,2023,4,9,1,1,101,11,12,0,11,4
45025,2023,4,9,1,2,116,67,4,0,1,1
45025,2023,4,9,1,2,135,11,12,0,2,2
45025,2023,4,9,1,2,381,83,20,0,2,1
45025,2023,4,9,1,2,101,11,3,1,2,1
45025,2023,4,9,1,1,50,49,20,0,1,1
45025,2023,4,9,1,2,163,49,4,0,3,1
45024,2023,4,8,7,4,364,2,10,1,6,3
45025,2023,4,9,1,2,101,67,4,0,1,1
45025,2023,4,9,1,2,222,67,7,0,2,2
45025,2023,4,9,1,2,285,80,7,0,5,2
45025,2023,4,9,1,2,40,49,11,1,4,2
45025,2023,4,9,1,2,282,11,4,0,1,1
45025,2023,4,9,1,2,101,1,9,0,2,1
45025,2023,4,9,1,2,101,64,12,1,3,2
45025,2023,4,9,1,1,153,33,11,0,3,2
45025,2023,4,9,1,2,116,67,3,0,2,1
45025,2023,4,9,1,2,381,21,3,0,5,2
45025,2023,4,9,1,2,285,66,20,0,5,1
45025,2023,4,9,1,1,476,11,20,1,1,1
45025,2023,4,9,1,2,381,52,12,0,6,3
45025,2023,4,9,1,2,101,52,9,0,3,2
45025,2023,4,9,1,2,476,11,7,0,2,2
45025,2023,4,9,1,2,116,67,20,0,2,1