id_data,ano,mes,dia,id_dia_semana,periodo,br,id_causa_acidente,id_tipo_acidente,id_uso_solo,pessoas,veiculos
45025,2023,4,9,1,2,381,16,15,1,6,4
45025,2023,4,9,1,2,230,16,12,1,2,2
45025,2023,4,9,1,2,116,16,12,1,2,2
45025,2023,4,9,1,2,101,44,15,1,11,10
45025,2023,4,9,1,2,470,18,12,1,3,2
45025,2023,4,9,1,2,316,18,10,1,2,2
45025,2023,4,9,1,2,280,20,9,0,3,2
45025,2023,4,9,1,2,101,5,20,0,3,1
45025,2023,4,9,1,2,70,1,11,0,2,2
45025,2023,4,9,1,2,116,13,20,0,2,1
45025,2023,4,9,1,2,116,15,20,0,4,1
45025,2023,4,9,1,2,40,35,2,1,3,2
45025,2023,4,9,1,2,324,1,9,1,2,2
45025,2023,4,9,1,2,116,49,7,0,2,2
45025,2023,4,9,1,2,101,83,12,0,3,2
45025,2023,4,9,1,2,101,67,7,0,4,4
45025,2023,4,9,1,2,101,16,12,1,6,2
45025,2023,4,9,1,2,467,1,11,0,3,2
45025,2023,4,9,1,3,40,63,21,0,1,1
45025,2023,4,9,1,3,470,11,4,0,3,1
45025,2023,4,9,1,3,101,64,20,0,4,1
45025,2023,4,9,1,2,232,1,7,1,3,2
45025,2023,4,9,1,3,50,15,20,0,4,1
45025,2023,4,9,1,3,40,1,11,0,5,2
45025,2023,4,9,1,2,101,11,21,1,2,1
45025,2023,4,9,1,2,393,4,21,1,2,1
45025,2023,4,9,1,3,423,16,12,0,5,2
44998,2023,3,13,2,2,277,83,12,1,2,2
45025,2023,4,9,1,3,40,15,4,0,2,1
45002,2023,3,17,6,1,101,67,12,0,3,1
45025,2023,4,9,1,3,101,35,2,1,6,2
45025,2023,4,9,1,3,376,83,20,0,3,1
45025,2023,4,9,1,3,386,80,7,0,4,3
45025,2023,4,9,1,2,262,1,11,0,6,2
45025,2023,4,9,1,3,101,78,11,0,2,2
45025,2023,4,9,1,3,381,52,9,0,2,2
45025,2023,4,9,1,3,282,67,10,0,4,3
45025,2023,4,9,1,3,40,4,4,0,2,1
45025,2023,4,9,1,3,153,67,12,1,3,2
45025,2023,4,9,1,3,251,1,11,1,3,3
45025,2023,4,9,1,3,116,1,11,0,4,2
45025,2023,4,9,1,3,304,80,10,0,6,2
45025,2023,4,9,1,3,470,28,18,0,1,1
45025,2023,4,9,1,3,406,52,3,0,4,1
45025,2023,4,9,1,3,290,1,11,1,4,2
45025,2023,4,9,1,3,116,83,4,0,2,1
45025,2023,4,9,1,3,471,28,20,0,2,1
45025,2023,4,9,1,2,153,83,20,0,2,2
45025,2023,4,9,1,3,262,1,11,0,4,2
45025,2023,4,9,1,3,116,67,20,0,3,1
45025,2023,4,9,1,3,386,49,20,0,2,1
45025,2023,4,9,1,3,60,83,20,0,1,1
45025,2023,4,9,1,3,381,67,20,0,1,1
45025,2023,4,9,1,3,376,13,21,0,2,1
45025,2023,4,9,1,3,101,67,11,1,2,2
45025,2023,4,9,1,3,470,15,12,0,4,3
45025,2023,4,9,1,3,364,4,20,0,5,1
45025,2023,4,9,1,3,230,80,10,0,2,2
45025,2023,4,9,1,3,116,16,12,0,3,2
45025,2023,4,9,1,3,50,67,20,0,1,1
45025,2023,4,9,1,3,40,64,20,0,4,3
45013,2023,3,28,3,2,376,33,11,1,2,2
45025,2023,4,9,1,3,20,44,12,0,4,2
45025,2023,4,9,1,3,40,15,3,0,4,1
45025,2023,4,9,1,3,424,11,12,0,2,2
45025,2023,4,9,1,3,101,67,21,0,3,1
45025,2023,4,9,1,3,364,11,12,0,10,3
45025,2023,4,9,1,3,280,49,11,1,2,2
45025,2023,4,9,1,3,381,83,4,0,1,1
45025,2023,4,9,1,3,101,49,4,1,2,1
45025,2023,4,9,1,4,101,11,9,1,2,2
45025,2023,4,9,1,3,251,67,20,0,3,1
45025,2023,4,9,1,3,316,11,12,0,2,2
45025,2023,4,9,1,4,60,49,21,1,1,1
45025,2023,4,9,1,3,101,17,11,1,2,2
45025,2023,4,9,1,4,293,1,11,1,2,2
45025,2023,4,9,1,3,20,16,12,0,4,4
45025,2023,4,9,1,3,40,6,9,1,3,2
45025,2023,4,9,1,3,101,52,9,1,2,2
45025,2023,4,9,1,4,101,82,7,0,6,4
45025,2023,4,9,1,4,369,16,9,1,2,2
45025,2023,4,9,1,3,163,52,9,1,2,2
45025,2023,4,9,1,3,40,83,20,0,2,1
45025,2023,4,9,1,3,407,80,7,0,2,2
45025,2023,4,9,1,3,381,11,21,1,1,1
45025,2023,4,9,1,3,153,67,12,1,2,2
45025,2023,4,9,1,4,373,2,11,1,2,2
45025,2023,4,9,1,4,277,78,9,1,3,2
45025,2023,4,9,1,3,104,82,7,0,5,2
45025,2023,4,9,1,3,20,49,20,0,3,1
45025,2023,4,9,1,4,158,49,12,0,12,4
45025,2023,4,9,1,4,476,49,12,0,2,2
45025,2023,4,9,1,4,101,49,4,0,2,1
45025,2023,4,9,1,3,376,67,20,0,1,1
45025,2023,4,9,1,4,101,49,20,0,1,1
45025,2023,4,9,1,3,40,83,4,1,2,1
45025,2023,4,9,1,4,401,49,11,1,2,2
45025,2023,4,9,1,3,116,13,4,0,3,1
45025,2023,4,9,1,3,381,83,20,0,3,1
45025,2023,4,9,1,3,365,56,4,0,2,1
45025,2023,4,9,1,4,272,67,20,0,1,1
45025,2023,4,9,1,4,70,11,20,0,2,2
45025,2023,4,9,1,4,470,83,20,0,2,1
45025,2023,4,9,1,4,386,49,20,0,1,1
45025,2023,4,9,1,4,101,64,20,0,5,1
45025,2023,4,9,1,4,365,80,7,0,8,3
45025,2023,4,9,1,4,277,28,21,1,1,1
45025,2023,4,9,1,3,174,67,20,0,5,1
45025,2023,4,9,1,4,376,49,7,0,4,2
45025,2023,4,9,1,4,282,11,4,1,1,1
45025,2023,4,9,1,4,101,21,2,1,3,2
45025,2023,4,9,1,4,420,46,20,0,1,1
45025,2023,4,9,1,4,116,12,9,0,3,2
45025,2023,4,9,1,4,392,49,4,1,2,1
45025,2023,4,9,1,4,470,33,11,1,3,2
45025,2023,4,9,1,4,230,52,12,0,2,2
45025,2023,4,9,1,4,116,49,20,0,1,1
45026,2023,4,10,2,1,101,60,2,1,2,2
45025,2023,4,9,1,4,101,5,20,0,7,1
45026,2023,4,10,2,1,448,49,4,0,1,1
45025,2023,4,9,1,4,40,9,20,0,1,1
45026,2023,4,10,2,1,381,83,20,0,5,1
45026,2023,4,10,2,1,116,49,2,0,2,2
45026,2023,4,10,2,1,20,63,21,0,1,1
45026,2023,4,10,2,1,116,49,12,0,3,2
45026,2023,4,10,2,1,60,49,21,1,2,1
45025,2023,4,9,1,4,116,67,3,0,1,1
45025,2023,4,9,1,4,101,83,21,1,1,1
45026,2023,4,10,2,1,116,49,20,1,1,1
45025,2023,4,9,1,4,488,35,2,1,2,2
45026,2023,4,10,2,1,60,11,20,1,2,2
45026,2023,4,10,2,1,230,83,20,1,1,1
45026,2023,4,10,2,1,101,18,4,1,1,1
45026,2023,4,10,2,1,101,16,12,0,1,1
45025,2023,4,9,1,3,110,83,3,1,1,1
45026,2023,4,10,2,1,280,82,7,0,4,3
45026,2023,4,10,2,2,101,16,12,0,2,2
45026,2023,4,10,2,2,282,67,12,0,3,2
45026,2023,4,10,2,1,101,49,9,1,2,2
45026,2023,4,10,2,2,116,78,9,1,2,2
45025,2023,4,9,1,3,40,67,15,1,3,3
45026,2023,4,10,2,2,428,52,11,1,2,2
45026,2023,4,10,2,2,116,67,12,1,3,2
45026,2023,4,10,2,2,465,67,20,1,1,1
45026,2023,4,10,2,1,70,15,9,1,2,2
45026,2023,4,10,2,2,153,11,21,1,3,2
45025,2023,4,9,1,3,155,11,7,0,5,2
45026,2023,4,10,2,2,324,16,12,0,3,2
45026,2023,4,10,2,2,116,16,12,0,2,2
45026,2023,4,10,2,2,116,78,12,1,2,2
45026,2023,4,10,2,2,116,67,12,1,2,2
45010,2023,3,25,7,2,20,1,3,0,3,1
45026,2023,4,10,2,2,101,72,11,0,4,2
45026,2023,4,10,2,2,232,83,20,0,1,1
45026,2023,4,10,2,2,262,18,7,0,4,2
45026,2023,4,10,2,2,101,78,9,1,2,2
45026,2023,4,10,2,2,282,78,9,1,2,2
45026,2023,4,10,2,2,101,67,12,0,1,1
45026,2023,4,10,2,2,153,13,21,1,2,1
45026,2023,4,10,2,2,163,16,12,0,2,2
45026,2023,4,10,2,2,376,1,11,0,2,2
45026,2023,4,10,2,2,448,36,9,0,2,1
45026,2023,4,10,2,2,277,67,21,1,1,1
45026,2023,4,10,2,2,116,67,12,1,3,2
45026,2023,4,10,2,2,101,11,12,1,3,2
45026,2023,4,10,2,2,116,11,12,1,4,4
45026,2023,4,10,2,2,381,52,9,1,2,2
45026,2023,4,10,2,2,116,52,12,1,3,2
45026,2023,4,10,2,2,290,52,9,0,3,2
45026,2023,4,10,2,1,116,11,9,1,2,2
45026,2023,4,10,2,2,163,80,7,0,2,2
45026,2023,4,10,2,2,222,67,12,0,3,3
45026,2023,4,10,2,2,381,67,21,0,2,2
45026,2023,4,10,2,2,251,15,20,0,4,1
45026,2023,4,10,2,2,101,83,20,0,1,1
45026,2023,4,10,2,2,101,52,21,1,1,1
45026,2023,4,10,2,2,364,12,7,1,2,2
45026,2023,4,10,2,2,116,18,20,0,2,1
45025,2023,4,9,1,4,381,83,20,0,1,1
45026,2023,4,10,2,2,101,16,15,0,4,4
45022,2023,4,6,5,4,101,16,12,1,2,2
45026,2023,4,10,2,2,381,56,4,0,1,1
45026,2023,4,10,2,2,251,36,12,0,2,2
45026,2023,4,10,2,2,50,67,4,0,1,1
45026,2023,4,10,2,2,316,51,4,0,1,1
45026,2023,4,10,2,2,116,28,4,1,1,1
45026,2023,4,10,2,2,101,80,10,0,2,2
45026,2023,4,10,2,2,277,51,20,0,1,1
45026,2023,4,10,2,2,116,52,12,0,2,2
45026,2023,4,10,2,2,163,67,3,0,1,1
45026,2023,4,10,2,2,116,67,15,1,5,3
45026,2023,4,10,2,3,153,13,21,1,1,1
45026,2023,4,10,2,2,163,11,4,0,1,1
44991,2023,3,6,2,3,163,83,20,0,1,1
45026,2023,4,10,2,2,50,11,20,0,1,1
45026,2023,4,10,2,2,116,16,12,1,2,2
44978,2023,2,21,3,3,470,33,11,0,3,2
45026,2023,4,10,2,2,40,18,12,1,5,2
45025,2023,4,9,1,1,365,67,2,0,2,2
45026,2023,4,10,2,3,10,11,3,1,1,1
45026,2023,4,10,2,2,364,12,11,1,3,3
45026,2023,4,10,2,3,262,9,1,0,1,1
45026,2023,4,10,2,2,116,11,4,1,1,1
45023,2023,4,7,6,2,282,80,7,0,2,2
45026,2023,4,10,2,3,277,1,12,0,2,2
45026,2023,4,10,2,2,365,83,4,0,2,2
45026,2023,4,10,2,3,60,15,21,1,1,1
45026,2023,4,10,2,2,116,1,12,1,2,2
45026,2023,4,10,2,3,101,16,12,0,2,2
45026,2023,4,10,2,3,101,2,11,0,2,2
45026,2023,4,10,2,3,369,1,11,1,2,2
45026,2023,4,10,2,3,101,1,11,1,2,2
45026,2023,4,10,2,3,116,28,20,0,2,1
45026,2023,4,10,2,3,316,16,12,1,2,2
45026,2023,4,10,2,3,116,67,12,1,2,2
45026,2023,4,10,2,3,282,28,18,0,2,2
45026,2023,4,10,2,3,424,41,20,1,2,1
45026,2023,4,10,2,2,135,11,21,0,1,1
45026,2023,4,10,2,3,386,52,9,0,3,2
45026,2023,4,10,2,3,116,52,12,0,3,2
45026,2023,4,10,2,3,101,11,12,1,2,2
45026,2023,4,10,2,3,101,15,7,0,6,2
45026,2023,4,10,2,3,364,33,11,1,2,2
45026,2023,4,10,2,3,381,83,4,0,1,1
45026,2023,4,10,2,3,364,67,7,1,3,2
45026,2023,4,10,2,3,376,67,12,0,2,2
45026,2023,4,10,2,3,101,16,12,0,4,4
45026,2023,4,10,2,3,386,2,11,0,4,2
45026,2023,4,10,2,3,50,33,11,1,2,2
45026,2023,4,10,2,3,356,11,12,0,2,2
45026,2023,4,10,2,3,232,52,7,1,2,2
45026,2023,4,10,2,2,467,83,20,0,1,1
45026,2023,4,10,2,3,104,1,9,1,3,2
45026,2023,4,10,2,3,101,11,2,1,2,2
45026,2023,4,10,2,3,101,83,7,0,2,2
45026,2023,4,10,2,3,116,1,9,1,2,2
45026,2023,4,10,2,3,116,33,11,0,2,2
45026,2023,4,10,2,3,116,78,9,1,3,2
45026,2023,4,10,2,3,230,16,12,1,3,3
45026,2023,4,10,2,3,116,67,12,0,3,3
45001,2023,3,16,5,2,40,51,12,0,2,2
45026,2023,4,10,2,3,163,11,12,1,2,2
45026,2023,4,10,2,4,285,1,11,1,3,2
45026,2023,4,10,2,4,20,67,20,0,1,1
45026,2023,4,10,2,3,135,16,12,1,2,2
45026,2023,4,10,2,4,393,52,11,1,3,2
45026,2023,4,10,2,3,116,16,12,1,3,2
45026,2023,4,10,2,4,60,67,20,0,4,1
45026,2023,4,10,2,3,222,21,20,0,1,1
45026,2023,4,10,2,4,469,28,21,1,2,1
45026,2023,4,10,2,4,277,83,20,1,1,1
45026,2023,4,10,2,4,110,28,18,0,1,1
45026,2023,4,10,2,4,101,61,2,1,2,2
45026,2023,4,10,2,4,421,7,21,0,1,1
45026,2023,4,10,2,4,101,67,21,1,1,1
45026,2023,4,10,2,3,364,82,9,1,3,3
45026,2023,4,10,2,4,116,15,3,0,1,1
45026,2023,4,10,2,4,40,18,20,1,1,1
45026,2023,4,10,2,4,174,82,12,0,2,2
45026,2023,4,10,2,3,435,67,12,0,5,2
45027,2023,4,11,3,1,369,48,20,0,1,1
45027,2023,4,11,3,1,20,49,4,1,2,1
45027,2023,4,11,3,1,406,9,1,0,1,1
45026,2023,4,10,2,4,116,28,18,1,1,1
45027,2023,4,11,3,1,153,9,20,0,1,1
45027,2023,4,11,3,1,101,9,1,0,1,1
45027,2023,4,11,3,1,406,11,20,0,1,1
45027,2023,4,11,3,1,163,83,20,0,1,1
45027,2023,4,11,3,2,101,16,12,0,2,2
45027,2023,4,11,3,1,101,33,11,1,2,2
45027,2023,4,11,3,2,40,11,12,0,2,2
45027,2023,4,11,3,2,470,78,7,1,3,2
45027,2023,4,11,3,2,101,78,12,1,3,3
45026,2023,4,10,2,4,116,11,21,0,1,1
45027,2023,4,11,3,1,277,82,7,0,4,2
45027,2023,4,11,3,2,70,16,12,0,2,2
45027,2023,4,11,3,2,101,9,1,1,2,1
45027,2023,4,11,3,2,285,1,11,0,2,2
45027,2023,4,11,3,2,101,56,4,0,2,2
45027,2023,4,11,3,2,459,20,2,1,2,2
45027,2023,4,11,3,2,116,1,11,1,3,2
45027,2023,4,11,3,2,343,28,3,1,1,1
45027,2023,4,11,3,2,116,2,11,1,2,2
45027,2023,4,11,3,2,316,2,12,0,3,2
45027,2023,4,11,3,2,277,67,12,1,3,2
45027,2023,4,11,3,2,40,52,9,0,5,4
45027,2023,4,11,3,2,369,33,11,0,2,2
44968,2023,2,11,7,2,369,49,2,1,6,2
45027,2023,4,11,3,2,101,12,10,0,2,2
45027,2023,4,11,3,2,470,11,12,1,4,3
45027,2023,4,11,3,2,101,52,12,1,3,2
45027,2023,4,11,3,2,287,16,12,1,5,2
45027,2023,4,11,3,2,163,11,12,1,2,2
45027,2023,4,11,3,2,101,52,9,0,2,2
45027,2023,4,11,3,2,267,28,7,1,2,2
45027,2023,4,11,3,2,277,78,9,1,3,3
45027,2023,4,11,3,2,101,67,11,1,3,2
45027,2023,4,11,3,2,230,67,12,1,4,3
45027,2023,4,11,3,2,304,1,10,1,2,2
45027,2023,4,11,3,2,316,35,2,1,2,2
45027,2023,4,11,3,2,364,67,12,1,2,2
45027,2023,4,11,3,2,476,1,11,0,37,2
44972,2023,2,15,4,3,40,67,20,0,1,1
45027,2023,4,11,3,2,153,67,20,1,3,1
45027,2023,4,11,3,2,285,1,11,0,3,2
45027,2023,4,11,3,2,101,67,20,0,4,1
45027,2023,4,11,3,2,459,20,21,0,2,2
45027,2023,4,11,3,2,392,80,7,0,4,2
45024,2023,4,8,7,3,153,4,20,0,4,1
45027,2023,4,11,3,2,470,1,11,1,2,2
45027,2023,4,11,3,2,163,11,12,1,2,2
45027,2023,4,11,3,2,116,57,21,1,2,2
45027,2023,4,11,3,3,101,19,20,1,1,1
45027,2023,4,11,3,2,232,44,12,0,4,4
45024,2023,4,8,7,2,116,6,4,0,2,1
45027,2023,4,11,3,3,116,13,21,0,1,1
45027,2023,4,11,3,3,153,44,12,0,2,2
45027,2023,4,11,3,3,290,11,20,0,1,1
44983,2023,2,26,1,3,70,11,12,1,2,2
45027,2023,4,11,3,3,101,67,20,0,1,1
45027,2023,4,11,3,3,285,57,12,0,3,3
45027,2023,4,11,3,3,116,11,4,0,1,1
45027,2023,4,11,3,3,60,4,20,0,1,1
45027,2023,4,11,3,3,470,33,11,1,2,2
45027,2023,4,11,3,3,101,20,11,1,4,2
45027,2023,4,11,3,3,376,1,2,1,3,2
45027,2023,4,11,3,3,386,1,11,1,3,3
45027,2023,4,11,3,3,116,44,21,1,2,2
45027,2023,4,11,3,3,116,2,9,1,5,4
45027,2023,4,11,3,3,364,1,11,1,2,2
45027,2023,4,11,3,3,158,67,21,0,1,1
45027,2023,4,11,3,3,101,10,2,1,2,2
45027,2023,4,11,3,3,163,33,10,1,3,2
45027,2023,4,11,3,3,230,10,2,0,2,2
45027,2023,4,11,3,4,101,19,12,1,3,2
45027,2023,4,11,3,4,20,80,7,1,3,2
45027,2023,4,11,3,3,116,11,12,0,2,2
45027,2023,4,11,3,4,101,67,2,1,2,2
45027,2023,4,11,3,4,101,67,12,1,4,2
45027,2023,4,11,3,3,101,64,9,0,3,3
44984,2023,2,27,2,3,101,52,9,0,2,2
45027,2023,4,11,3,4,101,67,20,1,1,1
45027,2023,4,11,3,4,101,11,4,0,1,1
45027,2023,4,11,3,4,174,60,2,0,2,2
45027,2023,4,11,3,3,116,33,11,1,3,2
45027,2023,4,11,3,4,163,49,12,1,2,2
45027,2023,4,11,3,4,116,52,12,1,3,3
45027,2023,4,11,3,3,470,1,11,1,2,2
45027,2023,4,11,3,3,287,82,20,0,2,1
45027,2023,4,11,3,3,354,67,4,0,2,1
45015,2023,3,30,5,4,163,67,4,0,1,1
45027,2023,4,11,3,4,230,67,20,0,2,1
45027,2023,4,11,3,4,493,11,20,0,3,1
45027,2023,4,11,3,3,293,52,7,0,7,2
45028,2023,4,12,4,1,158,49,21,0,2,1
45028,2023,4,12,4,1,381,67,21,0,1,1
45028,2023,4,12,4,1,324,11,12,0,2,2
45028,2023,4,12,4,1,364,49,4,0,1,1
45028,2023,4,12,4,2,101,52,9,1,2,2
45028,2023,4,12,4,2,101,67,21,1,1,1
45028,2023,4,12,4,1,285,11,20,0,1,1
45028,2023,4,12,4,2,405,11,21,0,1,1
45028,2023,4,12,4,2,116,78,21,1,1,1
45027,2023,4,11,3,4,101,67,9,1,2,2
45028,2023,4,12,4,2,116,11,2,1,2,2
45028,2023,4,12,4,2,101,1,11,0,2,2
45028,2023,4,12,4,2,116,1,9,1,4,3
45028,2023,4,12,4,2,101,67,12,1,3,2
45028,2023,4,12,4,2,101,78,9,1,3,2
45028,2023,4,12,4,2,116,1,7,1,2,2
45028,2023,4,12,4,2,287,18,20,0,1,1
45028,2023,4,12,4,2,101,16,12,0,2,2
45028,2023,4,12,4,2,40,52,12,1,3,2
45028,2023,4,12,4,2,40,16,12,0,4,2
45028,2023,4,12,4,2,70,52,20,1,1,1
45028,2023,4,12,4,2,324,18,20,0,1,1
45028,2023,4,12,4,2,230,67,12,0,3,2
45028,2023,4,12,4,2,401,20,11,1,2,2
45028,2023,4,12,4,2,290,52,9,1,2,2
45028,2023,4,12,4,2,381,16,12,0,2,2
45028,2023,4,12,4,2,277,1,9,1,4,2
45028,2023,4,12,4,2,290,7,21,0,2,1
45021,2023,4,5,4,4,40,83,4,0,2,1
45028,2023,4,12,4,2,101,67,4,1,3,1
45028,2023,4,12,4,2,101,1,9,1,5,2
45028,2023,4,12,4,2,101,11,9,0,2,2
45028,2023,4,12,4,2,101,1,11,1,2,2
45028,2023,4,12,4,1,470,20,10,1,2,2
45028,2023,4,12,4,2,116,11,12,0,6,5
45028,2023,4,12,4,2,381,52,9,1,2,1
45028,2023,4,12,4,2,101,20,12,0,7,2
45012,2023,3,27,2,1,459,9,1,1,1,1
45028,2023,4,12,4,3,116,16,9,0,3,2
45028,2023,4,12,4,2,153,49,12,0,2,2
44967,2023,2,10,6,4,316,82,10,1,1,1
45028,2023,4,12,4,3,381,35,2,0,2,2
45028,2023,4,12,4,3,163,49,11,1,2,2
45028,2023,4,12,4,3,470,33,11,1,2,2
45028,2023,4,12,4,2,319,16,12,1,2,2
45028,2023,4,12,4,3,153,16,9,1,2,2
44980,2023,2,23,5,2,381,11,12,0,2,2
44993,2023,3,8,4,1,365,67,20,0,37,1
44984,2023,2,27,2,4,343,67,4,0,2,1
45028,2023,4,12,4,3,116,78,9,0,2,2
45028,2023,4,12,4,3,381,67,21,1,2,1
45008,2023,3,23,5,4,101,11,21,1,1,1
44968,2023,2,11,7,2,101,60,21,0,3,2
45028,2023,4,12,4,2,316,49,11,1,2,2
45020,2023,4,4,3,2,381,11,9,0,2,2
45028,2023,4,12,4,3,262,64,20,0,1,1
45028,2023,4,12,4,3,101,67,12,1,2,2
45028,2023,4,12,4,3,116,1,12,1,2,2
45028,2023,4,12,4,3,116,1,11,1,2,2
45028,2023,4,12,4,3,101,52,12,0,2,2
45028,2023,4,12,4,2,280,72,11,1,3,2
45028,2023,4,12,4,3,282,1,11,1,3,2
45028,2023,4,12,4,3,116,67,20,0,1,1
45028,2023,4,12,4,3,116,52,9,1,2,2
45028,2023,4,12,4,3,50,67,4,0,3,1
45028,2023,4,12,4,3,226,61,2,1,2,2
45017,2023,4,1,7,2,163,67,21,0,1,1
45028,2023,4,12,4,3,282,83,20,0,1,1
45028,2023,4,12,4,3,393,51,21,1,1,1
45028,2023,4,12,4,3,101,52,9,1,2,2
45028,2023,4,12,4,3,369,11,15,1,5,3
45028,2023,4,12,4,3,290,11,20,0,2,1
45028,2023,4,12,4,3,376,80,7,1,3,3
45028,2023,4,12,4,4,381,80,10,0,3,2
45028,2023,4,12,4,4,101,83,3,0,2,1
45028,2023,4,12,4,3,393,11,11,1,2,2
45028,2023,4,12,4,4,386,67,21,0,1,1
45028,2023,4,12,4,3,101,25,12,0,2,2
45028,2023,4,12,4,4,101,61,2,0,2,2
45028,2023,4,12,4,4,381,16,12,0,5,2
45028,2023,4,12,4,3,376,1,11,0,3,2
45028,2023,4,12,4,3,116,52,9,1,2,2
45028,2023,4,12,4,3,470,34,4,1,1,1
45028,2023,4,12,4,4,376,1,11,0,4,2
45028,2023,4,12,4,4,116,49,21,0,1,1
45028,2023,4,12,4,4,386,80,7,0,6,2
45028,2023,4,12,4,4,101,11,12,0,2,2
45028,2023,4,12,4,4,376,67,4,0,1,1
45028,2023,4,12,4,4,153,34,12,1,2,2
45028,2023,4,12,4,3,116,62,21,1,1,1
45028,2023,4,12,4,4,369,46,12,0,2,2
45028,2023,4,12,4,3,70,67,20,1,1,1
45028,2023,4,12,4,4,101,67,9,0,2,2
45028,2023,4,12,4,4,40,67,9,1,2,1
44980,2023,2,23,5,4,101,3,21,1,1,1
45028,2023,4,12,4,4,40,1,2,0,2,2
45028,2023,4,12,4,4,163,11,21,1,1,1
45028,2023,4,12,4,3,50,13,3,0,1,1
45028,2023,4,12,4,4,116,9,1,1,1,1
45028,2023,4,12,4,4,470,83,12,0,1,1
45028,2023,4,12,4,4,101,67,21,0,1,1
45028,2023,4,12,4,3,158,11,4,0,1,1
45029,2023,4,13,5,1,153,49,4,1,1,1
45028,2023,4,12,4,4,116,83,3,0,2,2
45029,2023,4,13,5,1,116,83,20,1,1,1
45028,2023,4,12,4,4,267,67,20,0,2,1
45029,2023,4,13,5,1,101,67,3,1,1,1
45029,2023,4,13,5,1,369,49,12,1,5,2
45029,2023,4,13,5,1,324,16,12,0,5,2
45029,2023,4,13,5,1,232,9,1,1,3,1
45026,2023,4,10,2,2,116,51,20,0,1,1
45028,2023,4,12,4,3,470,1,11,0,3,2
45029,2023,4,13,5,2,101,60,2,1,3,3
45029,2023,4,13,5,2,386,35,2,1,2,2
45029,2023,4,13,5,2,70,18,4,1,2,1
45029,2023,4,13,5,2,116,60,2,1,2,2
45029,2023,4,13,5,1,364,67,12,1,2,2
45029,2023,4,13,5,2,158,28,21,0,2,1
45026,2023,4,10,2,1,101,67,20,1,1,1
45029,2023,4,13,5,2,277,52,9,0,4,2
45029,2023,4,13,5,2,476,60,2,1,2,2
45029,2023,4,13,5,2,101,9,1,1,1,1
45029,2023,4,13,5,2,158,78,11,1,2,2
45029,2023,4,13,5,2,364,52,12,1,4,3
45009,2023,3,24,6,4,101,60,2,1,2,2
45029,2023,4,13,5,2,230,78,21,1,1,1
45029,2023,4,13,5,2,285,80,10,0,2,2
45029,2023,4,13,5,2,324,16,15,0,4,4
45029,2023,4,13,5,2,101,16,12,0,4,2
45029,2023,4,13,5,2,369,1,11,1,2,2
45029,2023,4,13,5,2,116,1,21,0,1,1
45029,2023,4,13,5,2,277,1,11,1,3,2
45029,2023,4,13,5,2,101,35,2,0,3,2
45025,2023,4,9,1,4,277,83,20,0,1,1
45029,2023,4,13,5,2,232,28,20,0,4,1
45023,2023,4,7,6,3,415,57,12,0,3,2
45029,2023,4,13,5,2,101,11,15,1,4,3
45029,2023,4,13,5,2,101,52,9,0,5,3
45029,2023,4,13,5,2,40,20,12,1,6,3
45029,2023,4,13,5,2,158,83,20,0,1,1
45020,2023,4,4,3,3,316,11,12,0,2,2
45029,2023,4,13,5,2,381,67,4,0,1,1
45029,2023,4,13,5,2,101,52,9,1,2,2
45029,2023,4,13,5,2,101,83,20,0,4,1
45029,2023,4,13,5,2,153,82,9,1,2,1
45029,2023,4,13,5,2,101,82,10,1,2,2
45029,2023,4,13,5,2,392,1,11,1,2,2
45029,2023,4,13,5,2,110,49,20,0,2,1
44971,2023,2,14,3,2,116,20,11,1,3,2
45029,2023,4,13,5,3,290,11,4,0,1,1
45029,2023,4,13,5,2,153,83,12,0,2,2
45029,2023,4,13,5,3,285,82,9,0,8,3
45029,2023,4,13,5,3,282,51,15,0,5,5
45029,2023,4,13,5,3,153,13,20,1,4,1
45029,2023,4,13,5,2,470,20,7,0,6,2
45029,2023,4,13,5,3,101,78,9,0,2,2
45029,2023,4,13,5,3,324,82,7,1,2,2
45029,2023,4,13,5,3,101,1,12,0,3,2
45029,2023,4,13,5,3,101,49,9,1,2,2
45029,2023,4,13,5,3,230,13,21,1,2,1
44972,2023,2,15,4,3,101,80,7,1,2,2
45029,2023,4,13,5,3,293,1,11,0,2,2
45011,2023,3,26,1,3,376,7,20,1,2,1
45029,2023,4,13,5,3,116,67,20,0,1,1
45029,2023,4,13,5,3,101,11,12,1,3,3
45029,2023,4,13,5,3,163,67,20,0,4,2
45029,2023,4,13,5,3,364,1,11,1,3,2
45005,2023,3,20,2,2,101,16,21,0,2,2
45029,2023,4,13,5,3,101,1,11,1,3,2
45029,2023,4,13,5,3,116,67,2,0,2,2
45029,2023,4,13,5,3,232,52,9,0,2,2
45029,2023,4,13,5,3,153,28,21,1,2,1
45029,2023,4,13,5,3,101,63,21,1,1,1
45029,2023,4,13,5,3,101,49,9,0,2,2
45029,2023,4,13,5,3,116,11,7,0,2,2
45029,2023,4,13,5,3,116,29,12,1,2,2
45029,2023,4,13,5,3,235,33,11,1,2,2
45029,2023,4,13,5,3,116,12,7,0,5,2
45029,2023,4,13,5,3,116,1,11,0,2,2
45012,2023,3,27,2,2,361,16,12,0,2,2
45029,2023,4,13,5,4,116,67,12,1,3,2
45029,2023,4,13,5,3,316,1,11,0,2,2
45029,2023,4,13,5,3,101,16,12,1,2,2
45029,2023,4,13,5,3,369,1,11,1,3,2