id_data,ano,mes,dia,id_dia_semana,periodo,br,id_causa_acidente,id_tipo_acidente,id_uso_solo,pessoas,veiculos
45029,2023,4,13,5,4,101,11,9,1,2,2
45029,2023,4,13,5,4,381,11,4,0,2,2
45029,2023,4,13,5,4,232,1,20,1,1,1
45029,2023,4,13,5,4,116,16,15,0,10,5
45029,2023,4,13,5,4,153,67,12,1,2,2
45029,2023,4,13,5,4,40,78,9,0,2,2
45029,2023,4,13,5,3,476,1,9,1,3,2
45029,2023,4,13,5,2,101,11,20,1,1,1
45029,2023,4,13,5,4,101,78,9,1,3,3
45029,2023,4,13,5,4,135,67,2,1,2,2
45029,2023,4,13,5,3,471,16,12,0,3,2
45029,2023,4,13,5,3,50,63,21,1,2,2
45023,2023,4,7,6,3,232,67,3,0,1,1
45029,2023,4,13,5,4,316,9,1,0,1,1
45029,2023,4,13,5,4,116,1,2,1,2,2
45029,2023,4,13,5,3,101,49,21,0,1,1
45029,2023,4,13,5,3,153,67,9,0,3,3
45029,2023,4,13,5,2,116,29,21,1,1,1
45029,2023,4,13,5,4,476,52,9,0,2,2
45029,2023,4,13,5,4,163,11,20,1,1,1
45029,2023,4,13,5,4,373,11,11,1,2,2
45029,2023,4,13,5,4,116,5,4,1,1,1
45030,2023,4,14,6,1,116,80,7,1,2,2
45030,2023,4,14,6,1,277,11,20,0,17,1
45030,2023,4,14,6,1,369,49,20,0,1,1
45030,2023,4,14,6,1,381,67,20,0,1,1
45030,2023,4,14,6,1,376,49,10,0,3,2
45030,2023,4,14,6,1,101,49,9,1,2,2
45029,2023,4,13,5,4,101,60,2,1,2,2
45030,2023,4,14,6,1,116,17,11,1,4,2
45030,2023,4,14,6,2,116,52,12,1,2,2
45030,2023,4,14,6,2,381,2,2,0,2,2
45030,2023,4,14,6,2,415,1,9,1,2,2
45030,2023,4,14,6,2,101,11,20,0,2,1
45030,2023,4,14,6,2,470,33,11,1,3,2
45022,2023,4,6,5,2,101,1,12,0,2,2
45030,2023,4,14,6,2,101,11,12,1,2,2
45030,2023,4,14,6,2,40,78,9,0,2,2
45030,2023,4,14,6,2,101,11,12,0,2,2
45030,2023,4,14,6,2,101,11,12,1,4,4
45030,2023,4,14,6,2,101,52,11,0,3,2
45030,2023,4,14,6,2,101,83,4,1,2,2
45030,2023,4,14,6,2,476,52,9,1,2,2
45030,2023,4,14,6,2,116,13,9,0,2,2
44982,2023,2,25,7,1,364,60,2,0,4,2
45030,2023,4,14,6,2,364,16,12,1,2,2
45030,2023,4,14,6,2,376,64,21,0,1,1
45030,2023,4,14,6,2,381,11,12,1,4,3
45030,2023,4,14,6,2,70,78,12,0,3,2
45030,2023,4,14,6,2,101,83,4,0,1,1
45030,2023,4,14,6,2,20,16,12,1,2,2
45030,2023,4,14,6,2,280,52,9,0,3,2
45030,2023,4,14,6,2,101,67,12,1,3,2
45030,2023,4,14,6,2,116,16,15,1,5,3
45030,2023,4,14,6,2,101,16,12,1,2,2
45030,2023,4,14,6,2,324,1,9,1,2,2
45030,2023,4,14,6,2,232,82,9,1,2,2
45030,2023,4,14,6,2,230,67,12,1,2,2
45030,2023,4,14,6,2,116,11,12,1,4,3
45030,2023,4,14,6,2,277,11,20,1,1,1
45030,2023,4,14,6,2,381,83,20,0,1,1
45030,2023,4,14,6,2,232,44,20,0,2,1
45030,2023,4,14,6,2,277,4,20,1,3,1
45030,2023,4,14,6,2,282,64,21,0,2,1
45030,2023,4,14,6,2,163,67,11,1,3,2
45030,2023,4,14,6,2,101,33,2,1,2,2
45030,2023,4,14,6,2,40,67,21,1,1,1
45030,2023,4,14,6,2,381,15,20,0,1,1
45030,2023,4,14,6,2,163,11,4,0,1,1
45030,2023,4,14,6,3,158,1,11,1,4,2
45030,2023,4,14,6,2,40,48,2,0,2,2
45030,2023,4,14,6,3,153,83,20,0,1,1
45030,2023,4,14,6,3,381,4,20,0,2,1
44932,2023,1,6,6,3,369,9,1,1,1,1
44959,2023,2,2,5,2,425,67,7,1,2,2
45030,2023,4,14,6,3,80,67,11,0,2,2
45030,2023,4,14,6,3,135,67,11,0,2,2
45030,2023,4,14,6,3,101,11,12,0,2,2
45030,2023,4,14,6,3,290,15,20,0,2,1
45028,2023,4,12,4,3,386,1,11,0,2,2
45030,2023,4,14,6,3,116,13,20,0,2,1
45030,2023,4,14,6,3,369,20,11,1,6,3
44934,2023,1,8,1,3,40,67,12,0,4,3
45030,2023,4,14,6,2,470,64,10,0,2,2
45025,2023,4,9,1,2,174,4,20,0,1,1
45030,2023,4,14,6,2,101,16,12,1,4,2
45030,2023,4,14,6,3,262,67,21,0,1,1
45030,2023,4,14,6,3,40,67,21,0,2,1
45030,2023,4,14,6,3,158,1,11,1,2,2
45030,2023,4,14,6,3,232,67,4,0,1,1
45030,2023,4,14,6,2,282,20,12,0,3,2
45030,2023,4,14,6,3,40,1,11,1,3,2
45030,2023,4,14,6,3,116,20,11,1,2,2
45030,2023,4,14,6,2,282,83,20,0,1,1
45030,2023,4,14,6,3,50,67,20,0,2,1
45030,2023,4,14,6,3,40,64,12,1,2,2
45030,2023,4,14,6,3,376,11,12,1,2,2
45030,2023,4,14,6,3,381,16,12,1,2,2
45030,2023,4,14,6,3,316,1,11,0,3,2
44953,2023,1,27,6,2,116,44,12,0,2,2
45030,2023,4,14,6,3,381,4,20,0,1,1
45030,2023,4,14,6,3,116,11,4,1,1,1
45022,2023,4,6,5,2,101,16,12,1,2,2
45030,2023,4,14,6,3,319,16,12,1,5,2
45030,2023,4,14,6,3,116,67,4,0,2,1
45030,2023,4,14,6,3,116,67,21,1,1,1
45030,2023,4,14,6,3,60,78,9,1,2,2
45030,2023,4,14,6,3,476,1,11,0,2,2
45030,2023,4,14,6,3,324,67,21,1,1,1
45030,2023,4,14,6,3,262,15,4,1,2,1
45030,2023,4,14,6,2,116,52,4,0,1,1
45030,2023,4,14,6,3,101,15,20,0,1,1
45030,2023,4,14,6,3,101,15,21,0,1,1
45030,2023,4,14,6,3,116,83,7,0,6,2
45030,2023,4,14,6,3,356,33,11,1,2,2
45030,2023,4,14,6,3,116,67,12,1,2,2
45030,2023,4,14,6,3,116,16,12,1,2,2
45030,2023,4,14,6,3,110,11,12,1,2,2
45030,2023,4,14,6,3,101,1,11,1,2,2
45030,2023,4,14,6,3,158,33,11,1,5,2
45030,2023,4,14,6,4,116,44,9,0,2,2
45030,2023,4,14,6,3,101,44,12,1,2,2
45030,2023,4,14,6,4,304,16,15,0,4,3
45030,2023,4,14,6,3,324,52,9,0,2,2
45030,2023,4,14,6,3,40,28,20,0,1,1
45030,2023,4,14,6,4,153,52,9,0,2,2
45030,2023,4,14,6,4,116,11,20,1,1,1
45030,2023,4,14,6,4,116,83,11,1,3,2
45030,2023,4,14,6,4,470,82,7,0,2,2
45030,2023,4,14,6,3,153,16,12,1,2,2
45019,2023,4,3,2,3,232,61,2,0,2,2
45030,2023,4,14,6,4,470,67,12,1,3,3
45030,2023,4,14,6,3,40,15,20,0,1,1
45030,2023,4,14,6,4,40,52,21,0,1,1
45030,2023,4,14,6,4,110,1,11,1,3,2
45017,2023,4,1,7,1,101,83,20,0,1,1
45030,2023,4,14,6,3,316,11,21,1,2,1
45030,2023,4,14,6,4,324,1,12,1,7,3
45030,2023,4,14,6,4,101,48,2,0,2,2
44985,2023,2,28,3,3,242,4,20,0,42,1
45030,2023,4,14,6,4,210,44,9,1,2,2
45030,2023,4,14,6,4,20,83,20,1,1,1
45030,2023,4,14,6,4,116,28,18,0,1,1
45030,2023,4,14,6,4,472,80,7,0,2,2
45030,2023,4,14,6,4,381,67,21,0,1,1
45030,2023,4,14,6,4,40,48,2,1,2,2
45030,2023,4,14,6,4,101,9,1,1,1,1
45030,2023,4,14,6,4,376,83,20,0,2,1
45030,2023,4,14,6,4,414,49,20,0,2,1
45030,2023,4,14,6,4,116,83,4,1,4,2
45030,2023,4,14,6,4,280,11,20,0,1,1
45030,2023,4,14,6,4,153,18,7,1,2,2
45030,2023,4,14,6,3,242,57,7,0,2,2
45030,2023,4,14,6,4,470,57,4,1,2,1
45030,2023,4,14,6,4,282,64,20,1,1,1
45031,2023,4,15,7,1,50,60,2,1,3,2
45031,2023,4,15,7,1,470,11,20,0,2,1
45030,2023,4,14,6,4,282,21,4,1,1,1
45031,2023,4,15,7,1,116,1,9,1,2,2
45030,2023,4,14,6,3,364,67,20,0,1,1
45031,2023,4,15,7,1,101,17,11,1,3,2
45031,2023,4,15,7,1,101,11,12,1,2,2
45031,2023,4,15,7,1,101,11,20,1,1,1
45030,2023,4,14,6,2,259,1,11,0,2,2
45031,2023,4,15,7,1,116,11,3,1,2,2
45031,2023,4,15,7,1,262,49,20,0,3,1
45031,2023,4,15,7,1,20,35,2,0,2,2
45031,2023,4,15,7,1,316,11,4,0,1,1
45031,2023,4,15,7,1,116,18,4,0,1,1
45031,2023,4,15,7,1,369,1,11,1,2,2
45031,2023,4,15,7,1,280,67,20,0,1,1
45031,2023,4,15,7,1,163,18,4,0,1,1
45031,2023,4,15,7,1,116,11,4,0,1,1
45031,2023,4,15,7,2,282,67,4,1,1,1
45030,2023,4,14,6,3,282,2,11,0,2,2
45031,2023,4,15,7,1,316,1,11,1,2,2
45031,2023,4,15,7,2,277,64,4,0,3,1
45030,2023,4,14,6,3,116,67,4,0,1,1
45031,2023,4,15,7,2,470,11,12,1,2,2
45031,2023,4,15,7,2,116,16,12,1,4,2
45031,2023,4,15,7,2,60,11,20,0,1,1
45031,2023,4,15,7,2,101,67,3,0,1,1
45031,2023,4,15,7,2,285,20,9,1,2,2
45031,2023,4,15,7,2,50,65,20,0,2,1
45031,2023,4,15,7,2,101,11,20,1,2,1
45031,2023,4,15,7,1,40,11,20,0,1,1
45031,2023,4,15,7,1,116,83,20,0,2,1
45024,2023,4,8,7,1,50,15,21,1,1,1
45031,2023,4,15,7,2,287,1,11,0,4,2
45031,2023,4,15,7,2,232,1,9,1,3,3
45031,2023,4,15,7,2,158,18,10,0,2,2
45031,2023,4,15,7,2,361,20,9,0,4,2
45031,2023,4,15,7,2,163,1,11,0,5,3
45031,2023,4,15,7,2,116,1,9,1,2,2
45031,2023,4,15,7,2,116,67,12,0,3,3
45031,2023,4,15,7,2,116,52,9,1,3,2
45031,2023,4,15,7,2,230,80,10,0,2,2
45031,2023,4,15,7,2,364,33,11,1,4,2
44951,2023,1,25,4,4,40,52,9,0,5,2
45031,2023,4,15,7,2,116,1,9,1,2,2
45031,2023,4,15,7,2,408,82,7,0,3,2
45031,2023,4,15,7,2,116,67,12,1,4,3
45031,2023,4,15,7,3,101,1,11,1,2,2
44988,2023,3,3,6,2,232,18,2,0,3,2
45031,2023,4,15,7,3,262,33,11,1,6,2
45031,2023,4,15,7,3,101,13,21,0,2,1
45031,2023,4,15,7,3,235,83,20,0,1,1
45031,2023,4,15,7,3,101,5,21,1,2,1
45031,2023,4,15,7,3,470,52,9,0,3,2
45031,2023,4,15,7,3,470,67,12,1,2,2
45031,2023,4,15,7,2,393,35,2,1,2,2
45031,2023,4,15,7,3,101,1,11,0,2,2
45031,2023,4,15,7,3,381,49,12,1,5,2
45031,2023,4,15,7,3,280,82,20,0,5,1
45031,2023,4,15,7,3,381,67,12,0,3,2
45031,2023,4,15,7,3,116,16,12,1,3,2
45031,2023,4,15,7,3,235,28,18,0,1,1
45031,2023,4,15,7,3,101,33,11,1,3,2
45031,2023,4,15,7,3,282,28,12,0,2,2
45031,2023,4,15,7,3,101,1,11,0,2,2
45031,2023,4,15,7,3,324,67,20,0,2,1
45031,2023,4,15,7,3,163,83,20,1,1,1
45031,2023,4,15,7,3,381,18,3,0,4,1
45031,2023,4,15,7,3,343,63,20,0,4,1
45031,2023,4,15,7,3,226,63,7,0,2,2
45031,2023,4,15,7,3,80,16,12,1,2,2
45031,2023,4,15,7,3,101,67,9,1,3,2
45031,2023,4,15,7,3,116,83,4,0,1,1
45031,2023,4,15,7,3,116,28,7,0,6,2
45031,2023,4,15,7,3,158,16,15,0,5,3
45031,2023,4,15,7,3,153,70,20,0,1,1
45031,2023,4,15,7,3,101,83,20,0,1,1
45031,2023,4,15,7,3,40,11,12,1,2,2
45031,2023,4,15,7,2,153,82,12,0,5,4
45031,2023,4,15,7,3,290,52,11,0,4,2
45031,2023,4,15,7,3,280,83,11,1,3,2
45031,2023,4,15,7,3,116,78,21,1,1,1
45031,2023,4,15,7,3,463,16,20,0,1,1
45031,2023,4,15,7,3,230,80,7,1,2,2
45031,2023,4,15,7,4,116,46,2,0,2,2
45031,2023,4,15,7,4,116,1,2,1,2,2
45031,2023,4,15,7,3,116,64,20,0,2,1
45018,2023,4,2,1,3,428,60,2,0,4,2
45031,2023,4,15,7,4,101,11,12,0,2,2
45031,2023,4,15,7,4,163,2,7,0,2,2
45031,2023,4,15,7,3,30,80,7,0,2,2
45031,2023,4,15,7,4,153,83,9,1,4,3
45031,2023,4,15,7,3,429,49,21,1,1,1
45031,2023,4,15,7,4,101,16,12,0,3,2
45031,2023,4,15,7,3,101,52,12,0,4,2
45031,2023,4,15,7,4,101,1,11,1,3,2
45031,2023,4,15,7,4,476,11,12,1,2,2
45031,2023,4,15,7,4,324,2,9,1,2,2
45031,2023,4,15,7,3,10,1,11,1,2,2
45031,2023,4,15,7,4,101,83,20,1,1,1
45031,2023,4,15,7,2,367,51,11,1,2,2
45031,2023,4,15,7,4,116,25,12,1,6,2
45031,2023,4,15,7,3,40,67,9,0,9,4
45031,2023,4,15,7,4,116,82,7,0,4,2
45031,2023,4,15,7,4,101,49,9,0,1,1
45031,2023,4,15,7,4,262,1,7,0,4,2
45031,2023,4,15,7,3,135,1,11,1,2,2
45031,2023,4,15,7,4,423,16,12,1,2,2
45031,2023,4,15,7,4,101,1,11,0,5,2
45031,2023,4,15,7,4,116,1,7,0,3,2
45031,2023,4,15,7,4,116,64,3,0,1,1
45031,2023,4,15,7,4,101,60,2,0,3,2
45031,2023,4,15,7,4,135,11,12,1,7,3
45031,2023,4,15,7,4,116,80,7,1,2,2
45031,2023,4,15,7,4,222,36,4,0,2,2
45031,2023,4,15,7,4,222,49,7,0,3,2
45031,2023,4,15,7,4,282,80,11,1,3,2
45031,2023,4,15,7,4,364,52,7,0,4,2
45031,2023,4,15,7,4,101,11,12,1,2,2
45031,2023,4,15,7,3,40,15,4,0,2,2
45031,2023,4,15,7,4,101,11,20,0,1,1
45032,2023,4,16,1,1,60,49,12,1,6,2
45032,2023,4,16,1,1,316,55,20,0,1,1
45031,2023,4,15,7,4,20,18,20,0,2,1
45032,2023,4,16,1,1,222,49,4,0,1,1
45032,2023,4,16,1,1,116,49,20,1,2,1
45031,2023,4,15,7,4,262,13,20,0,3,1
45032,2023,4,16,1,1,376,35,2,0,2,2
45032,2023,4,16,1,1,101,18,20,1,2,1
45032,2023,4,16,1,1,153,18,20,0,2,1
45032,2023,4,16,1,1,376,49,20,0,5,1
45032,2023,4,16,1,1,104,67,21,1,1,1
45031,2023,4,15,7,4,386,28,18,0,1,1
45032,2023,4,16,1,1,282,52,7,0,5,2
45032,2023,4,16,1,1,463,11,4,0,1,1
45032,2023,4,16,1,1,153,49,4,1,1,1
45032,2023,4,16,1,1,414,49,12,0,2,2
45032,2023,4,16,1,1,70,80,7,1,2,2
45032,2023,4,16,1,1,471,33,11,0,4,2
45032,2023,4,16,1,1,376,83,4,0,1,1
45032,2023,4,16,1,1,116,67,20,0,3,1
45032,2023,4,16,1,1,393,1,11,1,4,2
45032,2023,4,16,1,1,230,64,20,0,1,1
45031,2023,4,15,7,3,153,2,20,0,6,2
45031,2023,4,15,7,4,285,80,7,0,10,4
45032,2023,4,16,1,1,386,49,20,0,1,1
45032,2023,4,16,1,1,116,35,2,0,5,4
45032,2023,4,16,1,1,324,83,12,1,3,2
45032,2023,4,16,1,1,40,67,20,1,1,1
45032,2023,4,16,1,1,277,83,20,1,1,1
45032,2023,4,16,1,2,116,58,12,1,2,2
45032,2023,4,16,1,1,230,67,4,1,1,1
45032,2023,4,16,1,2,116,11,4,1,1,1
45032,2023,4,16,1,2,101,49,9,0,3,3
45032,2023,4,16,1,2,101,49,7,0,2,2
45032,2023,4,16,1,2,40,18,20,1,1,1
45032,2023,4,16,1,2,101,72,11,1,5,2
45032,2023,4,16,1,2,70,11,4,1,1,1
45032,2023,4,16,1,2,262,11,20,0,1,1
45032,2023,4,16,1,2,116,11,4,1,5,1
45032,2023,4,16,1,2,282,55,20,0,2,1
45032,2023,4,16,1,2,116,1,11,1,2,2
45004,2023,3,19,1,2,116,18,4,0,1,1
45032,2023,4,16,1,1,116,15,3,1,1,1
45032,2023,4,16,1,2,376,67,4,0,3,1
45032,2023,4,16,1,2,365,80,10,0,9,2
45032,2023,4,16,1,2,50,83,4,0,2,2
45032,2023,4,16,1,2,381,18,20,1,2,1
45032,2023,4,16,1,2,262,67,21,0,1,1
45032,2023,4,16,1,2,153,28,21,0,1,1
45027,2023,4,11,3,3,101,67,9,1,2,2
45032,2023,4,16,1,2,381,11,12,0,2,2
45004,2023,3,19,1,4,101,67,4,1,1,1
45032,2023,4,16,1,2,376,67,1,0,1,1
45032,2023,4,16,1,2,40,13,4,0,4,1
45032,2023,4,16,1,2,116,67,12,1,2,2
45032,2023,4,16,1,2,80,49,20,0,2,1
45032,2023,4,16,1,2,381,28,12,0,2,2
45032,2023,4,16,1,2,116,67,12,1,3,2
45032,2023,4,16,1,2,343,80,11,1,3,2
45032,2023,4,16,1,2,70,16,12,0,3,2
45032,2023,4,16,1,2,381,11,21,0,2,1
45032,2023,4,16,1,2,70,49,11,1,2,2
45032,2023,4,16,1,2,101,16,12,1,3,3
45032,2023,4,16,1,3,158,33,11,0,3,2
45032,2023,4,16,1,3,277,13,20,1,1,1
45032,2023,4,16,1,2,163,11,20,0,3,1
45032,2023,4,16,1,3,153,5,9,1,2,2
45032,2023,4,16,1,3,381,11,9,1,2,2
45032,2023,4,16,1,2,282,15,3,0,4,1
45032,2023,4,16,1,3,116,11,12,1,4,2
45032,2023,4,16,1,3,381,67,20,0,1,1
45032,2023,4,16,1,3,101,11,12,0,2,2
45032,2023,4,16,1,3,50,11,20,0,1,1
45032,2023,4,16,1,3,364,16,12,1,3,2
45032,2023,4,16,1,3,101,20,11,1,3,2
45032,2023,4,16,1,3,364,21,4,0,1,1
45032,2023,4,16,1,3,101,11,2,1,3,2
45032,2023,4,16,1,3,381,13,21,1,1,1
45032,2023,4,16,1,3,101,18,4,0,1,1
45032,2023,4,16,1,2,163,49,4,1,1,1
45032,2023,4,16,1,3,40,15,4,0,1,1
45032,2023,4,16,1,3,324,13,3,0,3,1
45032,2023,4,16,1,3,381,67,3,1,1,1
45032,2023,4,16,1,3,459,1,11,0,8,3
45032,2023,4,16,1,3,60,64,21,1,2,1
45032,2023,4,16,1,3,381,11,12,0,7,2
45032,2023,4,16,1,3,423,1,11,1,4,2
45032,2023,4,16,1,3,101,67,4,1,2,1
45032,2023,4,16,1,3,230,1,11,1,4,2
45032,2023,4,16,1,3,153,13,21,0,2,1
45032,2023,4,16,1,3,116,18,10,0,4,3
45032,2023,4,16,1,3,235,67,21,1,1,1
45032,2023,4,16,1,3,116,1,11,0,2,2
45032,2023,4,16,1,3,277,4,20,0,1,1
45032,2023,4,16,1,3,101,1,11,1,3,2
45032,2023,4,16,1,3,101,4,4,0,2,1
45032,2023,4,16,1,3,369,60,2,1,5,2
45032,2023,4,16,1,4,40,20,11,0,3,2
45032,2023,4,16,1,3,40,1,20,1,1,1
45032,2023,4,16,1,3,364,63,20,0,4,2
45032,2023,4,16,1,3,10,64,21,1,1,1
45032,2023,4,16,1,3,465,11,2,1,2,2
45032,2023,4,16,1,3,10,49,9,1,2,2
45032,2023,4,16,1,3,153,83,20,0,2,1
45032,2023,4,16,1,4,262,11,21,0,1,1
45032,2023,4,16,1,3,163,67,20,0,2,1
45032,2023,4,16,1,3,376,11,12,0,2,2
45032,2023,4,16,1,2,135,1,11,1,2,2
45032,2023,4,16,1,4,392,11,12,0,3,2
45032,2023,4,16,1,4,116,49,20,0,1,1
45032,2023,4,16,1,4,116,52,9,0,2,2
45032,2023,4,16,1,4,116,83,3,0,2,1
45032,2023,4,16,1,4,163,49,20,0,1,1
45032,2023,4,16,1,4,280,11,4,0,1,1
45032,2023,4,16,1,4,414,2,7,1,4,2
45032,2023,4,16,1,4,405,17,11,1,1,1
45032,2023,4,16,1,4,116,52,9,1,3,2
45032,2023,4,16,1,3,282,11,12,0,4,2
45032,2023,4,16,1,3,251,64,21,0,2,1
45032,2023,4,16,1,4,101,52,3,1,1,1
45032,2023,4,16,1,4,60,16,12,0,5,2
45032,2023,4,16,1,4,381,35,2,1,2,2
45032,2023,4,16,1,4,158,49,20,0,1,1
45032,2023,4,16,1,4,116,67,3,0,1,1
45032,2023,4,16,1,4,285,13,7,0,3,3
45032,2023,4,16,1,4,272,67,12,0,3,2
45032,2023,4,16,1,3,412,67,12,0,2,2
45032,2023,4,16,1,4,101,78,9,1,4,2
45032,2023,4,16,1,4,267,49,20,0,2,1
45032,2023,4,16,1,4,155,11,4,0,2,1
45032,2023,4,16,1,4,104,82,7,1,3,2
45032,2023,4,16,1,4,153,67,12,1,2,2
45032,2023,4,16,1,4,381,11,12,1,2,2
45032,2023,4,16,1,4,158,83,20,0,4,1
45032,2023,4,16,1,4,232,80,7,0,2,2
45032,2023,4,16,1,4,116,13,3,0,1,1
45032,2023,4,16,1,4,277,80,7,1,5,3
45032,2023,4,16,1,4,282,80,7,0,4,3
45032,2023,4,16,1,4,101,49,4,0,3,1
45032,2023,4,16,1,4,101,1,11,1,2,2
45032,2023,4,16,1,4,393,20,11,0,6,2
45032,2023,4,16,1,4,116,60,2,1,6,2
45032,2023,4,16,1,4,40,13,21,1,2,1
45032,2023,4,16,1,4,116,12,20,0,1,1
45032,2023,4,16,1,4,101,64,21,1,2,1
45032,2023,4,16,1,4,116,28,18,0,1,1
45032,2023,4,16,1,4,101,67,12,0,6,2
45032,2023,4,16,1,4,277,67,11,1,2,2
45032,2023,4,16,1,4,116,83,12,1,3,2
45032,2023,4,16,1,4,470,18,7,0,7,2
45032,2023,4,16,1,4,60,18,20,0,1,1
45032,2023,4,16,1,4,40,49,2,1,2,2
45033,2023,4,17,2,1,493,28,18,1,1,1
45032,2023,4,16,1,4,407,60,2,0,2,2
45033,2023,4,17,2,1,101,20,10,1,1,1
45033,2023,4,17,2,1,116,28,18,1,3,1
45032,2023,4,16,1,4,101,49,12,1,2,2
45033,2023,4,17,2,1,40,49,4,1,1,1
45033,2023,4,17,2,1,101,83,4,0,4,1
45032,2023,4,16,1,4,104,16,12,0,4,2
45033,2023,4,17,2,1,386,48,3,1,1,1
45033,2023,4,17,2,1,282,4,3,0,1,1
45032,2023,4,16,1,2,415,18,21,0,1,1
45033,2023,4,17,2,1,304,28,18,0,1,1
45033,2023,4,17,2,1,369,49,4,1,1,1
45033,2023,4,17,2,1,101,49,4,1,1,1
45033,2023,4,17,2,1,470,83,20,1,1,1
45033,2023,4,17,2,2,324,67,12,1,4,2
45033,2023,4,17,2,2,101,78,9,1,2,2
45033,2023,4,17,2,1,116,52,9,1,2,2
45033,2023,4,17,2,1,230,62,21,0,2,1
45033,2023,4,17,2,1,101,11,9,1,3,2
45033,2023,4,17,2,2,376,5,4,1,1,1
45033,2023,4,17,2,2,116,78,9,1,5,4
45033,2023,4,17,2,2,101,67,4,1,2,1
45033,2023,4,17,2,2,230,52,9,1,3,3
45032,2023,4,16,1,4,468,83,20,0,1,1
44985,2023,2,28,3,3,282,1,11,1,2,2
45033,2023,4,17,2,2,104,20,9,1,2,2
45033,2023,4,17,2,2,277,1,9,0,2,2
45033,2023,4,17,2,2,376,11,9,1,2,2
45033,2023,4,17,2,2,101,15,4,0,2,1
45033,2023,4,17,2,2,116,1,9,1,2,2
45033,2023,4,17,2,2,101,16,15,1,3,3
45033,2023,4,17,2,2,116,13,21,0,1,1
45033,2023,4,17,2,2,405,16,9,1,2,2
45033,2023,4,17,2,2,448,11,12,0,2,2
45033,2023,4,17,2,2,116,52,9,1,3,3
45033,2023,4,17,2,2,70,1,11,1,3,3
45033,2023,4,17,2,2,369,11,12,1,2,2
45033,2023,4,17,2,2,101,11,4,0,1,1
45033,2023,4,17,2,1,116,35,2,1,2,2
45033,2023,4,17,2,2,232,49,11,1,3,2
45033,2023,4,17,2,2,230,18,20,0,2,1
45033,2023,4,17,2,2,381,25,11,1,3,2
45033,2023,4,17,2,2,116,80,7,0,2,2
45033,2023,4,17,2,2,116,67,3,0,1,1
45033,2023,4,17,2,2,101,1,9,1,3,2
45033,2023,4,17,2,2,116,67,12,1,2,2
45033,2023,4,17,2,2,277,78,9,0,2,2
45033,2023,4,17,2,2,316,80,7,1,2,2
45033,2023,4,17,2,2,376,15,20,0,1,1
45033,2023,4,17,2,2,116,67,21,1,1,1
45033,2023,4,17,2,2,101,13,4,0,2,1
45033,2023,4,17,2,2,60,51,3,0,1,1
45033,2023,4,17,2,2,116,20,11,1,2,2
45033,2023,4,17,2,2,392,16,12,0,2,2
45003,2023,3,18,7,4,40,13,9,0,3,2
45033,2023,4,17,2,2,101,78,9,1,3,3
44955,2023,1,29,1,4,364,33,11,1,3,2
45026,2023,4,10,2,2,101,2,11,0,2,2
45033,2023,4,17,2,2,116,52,9,1,2,2
45033,2023,4,17,2,2,101,80,11,0,2,2
45033,2023,4,17,2,2,153,11,20,0,1,1
45033,2023,4,17,2,2,230,67,9,0,3,2
45033,2023,4,17,2,2,101,48,20,0,1,1
45033,2023,4,17,2,2,277,13,11,0,2,2
45033,2023,4,17,2,2,262,11,20,0,1,1
45033,2023,4,17,2,3,304,83,12,0,2,2
45033,2023,4,17,2,3,101,16,12,0,4,2
45033,2023,4,17,2,3,116,78,9,1,3,3
45031,2023,4,15,7,1,153,56,4,1,1,1
45033,2023,4,17,2,2,412,51,21,1,1,1
45033,2023,4,17,2,3,230,16,15,1,4,3
45033,2023,4,17,2,2,116,1,11,1,2,2
45033,2023,4,17,2,3,158,11,12,1,2,2
45033,2023,4,17,2,2,116,11,21,1,1,1
45033,2023,4,17,2,3,381,28,21,0,1,1
45033,2023,4,17,2,2,364,16,12,0,6,2
45033,2023,4,17,2,3,40,16,12,0,2,2
45033,2023,4,17,2,3,101,52,11,1,2,2
45033,2023,4,17,2,3,277,5,20,0,2,1
45033,2023,4,17,2,3,324,18,12,1,2,2
45033,2023,4,17,2,3,277,61,2,0,2,2
45033,2023,4,17,2,3,277,19,20,0,2,1
45033,2023,4,17,2,3,369,1,11,0,4,2
44949,2023,1,23,2,2,101,1,12,0,2,2
45033,2023,4,17,2,3,367,83,12,1,2,2
45033,2023,4,17,2,1,282,83,20,0,1,1
45033,2023,4,17,2,3,232,4,4,0,1,1
45033,2023,4,17,2,3,101,83,12,1,2,2
45033,2023,4,17,2,3,40,20,11,1,2,2
45033,2023,4,17,2,3,316,11,20,0,1,1
45033,2023,4,17,2,3,153,1,10,0,3,2
45033,2023,4,17,2,3,116,11,21,0,1,1
45033,2023,4,17,2,3,135,15,20,0,3,1
45033,2023,4,17,2,3,376,83,20,0,2,1
45033,2023,4,17,2,3,70,52,12,1,3,2
45033,2023,4,17,2,3,116,82,10,1,2,2
45033,2023,4,17,2,2,472,1,11,0,2,2
45033,2023,4,17,2,3,101,83,11,1,4,2
45033,2023,4,17,2,3,392,33,11,1,3,3
45033,2023,4,17,2,2,116,11,21,1,1,1
45033,2023,4,17,2,3,116,9,4,0,2,1
45033,2023,4,17,2,3,262,9,1,0,1,1
45033,2023,4,17,2,3,101,5,21,1,1,1
45033,2023,4,17,2,3,424,16,12,0,5,5
45033,2023,4,17,2,3,277,1,11,1,2,2
45033,2023,4,17,2,4,116,11,12,1,1,1