id_data,ano,mes,dia,id_dia_semana,periodo,br,id_causa_acidente,id_tipo_acidente,id_uso_solo,pessoas,veiculos
45033,2023,4,17,2,3,174,20,9,1,2,2
45033,2023,4,17,2,4,101,5,21,0,2,1
45033,2023,4,17,2,3,163,11,21,1,1,1
45033,2023,4,17,2,3,232,1,11,1,2,2
45033,2023,4,17,2,4,101,2,7,1,2,2
45033,2023,4,17,2,3,70,49,7,1,3,3
45033,2023,4,17,2,4,308,1,11,1,3,2
45033,2023,4,17,2,4,20,16,12,1,2,2
45033,2023,4,17,2,3,101,1,11,1,2,2
45033,2023,4,17,2,4,316,13,4,1,2,1
45033,2023,4,17,2,3,116,1,11,0,2,2
45033,2023,4,17,2,3,364,63,21,1,1,1
45033,2023,4,17,2,3,364,29,21,1,1,1
45033,2023,4,17,2,4,364,76,9,1,3,2
45033,2023,4,17,2,4,163,1,11,1,2,2
45033,2023,4,17,2,4,262,16,9,0,3,2
45033,2023,4,17,2,4,381,28,20,0,5,1
45033,2023,4,17,2,3,101,15,21,0,1,1
45033,2023,4,17,2,4,116,16,12,1,2,2
45033,2023,4,17,2,4,381,11,21,0,1,1
45033,2023,4,17,2,4,40,11,12,1,2,2
45033,2023,4,17,2,4,470,29,21,1,1,1
45033,2023,4,17,2,4,280,80,7,0,6,3
45033,2023,4,17,2,4,392,52,9,1,7,2
45033,2023,4,17,2,4,280,60,2,1,2,2
45033,2023,4,17,2,4,101,80,7,1,2,2
45033,2023,4,17,2,4,369,1,9,1,2,2
45033,2023,4,17,2,4,376,49,15,1,6,5
45033,2023,4,17,2,4,116,11,12,1,3,2
45033,2023,4,17,2,4,104,11,12,1,2,2
45033,2023,4,17,2,4,50,60,2,0,4,2
45033,2023,4,17,2,4,153,33,11,1,2,2
45034,2023,4,18,3,1,20,80,7,0,2,2
45034,2023,4,18,3,1,153,18,21,1,1,1
45034,2023,4,18,3,1,304,9,7,1,1,1
45034,2023,4,18,3,2,153,61,2,1,2,2
45031,2023,4,15,7,1,101,11,12,0,2,2
44998,2023,3,13,2,3,153,83,4,1,1,1
45034,2023,4,18,3,1,116,13,20,0,1,1
45034,2023,4,18,3,2,135,1,11,1,3,2
45034,2023,4,18,3,2,408,1,9,1,2,2
45034,2023,4,18,3,2,153,11,12,0,5,3
45034,2023,4,18,3,2,101,16,12,1,1,1
45034,2023,4,18,3,2,381,78,12,1,2,2
45009,2023,3,24,6,3,20,16,11,0,4,2
45033,2023,4,17,2,3,70,11,2,1,2,2
45034,2023,4,18,3,2,116,11,20,0,1,1
45034,2023,4,18,3,2,40,9,1,1,1,1
45034,2023,4,18,3,2,386,1,9,0,6,2
45034,2023,4,18,3,2,116,52,12,1,3,2
45034,2023,4,18,3,2,230,80,11,1,2,2
45034,2023,4,18,3,2,386,33,11,1,2,2
45034,2023,4,18,3,2,465,11,9,1,2,2
45034,2023,4,18,3,2,116,67,3,0,1,1
45034,2023,4,18,3,2,101,78,9,1,2,2
45034,2023,4,18,3,2,101,11,12,1,3,2
45033,2023,4,17,2,4,101,61,2,0,2,2
45021,2023,4,5,4,1,369,7,21,1,1,1
45034,2023,4,18,3,2,101,16,12,1,2,2
45034,2023,4,18,3,2,324,67,12,1,2,2
45027,2023,4,11,3,3,369,82,9,1,2,2
45034,2023,4,18,3,2,277,67,12,0,4,2
45034,2023,4,18,3,2,406,33,11,1,1,1
45034,2023,4,18,3,2,104,16,9,1,2,2
45034,2023,4,18,3,2,364,67,12,1,3,2
45023,2023,4,7,6,4,101,2,20,0,4,1
45034,2023,4,18,3,2,101,83,3,1,1,1
45034,2023,4,18,3,2,40,1,11,0,3,2
44945,2023,1,19,5,2,376,9,1,0,1,1
45034,2023,4,18,3,2,356,63,20,0,1,1
45034,2023,4,18,3,2,101,18,20,0,2,1
45034,2023,4,18,3,3,101,82,10,0,2,2
45034,2023,4,18,3,2,493,44,21,0,1,1
45034,2023,4,18,3,2,116,67,21,1,3,2
45034,2023,4,18,3,2,101,67,12,1,2,2
45030,2023,4,14,6,3,262,29,20,0,8,1
45034,2023,4,18,3,3,116,83,4,1,1,1
45034,2023,4,18,3,3,116,67,9,1,2,2
45034,2023,4,18,3,3,230,49,21,1,1,1
45034,2023,4,18,3,3,381,67,15,0,5,3
45034,2023,4,18,3,3,262,67,3,0,2,1
45034,2023,4,18,3,3,316,1,11,1,2,2
45034,2023,4,18,3,2,163,11,9,0,2,2
44938,2023,1,12,5,2,369,82,21,0,2,2
45034,2023,4,18,3,2,465,35,2,1,2,2
45034,2023,4,18,3,2,364,52,9,1,2,2
45034,2023,4,18,3,2,174,67,21,0,1,1
45026,2023,4,10,2,4,365,11,9,0,3,3
45034,2023,4,18,3,3,376,4,20,0,1,1
45034,2023,4,18,3,3,414,28,20,0,1,1
45034,2023,4,18,3,3,116,67,21,0,1,1
45034,2023,4,18,3,3,116,4,20,0,2,1
45023,2023,4,7,6,2,470,15,7,0,5,2
45034,2023,4,18,3,3,381,1,9,0,3,2
45034,2023,4,18,3,3,116,2,11,1,2,2
45034,2023,4,18,3,3,153,67,20,0,1,1
45034,2023,4,18,3,3,40,83,20,0,1,1
45034,2023,4,18,3,3,476,33,11,1,2,2
45034,2023,4,18,3,3,262,11,12,1,5,2
45034,2023,4,18,3,3,319,60,2,1,2,2
45034,2023,4,18,3,3,101,72,11,0,3,2
45034,2023,4,18,3,3,101,78,9,1,3,3
45034,2023,4,18,3,3,116,16,9,1,3,3
45034,2023,4,18,3,3,116,15,21,0,1,1
45034,2023,4,18,3,3,386,64,20,0,3,1
45034,2023,4,18,3,3,40,16,9,1,2,2
45034,2023,4,18,3,3,20,83,3,0,4,1
45034,2023,4,18,3,4,376,83,20,0,2,1
45034,2023,4,18,3,4,158,80,7,0,3,3
45034,2023,4,18,3,3,427,1,11,1,2,2
45034,2023,4,18,3,3,101,1,11,0,2,2
45034,2023,4,18,3,3,476,67,7,0,3,2
45034,2023,4,18,3,3,10,33,11,1,2,2
45034,2023,4,18,3,3,414,35,2,0,2,2
45034,2023,4,18,3,3,40,11,4,0,2,1
45034,2023,4,18,3,3,230,67,20,0,1,1
45034,2023,4,18,3,4,470,11,12,0,2,2
45034,2023,4,18,3,4,116,38,12,1,3,2
45034,2023,4,18,3,4,116,67,12,1,4,2
45034,2023,4,18,3,4,343,9,1,0,1,1
45034,2023,4,18,3,3,50,11,21,0,1,1
45034,2023,4,18,3,4,381,67,12,1,2,2
45034,2023,4,18,3,4,381,61,2,0,2,2
45034,2023,4,18,3,4,101,9,1,0,6,3
45034,2023,4,18,3,3,290,67,9,0,2,2
45034,2023,4,18,3,3,364,67,11,1,3,3
45034,2023,4,18,3,4,116,64,15,0,3,3
45030,2023,4,14,6,4,280,9,1,0,4,1
45034,2023,4,18,3,3,393,1,11,0,3,2
45034,2023,4,18,3,4,101,67,21,0,1,1
45026,2023,4,10,2,4,476,11,4,0,2,1
45034,2023,4,18,3,4,101,9,1,1,1,1
45034,2023,4,18,3,4,116,11,4,1,1,1
45034,2023,4,18,3,4,356,20,7,1,2,2
45035,2023,4,19,4,1,116,67,4,1,1,1
45034,2023,4,18,3,3,153,67,12,0,2,1
45035,2023,4,19,4,1,116,49,20,0,1,1
45034,2023,4,18,3,4,364,67,21,0,1,1
45035,2023,4,19,4,1,280,67,21,1,1,1
45035,2023,4,19,4,1,116,18,20,0,2,1
45035,2023,4,19,4,1,116,11,12,0,2,2
45035,2023,4,19,4,1,267,80,7,0,10,2
45035,2023,4,19,4,1,153,67,4,1,2,1
45035,2023,4,19,4,1,101,61,2,1,3,2
45035,2023,4,19,4,2,101,52,9,1,2,2
45035,2023,4,19,4,1,116,82,9,1,2,2
45035,2023,4,19,4,1,376,28,18,1,1,1
45035,2023,4,19,4,1,40,28,20,0,1,1
45035,2023,4,19,4,2,101,20,11,1,4,2
45035,2023,4,19,4,1,116,18,20,0,1,1
45035,2023,4,19,4,1,210,52,9,0,2,2
45035,2023,4,19,4,2,40,1,11,1,2,2
45035,2023,4,19,4,2,40,11,12,1,2,2
45035,2023,4,19,4,1,40,9,1,0,1,1
45035,2023,4,19,4,2,153,67,21,1,1,1
45035,2023,4,19,4,2,101,11,21,1,1,1
45035,2023,4,19,4,2,407,16,9,1,2,2
45035,2023,4,19,4,2,70,78,9,0,4,3
45035,2023,4,19,4,2,116,67,20,1,2,1
45035,2023,4,19,4,2,476,16,12,1,2,2
45035,2023,4,19,4,2,381,4,20,0,2,1
45035,2023,4,19,4,1,70,9,1,0,2,1
45035,2023,4,19,4,2,163,1,11,0,2,2
45035,2023,4,19,4,2,407,16,9,1,2,2
45023,2023,4,7,6,2,40,52,9,0,3,2
44971,2023,2,14,3,2,116,28,4,1,1,1
45035,2023,4,19,4,2,101,52,9,1,2,2
45035,2023,4,19,4,2,316,1,11,1,2,2
45035,2023,4,19,4,2,158,16,12,0,2,2
45035,2023,4,19,4,2,101,83,7,0,4,2
45035,2023,4,19,4,2,101,78,9,1,3,3
45035,2023,4,19,4,1,356,83,20,0,1,1
45035,2023,4,19,4,2,101,52,9,1,3,2
45035,2023,4,19,4,2,476,61,2,1,3,2
45035,2023,4,19,4,2,153,33,11,1,3,2
45003,2023,3,18,7,4,222,25,12,0,2,2
45035,2023,4,19,4,2,277,2,11,1,3,2
45035,2023,4,19,4,2,104,18,20,0,1,1
45035,2023,4,19,4,2,70,67,12,0,2,2
45035,2023,4,19,4,2,381,67,9,0,3,2
45035,2023,4,19,4,2,116,67,11,1,2,2
45035,2023,4,19,4,2,101,1,7,1,5,2
45033,2023,4,17,2,4,293,9,1,0,2,1
45035,2023,4,19,4,2,101,36,9,0,2,2
45035,2023,4,19,4,2,267,6,20,0,1,1
45012,2023,3,27,2,3,428,20,11,1,2,2
45035,2023,4,19,4,2,153,67,3,0,2,1
45035,2023,4,19,4,2,20,72,11,1,2,2
45002,2023,3,17,6,3,470,1,11,1,2,2
45035,2023,4,19,4,2,470,16,12,0,5,3
45035,2023,4,19,4,2,376,82,9,1,2,2
45035,2023,4,19,4,2,364,4,20,0,1,1
45035,2023,4,19,4,3,386,1,11,1,3,2
45022,2023,4,6,5,3,101,1,11,0,5,3
45035,2023,4,19,4,3,414,18,20,0,2,1
45035,2023,4,19,4,2,424,67,20,0,1,1
45035,2023,4,19,4,2,262,20,11,1,2,2
45013,2023,3,28,3,4,101,1,11,1,2,2
45035,2023,4,19,4,3,324,52,21,1,1,1
45035,2023,4,19,4,3,316,82,11,1,5,2
45035,2023,4,19,4,2,365,13,4,1,3,1
45035,2023,4,19,4,3,420,80,7,0,3,2
45035,2023,4,19,4,3,40,64,3,0,4,1
45025,2023,4,9,1,4,493,28,18,0,1,1
45035,2023,4,19,4,3,101,1,9,0,2,2
45035,2023,4,19,4,3,116,56,20,0,1,1
45035,2023,4,19,4,3,40,83,4,0,1,1
45035,2023,4,19,4,2,101,11,21,1,2,1
45035,2023,4,19,4,3,163,1,11,0,3,2
45035,2023,4,19,4,3,425,64,20,0,1,1
45035,2023,4,19,4,3,101,28,18,1,1,1
45035,2023,4,19,4,3,116,1,2,0,2,2
45035,2023,4,19,4,3,116,80,7,0,3,2
45035,2023,4,19,4,2,381,67,12,1,3,2
45035,2023,4,19,4,3,40,83,4,0,2,1
45035,2023,4,19,4,3,381,83,20,0,2,1
45028,2023,4,12,4,3,376,57,7,1,3,2
45035,2023,4,19,4,3,282,1,11,0,3,2
45035,2023,4,19,4,3,369,82,11,1,3,2
45035,2023,4,19,4,3,319,80,20,0,3,2
45035,2023,4,19,4,2,101,15,20,1,3,1
45035,2023,4,19,4,3,101,67,12,1,2,2
45035,2023,4,19,4,3,381,52,21,0,1,1
45035,2023,4,19,4,3,262,83,3,0,1,1
45035,2023,4,19,4,3,282,11,21,1,2,2
45035,2023,4,19,4,3,116,1,11,1,2,2
45011,2023,3,26,1,3,262,80,7,1,5,3
45035,2023,4,19,4,3,101,11,21,1,3,2
45035,2023,4,19,4,2,70,83,20,0,5,1
45035,2023,4,19,4,2,376,16,12,1,2,2
45035,2023,4,19,4,3,60,64,20,0,4,3
45035,2023,4,19,4,3,232,67,9,0,3,2
45035,2023,4,19,4,3,116,1,11,1,2,2
45035,2023,4,19,4,3,116,11,12,1,2,2
45035,2023,4,19,4,3,469,12,7,0,2,2
45035,2023,4,19,4,4,101,16,12,0,3,2
44955,2023,1,29,1,2,116,67,11,1,2,2
45035,2023,4,19,4,3,163,1,11,1,3,2
45035,2023,4,19,4,3,262,67,18,0,1,1
45035,2023,4,19,4,3,116,61,2,1,2,2
45035,2023,4,19,4,4,476,1,11,1,2,2
45035,2023,4,19,4,3,316,60,2,0,2,2
45035,2023,4,19,4,4,230,1,9,1,2,2
45035,2023,4,19,4,4,101,5,21,1,1,1
45035,2023,4,19,4,4,386,13,20,0,2,1
45035,2023,4,19,4,3,476,80,10,0,2,2
45035,2023,4,19,4,4,10,20,10,1,4,2
45035,2023,4,19,4,4,101,25,12,0,2,2
45035,2023,4,19,4,3,285,1,11,1,2,2
45035,2023,4,19,4,4,40,9,1,0,1,1
45033,2023,4,17,2,1,101,67,4,1,3,1
45035,2023,4,19,4,4,101,11,4,0,2,1
45035,2023,4,19,4,4,101,16,9,0,2,2
45035,2023,4,19,4,3,280,82,7,0,18,2
45035,2023,4,19,4,4,376,60,2,0,5,2
45035,2023,4,19,4,4,226,35,2,0,2,2
45035,2023,4,19,4,4,116,11,21,1,1,1
45035,2023,4,19,4,3,262,67,4,0,1,1
45035,2023,4,19,4,4,101,9,1,0,2,1
45036,2023,4,20,5,1,101,11,20,0,1,1
45035,2023,4,19,4,4,330,60,2,0,3,2
45036,2023,4,20,5,1,163,1,11,1,2,2
45036,2023,4,20,5,1,70,35,2,0,2,2
45036,2023,4,20,5,2,402,60,2,0,2,2
45036,2023,4,20,5,2,116,67,9,1,2,2
45036,2023,4,20,5,2,101,16,9,1,2,2
45035,2023,4,19,4,4,470,11,21,1,1,1
45036,2023,4,20,5,2,101,28,20,1,1,1
45036,2023,4,20,5,2,116,49,4,1,1,1
45036,2023,4,20,5,2,101,16,12,1,2,2
45036,2023,4,20,5,2,285,30,20,0,2,1
45036,2023,4,20,5,2,40,36,12,0,4,2
45036,2023,4,20,5,2,101,67,11,1,3,2
45036,2023,4,20,5,2,101,67,15,1,4,4
45036,2023,4,20,5,2,80,67,12,0,2,2
45036,2023,4,20,5,2,116,16,12,1,3,3
45036,2023,4,20,5,2,381,52,9,0,2,2
45036,2023,4,20,5,2,316,1,11,0,3,2
45036,2023,4,20,5,2,101,11,12,0,2,2
45036,2023,4,20,5,2,40,16,15,1,3,3
45036,2023,4,20,5,2,277,33,11,1,2,2
45036,2023,4,20,5,2,101,11,9,1,2,2
45026,2023,4,10,2,3,40,83,20,0,1,1
45016,2023,3,31,6,4,277,16,12,1,2,2
45036,2023,4,20,5,2,163,1,11,0,3,2
44968,2023,2,11,7,4,116,67,12,0,2,2
45036,2023,4,20,5,2,60,14,14,1,2,2
45010,2023,3,25,7,2,101,52,12,1,5,3
45036,2023,4,20,5,2,364,33,11,1,3,3
45036,2023,4,20,5,2,153,67,21,0,1,1
45036,2023,4,20,5,2,101,41,11,1,2,2
45036,2023,4,20,5,2,356,20,11,1,2,2
45036,2023,4,20,5,2,262,11,2,1,2,2
45005,2023,3,20,2,3,364,3,9,1,3,2
45028,2023,4,12,4,3,101,11,12,1,2,2
45036,2023,4,20,5,2,158,1,11,1,2,2
45036,2023,4,20,5,2,280,1,11,1,3,3
45036,2023,4,20,5,2,116,13,3,0,2,1
45036,2023,4,20,5,2,262,11,21,0,1,1
45036,2023,4,20,5,3,235,2,12,1,2,2
45036,2023,4,20,5,2,364,2,11,1,2,2
45036,2023,4,20,5,2,470,1,11,0,2,2
45036,2023,4,20,5,2,116,9,1,1,1,1
45036,2023,4,20,5,1,316,9,11,0,1,1
45036,2023,4,20,5,3,376,1,11,1,2,2
45036,2023,4,20,5,2,393,20,11,1,2,2
45036,2023,4,20,5,3,40,67,20,0,1,1
45036,2023,4,20,5,3,116,16,12,0,3,3
45036,2023,4,20,5,3,101,16,12,0,3,2
45036,2023,4,20,5,3,101,51,4,0,1,1
45036,2023,4,20,5,3,381,11,12,0,3,2
45036,2023,4,20,5,2,262,20,9,0,2,2
45036,2023,4,20,5,2,163,80,12,1,9,2
45036,2023,4,20,5,3,116,52,12,1,2,2
45036,2023,4,20,5,3,101,67,20,1,1,1
45036,2023,4,20,5,3,324,28,3,0,2,1
45036,2023,4,20,5,3,282,82,9,0,3,2
45036,2023,4,20,5,3,116,67,21,1,1,1
45036,2023,4,20,5,2,174,52,7,0,2,2
45036,2023,4,20,5,3,101,1,11,1,2,2
45036,2023,4,20,5,3,277,33,11,1,3,3
45036,2023,4,20,5,3,116,52,12,1,2,2
45036,2023,4,20,5,3,40,67,9,0,36,2
45036,2023,4,20,5,3,369,61,2,1,2,2
45036,2023,4,20,5,3,116,52,2,1,2,2
45036,2023,4,20,5,2,101,2,2,0,2,2
45036,2023,4,20,5,3,40,52,9,1,2,2
45036,2023,4,20,5,3,101,11,12,0,8,2
45036,2023,4,20,5,3,101,35,2,1,2,2
45036,2023,4,20,5,3,280,78,11,1,2,2
45036,2023,4,20,5,3,116,67,4,1,1,1
45036,2023,4,20,5,2,381,11,21,0,1,1
45036,2023,4,20,5,3,101,16,12,1,4,3
45036,2023,4,20,5,3,116,67,11,0,2,2
45036,2023,4,20,5,3,285,16,4,0,1,1
45036,2023,4,20,5,3,277,82,7,1,3,2
45036,2023,4,20,5,3,40,35,2,0,2,2
45036,2023,4,20,5,3,361,9,1,0,1,1
45034,2023,4,18,3,4,476,83,20,0,1,1
45036,2023,4,20,5,3,40,76,12,0,3,2
45036,2023,4,20,5,3,116,67,4,0,1,1
45036,2023,4,20,5,3,153,1,11,0,3,2
45036,2023,4,20,5,3,101,52,12,1,2,2
45036,2023,4,20,5,3,364,49,12,1,4,3
45036,2023,4,20,5,3,262,67,11,1,3,2
45036,2023,4,20,5,2,316,16,12,1,2,2
45036,2023,4,20,5,3,277,52,21,1,1,1
45036,2023,4,20,5,3,101,52,9,1,2,2
45036,2023,4,20,5,3,232,52,11,1,2,2
44932,2023,1,6,6,2,376,52,9,1,2,2
45036,2023,4,20,5,4,116,16,21,1,1,1
45036,2023,4,20,5,3,230,83,4,0,5,1
45036,2023,4,20,5,3,230,11,21,1,1,1
45036,2023,4,20,5,3,381,11,12,1,3,2
45036,2023,4,20,5,3,319,16,12,1,2,2
45036,2023,4,20,5,3,153,1,11,1,2,2
45036,2023,4,20,5,3,116,67,21,0,1,1
45036,2023,4,20,5,4,324,52,11,1,3,2
45036,2023,4,20,5,3,365,28,20,0,4,1
45036,2023,4,20,5,3,40,52,9,0,2,2
45036,2023,4,20,5,3,20,1,11,0,2,2
45036,2023,4,20,5,3,101,16,12,0,2,2
45015,2023,3,30,5,4,262,1,11,1,2,2
45029,2023,4,13,5,4,116,52,9,1,3,2
45036,2023,4,20,5,2,153,1,11,1,2,2
45036,2023,4,20,5,3,116,49,21,1,4,2
45036,2023,4,20,5,4,304,52,11,1,2,2
45036,2023,4,20,5,3,116,67,20,0,2,1
45036,2023,4,20,5,4,116,52,9,0,2,2
45036,2023,4,20,5,3,324,83,12,0,2,2
45036,2023,4,20,5,4,376,67,20,0,1,1
45036,2023,4,20,5,3,493,9,1,0,1,1
45036,2023,4,20,5,3,40,33,11,0,3,2
45036,2023,4,20,5,4,452,49,21,1,2,1
45036,2023,4,20,5,4,116,60,2,1,2,2
45036,2023,4,20,5,4,116,83,2,0,2,2
45036,2023,4,20,5,4,101,67,4,1,1,1
45036,2023,4,20,5,4,316,35,2,0,2,2
45036,2023,4,20,5,4,232,35,2,1,2,2
45036,2023,4,20,5,4,232,49,20,0,2,1
45036,2023,4,20,5,4,282,67,12,0,2,2
45036,2023,4,20,5,4,153,51,11,0,2,2
45036,2023,4,20,5,3,153,1,11,0,2,2
45036,2023,4,20,5,4,222,11,7,1,2,2
45036,2023,4,20,5,4,369,49,10,1,3,3
45036,2023,4,20,5,3,282,82,7,0,3,2
45036,2023,4,20,5,3,470,20,9,1,2,2
45036,2023,4,20,5,4,60,67,12,1,4,2
45036,2023,4,20,5,4,101,56,21,0,1,1
45036,2023,4,20,5,4,116,52,9,1,2,2
44952,2023,1,26,5,2,343,1,12,0,4,2
45036,2023,4,20,5,4,262,67,12,1,2,2
45036,2023,4,20,5,3,386,83,20,1,1,1
45036,2023,4,20,5,4,116,19,21,1,1,1
45036,2023,4,20,5,4,50,1,12,0,2,2
45036,2023,4,20,5,4,110,52,7,1,2,2
45036,2023,4,20,5,4,116,80,10,0,2,2
44976,2023,2,19,1,2,381,60,2,1,2,2
45036,2023,4,20,5,4,369,48,2,0,5,2
45036,2023,4,20,5,3,116,67,4,0,1,1
45036,2023,4,20,5,4,163,80,7,1,2,2
45036,2023,4,20,5,4,101,9,1,0,2,1
45036,2023,4,20,5,4,20,49,3,0,1,1
45036,2023,4,20,5,4,251,80,7,0,4,2
45036,2023,4,20,5,4,230,25,12,0,6,2
45036,2023,4,20,5,4,163,67,20,0,2,1
45036,2023,4,20,5,4,116,28,21,0,2,1
45037,2023,4,21,6,1,406,49,20,0,1,1
45036,2023,4,20,5,4,116,28,18,0,2,2
45037,2023,4,21,6,1,153,11,20,0,1,1
45037,2023,4,21,6,1,116,49,12,1,3,3
45037,2023,4,21,6,1,116,11,20,0,1,1
45037,2023,4,21,6,1,116,11,12,1,4,3
45037,2023,4,21,6,1,116,67,20,0,3,1
45037,2023,4,21,6,1,153,11,20,0,2,1
45037,2023,4,21,6,1,381,11,3,0,2,1
45037,2023,4,21,6,1,376,1,11,1,2,2
45036,2023,4,20,5,4,101,67,7,0,2,2
45037,2023,4,21,6,1,376,11,20,1,1,1
45037,2023,4,21,6,1,373,11,12,0,5,2
45037,2023,4,21,6,1,20,7,4,0,2,1
45037,2023,4,21,6,1,470,11,20,1,1,1
45037,2023,4,21,6,2,153,35,2,0,3,3
45037,2023,4,21,6,2,381,83,21,0,2,1
45037,2023,4,21,6,2,101,33,9,1,2,2
45037,2023,4,21,6,2,116,28,18,1,6,1
45036,2023,4,20,5,3,262,50,12,1,2,2
45037,2023,4,21,6,1,60,67,20,0,1,1
45037,2023,4,21,6,2,116,83,21,0,2,1
45037,2023,4,21,6,2,60,1,11,0,2,2
45037,2023,4,21,6,2,116,63,4,1,2,1
45037,2023,4,21,6,2,116,52,9,0,6,5
45037,2023,4,21,6,1,163,49,20,0,1,1
45026,2023,4,10,2,2,116,62,21,0,1,1
45037,2023,4,21,6,2,40,83,3,0,2,1
45030,2023,4,14,6,2,277,16,15,1,6,5
45037,2023,4,21,6,2,476,11,3,0,1,1
44981,2023,2,24,6,2,116,52,12,1,2,2
45037,2023,4,21,6,2,386,1,12,0,3,2
45037,2023,4,21,6,2,116,67,20,0,1,1
45037,2023,4,21,6,2,381,67,12,0,3,2
45037,2023,4,21,6,2,40,7,21,0,1,1
45037,2023,4,21,6,2,101,18,4,0,3,1
45037,2023,4,21,6,2,101,11,12,0,2,2
45037,2023,4,21,6,2,101,1,9,0,2,2
45036,2023,4,20,5,2,232,5,21,1,1,1
45037,2023,4,21,6,2,110,18,10,0,3,3
45037,2023,4,21,6,2,230,1,9,0,2,2
45037,2023,4,21,6,2,251,83,21,0,1,1
45037,2023,4,21,6,2,290,20,9,0,2,2
45037,2023,4,21,6,2,230,67,15,1,3,3
44994,2023,3,9,5,1,101,28,18,0,1,1
45037,2023,4,21,6,2,277,7,21,0,1,1
45037,2023,4,21,6,2,393,16,12,1,4,2
45037,2023,4,21,6,2,116,11,12,0,2,2
45037,2023,4,21,6,2,376,67,15,0,12,5
45033,2023,4,17,2,3,101,67,9,1,3,2
45037,2023,4,21,6,2,376,66,20,0,2,1
45037,2023,4,21,6,2,230,9,12,1,2,2
45037,2023,4,21,6,2,364,63,3,0,2,1
45037,2023,4,21,6,2,101,15,20,0,5,1
45037,2023,4,21,6,2,101,51,20,0,1,1
45037,2023,4,21,6,2,392,13,20,0,1,1
45037,2023,4,21,6,2,304,63,20,0,1,1
45037,2023,4,21,6,2,381,83,20,0,1,1
45037,2023,4,21,6,2,116,11,12,0,4,3
45037,2023,4,21,6,2,101,16,9,0,3,2
45037,2023,4,21,6,2,364,33,21,1,3,3
45037,2023,4,21,6,2,386,16,12,1,2,2
45037,2023,4,21,6,2,392,67,20,0,1,1
45037,2023,4,21,6,3,40,52,9,1,2,2
44974,2023,2,17,6,1,116,83,12,0,2,2
45037,2023,4,21,6,2,116,11,11,0,2,2
45037,2023,4,21,6,2,381,80,7,1,4,3
45037,2023,4,21,6,2,316,11,7,1,2,2
45037,2023,4,21,6,2,10,1,2,0,2,2
45037,2023,4,21,6,3,277,11,20,0,2,1
45037,2023,4,21,6,3,153,82,9,1,2,2
45037,2023,4,21,6,3,304,11,3,0,4,1
45037,2023,4,21,6,2,364,49,20,0,1,1
45037,2023,4,21,6,3,364,16,9,1,16,2
45037,2023,4,21,6,2,101,16,15,0,4,3
45037,2023,4,21,6,3,101,67,12,1,2,2
45037,2023,4,21,6,3,101,78,21,0,1,1
45037,2023,4,21,6,3,174,49,20,0,2,1
45037,2023,4,21,6,2,153,82,7,0,6,3
45037,2023,4,21,6,3,101,1,11,0,2,2
45025,2023,4,9,1,4,116,67,4,0,2,2
45037,2023,4,21,6,2,365,6,20,0,2,1
45037,2023,4,21,6,3,116,67,21,0,2,1
45037,2023,4,21,6,2,163,67,20,0,2,1
45037,2023,4,21,6,3,101,28,21,0,2,1
45037,2023,4,21,6,3,101,1,11,1,2,2
45037,2023,4,21,6,3,116,11,15,1,7,4
45037,2023,4,21,6,3,101,35,2,1,2,2
45037,2023,4,21,6,3,70,2,10,1,2,2
45037,2023,4,21,6,3,277,1,11,0,6,2
45037,2023,4,21,6,3,262,49,12,1,2,2
45037,2023,4,21,6,3,230,1,11,0,4,2
45037,2023,4,21,6,3,116,83,20,0,1,1
45037,2023,4,21,6,3,116,11,2,1,2,2
45037,2023,4,21,6,2,101,11,11,1,2,2
45037,2023,4,21,6,3,210,64,7,0,5,2
45037,2023,4,21,6,4,235,49,4,1,1,1
45037,2023,4,21,6,3,158,49,2,0,4,2
45037,2023,4,21,6,3,153,49,4,1,1,1
45037,2023,4,21,6,4,282,52,9,0,2,2
45037,2023,4,21,6,4,80,64,4,1,1,1
45037,2023,4,21,6,3,424,49,12,0,4,3
45037,2023,4,21,6,3,393,46,11,0,3,2
45037,2023,4,21,6,3,343,67,4,0,2,1
45037,2023,4,21,6,3,414,50,4,0,1,1
45037,2023,4,21,6,4,101,83,20,0,1,1
45037,2023,4,21,6,4,262,83,20,0,1,1
45037,2023,4,21,6,3,50,13,21,0,2,1
45037,2023,4,21,6,4,50,67,20,0,1,1
45037,2023,4,21,6,4,381,11,12,1,2,2
45037,2023,4,21,6,3,364,83,12,1,3,2
45037,2023,4,21,6,4,101,83,2,1,3,2
45037,2023,4,21,6,4,232,80,10,1,3,2
45037,2023,4,21,6,3,101,33,7,0,4,2
45037,2023,4,21,6,4,277,67,3,1,1,1
45037,2023,4,21,6,4,381,83,20,0,2,2
45037,2023,4,21,6,3,280,11,4,0,1,1
45037,2023,4,21,6,4,364,2,9,0,3,3
45037,2023,4,21,6,3,364,11,12,1,3,2
45037,2023,4,21,6,4,101,49,12,1,2,2
45037,2023,4,21,6,4,101,9,1,0,4,2
45037,2023,4,21,6,4,472,33,11,0,2,2
45037,2023,4,21,6,4,101,49,4,1,1,1
45037,2023,4,21,6,4,448,11,4,0,1,1
45037,2023,4,21,6,4,40,1,11,1,2,2
45037,2023,4,21,6,3,262,1,11,0,2,2
45037,2023,4,21,6,4,235,49,12,0,2,2
45037,2023,4,21,6,4,470,67,20,0,1,1
45037,2023,4,21,6,4,316,11,4,0,2,1