id_data,ano,mes,dia,id_dia_semana,periodo,br,id_causa_acidente,id_tipo_acidente,id_uso_solo,pessoas,veiculos
45041,2023,4,25,3,3,365,30,12,0,2,2
45041,2023,4,25,3,4,116,52,12,1,2,2
45041,2023,4,25,3,4,116,11,11,1,2,2
45041,2023,4,25,3,4,369,67,12,0,2,2
45041,2023,4,25,3,4,101,61,2,1,2,2
45041,2023,4,25,3,4,393,9,1,0,2,1
45041,2023,4,25,3,3,116,11,15,1,4,3
45041,2023,4,25,3,3,116,67,2,1,2,2
44990,2023,3,5,1,1,262,18,20,0,1,1
45041,2023,4,25,3,3,465,1,11,0,3,2
45041,2023,4,25,3,2,262,83,20,0,1,1
45041,2023,4,25,3,2,101,11,12,1,3,2
45041,2023,4,25,3,3,356,80,7,1,2,2
45041,2023,4,25,3,4,101,82,7,0,2,2
45041,2023,4,25,3,4,116,49,12,1,6,3
45041,2023,4,25,3,4,230,9,1,0,3,1
45041,2023,4,25,3,3,116,28,21,0,2,1
45041,2023,4,25,3,4,101,2,11,1,2,2
45041,2023,4,25,3,4,104,4,3,1,1,1
45041,2023,4,25,3,3,262,67,9,0,2,2
45041,2023,4,25,3,4,364,67,20,0,1,1
45041,2023,4,25,3,4,262,11,12,1,4,2
45041,2023,4,25,3,4,101,1,2,1,2,2
45042,2023,4,26,4,1,101,28,21,1,1,1
45042,2023,4,26,4,1,116,11,4,1,1,1
45042,2023,4,26,4,1,163,18,20,0,1,1
45042,2023,4,26,4,1,324,83,12,1,2,2
45042,2023,4,26,4,1,40,19,20,0,1,1
45042,2023,4,26,4,1,116,28,18,0,1,1
45042,2023,4,26,4,2,116,67,2,1,2,2
45042,2023,4,26,4,2,153,13,21,0,2,1
45042,2023,4,26,4,2,116,67,21,0,1,1
45042,2023,4,26,4,2,116,67,12,1,2,2
45042,2023,4,26,4,2,40,67,12,1,2,2
45042,2023,4,26,4,2,101,28,21,1,1,1
45042,2023,4,26,4,2,277,83,20,0,1,1
45042,2023,4,26,4,1,251,83,20,0,4,1
45042,2023,4,26,4,2,70,1,11,1,2,2
45042,2023,4,26,4,2,101,4,20,0,2,1
45042,2023,4,26,4,2,40,20,7,0,2,2
45042,2023,4,26,4,1,40,11,20,1,1,1
45042,2023,4,26,4,2,230,11,20,0,2,1
45042,2023,4,26,4,2,290,15,20,0,1,1
45037,2023,4,21,6,2,116,67,21,0,1,1
45003,2023,3,18,7,1,101,11,4,1,1,1
45042,2023,4,26,4,2,324,67,9,1,2,2
45042,2023,4,26,4,2,101,16,12,1,2,2
45041,2023,4,25,3,2,230,3,21,1,1,1
45042,2023,4,26,4,2,324,67,12,0,2,2
45042,2023,4,26,4,2,101,67,15,1,4,4
45042,2023,4,26,4,2,493,41,20,0,1,1
45042,2023,4,26,4,2,101,28,21,0,2,1
45042,2023,4,26,4,2,101,16,12,1,2,2
45036,2023,4,20,5,4,232,67,12,0,2,2
44995,2023,3,10,6,1,116,11,20,0,1,1
45042,2023,4,26,4,2,324,35,2,1,2,2
45042,2023,4,26,4,2,101,28,21,1,2,1
45017,2023,4,1,7,3,262,67,12,1,2,2
45042,2023,4,26,4,2,116,17,11,1,3,2
45042,2023,4,26,4,2,116,67,12,1,2,2
45042,2023,4,26,4,2,50,66,4,0,1,1
45042,2023,4,26,4,2,116,1,4,1,4,2
45042,2023,4,26,4,2,40,52,11,0,2,2
45042,2023,4,26,4,2,116,1,11,0,2,2
45042,2023,4,26,4,2,476,67,7,0,2,2
45042,2023,4,26,4,2,40,67,4,1,1,1
44990,2023,3,5,1,3,262,83,20,0,1,1
45042,2023,4,26,4,2,153,11,21,1,1,1
45042,2023,4,26,4,3,101,33,11,1,3,2
45042,2023,4,26,4,3,285,11,11,1,2,2
45042,2023,4,26,4,2,40,1,11,0,4,2
45015,2023,3,30,5,2,324,52,9,1,3,3
45042,2023,4,26,4,3,101,51,12,0,4,4
45042,2023,4,26,4,3,116,11,9,1,4,3
45042,2023,4,26,4,3,116,64,3,0,1,1
45042,2023,4,26,4,3,259,67,9,1,2,2
45042,2023,4,26,4,2,470,1,11,0,2,2
45024,2023,4,8,7,3,135,4,3,0,2,1
45042,2023,4,26,4,2,104,12,7,0,3,2
45023,2023,4,7,6,2,293,33,9,1,5,4
45042,2023,4,26,4,2,60,83,11,1,2,2
45042,2023,4,26,4,2,101,83,4,0,1,1
45042,2023,4,26,4,2,40,67,20,0,2,1
45042,2023,4,26,4,3,101,16,12,1,2,2
45042,2023,4,26,4,3,285,67,20,0,1,1
45042,2023,4,26,4,3,364,52,12,1,2,2
45008,2023,3,23,5,1,364,80,7,1,2,2
45042,2023,4,26,4,3,226,16,12,1,2,2
45042,2023,4,26,4,3,101,4,21,1,1,1
45042,2023,4,26,4,3,116,1,11,1,6,2
45042,2023,4,26,4,3,70,1,12,0,2,2
45038,2023,4,22,7,3,262,11,12,1,3,2
45042,2023,4,26,4,3,158,16,12,0,3,3
45042,2023,4,26,4,3,101,83,3,0,4,2
45042,2023,4,26,4,3,251,1,9,0,2,2
45042,2023,4,26,4,3,356,67,20,0,1,1
45042,2023,4,26,4,3,230,20,11,1,2,2
44975,2023,2,18,7,1,116,67,12,1,3,2
45042,2023,4,26,4,3,393,1,9,1,2,2
45042,2023,4,26,4,3,163,1,11,1,4,2
45042,2023,4,26,4,4,393,1,2,1,2,2
45042,2023,4,26,4,4,20,61,2,1,2,2
45042,2023,4,26,4,3,116,1,11,1,2,2
45038,2023,4,22,7,3,116,1,11,1,2,2
45042,2023,4,26,4,3,277,83,7,0,4,2
45042,2023,4,26,4,3,470,1,11,1,2,2
45042,2023,4,26,4,3,116,52,9,1,2,2
45042,2023,4,26,4,3,381,64,21,0,1,1
45042,2023,4,26,4,3,324,67,15,0,4,4
45042,2023,4,26,4,3,116,3,20,0,1,1
45042,2023,4,26,4,4,116,11,10,1,2,2
45042,2023,4,26,4,4,285,12,12,1,2,2
45042,2023,4,26,4,3,280,1,11,0,2,2
45042,2023,4,26,4,3,101,1,9,1,2,2
45042,2023,4,26,4,3,364,67,12,0,2,2
45042,2023,4,26,4,3,493,1,4,0,1,1
45042,2023,4,26,4,3,364,28,20,0,2,1
45042,2023,4,26,4,4,110,52,11,1,2,2
45042,2023,4,26,4,2,116,82,7,0,7,3
45042,2023,4,26,4,4,381,83,20,0,2,1
45042,2023,4,26,4,4,101,67,12,1,3,2
45042,2023,4,26,4,3,70,17,11,1,4,2
45042,2023,4,26,4,4,414,16,12,1,3,2
45042,2023,4,26,4,4,465,2,2,1,2,2
45042,2023,4,26,4,4,364,11,12,1,2,2
45042,2023,4,26,4,3,262,11,21,0,1,1
45042,2023,4,26,4,3,60,67,20,0,1,1
45042,2023,4,26,4,4,324,11,4,0,1,1
45042,2023,4,26,4,3,262,15,11,0,3,2
45042,2023,4,26,4,4,277,11,4,0,3,1
45042,2023,4,26,4,4,116,52,11,1,4,2
45042,2023,4,26,4,4,381,28,18,1,1,1
45042,2023,4,26,4,4,174,1,12,0,3,2
45042,2023,4,26,4,4,316,80,7,0,2,2
45042,2023,4,26,4,4,70,16,12,0,2,2
45042,2023,4,26,4,4,470,2,12,0,2,2
45042,2023,4,26,4,4,436,11,20,0,1,1
45043,2023,4,27,5,1,376,16,12,0,2,2
45043,2023,4,27,5,1,381,67,4,0,1,1
45042,2023,4,26,4,3,365,83,1,1,1,1
45043,2023,4,27,5,1,40,83,20,1,1,1
45042,2023,4,26,4,4,101,13,21,1,2,1
45043,2023,4,27,5,1,50,83,20,0,1,1
45016,2023,3,31,6,2,101,16,12,0,2,2
45043,2023,4,27,5,2,116,67,12,1,4,4
45043,2023,4,27,5,2,101,11,11,0,2,2
45043,2023,4,27,5,1,101,49,7,0,2,2
45043,2023,4,27,5,2,116,52,12,1,3,3
45043,2023,4,27,5,1,101,11,11,1,2,2
45043,2023,4,27,5,1,101,30,4,0,1,1
45043,2023,4,27,5,2,116,16,12,0,2,2
45043,2023,4,27,5,2,40,16,9,1,2,2
45043,2023,4,27,5,1,40,83,3,1,1,1
45043,2023,4,27,5,2,116,67,12,0,2,2
45042,2023,4,26,4,4,40,1,2,1,2,2
45043,2023,4,27,5,2,153,52,9,1,3,2
45043,2023,4,27,5,2,158,1,11,1,2,2
45043,2023,4,27,5,2,415,67,12,1,2,2
45043,2023,4,27,5,2,116,49,12,0,2,2
45023,2023,4,7,6,2,376,83,20,0,4,1
45043,2023,4,27,5,2,101,33,11,1,2,2
45043,2023,4,27,5,2,324,52,9,1,4,2
45043,2023,4,27,5,2,101,1,11,0,2,2
45043,2023,4,27,5,2,470,1,11,1,3,2
45043,2023,4,27,5,2,393,17,11,1,2,2
45043,2023,4,27,5,2,60,16,12,1,2,2
45043,2023,4,27,5,2,262,67,9,1,3,2
45043,2023,4,27,5,2,101,67,11,0,3,3
45043,2023,4,27,5,2,364,18,20,0,4,1
45020,2023,4,4,3,4,376,61,2,1,2,2
45043,2023,4,27,5,2,230,52,21,1,1,1
45043,2023,4,27,5,2,369,82,9,0,2,2
45043,2023,4,27,5,2,277,1,11,1,3,2
45043,2023,4,27,5,2,381,33,11,0,3,2
45043,2023,4,27,5,2,343,1,11,1,3,2
45043,2023,4,27,5,2,364,11,12,0,1,1
45043,2023,4,27,5,2,230,78,9,1,2,2
45043,2023,4,27,5,2,293,51,10,1,2,2
45043,2023,4,27,5,2,421,1,11,0,2,2
45043,2023,4,27,5,3,50,67,20,0,1,1
45043,2023,4,27,5,3,101,78,9,1,2,2
45043,2023,4,27,5,2,493,11,20,0,1,1
45043,2023,4,27,5,3,40,16,9,0,2,2
45043,2023,4,27,5,2,423,67,11,0,2,2
45043,2023,4,27,5,3,101,35,9,0,2,2
45043,2023,4,27,5,3,101,16,12,1,2,2
45043,2023,4,27,5,3,101,1,11,1,2,2
45042,2023,4,26,4,1,101,15,21,1,2,1
45043,2023,4,27,5,3,277,16,9,0,3,2
45043,2023,4,27,5,3,116,51,12,1,2,2
45043,2023,4,27,5,3,20,83,20,0,3,1
45043,2023,4,27,5,3,230,67,12,1,3,2
44999,2023,3,14,3,3,116,67,3,0,2,1
45043,2023,4,27,5,3,116,13,20,0,1,1
45043,2023,4,27,5,3,393,20,11,1,2,2
45043,2023,4,27,5,3,116,1,4,0,1,1
45043,2023,4,27,5,3,364,11,12,1,3,3
45043,2023,4,27,5,2,135,67,12,1,3,2
45043,2023,4,27,5,3,280,1,11,0,2,2
45043,2023,4,27,5,3,316,67,12,0,3,2
45043,2023,4,27,5,3,163,16,12,0,3,2
45043,2023,4,27,5,3,285,49,7,0,2,2
45042,2023,4,26,4,2,158,11,20,0,1,1
45043,2023,4,27,5,3,369,52,12,0,3,2
45043,2023,4,27,5,3,470,78,11,0,2,2
45043,2023,4,27,5,3,116,52,9,0,2,2
45043,2023,4,27,5,3,262,51,20,0,1,1
45043,2023,4,27,5,3,101,16,12,0,4,4
45043,2023,4,27,5,3,381,11,21,1,2,1
45043,2023,4,27,5,3,163,67,11,1,2,2
45043,2023,4,27,5,3,116,67,21,0,1,1
45043,2023,4,27,5,3,101,13,21,1,2,1
45043,2023,4,27,5,3,277,67,9,1,3,3
45043,2023,4,27,5,3,116,52,9,1,2,2
45043,2023,4,27,5,3,40,52,9,1,3,3
45043,2023,4,27,5,3,158,33,11,1,3,2
45043,2023,4,27,5,3,153,11,21,0,1,1
45043,2023,4,27,5,3,470,20,9,1,2,2
45043,2023,4,27,5,2,116,63,20,0,1,1
45043,2023,4,27,5,3,116,67,9,1,3,3
45043,2023,4,27,5,3,101,67,2,0,2,2
45043,2023,4,27,5,3,116,67,9,1,2,2
45043,2023,4,27,5,3,116,28,18,0,2,1
45043,2023,4,27,5,3,262,1,11,1,2,2
45043,2023,4,27,5,4,116,16,12,1,2,2
45043,2023,4,27,5,3,60,67,10,0,3,3
45043,2023,4,27,5,4,153,83,3,1,1,1
45043,2023,4,27,5,3,267,70,7,0,4,2
45043,2023,4,27,5,4,101,28,21,0,2,1
45043,2023,4,27,5,4,50,67,20,0,1,1
45043,2023,4,27,5,4,210,16,12,1,2,2
45043,2023,4,27,5,4,369,82,7,0,4,2
45043,2023,4,27,5,3,316,9,1,0,2,1
45043,2023,4,27,5,4,381,11,4,1,1,1
45043,2023,4,27,5,4,116,1,11,1,4,2
45043,2023,4,27,5,4,423,48,2,1,2,2
45043,2023,4,27,5,4,101,11,12,0,2,2
45043,2023,4,27,5,4,101,52,9,1,3,3
45043,2023,4,27,5,4,104,1,11,1,2,2
45043,2023,4,27,5,4,146,83,12,0,2,2
45043,2023,4,27,5,4,230,25,12,0,5,2
45043,2023,4,27,5,4,101,11,12,1,4,2
45043,2023,4,27,5,4,153,11,20,0,1,1
45043,2023,4,27,5,4,210,9,1,0,2,1
45043,2023,4,27,5,4,324,28,21,1,2,1
45043,2023,4,27,5,4,40,83,3,0,1,1
45044,2023,4,28,6,1,493,28,18,0,1,1
45044,2023,4,28,6,1,40,83,4,0,1,1
45043,2023,4,27,5,3,470,67,12,1,3,2
45043,2023,4,27,5,4,470,80,7,1,2,2
45044,2023,4,28,6,1,135,49,10,0,2,2
45044,2023,4,28,6,1,381,67,4,1,1,1
45044,2023,4,28,6,1,101,1,11,1,2,2
45044,2023,4,28,6,1,376,67,20,0,1,1
45044,2023,4,28,6,1,101,13,21,1,2,1
45044,2023,4,28,6,1,116,11,20,0,1,1
45044,2023,4,28,6,1,232,49,10,1,2,2
45044,2023,4,28,6,1,153,67,20,0,37,1
45043,2023,4,27,5,4,230,83,20,0,3,1
45044,2023,4,28,6,1,116,11,12,0,1,1
45044,2023,4,28,6,1,40,67,20,0,4,1
45044,2023,4,28,6,1,20,49,3,1,1,1
45043,2023,4,27,5,3,364,11,2,1,3,2
45044,2023,4,28,6,2,101,11,12,0,2,2
45044,2023,4,28,6,1,116,11,21,1,1,1
45044,2023,4,28,6,2,116,28,18,0,2,1
45044,2023,4,28,6,1,343,11,12,0,5,4
45044,2023,4,28,6,2,158,18,7,1,4,2
45044,2023,4,28,6,2,116,11,12,1,1,1
45044,2023,4,28,6,2,116,11,12,0,3,3
45044,2023,4,28,6,1,40,83,4,1,2,2
45044,2023,4,28,6,2,40,16,12,1,3,2
45044,2023,4,28,6,2,101,1,11,0,2,2
45044,2023,4,28,6,2,101,52,9,1,2,2
45044,2023,4,28,6,1,101,1,11,1,3,2
45044,2023,4,28,6,2,116,18,12,1,2,2
45044,2023,4,28,6,2,316,18,20,1,2,2
45044,2023,4,28,6,2,101,67,9,1,2,2
45044,2023,4,28,6,2,232,11,21,1,2,1
45044,2023,4,28,6,2,116,78,9,1,2,2
45044,2023,4,28,6,2,495,20,11,1,2,2
45044,2023,4,28,6,2,101,11,9,1,2,2
45044,2023,4,28,6,2,40,83,4,0,1,1
45033,2023,4,17,2,1,381,11,12,1,5,2
45044,2023,4,28,6,2,376,1,11,1,2,2
45044,2023,4,28,6,2,290,82,7,0,6,4
45044,2023,4,28,6,2,101,16,12,1,3,2
45044,2023,4,28,6,2,116,61,2,1,3,2
45044,2023,4,28,6,2,101,52,9,1,2,2
45044,2023,4,28,6,2,495,1,11,1,3,2
45044,2023,4,28,6,2,101,11,2,1,4,3
45044,2023,4,28,6,2,40,15,9,0,1,1
45044,2023,4,28,6,2,20,16,12,0,4,2
45044,2023,4,28,6,2,101,83,20,0,2,1
45044,2023,4,28,6,2,116,78,9,1,3,3
45044,2023,4,28,6,2,230,16,12,1,3,3
45044,2023,4,28,6,2,369,52,11,1,3,3
45044,2023,4,28,6,2,116,1,11,1,2,2
45044,2023,4,28,6,2,101,1,11,1,2,2
45044,2023,4,28,6,2,101,67,20,1,1,1
45044,2023,4,28,6,2,376,52,9,0,2,2
45044,2023,4,28,6,2,116,1,11,1,2,2
45044,2023,4,28,6,2,282,16,11,1,2,2
45044,2023,4,28,6,2,267,33,11,0,3,2
45044,2023,4,28,6,2,116,28,18,0,1,1
45044,2023,4,28,6,2,470,80,7,1,4,3
45044,2023,4,28,6,2,230,13,21,1,2,1
45044,2023,4,28,6,2,280,10,2,1,3,2
45044,2023,4,28,6,2,101,67,4,1,2,1
45044,2023,4,28,6,2,376,33,11,0,4,2
45044,2023,4,28,6,2,290,1,11,1,7,2
45044,2023,4,28,6,2,282,11,20,0,1,1
45044,2023,4,28,6,2,163,67,21,1,1,1
45044,2023,4,28,6,2,101,15,4,0,2,1
45044,2023,4,28,6,3,116,28,3,1,3,1
45040,2023,4,24,2,2,290,20,7,1,2,2
45039,2023,4,23,1,3,116,52,9,1,4,3
45044,2023,4,28,6,3,324,52,20,1,1,1
45044,2023,4,28,6,3,101,4,20,0,4,1
45044,2023,4,28,6,3,135,52,12,0,4,3
45044,2023,4,28,6,3,343,33,11,1,2,2
45044,2023,4,28,6,3,116,67,12,0,2,2
45044,2023,4,28,6,2,116,28,18,0,1,1
45044,2023,4,28,6,2,110,80,11,0,3,2
45044,2023,4,28,6,2,116,1,11,1,3,2
45044,2023,4,28,6,2,60,83,20,0,2,1
45044,2023,4,28,6,3,381,16,15,0,8,5
45044,2023,4,28,6,2,153,51,20,0,1,1
45044,2023,4,28,6,3,365,11,12,0,3,2
45044,2023,4,28,6,3,116,52,9,1,2,2
45044,2023,4,28,6,3,50,4,20,0,1,1
45044,2023,4,28,6,3,153,67,20,0,2,1
45044,2023,4,28,6,2,280,33,7,1,3,2
45044,2023,4,28,6,3,101,67,15,1,3,3
45044,2023,4,28,6,3,470,33,11,1,3,3
45044,2023,4,28,6,3,116,52,12,0,4,3
45044,2023,4,28,6,3,101,28,18,1,1,1
45040,2023,4,24,2,4,101,61,2,1,2,2
45044,2023,4,28,6,3,135,1,11,0,2,2
45044,2023,4,28,6,3,376,67,20,0,3,1
45032,2023,4,16,1,3,116,83,21,0,1,1
45044,2023,4,28,6,3,116,52,9,0,2,2
45044,2023,4,28,6,3,116,67,12,1,2,2
45034,2023,4,18,3,2,163,67,7,0,3,2
44942,2023,1,16,2,3,116,56,21,0,1,1
45044,2023,4,28,6,3,470,11,11,1,2,2
45044,2023,4,28,6,3,470,51,20,0,1,1
45044,2023,4,28,6,3,470,52,9,0,3,2
45044,2023,4,28,6,3,280,11,21,1,1,1
45044,2023,4,28,6,3,101,52,9,0,2,2
45044,2023,4,28,6,3,153,1,11,0,4,2
45044,2023,4,28,6,3,40,9,1,0,2,1
45044,2023,4,28,6,3,101,1,11,1,2,2
45044,2023,4,28,6,3,386,11,9,1,2,2
45044,2023,4,28,6,3,101,1,11,1,2,2
45044,2023,4,28,6,3,230,1,11,0,2,2
45044,2023,4,28,6,3,116,52,12,1,2,2
45044,2023,4,28,6,3,116,16,12,1,3,2
45044,2023,4,28,6,3,110,16,7,1,2,2
45044,2023,4,28,6,3,116,16,12,1,2,2
45044,2023,4,28,6,3,381,83,9,0,6,2
45044,2023,4,28,6,3,116,52,12,1,2,2
45044,2023,4,28,6,3,232,2,7,0,2,2
45044,2023,4,28,6,3,40,82,12,0,2,2
45044,2023,4,28,6,3,287,48,2,1,3,3
45044,2023,4,28,6,3,101,11,15,1,5,5
45044,2023,4,28,6,3,381,72,11,0,5,2
45044,2023,4,28,6,3,116,44,12,1,2,2
45044,2023,4,28,6,3,101,35,2,1,2,2
45044,2023,4,28,6,3,470,1,9,0,2,2
45036,2023,4,20,5,4,232,83,12,0,2,2
45044,2023,4,28,6,3,101,9,1,0,3,1
45044,2023,4,28,6,3,153,67,12,0,4,2
45044,2023,4,28,6,3,163,11,11,1,3,2
45007,2023,3,22,4,3,343,17,2,1,2,2
45044,2023,4,28,6,4,304,1,12,0,3,2
45044,2023,4,28,6,4,262,1,11,1,4,2
45044,2023,4,28,6,4,153,9,1,0,1,1
45044,2023,4,28,6,4,235,1,11,0,3,2
45044,2023,4,28,6,4,285,20,12,0,2,2
45044,2023,4,28,6,4,226,16,12,0,2,2
45044,2023,4,28,6,4,277,67,4,0,1,1
45044,2023,4,28,6,4,116,67,20,0,1,1
45044,2023,4,28,6,4,356,52,10,1,3,3
45044,2023,4,28,6,4,40,52,9,0,5,2
45044,2023,4,28,6,3,364,67,20,0,1,1
45044,2023,4,28,6,4,101,11,20,0,1,1
45044,2023,4,28,6,4,60,82,9,1,3,3
45044,2023,4,28,6,4,70,11,4,0,1,1
45044,2023,4,28,6,4,50,1,12,0,4,2
45044,2023,4,28,6,4,369,16,12,1,2,2
45044,2023,4,28,6,4,116,13,21,1,2,1
45044,2023,4,28,6,4,364,49,7,1,2,2
45044,2023,4,28,6,3,163,11,21,0,1,1
45044,2023,4,28,6,4,101,11,12,1,3,3
45044,2023,4,28,6,4,277,1,11,0,4,3
45044,2023,4,28,6,4,369,16,12,1,2,2
45044,2023,4,28,6,3,174,16,7,1,2,2
45044,2023,4,28,6,4,101,52,9,0,3,3
45044,2023,4,28,6,4,153,28,21,0,2,1
45044,2023,4,28,6,4,153,49,11,1,3,2
45044,2023,4,28,6,4,290,35,2,1,2,2
45044,2023,4,28,6,4,116,52,12,1,2,2
45044,2023,4,28,6,4,359,11,4,0,4,1
45044,2023,4,28,6,4,40,60,20,1,3,2
45044,2023,4,28,6,4,280,16,12,0,2,2
45044,2023,4,28,6,4,153,1,11,1,3,2
45044,2023,4,28,6,4,153,67,12,0,2,2
45044,2023,4,28,6,4,232,46,4,0,5,1
45044,2023,4,28,6,4,364,11,20,0,1,1
45044,2023,4,28,6,4,101,35,2,0,3,3
45044,2023,4,28,6,4,381,60,2,0,3,2
45044,2023,4,28,6,3,316,16,12,1,4,2
45044,2023,4,28,6,4,101,2,9,1,2,2
45044,2023,4,28,6,4,369,80,7,1,2,2
45044,2023,4,28,6,4,116,83,3,0,1,1
45035,2023,4,19,4,3,470,82,11,1,2,2
45044,2023,4,28,6,4,282,80,7,0,4,2
45044,2023,4,28,6,4,222,17,11,1,2,2
45044,2023,4,28,6,4,316,67,12,1,3,2
45045,2023,4,29,7,1,381,9,1,1,2,1
45044,2023,4,28,6,4,101,16,12,0,4,2
45044,2023,4,28,6,4,116,28,18,0,2,1
45045,2023,4,29,7,1,232,46,20,0,4,1
45045,2023,4,29,7,1,116,67,12,0,2,2
45045,2023,4,29,7,1,101,67,20,0,1,1
45045,2023,4,29,7,1,116,49,20,0,1,1
45045,2023,4,29,7,1,101,83,3,0,1,1
44957,2023,1,31,3,2,435,4,12,0,2,2
45045,2023,4,29,7,1,116,11,12,1,3,3
45045,2023,4,29,7,1,277,83,20,1,1,1
45045,2023,4,29,7,1,40,18,20,0,3,2
45045,2023,4,29,7,1,316,83,20,0,1,1
45045,2023,4,29,7,1,116,67,12,0,3,2
45045,2023,4,29,7,1,376,67,4,0,1,1
45045,2023,4,29,7,1,153,7,21,0,1,1
45045,2023,4,29,7,1,116,16,12,0,3,2
45045,2023,4,29,7,1,448,49,10,0,2,2
45045,2023,4,29,7,1,230,83,4,0,1,1
45045,2023,4,29,7,1,101,18,4,1,1,1
45045,2023,4,29,7,1,280,1,11,0,3,2
45045,2023,4,29,7,1,343,11,12,1,3,2
45045,2023,4,29,7,2,376,9,1,1,1,1
45045,2023,4,29,7,1,163,49,21,1,1,1
45045,2023,4,29,7,1,423,80,10,0,3,2
45045,2023,4,29,7,1,104,52,10,0,3,2
45045,2023,4,29,7,2,163,11,1,0,1,1
45045,2023,4,29,7,2,452,16,12,1,5,2
45045,2023,4,29,7,2,101,67,20,0,2,1
45045,2023,4,29,7,2,381,18,20,1,4,1
45045,2023,4,29,7,2,282,11,20,0,1,1
45045,2023,4,29,7,2,60,80,10,0,8,2
45045,2023,4,29,7,2,376,67,21,0,1,1
45045,2023,4,29,7,2,262,33,11,1,7,2
45045,2023,4,29,7,2,40,52,15,1,3,3
45045,2023,4,29,7,2,116,33,11,1,3,2
45045,2023,4,29,7,2,282,67,21,0,1,1
45045,2023,4,29,7,2,232,13,20,0,3,1
45045,2023,4,29,7,2,316,13,21,1,3,1
45045,2023,4,29,7,2,373,18,7,0,3,2
45045,2023,4,29,7,2,101,78,9,1,2,2
45045,2023,4,29,7,2,364,61,2,1,2,2
45045,2023,4,29,7,2,116,67,20,0,1,1
45045,2023,4,29,7,2,290,13,21,0,1,1
45045,2023,4,29,7,2,324,67,15,0,4,4
45045,2023,4,29,7,2,116,67,15,0,5,4
45045,2023,4,29,7,2,376,13,21,0,1,1
45045,2023,4,29,7,2,277,11,12,0,2,2
45017,2023,4,1,7,4,418,11,20,0,1,1
45045,2023,4,29,7,2,101,80,7,0,7,2
45045,2023,4,29,7,2,470,83,21,1,2,1
45045,2023,4,29,7,2,392,49,20,0,1,1
45045,2023,4,29,7,2,116,67,20,0,1,1
45045,2023,4,29,7,2,364,67,11,1,2,2
45045,2023,4,29,7,2,101,52,9,1,3,3
45045,2023,4,29,7,2,40,1,11,1,2,2
45045,2023,4,29,7,2,101,28,4,0,1,1
45045,2023,4,29,7,2,448,83,21,1,2,1
45045,2023,4,29,7,2,153,1,11,1,2,2
45045,2023,4,29,7,2,365,1,11,0,2,2
45045,2023,4,29,7,2,101,16,12,0,2,2
45045,2023,4,29,7,2,316,52,11,0,5,2
45045,2023,4,29,7,2,101,11,9,0,2,2
45045,2023,4,29,7,2,153,67,20,0,1,1
45045,2023,4,29,7,2,116,16,9,1,3,2
45045,2023,4,29,7,3,405,72,11,0,2,2
45045,2023,4,29,7,2,40,80,11,0,3,2
45045,2023,4,29,7,2,116,11,2,0,2,2
45045,2023,4,29,7,2,116,67,20,0,1,1
45045,2023,4,29,7,1,459,11,3,0,1,1
45045,2023,4,29,7,3,230,28,21,0,1,1
45045,2023,4,29,7,3,230,1,11,0,2,2
45045,2023,4,29,7,2,316,9,1,1,1,1
45045,2023,4,29,7,3,40,67,21,0,1,1
45045,2023,4,29,7,3,40,64,20,0,2,1
45045,2023,4,29,7,2,226,52,9,1,2,2
45045,2023,4,29,7,3,116,18,20,0,1,1
45045,2023,4,29,7,3,290,18,12,0,6,2
45045,2023,4,29,7,3,369,67,20,0,1,1
45045,2023,4,29,7,3,376,11,3,0,1,1
45045,2023,4,29,7,3,369,67,12,1,2,2
45045,2023,4,29,7,3,222,52,9,1,2,2
45045,2023,4,29,7,3,40,67,12,0,2,2
45045,2023,4,29,7,3,316,28,10,0,2,2
45045,2023,4,29,7,3,116,51,4,0,1,1
45045,2023,4,29,7,3,381,83,21,0,1,1
45045,2023,4,29,7,3,60,18,4,0,2,1
45045,2023,4,29,7,2,174,9,1,0,1,1
45045,2023,4,29,7,3,101,11,21,1,1,1
45045,2023,4,29,7,3,40,64,3,0,2,1
45045,2023,4,29,7,3,40,15,9,1,2,2
45045,2023,4,29,7,3,470,16,12,1,3,2
45045,2023,4,29,7,3,116,1,9,0,2,2
45045,2023,4,29,7,3,369,67,9,1,3,2
45045,2023,4,29,7,3,153,28,21,0,2,1
45045,2023,4,29,7,3,101,16,12,1,4,4
45045,2023,4,29,7,3,282,44,12,0,3,2
45045,2023,4,29,7,3,343,9,20,0,1,1
45045,2023,4,29,7,3,343,67,12,1,3,3
45045,2023,4,29,7,3,60,49,20,0,2,1
45045,2023,4,29,7,3,101,16,9,0,2,2
45045,2023,4,29,7,3,361,1,12,0,2,2
45045,2023,4,29,7,3,210,49,12,1,3,3
44983,2023,2,26,1,3,101,49,9,0,5,3
45045,2023,4,29,7,3,282,67,21,0,3,3
45045,2023,4,29,7,3,343,67,2,1,3,2
45045,2023,4,29,7,3,423,49,7,0,2,2
45045,2023,4,29,7,3,101,61,2,1,5,2
45045,2023,4,29,7,3,101,68,12,1,3,3
45045,2023,4,29,7,3,280,72,11,0,2,2
45045,2023,4,29,7,3,435,67,20,0,2,2
45045,2023,4,29,7,3,381,35,2,0,3,2
45045,2023,4,29,7,3,304,1,9,0,2,2
45045,2023,4,29,7,3,116,61,2,1,2,2