id_data,ano,mes,dia,id_dia_semana,periodo,br,id_causa_acidente,id_tipo_acidente,id_uso_solo,pessoas,veiculos
45062,2023,5,16,3,3,262,29,20,0,1,1
45062,2023,5,16,3,3,415,83,20,1,1,1
45062,2023,5,16,3,3,10,16,12,1,4,2
45062,2023,5,16,3,4,101,83,4,0,1,1
45062,2023,5,16,3,3,116,28,21,0,1,1
45062,2023,5,16,3,4,381,49,20,0,1,1
45052,2023,5,6,7,4,407,1,10,1,4,2
45062,2023,5,16,3,4,116,67,15,0,6,3
45062,2023,5,16,3,4,101,48,4,0,1,1
45062,2023,5,16,3,4,316,13,20,0,3,1
45062,2023,5,16,3,3,465,20,9,0,5,3
45062,2023,5,16,3,4,101,11,20,1,1,1
45062,2023,5,16,3,3,364,33,11,1,2,2
45062,2023,5,16,3,4,407,16,9,0,4,2
45062,2023,5,16,3,4,287,9,1,0,1,1
45062,2023,5,16,3,4,101,2,11,0,3,2
45062,2023,5,16,3,4,116,11,12,1,3,2
45062,2023,5,16,3,4,316,9,1,1,2,1
45062,2023,5,16,3,4,135,1,11,1,3,2
45062,2023,5,16,3,4,20,67,4,0,1,1
45062,2023,5,16,3,4,408,15,20,0,1,1
45063,2023,5,17,4,1,101,49,21,0,1,1
45063,2023,5,17,4,1,101,67,4,1,1,1
45063,2023,5,17,4,1,280,9,1,1,1,1
45062,2023,5,16,3,2,135,28,18,1,1,1
45063,2023,5,17,4,1,116,11,9,1,2,2
45063,2023,5,17,4,2,40,11,12,1,3,2
45063,2023,5,17,4,2,293,52,9,1,2,2
45063,2023,5,17,4,1,116,2,11,1,2,2
45063,2023,5,17,4,2,116,67,9,1,2,2
45063,2023,5,17,4,2,116,11,15,1,6,4
45063,2023,5,17,4,2,101,33,11,1,3,3
44998,2023,3,13,2,4,471,83,12,0,3,2
45063,2023,5,17,4,2,153,16,12,1,2,2
45063,2023,5,17,4,2,101,15,4,0,1,1
45063,2023,5,17,4,2,290,11,9,1,3,3
45063,2023,5,17,4,2,343,28,21,0,2,1
45063,2023,5,17,4,2,381,52,9,0,4,3
45063,2023,5,17,4,1,392,49,20,1,2,1
45063,2023,5,17,4,2,304,52,9,1,2,2
45063,2023,5,17,4,2,277,1,11,1,3,3
45063,2023,5,17,4,2,343,11,12,1,2,2
45060,2023,5,14,1,2,40,1,12,1,2,2
45063,2023,5,17,4,2,468,33,11,1,2,2
45063,2023,5,17,4,2,116,53,11,1,3,2
45063,2023,5,17,4,2,406,1,11,1,6,2
45031,2023,4,15,7,3,101,67,9,1,2,2
45055,2023,5,9,3,2,282,16,12,0,3,2
45063,2023,5,17,4,1,364,11,20,1,1,1
44999,2023,3,14,3,4,364,11,11,1,2,2
45063,2023,5,17,4,2,262,33,11,1,2,2
45015,2023,3,30,5,3,376,67,20,0,3,1
45063,2023,5,17,4,2,280,83,20,1,1,1
45063,2023,5,17,4,2,226,67,12,1,2,2
45063,2023,5,17,4,2,376,67,20,0,2,1
45063,2023,5,17,4,2,116,20,11,1,2,2
45063,2023,5,17,4,2,235,67,12,0,2,2
45063,2023,5,17,4,2,101,1,9,1,4,2
45063,2023,5,17,4,2,101,18,20,1,4,1
45063,2023,5,17,4,2,277,44,15,1,4,4
45014,2023,3,29,4,3,104,67,12,0,3,2
45063,2023,5,17,4,2,101,52,9,0,4,2
45004,2023,3,19,1,3,476,11,21,1,1,1
45063,2023,5,17,4,3,393,20,11,0,2,2
45063,2023,5,17,4,2,381,11,2,1,4,4
45063,2023,5,17,4,3,381,12,12,0,2,2
44993,2023,3,8,4,3,290,67,12,0,7,2
45063,2023,5,17,4,3,101,61,2,1,2,2
45031,2023,4,15,7,3,465,11,15,1,3,3
45063,2023,5,17,4,3,364,2,11,0,2,2
45053,2023,5,7,1,1,10,49,11,1,5,2
45063,2023,5,17,4,3,364,13,20,0,2,1
45063,2023,5,17,4,3,277,20,9,0,2,2
45063,2023,5,17,4,3,222,17,11,1,3,3
44999,2023,3,14,3,3,158,67,20,0,2,1
45063,2023,5,17,4,3,262,28,18,1,1,1
45063,2023,5,17,4,3,101,11,20,0,3,3
45063,2023,5,17,4,3,101,1,11,1,3,2
45063,2023,5,17,4,3,386,28,18,0,1,1
45060,2023,5,14,1,1,282,49,20,0,1,1
45063,2023,5,17,4,2,364,44,21,1,1,1
45063,2023,5,17,4,3,381,83,12,1,2,2
45063,2023,5,17,4,3,116,80,7,1,3,2
45063,2023,5,17,4,3,262,35,2,0,3,2
45063,2023,5,17,4,3,376,11,20,0,1,1
45063,2023,5,17,4,3,407,12,11,1,2,2
45063,2023,5,17,4,3,101,52,9,1,2,2
45059,2023,5,13,7,2,381,83,4,0,1,1
45045,2023,4,29,7,1,364,83,4,1,2,2
45063,2023,5,17,4,3,470,16,12,1,3,3
44990,2023,3,5,1,1,116,83,3,0,1,1
45063,2023,5,17,4,3,40,78,9,1,3,3
45063,2023,5,17,4,3,116,1,11,0,3,2
45063,2023,5,17,4,3,40,1,2,1,2,2
45063,2023,5,17,4,3,116,16,12,1,2,2
45063,2023,5,17,4,3,158,52,12,0,4,2
45063,2023,5,17,4,4,259,67,21,0,1,1
45063,2023,5,17,4,3,290,33,11,1,2,2
44995,2023,3,10,6,3,40,48,2,1,3,2
45063,2023,5,17,4,4,135,67,20,0,3,2
45063,2023,5,17,4,4,470,57,12,0,6,2
45063,2023,5,17,4,4,101,11,12,1,3,2
45063,2023,5,17,4,4,60,52,12,1,2,2
45063,2023,5,17,4,4,262,16,9,0,4,3
45013,2023,3,28,3,4,101,80,7,0,4,2
45063,2023,5,17,4,4,230,9,1,0,1,1
45063,2023,5,17,4,4,369,11,4,0,1,1
45063,2023,5,17,4,4,364,49,10,1,2,2
45063,2023,5,17,4,4,163,1,11,1,3,2
45063,2023,5,17,4,4,40,49,20,1,1,1
45063,2023,5,17,4,3,101,67,21,0,1,1
45063,2023,5,17,4,4,40,60,2,1,2,2
45063,2023,5,17,4,4,316,2,11,0,3,2
45063,2023,5,17,4,4,407,67,12,1,4,2
45064,2023,5,18,5,1,116,11,21,0,1,1
45064,2023,5,18,5,1,408,11,3,0,1,1
45064,2023,5,18,5,1,101,9,1,0,1,1
45015,2023,3,30,5,2,277,52,9,1,2,2
45063,2023,5,17,4,4,364,16,12,0,2,1
45064,2023,5,18,5,1,60,1,12,1,6,5
45064,2023,5,18,5,2,101,20,11,0,3,2
45064,2023,5,18,5,2,262,67,9,1,2,2
45064,2023,5,18,5,1,470,80,12,1,2,2
45064,2023,5,18,5,2,290,11,4,1,1,1
45064,2023,5,18,5,2,101,4,21,0,1,1
45064,2023,5,18,5,1,163,67,20,0,2,1
45047,2023,5,1,2,3,104,67,12,1,2,2
45064,2023,5,18,5,2,116,67,12,0,2,2
45064,2023,5,18,5,2,277,61,2,1,2,2
45064,2023,5,18,5,2,116,1,9,1,3,2
45063,2023,5,17,4,4,40,28,4,1,2,1
45064,2023,5,18,5,1,116,16,12,1,2,2
45064,2023,5,18,5,1,101,18,20,1,1,1
45064,2023,5,18,5,2,230,33,11,1,2,2
44942,2023,1,16,2,1,373,80,7,0,16,2
45064,2023,5,18,5,2,230,52,9,1,3,3
45064,2023,5,18,5,2,101,16,12,1,5,4
45064,2023,5,18,5,2,101,67,9,1,2,2
45064,2023,5,18,5,2,153,11,12,1,2,2
45064,2023,5,18,5,2,163,82,20,1,1,1
45039,2023,4,23,1,2,262,16,12,0,3,2
45064,2023,5,18,5,2,235,16,12,1,2,2
45064,2023,5,18,5,2,101,52,9,1,2,2
45064,2023,5,18,5,2,230,64,9,1,2,2
45064,2023,5,18,5,2,101,82,11,0,3,3
45064,2023,5,18,5,2,101,67,20,0,4,1
45064,2023,5,18,5,2,493,1,11,1,2,2
45064,2023,5,18,5,2,101,33,11,1,2,2
45064,2023,5,18,5,2,277,52,9,1,2,2
45064,2023,5,18,5,2,282,16,12,1,2,2
45064,2023,5,18,5,2,381,11,4,0,2,2
45064,2023,5,18,5,2,163,83,20,0,3,3
45064,2023,5,18,5,2,116,52,11,0,2,2
45064,2023,5,18,5,2,101,13,21,0,2,1
45064,2023,5,18,5,2,101,11,12,1,2,2
45064,2023,5,18,5,2,116,67,4,1,2,1
45064,2023,5,18,5,2,381,52,21,0,1,1
45064,2023,5,18,5,2,392,20,11,1,2,2
45064,2023,5,18,5,2,116,18,20,0,1,1
45064,2023,5,18,5,2,116,52,9,1,2,2
45064,2023,5,18,5,2,101,16,12,1,3,2
45064,2023,5,18,5,2,163,67,12,0,2,2
45064,2023,5,18,5,2,116,67,10,0,2,2
45056,2023,5,10,4,2,436,67,12,0,4,2
45064,2023,5,18,5,2,376,67,4,0,1,1
45014,2023,3,29,4,3,277,82,7,0,2,2
45064,2023,5,18,5,3,60,16,11,1,4,2
45064,2023,5,18,5,2,116,2,20,0,1,1
45064,2023,5,18,5,3,448,28,18,1,2,1
45064,2023,5,18,5,2,364,1,11,1,2,2
44974,2023,2,17,6,2,153,83,20,0,1,1
45064,2023,5,18,5,3,116,52,9,0,4,2
45064,2023,5,18,5,3,116,78,9,1,6,2
45064,2023,5,18,5,2,324,83,12,0,3,2
45064,2023,5,18,5,3,153,1,11,0,2,2
45064,2023,5,18,5,3,376,1,9,1,2,2
45064,2023,5,18,5,2,381,51,20,0,1,1
45064,2023,5,18,5,2,60,11,21,0,2,1
45002,2023,3,17,6,1,470,82,7,1,2,2
45064,2023,5,18,5,2,101,5,4,0,2,1
45064,2023,5,18,5,3,10,5,21,1,1,1
45064,2023,5,18,5,3,116,52,9,1,2,2
45064,2023,5,18,5,3,470,11,21,1,1,1
45064,2023,5,18,5,3,101,72,11,1,3,3
45064,2023,5,18,5,3,116,1,7,1,3,2
45064,2023,5,18,5,3,101,67,11,1,2,2
45064,2023,5,18,5,3,163,13,20,0,1,1
45045,2023,4,29,7,4,101,80,7,1,2,2
45064,2023,5,18,5,2,226,15,7,0,4,2
45064,2023,5,18,5,3,116,16,12,0,3,2
45064,2023,5,18,5,3,386,1,11,1,2,2
45064,2023,5,18,5,3,116,33,12,1,2,2
45064,2023,5,18,5,3,158,20,7,1,3,3
45064,2023,5,18,5,3,101,11,20,0,1,1
45064,2023,5,18,5,2,40,1,9,1,2,2
45064,2023,5,18,5,3,101,35,2,1,2,2
45064,2023,5,18,5,3,116,78,11,1,2,2
45064,2023,5,18,5,3,376,82,12,0,2,2
45064,2023,5,18,5,3,381,13,21,1,1,1
45064,2023,5,18,5,3,116,9,1,0,1,1
45064,2023,5,18,5,3,104,25,21,1,1,1
45064,2023,5,18,5,3,101,1,2,1,2,2
45064,2023,5,18,5,3,40,78,9,1,2,2
45064,2023,5,18,5,3,40,78,9,1,2,2
45064,2023,5,18,5,3,101,52,9,1,1,1
45064,2023,5,18,5,3,110,1,11,0,6,2
45064,2023,5,18,5,3,282,67,21,1,1,1
45064,2023,5,18,5,3,262,1,7,1,2,2
45044,2023,4,28,6,2,364,11,4,1,1,1
45064,2023,5,18,5,4,277,11,21,0,4,2
45064,2023,5,18,5,3,407,80,7,0,2,2
45060,2023,5,14,1,3,101,16,12,0,2,2
45064,2023,5,18,5,4,470,82,11,0,2,2
45057,2023,5,11,5,2,386,20,7,1,2,2
45064,2023,5,18,5,4,101,67,4,0,1,1
45064,2023,5,18,5,4,235,17,11,1,3,3
45064,2023,5,18,5,3,262,1,11,1,3,2
45064,2023,5,18,5,4,163,1,11,1,2,2
45064,2023,5,18,5,4,235,60,2,1,2,2
45064,2023,5,18,5,4,40,80,7,1,2,2
45064,2023,5,18,5,4,230,67,10,1,5,3
45064,2023,5,18,5,4,40,44,4,0,1,1
45064,2023,5,18,5,3,356,20,11,0,2,2
45064,2023,5,18,5,4,101,9,1,0,2,1
45064,2023,5,18,5,4,116,11,20,1,2,1
45064,2023,5,18,5,4,470,49,21,1,1,1
45064,2023,5,18,5,4,116,49,12,1,2,2
45064,2023,5,18,5,3,116,11,2,0,2,2
45064,2023,5,18,5,4,232,82,9,0,2,2
45064,2023,5,18,5,4,40,67,2,1,2,2
45064,2023,5,18,5,4,116,60,2,1,2,2
45064,2023,5,18,5,4,262,1,11,0,2,2
45064,2023,5,18,5,4,163,11,20,1,2,2
45064,2023,5,18,5,4,290,11,20,0,1,1
45064,2023,5,18,5,4,80,9,1,0,2,1
45065,2023,5,19,6,1,116,67,11,1,2,2
45065,2023,5,19,6,1,163,67,21,0,1,1
45065,2023,5,19,6,1,20,49,7,1,4,3
45065,2023,5,19,6,1,423,9,1,0,14,4
45065,2023,5,19,6,1,101,11,4,0,2,1
45064,2023,5,18,5,2,116,11,12,0,2,2
45064,2023,5,18,5,2,20,67,20,1,2,1
45065,2023,5,19,6,1,101,11,9,1,2,2
45065,2023,5,19,6,1,60,52,20,1,5,2
45065,2023,5,19,6,1,101,18,4,0,1,1
45065,2023,5,19,6,2,40,78,9,1,2,2
45065,2023,5,19,6,2,262,83,4,1,1,1
45065,2023,5,19,6,2,343,18,7,0,2,2
45064,2023,5,18,5,4,242,67,20,0,1,1
45065,2023,5,19,6,2,101,52,9,1,2,2
45065,2023,5,19,6,2,20,16,12,1,2,2
45065,2023,5,19,6,2,259,1,11,1,2,2
45065,2023,5,19,6,2,101,17,12,0,2,2
45065,2023,5,19,6,2,101,52,9,1,2,2
45065,2023,5,19,6,2,376,16,12,1,2,2
45061,2023,5,15,2,2,116,11,12,0,3,2
45065,2023,5,19,6,2,70,67,21,0,1,1
45065,2023,5,19,6,2,101,4,20,1,1,1
45065,2023,5,19,6,2,116,11,20,1,2,1
45065,2023,5,19,6,2,324,83,12,0,2,2
45065,2023,5,19,6,2,40,9,12,1,2,1
45065,2023,5,19,6,2,364,72,12,1,2,2
45065,2023,5,19,6,2,101,28,20,0,2,1
45017,2023,4,1,7,4,316,83,4,1,1,1
44949,2023,1,23,2,3,153,11,7,0,2,2
45065,2023,5,19,6,2,376,16,9,1,2,2
45065,2023,5,19,6,2,376,9,20,0,1,1
45063,2023,5,17,4,3,40,46,4,1,1,1
45065,2023,5,19,6,2,285,20,11,0,6,2
45065,2023,5,19,6,2,163,11,21,1,1,1
45065,2023,5,19,6,2,267,1,21,0,2,2
45065,2023,5,19,6,2,282,16,15,1,5,3
45065,2023,5,19,6,2,158,33,11,0,5,2
45065,2023,5,19,6,2,101,11,12,0,2,2
45065,2023,5,19,6,2,101,78,9,0,3,2
45065,2023,5,19,6,2,116,52,21,1,1,1
45065,2023,5,19,6,2,381,83,7,0,4,3
45065,2023,5,19,6,2,381,11,9,1,2,2
45065,2023,5,19,6,2,280,1,11,1,3,3
45065,2023,5,19,6,2,262,1,11,1,2,2
45065,2023,5,19,6,2,101,28,18,0,1,1
45065,2023,5,19,6,2,282,1,11,1,2,2
45065,2023,5,19,6,3,101,52,9,1,2,2
45028,2023,4,12,4,2,476,1,11,1,2,2
45065,2023,5,19,6,2,280,1,11,1,2,2
45065,2023,5,19,6,3,101,11,15,0,5,3
45065,2023,5,19,6,2,465,82,2,1,2,2
45065,2023,5,19,6,2,101,11,4,0,1,1
45065,2023,5,19,6,3,116,1,9,1,2,2
45065,2023,5,19,6,3,230,67,21,1,1,1
45065,2023,5,19,6,3,174,1,11,0,2,2
45028,2023,4,12,4,2,210,1,11,1,2,2
45065,2023,5,19,6,3,116,16,12,1,3,3
45065,2023,5,19,6,3,153,67,20,0,1,1
45037,2023,4,21,6,2,324,83,12,0,4,3
45065,2023,5,19,6,3,230,49,21,0,1,1
45065,2023,5,19,6,2,101,35,2,1,2,2
45065,2023,5,19,6,3,116,35,2,1,2,2
45065,2023,5,19,6,3,101,29,4,1,2,1
45065,2023,5,19,6,3,135,67,12,0,6,2
45017,2023,4,1,7,3,101,17,11,1,3,2
45065,2023,5,19,6,3,465,80,11,1,2,2
45065,2023,5,19,6,2,116,83,20,0,1,1
45065,2023,5,19,6,2,101,28,18,1,1,1
45065,2023,5,19,6,3,376,11,20,0,3,1
45065,2023,5,19,6,3,20,1,11,1,2,2
45065,2023,5,19,6,3,40,10,2,1,2,2
45065,2023,5,19,6,3,40,28,18,0,1,1
45065,2023,5,19,6,3,324,80,10,1,2,2
45065,2023,5,19,6,3,364,63,4,0,3,2
45065,2023,5,19,6,3,376,16,12,1,4,2
45065,2023,5,19,6,3,153,67,4,1,1,1
45065,2023,5,19,6,3,470,82,9,0,2,2
45065,2023,5,19,6,3,153,11,12,0,3,2
45065,2023,5,19,6,3,376,67,12,0,4,2
45065,2023,5,19,6,3,116,13,20,0,1,1
45065,2023,5,19,6,3,116,28,18,1,1,1
45065,2023,5,19,6,3,116,49,12,1,2,2
45065,2023,5,19,6,3,232,61,2,1,2,2
45065,2023,5,19,6,3,495,1,11,1,2,2
45065,2023,5,19,6,3,116,78,9,1,1,1
45065,2023,5,19,6,3,174,28,21,0,2,1
45065,2023,5,19,6,3,40,29,4,0,2,1
45065,2023,5,19,6,3,101,60,2,0,2,2
45065,2023,5,19,6,3,226,1,11,1,2,2
45065,2023,5,19,6,3,376,1,2,0,2,2
45035,2023,4,19,4,2,101,11,12,0,4,3
45065,2023,5,19,6,3,116,16,12,1,2,2
45065,2023,5,19,6,3,163,67,20,0,5,1
45065,2023,5,19,6,3,414,2,11,0,4,2
45065,2023,5,19,6,3,10,16,12,1,3,2
44954,2023,1,28,7,3,421,11,12,0,3,2
45065,2023,5,19,6,3,116,11,12,1,2,2
45065,2023,5,19,6,3,226,60,2,0,2,2
45065,2023,5,19,6,4,376,82,7,1,2,2
45065,2023,5,19,6,3,163,11,12,0,2,2
45065,2023,5,19,6,3,262,11,21,1,1,1
45065,2023,5,19,6,4,262,1,11,1,4,2
45065,2023,5,19,6,4,316,67,11,0,3,2
45065,2023,5,19,6,3,470,52,9,1,2,2
45065,2023,5,19,6,3,116,67,9,0,2,2
45065,2023,5,19,6,4,101,11,9,0,2,2
45065,2023,5,19,6,4,60,67,12,0,2,2
45065,2023,5,19,6,4,40,10,2,1,2,2
45065,2023,5,19,6,4,116,11,15,1,1,1
45065,2023,5,19,6,4,101,48,2,1,2,2
45065,2023,5,19,6,4,116,49,4,1,5,1
45065,2023,5,19,6,4,116,11,12,1,2,2
45065,2023,5,19,6,4,163,67,12,0,3,2
45065,2023,5,19,6,4,277,1,11,1,2,2
45065,2023,5,19,6,4,290,28,21,0,2,1
45065,2023,5,19,6,4,230,11,12,0,2,2
45065,2023,5,19,6,4,316,80,7,1,2,2
45065,2023,5,19,6,4,116,18,12,1,2,2
45065,2023,5,19,6,3,364,64,21,1,2,1
45065,2023,5,19,6,4,290,49,9,1,1,1
45065,2023,5,19,6,4,470,49,12,1,2,2
45065,2023,5,19,6,4,60,83,20,0,1,1
45065,2023,5,19,6,4,163,16,12,0,4,2
45065,2023,5,19,6,4,290,11,20,1,1,1
45065,2023,5,19,6,4,20,67,20,1,2,1
45065,2023,5,19,6,4,116,11,4,1,1,1
45065,2023,5,19,6,4,20,1,2,1,2,2
45065,2023,5,19,6,4,116,67,11,1,2,2
45065,2023,5,19,6,4,232,49,10,1,2,2
45066,2023,5,20,7,1,101,49,12,0,2,2
45066,2023,5,20,7,1,414,1,7,0,5,2
45066,2023,5,20,7,1,470,18,20,0,1,1
45065,2023,5,19,6,4,365,83,12,0,4,2
45066,2023,5,20,7,1,40,49,20,1,3,1
45066,2023,5,20,7,1,272,82,20,1,1,1
45066,2023,5,20,7,1,277,67,4,1,1,1
45066,2023,5,20,7,1,101,49,21,0,1,1
45066,2023,5,20,7,1,116,11,4,1,1,1
45066,2023,5,20,7,1,116,67,20,0,5,1
45066,2023,5,20,7,1,101,13,4,1,7,3
45066,2023,5,20,7,1,101,28,20,0,2,1
45066,2023,5,20,7,1,135,80,7,0,2,2
45066,2023,5,20,7,1,376,49,12,1,2,2
45066,2023,5,20,7,1,50,52,20,0,1,1
45066,2023,5,20,7,1,101,9,1,1,1,1
45066,2023,5,20,7,1,259,67,4,1,1,1
45066,2023,5,20,7,1,101,67,4,1,1,1
45066,2023,5,20,7,1,70,49,20,1,3,2
45066,2023,5,20,7,1,40,67,20,1,2,1
45066,2023,5,20,7,1,116,83,11,1,3,2
45066,2023,5,20,7,1,364,35,2,0,3,2
45066,2023,5,20,7,1,101,67,21,0,1,1
45066,2023,5,20,7,1,277,48,2,0,3,2
45066,2023,5,20,7,1,369,83,20,0,1,1
45066,2023,5,20,7,2,381,67,21,0,1,1
45066,2023,5,20,7,2,116,2,7,0,2,2
45066,2023,5,20,7,1,232,67,12,0,3,2
45066,2023,5,20,7,1,465,18,4,0,1,1
45066,2023,5,20,7,2,101,67,12,0,2,2
45066,2023,5,20,7,2,304,67,12,0,2,2
45066,2023,5,20,7,2,277,20,10,0,3,2
45066,2023,5,20,7,1,465,1,11,1,2,2
45066,2023,5,20,7,2,10,28,18,0,1,1
45066,2023,5,20,7,2,20,67,3,1,6,1
45054,2023,5,8,2,3,381,52,9,1,3,2
45066,2023,5,20,7,2,386,11,20,0,5,1
45066,2023,5,20,7,2,153,52,9,1,2,2
45066,2023,5,20,7,2,116,28,4,1,1,1
45066,2023,5,20,7,2,101,52,9,1,3,2
45065,2023,5,19,6,2,381,1,11,1,3,2
45066,2023,5,20,7,2,381,78,9,1,2,2
45066,2023,5,20,7,2,116,11,21,1,1,1
45066,2023,5,20,7,2,101,67,4,0,1,1
45066,2023,5,20,7,2,262,67,12,1,5,3
45066,2023,5,20,7,2,116,67,20,0,1,1
45066,2023,5,20,7,2,101,16,12,1,2,2
45066,2023,5,20,7,2,393,6,21,0,1,1
45066,2023,5,20,7,2,277,67,9,0,4,2
45066,2023,5,20,7,2,101,17,11,1,2,2
45066,2023,5,20,7,2,40,18,3,1,1,1
45066,2023,5,20,7,2,101,11,12,1,3,2
45066,2023,5,20,7,2,101,52,20,1,1,1
45066,2023,5,20,7,2,40,52,12,1,3,3
45066,2023,5,20,7,2,356,52,11,1,2,2
45063,2023,5,17,4,2,104,52,9,1,2,2
45066,2023,5,20,7,2,316,33,9,1,2,2
45066,2023,5,20,7,2,116,1,11,0,2,2
45066,2023,5,20,7,2,116,83,2,0,3,2
45066,2023,5,20,7,2,153,67,20,0,1,1
45066,2023,5,20,7,2,40,16,12,1,2,2
45022,2023,4,6,5,2,101,4,4,0,3,1
45066,2023,5,20,7,2,116,44,3,0,5,2
45066,2023,5,20,7,2,101,11,15,0,3,3
45066,2023,5,20,7,2,10,1,9,0,2,2
45066,2023,5,20,7,2,116,67,12,1,3,2
45066,2023,5,20,7,2,381,83,4,1,3,1
45066,2023,5,20,7,2,40,52,11,1,2,2
45066,2023,5,20,7,2,116,1,11,0,2,2
45066,2023,5,20,7,3,40,11,20,1,1,1
45066,2023,5,20,7,2,116,67,12,1,8,4
45066,2023,5,20,7,2,116,52,11,1,2,2
45066,2023,5,20,7,2,230,52,9,1,2,2
45066,2023,5,20,7,2,158,13,20,0,3,1
45066,2023,5,20,7,3,40,83,4,0,3,1
45066,2023,5,20,7,3,427,11,20,1,1,1
45066,2023,5,20,7,3,230,83,21,1,1,1
45066,2023,5,20,7,3,116,33,11,1,7,2
45066,2023,5,20,7,3,116,16,9,1,2,2
45066,2023,5,20,7,3,153,1,9,1,2,2
45066,2023,5,20,7,3,101,28,21,0,2,1
45066,2023,5,20,7,2,470,83,7,0,4,3
45066,2023,5,20,7,2,364,67,12,1,3,2
45066,2023,5,20,7,3,101,67,21,0,1,1
45066,2023,5,20,7,3,40,18,4,1,1,1
45066,2023,5,20,7,3,232,18,3,0,2,1
45066,2023,5,20,7,3,50,49,20,0,1,1
45066,2023,5,20,7,2,364,82,7,0,4,2
45066,2023,5,20,7,3,153,49,12,1,2,2
45066,2023,5,20,7,3,470,1,9,1,3,2
45066,2023,5,20,7,3,101,35,2,0,5,2
45034,2023,4,18,3,2,101,13,4,0,4,3
45066,2023,5,20,7,3,304,2,12,0,2,2
45066,2023,5,20,7,3,376,60,2,0,3,2
45066,2023,5,20,7,3,116,52,4,1,5,2
45066,2023,5,20,7,3,116,11,12,1,2,2
45066,2023,5,20,7,3,376,52,21,0,2,1
45066,2023,5,20,7,3,232,67,2,1,2,2
45066,2023,5,20,7,3,232,16,12,1,3,2
45066,2023,5,20,7,3,381,67,20,0,3,1
45066,2023,5,20,7,4,262,83,20,0,3,1
45066,2023,5,20,7,3,153,67,12,0,2,2
45066,2023,5,20,7,3,101,52,9,1,5,2
45066,2023,5,20,7,3,116,16,12,1,2,2
45066,2023,5,20,7,3,259,17,11,1,2,2
45066,2023,5,20,7,4,280,11,20,0,1,1
45066,2023,5,20,7,3,20,76,7,0,4,2
45066,2023,5,20,7,3,343,49,2,1,2,2
45064,2023,5,18,5,3,282,16,15,0,5,3
45066,2023,5,20,7,4,116,67,15,1,5,3
45066,2023,5,20,7,3,290,16,12,0,4,2
45066,2023,5,20,7,3,158,67,20,1,1,1
45054,2023,5,8,2,3,433,67,20,0,4,1
45066,2023,5,20,7,3,70,16,12,1,3,2
45066,2023,5,20,7,3,277,35,2,1,2,2
45066,2023,5,20,7,3,470,83,12,0,2,2
45066,2023,5,20,7,4,290,49,12,0,4,2
45066,2023,5,20,7,4,163,67,20,0,2,1
45066,2023,5,20,7,3,476,83,12,1,5,4
45066,2023,5,20,7,4,101,67,20,0,1,1
45066,2023,5,20,7,3,40,9,1,0,1,1
45066,2023,5,20,7,3,277,11,12,0,6,2
45066,2023,5,20,7,4,277,49,9,1,2,2
45066,2023,5,20,7,4,230,49,12,1,2,2
45066,2023,5,20,7,3,163,30,21,0,1,1
45066,2023,5,20,7,3,101,16,12,0,3,2
45066,2023,5,20,7,4,381,83,10,0,4,2
45066,2023,5,20,7,4,116,11,4,1,2,2
45066,2023,5,20,7,4,116,67,11,1,4,2
45066,2023,5,20,7,3,230,1,9,1,2,2
45066,2023,5,20,7,4,40,60,2,0,2,2
45066,2023,5,20,7,4,116,13,20,0,1,1
45066,2023,5,20,7,4,343,9,1,0,2,1
45066,2023,5,20,7,4,50,67,20,1,1,1
45066,2023,5,20,7,4,407,20,11,1,2,2
45066,2023,5,20,7,4,101,16,9,0,3,2
45066,2023,5,20,7,4,230,49,11,1,2,2
45066,2023,5,20,7,4,110,67,11,1,4,3
45066,2023,5,20,7,4,101,61,2,0,2,2
45066,2023,5,20,7,4,20,83,20,0,1,1
45066,2023,5,20,7,4,381,18,4,1,1,1
45066,2023,5,20,7,4,392,80,7,0,4,3
45066,2023,5,20,7,4,116,46,2,0,2,2
45066,2023,5,20,7,4,70,67,20,0,1,1
45066,2023,5,20,7,4,376,17,11,0,4,2
45066,2023,5,20,7,4,343,16,12,0,2,2
45066,2023,5,20,7,4,101,67,12,1,6,2
45066,2023,5,20,7,4,158,1,9,1,3,2
45066,2023,5,20,7,3,470,80,7,0,7,4
45066,2023,5,20,7,4,290,83,20,1,1,1
45066,2023,5,20,7,4,101,67,20,1,1,1
45066,2023,5,20,7,4,470,83,7,1,3,2
45066,2023,5,20,7,4,222,49,12,1,4,2
45067,2023,5,21,1,1,101,49,9,1,2,2
45066,2023,5,20,7,4,376,9,1,1,2,1
45067,2023,5,21,1,1,476,83,20,0,1,1
45067,2023,5,21,1,1,153,83,9,1,2,2
45067,2023,5,21,1,1,476,11,20,1,1,1
45067,2023,5,21,1,1,20,49,12,1,4,3
45067,2023,5,21,1,1,101,83,4,1,1,1
45067,2023,5,21,1,1,101,83,20,1,1,1
45067,2023,5,21,1,1,50,49,20,0,2,1
45067,2023,5,21,1,1,116,49,3,1,2,1
45066,2023,5,20,7,4,421,67,7,0,3,2
45067,2023,5,21,1,1,40,9,1,1,1,1
45067,2023,5,21,1,1,40,9,1,1,1,1
45067,2023,5,21,1,1,101,80,7,0,3,2
45067,2023,5,21,1,1,101,67,4,0,5,3
45067,2023,5,21,1,1,50,18,20,0,1,1
45067,2023,5,21,1,1,116,13,3,1,6,1