id_data,ano,mes,dia,id_dia_semana,periodo,br,id_causa_acidente,id_tipo_acidente,id_uso_solo,pessoas,veiculos
45071,2023,5,25,5,3,40,11,21,0,1,1
45071,2023,5,25,5,4,414,1,11,1,1,1
45071,2023,5,25,5,4,116,11,2,1,3,2
45071,2023,5,25,5,4,70,16,12,0,2,2
45071,2023,5,25,5,4,135,60,2,1,2,2
45070,2023,5,24,4,4,116,83,7,0,5,2
45071,2023,5,25,5,4,40,11,20,0,1,1
45071,2023,5,25,5,4,40,16,12,1,2,2
45071,2023,5,25,5,4,116,67,12,1,2,2
45071,2023,5,25,5,3,364,62,20,0,1,1
45071,2023,5,25,5,3,316,1,11,1,2,2
45071,2023,5,25,5,4,146,83,20,0,1,1
45071,2023,5,25,5,4,210,67,12,0,4,2
45071,2023,5,25,5,4,386,9,4,0,1,1
45003,2023,3,18,7,4,40,16,12,0,2,2
45071,2023,5,25,5,4,50,67,4,1,1,1
45071,2023,5,25,5,3,364,67,11,1,2,2
45071,2023,5,25,5,3,116,67,21,1,1,1
45071,2023,5,25,5,4,116,28,3,0,1,1
45071,2023,5,25,5,4,101,49,12,1,2,2
45071,2023,5,25,5,4,40,83,20,1,3,1
45071,2023,5,25,5,4,116,52,21,1,1,1
45072,2023,5,26,6,1,101,83,4,1,1,1
45072,2023,5,26,6,1,116,16,20,1,3,3
45071,2023,5,25,5,3,101,28,20,0,2,1
45072,2023,5,26,6,1,282,18,20,1,1,1
45072,2023,5,26,6,1,101,35,2,1,3,2
45072,2023,5,26,6,1,381,48,20,0,2,1
45072,2023,5,26,6,1,101,67,4,1,1,1
45072,2023,5,26,6,1,101,56,4,0,1,1
45072,2023,5,26,6,1,101,16,9,1,4,2
45071,2023,5,25,5,4,316,9,1,0,4,1
45072,2023,5,26,6,1,304,16,9,1,3,2
45072,2023,5,26,6,2,282,67,12,1,4,4
45072,2023,5,26,6,2,230,78,12,1,3,2
45072,2023,5,26,6,2,116,33,11,0,2,2
45072,2023,5,26,6,2,381,83,20,1,2,1
45072,2023,5,26,6,2,470,82,11,1,2,2
45072,2023,5,26,6,2,116,67,12,0,2,2
45072,2023,5,26,6,2,428,13,12,1,3,2
45072,2023,5,26,6,2,40,1,11,1,3,2
45068,2023,5,22,2,1,365,9,1,0,1,1
45060,2023,5,14,1,4,101,52,9,0,2,2
45072,2023,5,26,6,2,101,67,4,1,1,1
45012,2023,3,27,2,3,369,61,2,0,3,2
45072,2023,5,26,6,2,70,52,11,0,2,2
45072,2023,5,26,6,1,230,83,3,0,1,1
45072,2023,5,26,6,2,116,78,11,1,2,2
45072,2023,5,26,6,2,135,78,21,1,2,2
45072,2023,5,26,6,2,153,52,12,1,2,2
45068,2023,5,22,2,2,116,82,9,1,3,3
45072,2023,5,26,6,2,163,67,21,1,1,1
45072,2023,5,26,6,2,226,9,1,1,1,1
45072,2023,5,26,6,2,282,67,9,1,3,3
45072,2023,5,26,6,2,101,67,12,1,3,2
45068,2023,5,22,2,2,101,67,9,1,2,2
45072,2023,5,26,6,2,232,67,18,1,1,1
45072,2023,5,26,6,2,163,9,21,0,2,1
45072,2023,5,26,6,2,116,67,12,1,3,3
45072,2023,5,26,6,2,101,52,4,0,3,2
45072,2023,5,26,6,2,101,67,12,1,2,2
45072,2023,5,26,6,2,116,1,11,1,2,2
45072,2023,5,26,6,2,428,36,12,1,2,2
45072,2023,5,26,6,2,277,67,12,0,3,3
45072,2023,5,26,6,2,476,82,7,1,3,3
45072,2023,5,26,6,2,10,1,11,1,2,2
45072,2023,5,26,6,2,418,9,1,0,1,1
45072,2023,5,26,6,2,365,13,20,0,1,1
45072,2023,5,26,6,2,282,78,12,1,2,2
45072,2023,5,26,6,2,116,16,12,1,3,3
45072,2023,5,26,6,2,116,67,20,0,2,1
45072,2023,5,26,6,2,343,1,11,0,2,2
45072,2023,5,26,6,2,354,18,4,0,2,1
45072,2023,5,26,6,2,101,11,15,0,5,5
45072,2023,5,26,6,2,101,16,12,1,2,2
45072,2023,5,26,6,2,20,52,9,1,3,2
45072,2023,5,26,6,2,381,30,4,0,2,2
45072,2023,5,26,6,2,116,72,11,1,2,2
45072,2023,5,26,6,3,381,67,21,0,2,2
45072,2023,5,26,6,3,163,67,21,1,1,1
45072,2023,5,26,6,2,432,11,20,0,3,1
45072,2023,5,26,6,3,282,83,4,1,1,1
45072,2023,5,26,6,2,319,16,9,1,2,2
45072,2023,5,26,6,3,10,80,7,0,2,2
45072,2023,5,26,6,3,101,11,20,0,1,1
45072,2023,5,26,6,3,230,11,9,1,2,2
45072,2023,5,26,6,3,277,13,20,1,1,1
45072,2023,5,26,6,3,470,1,11,1,2,2
45071,2023,5,25,5,4,158,21,4,0,1,1
45072,2023,5,26,6,3,282,83,11,0,2,2
45072,2023,5,26,6,2,158,20,9,1,2,2
45047,2023,5,1,2,3,101,16,15,0,4,4
45072,2023,5,26,6,3,40,16,12,0,2,2
45060,2023,5,14,1,4,262,1,12,0,4,2
45072,2023,5,26,6,2,153,52,20,0,2,2
45072,2023,5,26,6,3,163,11,9,1,1,1
45072,2023,5,26,6,2,101,64,21,0,2,1
45059,2023,5,13,7,4,163,11,12,0,9,4
45072,2023,5,26,6,3,290,52,12,0,3,3
45072,2023,5,26,6,3,282,67,11,1,2,2
45072,2023,5,26,6,3,386,11,20,1,1,1
45072,2023,5,26,6,3,470,67,2,1,2,2
45072,2023,5,26,6,3,101,78,7,1,2,2
45072,2023,5,26,6,3,392,67,20,0,2,1
45072,2023,5,26,6,3,101,1,11,1,2,2
45072,2023,5,26,6,3,116,1,11,0,2,2
45072,2023,5,26,6,3,101,52,21,1,1,1
45065,2023,5,19,6,4,116,49,7,0,5,2
45072,2023,5,26,6,3,101,1,11,0,2,2
45072,2023,5,26,6,3,40,1,11,0,2,2
45072,2023,5,26,6,3,101,16,12,1,2,2
45072,2023,5,26,6,3,373,1,11,1,2,2
45072,2023,5,26,6,3,40,67,9,0,2,2
45072,2023,5,26,6,3,101,78,9,0,3,2
45044,2023,4,28,6,2,262,82,11,1,3,3
45072,2023,5,26,6,3,40,16,9,0,2,2
45072,2023,5,26,6,2,316,11,4,1,1,1
45072,2023,5,26,6,3,116,20,11,1,3,2
45072,2023,5,26,6,3,381,1,11,1,2,2
45072,2023,5,26,6,3,381,67,12,1,2,2
45072,2023,5,26,6,3,381,67,15,0,7,4
45072,2023,5,26,6,3,304,11,9,0,2,2
45072,2023,5,26,6,3,116,11,11,0,2,2
45072,2023,5,26,6,3,317,63,20,0,1,1
45072,2023,5,26,6,4,116,1,11,1,2,2
45072,2023,5,26,6,3,153,35,2,1,3,2
45072,2023,5,26,6,3,407,80,7,1,2,2
45072,2023,5,26,6,4,381,83,4,0,1,1
45072,2023,5,26,6,4,116,16,12,1,5,2
45072,2023,5,26,6,3,116,33,11,1,4,2
45072,2023,5,26,6,3,435,82,9,1,2,2
45072,2023,5,26,6,3,116,60,2,0,2,2
45072,2023,5,26,6,3,40,52,9,1,3,2
44996,2023,3,11,7,4,354,83,20,0,1,1
45063,2023,5,17,4,2,163,67,12,0,2,2
45072,2023,5,26,6,4,101,67,12,0,2,2
45072,2023,5,26,6,3,116,11,21,0,1,1
45072,2023,5,26,6,4,20,67,20,1,1,1
45072,2023,5,26,6,4,116,16,12,0,2,2
45072,2023,5,26,6,3,251,67,20,0,4,1
45072,2023,5,26,6,3,280,2,12,0,2,2
45072,2023,5,26,6,4,381,11,21,0,1,1
45072,2023,5,26,6,4,153,67,4,0,1,1
45072,2023,5,26,6,4,60,9,1,1,1,1
45072,2023,5,26,6,4,116,46,21,0,6,2
45072,2023,5,26,6,4,470,1,11,1,2,2
45072,2023,5,26,6,4,364,11,12,1,2,2
45072,2023,5,26,6,4,116,1,11,1,2,2
45072,2023,5,26,6,2,364,44,21,1,1,1
45072,2023,5,26,6,4,101,82,7,1,3,2
45072,2023,5,26,6,4,373,16,12,1,2,2
45072,2023,5,26,6,4,364,1,11,1,2,2
45072,2023,5,26,6,4,316,67,12,0,2,2
45072,2023,5,26,6,4,101,1,11,1,3,3
45072,2023,5,26,6,4,222,17,11,1,2,2
45072,2023,5,26,6,4,101,11,21,1,2,2
45072,2023,5,26,6,4,230,82,9,0,7,2
45072,2023,5,26,6,4,304,16,12,0,4,2
45072,2023,5,26,6,4,116,2,11,1,2,2
45073,2023,5,27,7,1,116,18,4,0,2,2
45072,2023,5,26,6,4,476,49,9,1,2,2
45073,2023,5,27,7,1,381,83,20,1,2,1
45073,2023,5,27,7,1,101,11,4,1,1,1
45072,2023,5,26,6,4,316,25,12,0,2,2
45073,2023,5,27,7,1,101,83,4,0,1,1
45073,2023,5,27,7,1,10,49,4,0,2,1
45073,2023,5,27,7,1,101,11,12,1,2,2
45073,2023,5,27,7,1,448,83,20,0,1,1
45073,2023,5,27,7,1,277,49,12,1,2,2
45072,2023,5,26,6,3,364,16,12,0,2,2
45073,2023,5,27,7,1,116,67,4,0,9,2
45073,2023,5,27,7,1,146,83,4,0,1,1
45073,2023,5,27,7,1,376,11,12,1,6,2
45073,2023,5,27,7,1,290,49,20,1,1,1
45073,2023,5,27,7,1,470,67,20,1,1,1
45073,2023,5,27,7,1,116,11,20,1,1,1
45073,2023,5,27,7,1,101,18,3,0,1,1
45073,2023,5,27,7,1,116,50,20,0,1,1
45073,2023,5,27,7,1,153,16,12,0,2,2
45073,2023,5,27,7,1,356,9,1,0,1,1
45073,2023,5,27,7,1,116,67,20,0,5,1
45073,2023,5,27,7,1,277,11,4,1,2,2
45073,2023,5,27,7,1,470,80,7,0,3,2
45073,2023,5,27,7,1,290,11,20,0,1,1
45073,2023,5,27,7,1,101,20,11,1,2,2
45073,2023,5,27,7,1,230,2,4,1,1,1
45073,2023,5,27,7,1,262,11,21,0,1,1
45073,2023,5,27,7,1,153,35,2,1,2,2
45073,2023,5,27,7,2,101,67,11,1,2,2
45073,2023,5,27,7,1,116,49,4,0,1,1
45073,2023,5,27,7,1,471,80,7,0,3,2
45073,2023,5,27,7,2,365,6,3,1,1,1
45073,2023,5,27,7,1,364,49,4,1,2,1
45072,2023,5,26,6,4,465,46,12,0,2,2
45073,2023,5,27,7,1,146,9,1,0,5,2
45073,2023,5,27,7,2,101,11,20,0,1,1
45073,2023,5,27,7,2,376,28,21,1,1,1
45052,2023,5,6,7,3,60,83,20,0,1,1
45017,2023,4,1,7,4,101,11,12,0,2,2
45073,2023,5,27,7,2,101,82,7,0,6,3
45073,2023,5,27,7,2,101,16,12,1,2,2
45073,2023,5,27,7,1,381,49,20,0,1,1
45073,2023,5,27,7,2,470,67,3,0,2,1
45073,2023,5,27,7,2,364,33,11,1,2,2
45073,2023,5,27,7,2,470,1,11,1,2,2
45073,2023,5,27,7,1,364,67,21,1,1,1
45073,2023,5,27,7,2,369,67,20,0,1,1
45073,2023,5,27,7,2,101,67,12,0,2,2
45073,2023,5,27,7,2,153,52,3,0,1,1
45073,2023,5,27,7,1,101,20,9,1,2,2
45073,2023,5,27,7,2,40,52,9,0,2,2
45073,2023,5,27,7,2,60,52,9,0,3,2
45073,2023,5,27,7,2,290,11,12,0,7,2
45073,2023,5,27,7,2,101,16,20,0,2,2
45073,2023,5,27,7,2,471,33,11,0,6,2
45073,2023,5,27,7,2,116,80,7,1,3,3
45073,2023,5,27,7,2,282,67,7,1,2,2
45073,2023,5,27,7,2,222,1,11,0,4,2
45073,2023,5,27,7,2,101,67,12,1,2,2
45073,2023,5,27,7,2,101,35,2,0,2,2
45073,2023,5,27,7,2,282,80,7,0,4,2
45073,2023,5,27,7,2,163,1,11,1,2,2
45073,2023,5,27,7,2,364,49,20,1,1,1
45073,2023,5,27,7,2,101,11,21,0,2,1
45073,2023,5,27,7,2,101,16,12,1,4,2
45073,2023,5,27,7,2,40,11,4,0,2,1
45073,2023,5,27,7,2,365,6,21,1,2,1
45073,2023,5,27,7,2,277,67,20,0,2,1
45069,2023,5,23,3,2,364,16,12,1,3,2
45073,2023,5,27,7,2,104,1,11,0,2,2
45073,2023,5,27,7,2,101,33,11,1,4,2
45073,2023,5,27,7,2,135,67,2,1,2,2
45073,2023,5,27,7,3,101,16,12,0,5,2
45073,2023,5,27,7,3,101,52,9,1,2,2
45073,2023,5,27,7,2,101,64,4,0,6,3
45073,2023,5,27,7,2,110,1,7,1,2,2
45030,2023,4,14,6,2,116,52,9,1,3,2
45073,2023,5,27,7,3,392,13,21,1,2,1
45073,2023,5,27,7,3,116,44,12,1,3,3
45073,2023,5,27,7,3,324,64,12,1,2,2
45073,2023,5,27,7,2,153,64,20,0,1,1
45045,2023,4,29,7,3,277,52,7,1,1,1
45073,2023,5,27,7,3,381,21,4,0,2,1
45073,2023,5,27,7,2,163,4,20,0,2,2
45073,2023,5,27,7,3,101,67,9,0,2,2
45073,2023,5,27,7,3,101,67,4,1,1,1
45038,2023,4,22,7,1,381,11,12,0,3,3
45073,2023,5,27,7,2,330,67,20,1,2,1
45073,2023,5,27,7,3,153,2,12,1,2,2
45073,2023,5,27,7,3,116,52,9,1,2,2
45073,2023,5,27,7,3,101,35,2,1,2,2
45073,2023,5,27,7,3,116,83,20,1,1,1
45073,2023,5,27,7,3,470,29,7,0,7,3
45073,2023,5,27,7,3,381,11,12,1,2,2
45073,2023,5,27,7,3,230,78,9,1,4,3
45073,2023,5,27,7,2,163,5,21,1,1,1
45073,2023,5,27,7,3,232,7,4,0,2,1
45073,2023,5,27,7,3,428,52,9,0,1,1
45073,2023,5,27,7,3,262,11,20,0,1,1
45073,2023,5,27,7,3,101,15,20,1,2,1
45073,2023,5,27,7,3,373,49,7,0,2,2
45073,2023,5,27,7,3,116,64,4,1,1,1
45073,2023,5,27,7,3,40,21,4,0,1,1
45073,2023,5,27,7,3,343,1,9,1,2,2
45073,2023,5,27,7,3,324,9,1,1,1,1
45073,2023,5,27,7,1,407,83,3,0,1,1
45073,2023,5,27,7,3,135,11,10,0,2,2
45073,2023,5,27,7,3,280,33,11,0,3,3
45073,2023,5,27,7,3,163,11,4,1,1,1
45073,2023,5,27,7,3,116,1,12,0,8,4
45073,2023,5,27,7,1,232,11,12,0,3,2
45073,2023,5,27,7,3,158,33,11,1,2,2
45073,2023,5,27,7,3,381,80,10,0,3,3
45073,2023,5,27,7,3,116,16,12,0,2,2
45073,2023,5,27,7,3,116,49,9,1,2,2
45073,2023,5,27,7,3,471,67,11,1,6,2
45073,2023,5,27,7,3,262,67,12,0,2,2
45073,2023,5,27,7,3,304,49,10,0,3,3
45073,2023,5,27,7,3,116,11,20,0,2,1
45073,2023,5,27,7,3,101,1,11,0,3,2
45073,2023,5,27,7,3,101,33,11,1,3,2
45073,2023,5,27,7,3,324,60,2,0,2,2
45054,2023,5,8,2,1,101,67,20,0,23,1
45073,2023,5,27,7,2,317,11,20,0,1,1
45073,2023,5,27,7,4,293,49,20,1,1,1
45073,2023,5,27,7,4,472,82,7,0,4,2
45073,2023,5,27,7,4,116,35,2,0,3,3
45073,2023,5,27,7,4,101,16,12,0,2,2
45073,2023,5,27,7,4,408,52,12,0,3,3
45073,2023,5,27,7,4,153,52,9,1,2,2
45073,2023,5,27,7,3,277,72,11,0,7,2
45023,2023,4,7,6,4,101,4,4,1,2,1
45073,2023,5,27,7,4,101,1,11,0,2,2
45073,2023,5,27,7,3,376,15,12,0,6,2
45073,2023,5,27,7,3,277,49,10,1,2,2
45073,2023,5,27,7,3,101,82,7,1,3,2
45073,2023,5,27,7,4,20,52,12,1,8,2
45073,2023,5,27,7,4,116,49,21,0,1,1
45073,2023,5,27,7,4,470,49,20,0,2,1
45073,2023,5,27,7,4,232,9,1,0,1,1
45073,2023,5,27,7,4,282,29,20,1,1,1
45073,2023,5,27,7,4,40,48,2,0,2,2
45073,2023,5,27,7,4,222,9,1,1,4,2
45073,2023,5,27,7,4,415,48,2,0,3,2
45073,2023,5,27,7,4,230,1,11,1,2,2
45073,2023,5,27,7,3,242,67,3,0,2,1
45073,2023,5,27,7,4,116,18,20,0,1,1
45073,2023,5,27,7,4,116,11,18,0,1,1
45073,2023,5,27,7,3,316,1,11,0,3,2
45073,2023,5,27,7,4,101,11,12,0,2,2
45073,2023,5,27,7,4,101,28,18,1,1,1
45073,2023,5,27,7,4,493,20,11,1,2,2
45073,2023,5,27,7,4,222,80,7,0,5,2
45073,2023,5,27,7,4,101,67,20,1,1,1
45073,2023,5,27,7,4,369,35,2,0,3,2
45073,2023,5,27,7,3,280,11,20,0,2,1
45073,2023,5,27,7,4,20,1,2,1,2,2
45073,2023,5,27,7,4,116,35,2,1,5,2
45073,2023,5,27,7,4,282,49,7,1,6,3
45073,2023,5,27,7,4,153,67,20,0,1,1
45073,2023,5,27,7,4,116,49,12,1,3,2
45073,2023,5,27,7,4,316,67,4,0,1,1
45073,2023,5,27,7,4,104,49,11,1,2,2
45073,2023,5,27,7,3,116,1,12,0,3,2
45073,2023,5,27,7,4,70,82,4,1,5,2
45073,2023,5,27,7,4,376,49,12,1,5,2
45074,2023,5,28,1,1,116,28,12,0,2,2
45074,2023,5,28,1,1,163,11,20,0,1,1
45074,2023,5,28,1,1,116,18,12,0,3,2
45073,2023,5,27,7,4,40,9,1,0,1,1
45073,2023,5,27,7,4,304,49,4,0,1,1
45073,2023,5,27,7,2,373,9,1,0,1,1
45073,2023,5,27,7,4,116,52,9,0,2,2
45073,2023,5,27,7,4,287,67,10,0,4,2
45074,2023,5,28,1,1,116,52,9,1,5,2
45074,2023,5,28,1,1,101,49,7,1,2,2
45073,2023,5,27,7,4,60,11,20,0,4,1
45074,2023,5,28,1,1,50,67,4,1,6,1
45074,2023,5,28,1,1,104,18,3,0,1,1
45074,2023,5,28,1,1,232,57,4,1,1,1
45074,2023,5,28,1,1,116,67,20,1,2,1
45074,2023,5,28,1,1,116,46,21,1,3,3
45073,2023,5,27,7,4,317,9,1,0,2,1
45074,2023,5,28,1,1,101,11,21,1,1,1
45074,2023,5,28,1,1,381,35,2,0,2,2
45074,2023,5,28,1,1,60,49,20,1,2,1
45074,2023,5,28,1,1,282,11,4,1,2,1
45074,2023,5,28,1,1,101,49,20,0,1,1
45074,2023,5,28,1,1,104,80,7,0,5,2
45074,2023,5,28,1,1,324,11,12,1,3,2
45074,2023,5,28,1,1,381,18,3,1,1,1
45074,2023,5,28,1,1,163,11,20,0,1,1
45074,2023,5,28,1,1,70,18,20,0,1,1
45074,2023,5,28,1,1,116,16,12,0,3,3
45074,2023,5,28,1,1,230,49,21,0,1,1
45074,2023,5,28,1,1,232,18,20,1,1,1
45074,2023,5,28,1,1,116,67,12,0,2,2
45074,2023,5,28,1,1,277,49,20,1,1,1
45073,2023,5,27,7,3,116,1,11,1,2,2
45074,2023,5,28,1,1,40,83,20,0,1,1
45074,2023,5,28,1,2,116,67,4,1,1,1
45074,2023,5,28,1,1,153,9,1,1,1,1
45073,2023,5,27,7,4,116,1,11,1,4,2
45074,2023,5,28,1,2,116,11,4,1,1,1
45074,2023,5,28,1,1,242,49,4,1,1,1
45073,2023,5,27,7,4,40,80,7,0,4,2
45073,2023,5,27,7,4,116,52,12,1,8,2
45074,2023,5,28,1,1,135,9,1,0,3,1
45074,2023,5,28,1,2,101,49,20,0,1,1
45074,2023,5,28,1,1,101,49,4,1,1,1
45074,2023,5,28,1,2,158,83,3,0,1,1
45074,2023,5,28,1,2,101,61,2,0,2,2
45074,2023,5,28,1,1,277,49,20,1,2,1
45073,2023,5,27,7,2,40,16,12,1,3,2
45074,2023,5,28,1,2,60,67,20,0,4,1
45074,2023,5,28,1,2,101,83,21,0,2,1
45073,2023,5,27,7,4,60,11,20,1,1,1
45074,2023,5,28,1,2,101,1,12,1,4,2
45074,2023,5,28,1,2,280,11,12,0,3,2
45073,2023,5,27,7,4,101,67,11,1,2,2
45074,2023,5,28,1,2,386,67,20,0,3,1
45074,2023,5,28,1,2,153,11,21,0,1,1
45074,2023,5,28,1,2,101,11,3,0,3,1
45074,2023,5,28,1,1,101,18,20,0,1,1
45074,2023,5,28,1,2,277,83,20,0,1,1
45074,2023,5,28,1,2,376,83,20,0,2,1
45074,2023,5,28,1,2,101,50,21,1,1,1
45074,2023,5,28,1,2,277,51,4,0,1,1
45074,2023,5,28,1,2,40,52,12,0,5,3
45074,2023,5,28,1,2,101,16,12,1,4,3
45074,2023,5,28,1,3,304,72,11,0,2,2
45074,2023,5,28,1,2,60,16,12,0,2,2
45074,2023,5,28,1,3,116,28,21,1,4,2
45074,2023,5,28,1,2,282,83,20,0,1,1
45074,2023,5,28,1,2,376,83,4,0,2,1
45074,2023,5,28,1,3,381,18,3,0,2,1
45074,2023,5,28,1,3,369,52,9,0,3,2
45074,2023,5,28,1,2,470,83,20,0,3,1
45074,2023,5,28,1,3,116,64,2,0,5,4
45074,2023,5,28,1,3,381,67,12,0,4,2
45074,2023,5,28,1,3,459,80,10,0,5,2
45074,2023,5,28,1,3,40,2,12,0,2,2
45074,2023,5,28,1,3,40,67,3,0,2,1
45074,2023,5,28,1,2,116,11,12,1,3,2
45074,2023,5,28,1,3,116,67,4,0,2,1
45074,2023,5,28,1,3,116,67,4,0,2,1
45074,2023,5,28,1,3,381,83,4,0,1,1
45074,2023,5,28,1,3,101,11,20,1,3,2
45074,2023,5,28,1,3,60,49,20,0,3,1
45074,2023,5,28,1,2,364,16,11,1,2,2
45074,2023,5,28,1,3,163,67,20,0,2,1
45074,2023,5,28,1,3,316,51,20,0,3,1
45074,2023,5,28,1,3,376,82,7,0,6,2
45074,2023,5,28,1,3,262,83,4,0,1,1
45074,2023,5,28,1,1,153,67,20,0,1,1
45074,2023,5,28,1,3,101,67,3,1,1,1
45074,2023,5,28,1,3,116,15,21,0,1,1
45074,2023,5,28,1,3,101,67,3,0,2,1
45074,2023,5,28,1,2,101,11,12,0,2,1
45074,2023,5,28,1,3,376,83,3,0,1,1
45074,2023,5,28,1,3,116,11,20,0,2,1
45074,2023,5,28,1,3,116,11,20,0,2,1
45074,2023,5,28,1,3,101,80,7,0,3,2
45074,2023,5,28,1,4,20,1,12,1,3,2
45074,2023,5,28,1,3,101,18,4,1,1,1
45074,2023,5,28,1,3,116,67,4,0,2,2
45074,2023,5,28,1,3,116,49,12,1,5,2
45074,2023,5,28,1,4,116,35,2,1,3,2
45074,2023,5,28,1,3,116,11,7,0,4,2
45074,2023,5,28,1,3,381,15,3,0,2,1
45074,2023,5,28,1,4,381,18,20,0,1,1
45074,2023,5,28,1,3,381,83,4,0,4,1
45074,2023,5,28,1,3,158,67,21,0,1,1
45074,2023,5,28,1,3,316,52,20,1,3,2
45074,2023,5,28,1,4,40,67,3,0,2,1
45074,2023,5,28,1,4,116,2,11,0,2,2
45074,2023,5,28,1,3,116,28,18,0,1,1
45074,2023,5,28,1,4,153,67,9,1,2,2
45074,2023,5,28,1,3,153,11,3,0,2,1
45074,2023,5,28,1,4,381,83,20,0,2,1
45074,2023,5,28,1,3,230,80,7,0,2,2
45074,2023,5,28,1,4,153,52,10,0,3,3
45074,2023,5,28,1,3,153,67,12,0,3,2
45074,2023,5,28,1,3,101,67,20,0,1,1
45074,2023,5,28,1,4,163,51,20,0,1,1
45074,2023,5,28,1,3,163,33,11,0,2,2
45074,2023,5,28,1,4,40,83,3,0,1,1
45074,2023,5,28,1,4,226,80,7,0,2,2
45074,2023,5,28,1,4,381,67,12,0,3,3
45074,2023,5,28,1,4,116,11,20,0,2,1
45074,2023,5,28,1,4,116,80,7,1,22,3
45074,2023,5,28,1,4,381,67,4,1,3,2
45074,2023,5,28,1,4,116,49,12,1,6,2
45074,2023,5,28,1,3,60,49,10,1,3,2
45074,2023,5,28,1,4,230,11,12,1,4,3
45074,2023,5,28,1,4,470,83,20,0,1,1
45074,2023,5,28,1,3,116,1,11,1,3,2
45074,2023,5,28,1,3,280,11,20,0,1,1
45074,2023,5,28,1,3,163,83,20,0,2,1
45074,2023,5,28,1,4,343,51,20,0,4,1
45074,2023,5,28,1,3,280,34,20,0,3,1
45074,2023,5,28,1,3,101,67,12,1,2,2
45074,2023,5,28,1,3,135,67,20,0,3,1
45074,2023,5,28,1,3,116,49,7,0,4,2
45074,2023,5,28,1,3,287,1,11,0,2,2
45074,2023,5,28,1,3,392,49,20,0,3,1
45074,2023,5,28,1,4,101,49,2,0,3,2
45074,2023,5,28,1,3,110,67,10,1,2,2
45074,2023,5,28,1,3,116,67,3,0,1,1
45074,2023,5,28,1,4,364,25,12,0,2,2
45074,2023,5,28,1,4,116,11,4,0,2,1
45074,2023,5,28,1,3,317,63,4,0,5,1
45074,2023,5,28,1,4,381,15,4,1,2,1
45074,2023,5,28,1,4,101,67,4,1,1,1
45074,2023,5,28,1,4,364,80,10,1,4,2
45074,2023,5,28,1,4,153,18,20,0,2,1
45074,2023,5,28,1,4,381,83,9,0,10,3
45074,2023,5,28,1,4,304,49,4,1,1,1
45074,2023,5,28,1,3,101,83,4,1,2,1
45074,2023,5,28,1,4,381,83,3,0,1,1
45074,2023,5,28,1,4,101,11,4,1,1,1
45074,2023,5,28,1,4,116,49,20,0,2,1
45074,2023,5,28,1,4,101,35,2,1,2,2
45074,2023,5,28,1,4,381,1,2,0,3,2
45075,2023,5,29,2,1,116,83,4,1,2,1
45074,2023,5,28,1,4,116,28,18,1,1,1
45074,2023,5,28,1,4,463,56,4,1,2,2
45074,2023,5,28,1,4,163,67,7,0,3,2
45075,2023,5,29,2,1,316,61,2,1,2,2
45075,2023,5,29,2,1,386,49,20,0,1,1
45075,2023,5,29,2,1,262,49,20,1,1,1
45075,2023,5,29,2,1,476,18,20,0,1,1
45075,2023,5,29,2,1,40,48,20,0,1,1
45075,2023,5,29,2,1,448,49,4,1,2,1
45075,2023,5,29,2,1,101,67,4,0,1,1
45075,2023,5,29,2,1,101,49,21,1,1,1
45075,2023,5,29,2,1,408,11,4,0,1,1
45074,2023,5,28,1,3,116,11,21,1,2,1
45075,2023,5,29,2,1,116,38,9,1,2,2
45075,2023,5,29,2,1,324,64,21,1,6,3
45075,2023,5,29,2,2,101,1,11,0,2,2
45074,2023,5,28,1,4,262,1,11,1,3,2
45074,2023,5,28,1,4,116,11,12,1,3,2
45075,2023,5,29,2,2,356,11,21,0,1,1
45075,2023,5,29,2,2,40,11,9,1,2,2
45075,2023,5,29,2,2,324,67,12,0,7,5
45074,2023,5,28,1,4,40,11,20,1,1,1
45075,2023,5,29,2,1,364,67,20,0,1,1
45075,2023,5,29,2,2,116,67,4,1,1,1
45075,2023,5,29,2,2,70,52,9,0,2,2
45075,2023,5,29,2,2,101,1,11,0,2,2
45075,2023,5,29,2,2,101,1,11,1,2,2
45075,2023,5,29,2,2,116,64,20,0,1,1
45075,2023,5,29,2,2,381,15,4,0,3,1
45075,2023,5,29,2,2,116,51,4,0,1,1
45075,2023,5,29,2,2,116,11,12,1,3,2
45075,2023,5,29,2,2,101,1,9,1,2,2
45075,2023,5,29,2,2,116,67,21,1,1,1
45075,2023,5,29,2,2,40,78,12,1,3,2
45075,2023,5,29,2,2,101,11,9,1,3,3
45075,2023,5,29,2,2,280,20,11,0,2,2
45075,2023,5,29,2,2,101,35,2,1,2,2
45075,2023,5,29,2,2,101,4,20,0,3,1
45075,2023,5,29,2,2,101,52,9,1,2,2
45075,2023,5,29,2,2,364,16,12,1,4,2
45075,2023,5,29,2,1,287,21,20,0,1,1
45075,2023,5,29,2,2,304,28,21,1,2,1
45074,2023,5,28,1,4,174,11,20,0,1,1
45075,2023,5,29,2,1,163,52,7,0,11,2
45075,2023,5,29,2,2,101,67,15,1,4,3
45075,2023,5,29,2,2,381,64,3,0,2,2
45075,2023,5,29,2,2,381,67,4,0,1,1
45075,2023,5,29,2,2,163,67,9,0,8,2
45075,2023,5,29,2,2,153,11,15,1,5,3
45047,2023,5,1,2,2,282,11,20,0,1,1