id_data,ano,mes,dia,id_dia_semana,periodo,br,id_causa_acidente,id_tipo_acidente,id_uso_solo,pessoas,veiculos
45087,2023,6,10,7,3,386,1,11,0,2,2
45088,2023,6,11,1,1,116,1,11,0,4,3
45087,2023,6,10,7,4,285,49,7,0,3,2
45088,2023,6,11,1,1,40,83,12,1,4,2
45088,2023,6,11,1,1,101,49,11,1,3,3
45087,2023,6,10,7,4,116,15,20,0,1,1
45088,2023,6,11,1,1,290,28,18,0,2,1
45088,2023,6,11,1,1,158,80,10,0,4,2
45088,2023,6,11,1,1,116,49,7,1,2,2
45088,2023,6,11,1,1,277,16,11,0,5,3
45088,2023,6,11,1,1,376,80,7,0,6,2
45088,2023,6,11,1,1,277,11,21,0,2,1
45088,2023,6,11,1,1,50,49,4,1,3,1
45088,2023,6,11,1,1,359,67,20,0,4,1
45088,2023,6,11,1,1,365,2,7,0,5,2
45088,2023,6,11,1,1,418,80,7,0,3,2
45088,2023,6,11,1,1,153,80,7,0,3,2
45088,2023,6,11,1,1,40,83,20,0,1,1
45088,2023,6,11,1,1,210,49,4,1,1,1
45088,2023,6,11,1,1,70,80,7,0,7,2
45088,2023,6,11,1,1,116,49,4,1,1,1
45088,2023,6,11,1,1,101,49,12,1,3,2
45088,2023,6,11,1,1,40,83,4,0,2,1
45088,2023,6,11,1,1,405,44,12,0,5,3
45088,2023,6,11,1,1,470,67,4,0,1,1
45088,2023,6,11,1,1,386,49,20,0,1,1
45088,2023,6,11,1,1,230,11,20,0,3,1
45088,2023,6,11,1,1,101,83,20,0,1,1
45088,2023,6,11,1,1,116,49,20,1,4,1
45088,2023,6,11,1,1,101,83,4,1,1,1
45088,2023,6,11,1,1,20,33,11,0,3,2
45088,2023,6,11,1,1,101,49,12,0,3,3
45088,2023,6,11,1,1,135,67,20,0,4,1
45087,2023,6,10,7,4,116,11,20,1,1,1
45087,2023,6,10,7,4,40,1,11,0,2,2
45088,2023,6,11,1,1,101,67,12,0,2,2
45088,2023,6,11,1,1,101,49,12,0,2,2
45088,2023,6,11,1,1,414,18,20,0,1,1
45088,2023,6,11,1,2,116,11,20,0,1,1
45088,2023,6,11,1,2,50,83,20,0,1,1
45088,2023,6,11,1,2,277,33,11,1,2,2
45088,2023,6,11,1,2,282,83,12,1,3,2
45088,2023,6,11,1,2,470,18,20,0,1,1
45088,2023,6,11,1,2,470,49,20,1,1,1
45088,2023,6,11,1,2,116,11,12,1,2,2
45088,2023,6,11,1,2,230,67,20,0,1,1
45088,2023,6,11,1,2,277,49,20,0,5,1
45088,2023,6,11,1,2,316,13,21,0,2,1
45088,2023,6,11,1,1,163,67,3,0,3,1
45088,2023,6,11,1,1,405,67,4,0,1,1
45088,2023,6,11,1,2,381,67,4,0,3,1
45087,2023,6,10,7,4,101,30,11,0,1,1
44969,2023,2,12,1,1,262,49,21,0,1,1
45088,2023,6,11,1,2,116,67,4,1,1,1
45088,2023,6,11,1,2,282,15,20,0,11,1
45088,2023,6,11,1,2,40,4,11,0,3,2
45088,2023,6,11,1,2,40,11,11,1,5,3
45088,2023,6,11,1,2,381,11,21,0,2,1
45088,2023,6,11,1,2,282,15,3,0,1,1
45088,2023,6,11,1,2,343,52,2,1,2,2
45088,2023,6,11,1,2,101,44,12,0,4,2
45088,2023,6,11,1,2,381,83,20,0,2,1
45088,2023,6,11,1,2,116,28,18,0,1,1
45088,2023,6,11,1,2,116,6,20,1,3,1
45088,2023,6,11,1,2,10,11,20,1,1,1
45088,2023,6,11,1,2,116,28,20,0,50,1
45088,2023,6,11,1,2,381,67,12,0,3,2
45088,2023,6,11,1,2,319,33,11,1,2,2
45088,2023,6,11,1,2,406,52,11,1,2,2
45088,2023,6,11,1,2,50,16,12,0,2,2
45088,2023,6,11,1,2,163,83,4,0,1,1
45088,2023,6,11,1,2,163,4,20,0,4,1
45088,2023,6,11,1,2,101,13,20,0,1,1
45088,2023,6,11,1,2,101,11,12,1,5,5
45088,2023,6,11,1,2,448,80,20,1,1,1
45088,2023,6,11,1,2,116,11,12,0,5,4
45088,2023,6,11,1,2,407,18,20,0,1,1
45088,2023,6,11,1,3,116,67,15,0,9,5
45088,2023,6,11,1,2,101,1,11,1,3,2
45088,2023,6,11,1,2,386,83,20,0,2,1
45088,2023,6,11,1,2,116,67,20,0,1,1
45088,2023,6,11,1,2,267,52,21,0,1,1
45088,2023,6,11,1,3,101,11,20,0,4,1
45088,2023,6,11,1,3,267,1,11,0,4,2
45088,2023,6,11,1,3,40,83,12,0,2,2
45088,2023,6,11,1,2,116,16,15,1,6,5
45088,2023,6,11,1,2,116,11,20,0,2,1
45088,2023,6,11,1,3,153,6,21,0,2,1
45088,2023,6,11,1,3,116,52,9,0,1,1
45005,2023,3,20,2,2,116,67,12,1,3,3
45088,2023,6,11,1,2,101,67,12,0,4,2
45088,2023,6,11,1,2,316,1,11,0,2,2
45088,2023,6,11,1,3,40,11,21,1,2,2
45088,2023,6,11,1,3,277,1,11,0,3,2
45088,2023,6,11,1,3,101,52,9,1,3,2
45088,2023,6,11,1,3,40,11,12,1,4,2
45088,2023,6,11,1,3,40,13,3,1,3,1
45088,2023,6,11,1,3,470,67,20,0,2,1
45088,2023,6,11,1,2,381,2,9,1,2,2
45088,2023,6,11,1,3,367,67,12,1,2,2
45088,2023,6,11,1,3,381,49,12,1,4,3
45088,2023,6,11,1,3,116,67,20,0,2,1
45088,2023,6,11,1,3,277,67,20,0,3,1
45088,2023,6,11,1,3,40,1,11,1,3,2
45088,2023,6,11,1,3,163,67,20,0,1,1
45088,2023,6,11,1,3,116,52,9,0,3,2
45088,2023,6,11,1,3,262,11,20,0,2,1
45088,2023,6,11,1,3,60,1,12,0,3,2
45088,2023,6,11,1,3,116,67,9,0,2,2
45088,2023,6,11,1,3,277,49,7,0,5,2
45088,2023,6,11,1,3,116,78,9,0,5,2
45088,2023,6,11,1,3,282,67,7,1,7,2
45088,2023,6,11,1,3,40,1,11,1,2,2
45088,2023,6,11,1,3,116,67,12,0,3,2
45088,2023,6,11,1,3,232,16,12,1,3,2
45088,2023,6,11,1,3,101,20,11,0,3,2
45088,2023,6,11,1,3,153,59,11,1,2,2
45088,2023,6,11,1,3,376,52,9,0,5,2
45088,2023,6,11,1,3,101,4,20,0,3,1
45088,2023,6,11,1,2,153,15,3,0,2,1
45088,2023,6,11,1,3,381,83,21,0,1,1
45088,2023,6,11,1,3,116,1,9,1,3,2
45088,2023,6,11,1,3,40,83,20,0,1,1
45088,2023,6,11,1,3,101,28,21,0,2,1
45088,2023,6,11,1,3,116,49,12,1,2,2
45088,2023,6,11,1,3,101,67,12,1,2,2
45088,2023,6,11,1,3,116,28,21,0,1,1
45088,2023,6,11,1,3,101,82,9,1,3,2
45088,2023,6,11,1,3,470,67,15,0,7,3
45088,2023,6,11,1,3,392,28,18,0,1,1
45088,2023,6,11,1,3,146,1,9,1,6,3
45088,2023,6,11,1,3,369,52,12,0,2,2
45088,2023,6,11,1,3,116,35,2,1,6,2
45088,2023,6,11,1,3,101,16,12,0,4,2
45088,2023,6,11,1,3,135,60,2,1,3,2
45088,2023,6,11,1,3,163,1,11,0,10,3
45088,2023,6,11,1,3,116,11,12,1,3,2
45088,2023,6,11,1,3,163,49,9,0,6,2
45088,2023,6,11,1,3,287,11,4,0,1,1
45088,2023,6,11,1,4,40,52,9,1,5,2
45088,2023,6,11,1,3,116,49,7,0,4,2
45088,2023,6,11,1,3,40,67,4,1,1,1
45088,2023,6,11,1,3,101,11,11,0,2,2
45088,2023,6,11,1,3,373,1,11,1,2,2
45088,2023,6,11,1,3,373,83,20,0,2,1
45088,2023,6,11,1,3,369,48,20,0,3,1
45088,2023,6,11,1,4,116,78,9,1,3,2
45088,2023,6,11,1,4,101,11,2,1,2,2
45088,2023,6,11,1,3,101,1,11,1,2,2
45088,2023,6,11,1,4,101,67,12,1,5,2
45088,2023,6,11,1,4,163,49,10,0,2,2
45088,2023,6,11,1,4,60,67,20,0,2,1
45088,2023,6,11,1,4,423,80,7,0,2,2
45088,2023,6,11,1,4,101,49,20,1,1,1
45088,2023,6,11,1,4,381,83,20,1,1,1
45088,2023,6,11,1,4,262,83,4,0,2,1
45088,2023,6,11,1,4,101,82,7,1,3,2
45088,2023,6,11,1,4,158,67,7,0,3,2
45088,2023,6,11,1,4,116,33,9,1,2,2
45088,2023,6,11,1,4,116,52,9,0,7,4
45088,2023,6,11,1,4,101,67,12,0,3,2
45088,2023,6,11,1,4,393,49,11,1,2,2
45088,2023,6,11,1,4,381,49,20,0,1,1
45088,2023,6,11,1,3,104,11,2,1,2,2
45088,2023,6,11,1,4,470,15,20,0,4,1
45088,2023,6,11,1,4,235,16,12,0,2,2
45088,2023,6,11,1,4,153,49,20,0,2,1
45088,2023,6,11,1,4,101,67,9,1,2,2
45073,2023,5,27,7,1,369,49,12,1,2,2
45088,2023,6,11,1,4,381,11,21,0,5,3
45088,2023,6,11,1,4,356,1,11,1,3,2
45088,2023,6,11,1,4,153,49,3,0,3,1
45088,2023,6,11,1,4,280,11,12,0,5,2
45088,2023,6,11,1,3,364,49,4,0,1,1
45088,2023,6,11,1,4,80,49,20,0,2,1
45088,2023,6,11,1,4,40,67,20,0,1,1
45088,2023,6,11,1,4,429,11,12,0,5,2
45088,2023,6,11,1,4,262,49,12,0,2,2
45085,2023,6,8,5,1,116,67,4,1,1,1
45088,2023,6,11,1,4,153,67,4,1,1,1
45088,2023,6,11,1,4,80,49,2,0,2,2
45088,2023,6,11,1,4,163,1,11,1,6,2
45088,2023,6,11,1,4,104,80,7,0,4,2
45088,2023,6,11,1,4,468,83,20,1,1,1
45088,2023,6,11,1,4,70,25,12,1,3,2
45088,2023,6,11,1,4,153,49,20,0,1,1
45089,2023,6,12,2,1,369,83,21,1,1,1
45089,2023,6,12,2,1,101,49,20,0,2,1
45088,2023,6,11,1,4,402,9,1,0,1,1
45088,2023,6,11,1,4,282,80,7,0,2,2
45088,2023,6,11,1,4,364,83,3,0,1,1
45089,2023,6,12,2,1,381,49,7,0,12,4
45089,2023,6,12,2,1,381,18,10,0,2,2
45089,2023,6,12,2,1,230,18,20,0,1,1
45089,2023,6,12,2,1,60,18,20,0,4,1
45089,2023,6,12,2,1,163,11,20,0,29,1
45089,2023,6,12,2,1,210,16,9,1,2,2
45089,2023,6,12,2,1,153,49,20,0,1,1
45089,2023,6,12,2,1,101,1,2,1,2,2
45089,2023,6,12,2,1,381,18,12,0,3,2
45089,2023,6,12,2,1,392,16,12,0,3,2
45089,2023,6,12,2,2,304,16,15,0,3,3
45089,2023,6,12,2,1,316,49,4,0,1,1
45089,2023,6,12,2,1,280,15,4,1,1,1
45089,2023,6,12,2,2,40,2,11,0,15,2
45089,2023,6,12,2,2,101,28,20,1,1,1
45089,2023,6,12,2,2,101,1,9,1,2,2
45089,2023,6,12,2,2,101,16,12,1,2,2
45089,2023,6,12,2,2,316,67,7,0,2,2
45089,2023,6,12,2,2,101,15,4,1,1,1
45089,2023,6,12,2,2,116,11,12,1,2,2
45089,2023,6,12,2,2,101,67,20,0,1,1
45089,2023,6,12,2,2,116,78,21,0,5,2
45089,2023,6,12,2,2,376,15,20,0,1,1
45089,2023,6,12,2,2,135,56,4,1,1,1
45089,2023,6,12,2,2,280,67,15,1,5,3
45089,2023,6,12,2,1,153,82,10,0,3,1
45089,2023,6,12,2,2,40,18,2,1,3,2
45089,2023,6,12,2,2,153,67,12,0,2,2
45089,2023,6,12,2,2,277,67,10,0,2,2
45089,2023,6,12,2,2,20,78,12,1,2,2
45089,2023,6,12,2,2,101,15,20,0,1,1
45089,2023,6,12,2,2,116,11,12,0,2,2
45089,2023,6,12,2,2,277,11,21,0,1,1
45089,2023,6,12,2,2,116,13,3,1,1,1
45089,2023,6,12,2,2,282,67,20,0,1,1
45089,2023,6,12,2,2,163,52,10,1,2,2
45089,2023,6,12,2,2,101,78,21,1,2,2
45089,2023,6,12,2,2,116,67,9,1,3,2
45089,2023,6,12,2,2,101,78,9,1,2,2
45089,2023,6,12,2,2,101,20,12,0,3,2
45089,2023,6,12,2,2,116,15,20,0,4,1
45089,2023,6,12,2,2,376,11,20,0,4,1
45086,2023,6,9,6,2,101,82,9,1,3,2
45089,2023,6,12,2,2,40,1,12,1,2,2
45089,2023,6,12,2,2,376,16,12,1,2,2
45089,2023,6,12,2,2,262,11,12,1,2,2
45074,2023,5,28,1,3,230,11,2,0,2,2
45089,2023,6,12,2,2,101,67,3,1,1,1
45089,2023,6,12,2,2,101,72,11,0,2,2
45084,2023,6,7,4,4,101,1,9,1,2,2
45089,2023,6,12,2,2,116,78,12,1,3,2
45089,2023,6,12,2,2,101,28,3,0,1,1
45089,2023,6,12,2,2,282,67,20,0,4,1
45089,2023,6,12,2,2,101,11,12,1,2,2
45089,2023,6,12,2,2,230,11,9,1,2,2
45089,2023,6,12,2,2,40,10,2,1,2,2
45089,2023,6,12,2,2,262,11,20,1,1,1
45089,2023,6,12,2,2,101,83,4,1,2,2
45089,2023,6,12,2,2,373,80,7,0,4,3
45089,2023,6,12,2,2,163,67,15,0,4,3
45080,2023,6,3,7,3,174,11,12,1,2,2
45089,2023,6,12,2,3,230,33,11,1,2,2
45089,2023,6,12,2,2,392,11,20,1,3,1
45089,2023,6,12,2,3,101,11,9,0,4,2
44985,2023,2,28,3,3,277,2,9,1,2,2
45089,2023,6,12,2,3,101,1,12,1,2,2
45089,2023,6,12,2,1,376,67,3,0,1,1
45089,2023,6,12,2,3,381,67,20,0,1,1
45087,2023,6,10,7,2,40,67,20,0,4,1
45089,2023,6,12,2,3,163,49,12,0,3,2
45089,2023,6,12,2,3,393,56,4,0,1,1
45089,2023,6,12,2,3,101,16,12,1,2,2
45089,2023,6,12,2,3,381,11,4,1,1,1
45089,2023,6,12,2,3,116,1,11,1,2,2
45089,2023,6,12,2,3,116,56,21,0,1,1
45089,2023,6,12,2,3,376,67,4,0,1,1
45089,2023,6,12,2,3,40,28,18,1,1,1
45034,2023,4,18,3,2,433,28,3,0,9,1
45089,2023,6,12,2,3,343,20,11,1,2,2
45089,2023,6,12,2,3,101,13,20,1,1,1
45089,2023,6,12,2,3,381,51,4,0,1,1
45089,2023,6,12,2,3,376,15,2,0,3,2
45089,2023,6,12,2,2,101,11,9,1,3,2
44980,2023,2,23,5,4,116,11,4,1,1,1
45089,2023,6,12,2,3,285,1,9,1,2,2
45089,2023,6,12,2,3,369,67,12,1,2,2
45089,2023,6,12,2,3,376,11,2,0,4,2
45089,2023,6,12,2,3,316,80,7,1,2,2
45089,2023,6,12,2,3,116,80,7,0,16,3
45089,2023,6,12,2,3,101,52,12,1,2,2
45089,2023,6,12,2,3,280,11,7,0,2,2
45089,2023,6,12,2,3,470,67,20,0,1,1
45089,2023,6,12,2,3,116,33,11,1,2,2
45089,2023,6,12,2,3,40,35,2,1,3,3
45087,2023,6,10,7,4,290,67,20,0,2,1
45089,2023,6,12,2,3,386,1,11,0,3,2
45089,2023,6,12,2,4,381,67,4,0,2,1
45089,2023,6,12,2,3,392,1,11,1,2,2
45089,2023,6,12,2,3,316,80,11,1,3,2
45089,2023,6,12,2,4,365,67,4,0,1,1
45089,2023,6,12,2,3,163,83,21,0,1,1
45089,2023,6,12,2,4,116,35,2,1,2,2
45089,2023,6,12,2,3,316,80,7,0,6,2
45089,2023,6,12,2,3,101,13,21,0,2,1
45089,2023,6,12,2,4,277,15,4,0,2,1
45089,2023,6,12,2,3,163,80,7,0,3,3
45089,2023,6,12,2,3,381,11,12,1,2,2
45089,2023,6,12,2,3,20,52,9,1,2,2
45089,2023,6,12,2,4,116,11,15,1,5,5
45089,2023,6,12,2,4,282,83,20,0,1,1
45045,2023,4,29,7,3,101,67,9,1,2,2
45053,2023,5,7,1,4,259,80,7,0,2,2
45089,2023,6,12,2,3,116,46,9,1,1,1
45089,2023,6,12,2,2,153,4,7,0,4,2
45089,2023,6,12,2,3,376,67,4,0,1,1
45089,2023,6,12,2,2,277,4,7,0,7,3
45089,2023,6,12,2,4,324,9,1,1,2,1
45089,2023,6,12,2,4,70,11,3,0,2,1
45089,2023,6,12,2,3,364,1,11,1,3,2
45089,2023,6,12,2,4,101,1,7,1,2,2
45089,2023,6,12,2,4,277,28,20,0,3,1
45089,2023,6,12,2,4,373,1,7,0,2,2
45089,2023,6,12,2,4,116,67,12,0,2,2
45090,2023,6,13,3,1,116,9,1,0,2,1
45090,2023,6,13,3,1,101,9,1,0,1,1
45090,2023,6,13,3,1,230,11,3,0,2,1
45089,2023,6,12,2,3,407,67,12,1,2,2
45090,2023,6,13,3,1,116,18,3,0,1,1
45090,2023,6,13,3,1,153,18,20,0,2,1
45090,2023,6,13,3,2,116,28,18,0,1,1
45090,2023,6,13,3,1,163,11,4,0,1,1
45090,2023,6,13,3,2,324,11,12,0,7,2
45090,2023,6,13,3,2,262,11,20,0,1,1
45090,2023,6,13,3,2,381,67,20,0,2,1
45090,2023,6,13,3,2,277,18,4,1,2,1
45090,2023,6,13,3,2,277,11,12,1,2,2
45090,2023,6,13,3,2,381,83,20,0,1,1
45090,2023,6,13,3,2,324,16,12,0,2,2
45090,2023,6,13,3,2,153,11,21,0,1,1
45089,2023,6,12,2,3,116,1,11,0,3,2
45090,2023,6,13,3,1,324,16,12,0,3,2
45090,2023,6,13,3,2,40,16,12,1,6,4
45090,2023,6,13,3,2,101,76,4,0,2,1
45090,2023,6,13,3,2,153,16,12,1,2,2
45090,2023,6,13,3,2,277,16,12,0,2,2
45090,2023,6,13,3,2,277,16,12,1,3,3
45090,2023,6,13,3,2,230,52,9,0,2,2
45090,2023,6,13,3,2,369,16,12,1,2,2
45058,2023,5,12,6,3,262,78,9,1,3,3
45090,2023,6,13,3,2,116,78,9,1,2,2
45090,2023,6,13,3,2,153,16,9,1,2,2
45090,2023,6,13,3,2,222,48,2,1,3,2
45090,2023,6,13,3,2,116,83,4,0,1,1
45090,2023,6,13,3,2,376,18,4,0,1,1
45090,2023,6,13,3,2,116,67,12,1,4,3
45090,2023,6,13,3,2,116,78,9,1,2,2
45090,2023,6,13,3,2,232,11,9,0,4,2
45090,2023,6,13,3,2,101,11,12,1,3,2
45090,2023,6,13,3,2,369,16,12,1,3,3
45090,2023,6,13,3,2,110,11,12,0,3,2
45090,2023,6,13,3,2,116,78,9,0,2,2
45090,2023,6,13,3,2,20,67,20,0,2,1
45090,2023,6,13,3,2,116,83,3,0,1,1
45090,2023,6,13,3,2,101,82,9,1,2,2
45090,2023,6,13,3,2,116,67,20,1,2,1
45090,2023,6,13,3,2,232,49,4,0,1,1
45046,2023,4,30,1,2,40,67,3,1,3,1
45090,2023,6,13,3,2,116,15,4,0,1,1
45090,2023,6,13,3,2,163,52,9,1,3,2
45054,2023,5,8,2,3,280,82,7,1,3,2
45090,2023,6,13,3,2,376,83,4,0,3,1
45090,2023,6,13,3,2,381,9,15,1,5,5
45090,2023,6,13,3,2,116,67,4,0,2,1
45090,2023,6,13,3,2,101,11,15,0,4,4
45090,2023,6,13,3,2,386,1,11,0,3,2
45090,2023,6,13,3,2,60,16,12,0,2,2
45090,2023,6,13,3,3,290,67,15,0,3,3
45090,2023,6,13,3,2,406,67,20,0,3,1
45090,2023,6,13,3,3,376,11,12,1,3,2
45090,2023,6,13,3,3,101,52,9,1,2,2
45085,2023,6,8,5,3,101,2,9,1,3,2
45090,2023,6,13,3,3,163,13,21,0,1,1
45090,2023,6,13,3,3,101,11,12,0,3,3
45055,2023,5,9,3,2,116,67,9,1,4,3
45090,2023,6,13,3,3,40,83,12,1,4,3
45090,2023,6,13,3,3,70,52,12,1,2,2
45090,2023,6,13,3,3,408,18,20,0,2,1
45090,2023,6,13,3,3,467,15,20,0,1,1
45090,2023,6,13,3,3,324,83,12,1,2,2
45062,2023,5,16,3,2,101,33,11,0,3,2
45090,2023,6,13,3,3,230,2,10,1,2,2
45090,2023,6,13,3,3,304,11,11,1,2,2
45090,2023,6,13,3,3,101,35,2,1,2,2
45090,2023,6,13,3,3,116,80,11,1,2,2
45059,2023,5,13,7,1,101,49,20,1,1,1
45090,2023,6,13,3,3,101,67,4,0,1,1
45090,2023,6,13,3,3,104,52,12,1,2,2
45090,2023,6,13,3,3,316,1,11,0,5,2
45090,2023,6,13,3,2,493,67,2,1,3,2
45090,2023,6,13,3,3,493,28,18,1,1,1
45090,2023,6,13,3,3,381,83,12,1,2,2
45090,2023,6,13,3,3,369,11,11,1,2,2
45090,2023,6,13,3,3,101,35,2,1,2,2
45090,2023,6,13,3,3,324,16,12,0,2,2
45090,2023,6,13,3,4,101,1,9,1,2,2
45090,2023,6,13,3,4,101,11,20,0,4,1
45090,2023,6,13,3,4,116,67,12,1,2,2
45090,2023,6,13,3,4,60,56,21,1,1,1
45090,2023,6,13,3,3,158,49,12,0,4,2
45090,2023,6,13,3,3,376,83,4,0,2,2
45090,2023,6,13,3,3,116,82,2,1,2,2
45090,2023,6,13,3,3,101,52,9,0,2,2
45090,2023,6,13,3,3,174,7,20,0,3,2
45090,2023,6,13,3,4,101,49,12,1,4,2
45090,2023,6,13,3,3,470,83,21,0,2,2
45090,2023,6,13,3,4,222,33,9,0,3,2
45090,2023,6,13,3,4,251,18,7,1,5,3
45090,2023,6,13,3,4,116,28,18,0,1,1
45090,2023,6,13,3,4,163,1,11,0,2,2
45090,2023,6,13,3,4,101,11,4,0,3,2
45090,2023,6,13,3,3,80,9,1,0,3,2
45090,2023,6,13,3,4,386,49,4,0,1,1
45090,2023,6,13,3,4,386,28,18,0,1,1
45090,2023,6,13,3,4,116,84,9,0,5,4
45091,2023,6,14,4,1,116,25,20,0,3,2
45091,2023,6,14,4,1,101,83,4,0,3,1
45091,2023,6,14,4,2,116,16,12,1,3,2
45091,2023,6,14,4,2,40,67,20,0,1,1
45091,2023,6,14,4,2,304,1,11,0,2,2
45091,2023,6,14,4,2,280,1,11,1,3,2
45091,2023,6,14,4,2,277,10,2,1,3,2
45091,2023,6,14,4,2,116,11,12,1,5,3
45091,2023,6,14,4,2,280,11,12,0,2,2
45091,2023,6,14,4,2,40,52,9,0,2,2
45091,2023,6,14,4,2,40,61,2,1,2,2
45091,2023,6,14,4,2,277,4,20,1,2,1
45091,2023,6,14,4,2,101,28,21,0,5,4
45091,2023,6,14,4,2,381,4,4,1,1,1
45091,2023,6,14,4,2,324,16,12,1,3,1
45091,2023,6,14,4,2,386,67,12,1,2,2
45090,2023,6,13,3,3,116,33,11,1,3,2
45091,2023,6,14,4,2,101,1,11,1,2,2
45091,2023,6,14,4,2,364,1,11,1,2,2
45091,2023,6,14,4,2,101,11,4,1,1,1
45091,2023,6,14,4,2,406,16,15,0,3,3
45091,2023,6,14,4,2,101,83,12,1,2,2
45091,2023,6,14,4,2,232,72,11,1,2,2
45091,2023,6,14,4,2,116,16,9,0,3,2
45091,2023,6,14,4,2,40,21,20,0,2,1
45091,2023,6,14,4,2,232,67,2,0,2,2
45035,2023,4,19,4,3,277,1,11,1,8,2
45091,2023,6,14,4,2,480,80,7,1,3,2
45091,2023,6,14,4,2,116,16,12,0,6,5
45091,2023,6,14,4,2,50,11,20,0,5,1
45091,2023,6,14,4,2,101,82,9,0,9,2
45091,2023,6,14,4,2,158,1,11,1,3,2
45091,2023,6,14,4,2,290,11,12,0,5,2
45091,2023,6,14,4,2,285,49,3,0,1,1
45091,2023,6,14,4,2,116,13,21,0,2,1
45091,2023,6,14,4,2,101,15,20,1,1,1
45091,2023,6,14,4,2,316,58,9,0,4,2
45091,2023,6,14,4,2,116,11,9,1,3,3
45091,2023,6,14,4,2,235,20,11,0,2,2
45091,2023,6,14,4,2,116,67,15,1,5,4
45091,2023,6,14,4,2,158,67,11,1,3,2
45091,2023,6,14,4,2,116,67,4,1,2,1
45091,2023,6,14,4,2,343,16,9,0,3,3
45091,2023,6,14,4,2,101,83,20,0,5,1
45091,2023,6,14,4,2,376,11,3,0,2,2
45091,2023,6,14,4,2,101,1,9,1,2,2
45091,2023,6,14,4,2,116,15,4,0,1,1
45091,2023,6,14,4,2,469,33,11,1,3,2
45091,2023,6,14,4,2,381,11,15,1,3,3
45038,2023,4,22,7,4,316,1,7,1,2,2
45091,2023,6,14,4,3,40,67,20,1,2,1
45091,2023,6,14,4,3,116,51,12,1,3,2
45091,2023,6,14,4,3,101,1,11,1,2,2
45087,2023,6,10,7,3,116,33,11,1,2,2
45088,2023,6,11,1,1,470,11,20,0,2,1
45091,2023,6,14,4,3,316,1,11,0,4,2
45091,2023,6,14,4,3,230,1,11,0,3,2
45091,2023,6,14,4,3,381,52,9,1,3,3
45091,2023,6,14,4,2,470,1,11,1,2,2
45091,2023,6,14,4,3,101,1,11,1,2,2
45091,2023,6,14,4,3,101,4,12,0,2,2
45091,2023,6,14,4,3,116,83,12,1,2,2
45091,2023,6,14,4,3,116,11,4,0,2,1
45091,2023,6,14,4,3,386,33,11,0,3,2
45091,2023,6,14,4,3,376,15,4,0,2,1
45091,2023,6,14,4,2,101,1,11,1,2,2
45091,2023,6,14,4,3,282,80,11,1,3,2
45091,2023,6,14,4,3,101,4,3,0,1,1
45091,2023,6,14,4,3,101,15,20,0,1,1
45063,2023,5,17,4,1,364,11,4,0,1,1
45091,2023,6,14,4,3,230,52,9,1,3,2
45091,2023,6,14,4,3,376,67,20,0,4,1
45013,2023,3,28,3,3,116,1,11,1,2,2
45091,2023,6,14,4,3,282,67,9,1,2,2
45091,2023,6,14,4,3,277,67,20,0,2,1
45091,2023,6,14,4,3,381,83,3,0,1,1
45091,2023,6,14,4,2,381,67,4,0,2,1
45091,2023,6,14,4,3,424,83,11,0,3,2
45091,2023,6,14,4,3,285,49,20,0,1,1
45091,2023,6,14,4,3,470,1,9,1,4,3
45091,2023,6,14,4,3,365,83,12,0,4,3
45091,2023,6,14,4,2,470,15,7,0,2,2
45091,2023,6,14,4,3,116,1,11,1,2,2
45088,2023,6,11,1,2,101,11,12,1,2,2
45091,2023,6,14,4,3,116,16,12,1,2,2
45091,2023,6,14,4,3,364,52,9,1,2,1
45091,2023,6,14,4,3,70,1,11,0,4,2
45091,2023,6,14,4,3,101,82,7,0,2,2
45091,2023,6,14,4,3,465,78,11,1,2,2
45091,2023,6,14,4,3,163,16,12,1,4,3
45091,2023,6,14,4,2,415,15,20,0,1,1
45091,2023,6,14,4,3,304,16,9,0,2,2
45091,2023,6,14,4,4,20,67,20,1,2,1
45091,2023,6,14,4,4,104,11,12,1,2,2
45091,2023,6,14,4,3,316,1,2,0,2,2
45091,2023,6,14,4,4,104,60,2,1,2,2
45091,2023,6,14,4,4,116,78,9,1,3,2
45091,2023,6,14,4,3,373,11,20,0,1,1
45091,2023,6,14,4,3,116,10,2,1,2,2
45091,2023,6,14,4,3,116,1,11,1,2,2
45091,2023,6,14,4,3,101,52,10,1,2,2
45091,2023,6,14,4,4,277,67,20,1,6,1
45091,2023,6,14,4,3,316,28,21,1,2,1
45091,2023,6,14,4,4,116,1,2,1,2,2
45091,2023,6,14,4,3,50,11,12,0,2,2
45091,2023,6,14,4,4,343,49,9,1,2,2
45091,2023,6,14,4,4,272,46,2,1,2,2
45091,2023,6,14,4,4,364,83,20,0,2,1
45091,2023,6,14,4,3,116,67,2,1,3,2
45091,2023,6,14,4,4,101,19,7,0,2,2
45091,2023,6,14,4,4,116,67,12,0,5,2
45091,2023,6,14,4,4,101,83,7,0,4,2
45091,2023,6,14,4,4,282,13,20,0,1,1
45092,2023,6,15,5,1,40,49,4,0,1,1
45092,2023,6,15,5,1,230,80,7,1,2,2
45092,2023,6,15,5,1,101,2,3,0,2,1
45091,2023,6,14,4,3,369,15,4,0,1,1
45092,2023,6,15,5,1,101,33,11,1,2,2
45092,2023,6,15,5,1,304,15,4,0,2,1
45092,2023,6,15,5,1,116,83,20,1,4,2