id_data,ano,mes,dia,id_dia_semana,periodo,br,id_causa_acidente,id_tipo_acidente,id_uso_solo,pessoas,veiculos
45092,2023,6,15,5,2,101,1,11,0,2,2
45092,2023,6,15,5,1,470,49,20,0,1,1
45092,2023,6,15,5,2,316,20,11,0,3,2
45092,2023,6,15,5,1,116,4,3,1,2,1
45092,2023,6,15,5,2,373,83,11,1,2,2
45092,2023,6,15,5,2,116,67,9,1,3,2
45092,2023,6,15,5,2,101,67,12,0,2,2
45092,2023,6,15,5,2,101,15,20,0,1,1
45092,2023,6,15,5,2,116,51,3,0,2,2
45092,2023,6,15,5,2,101,11,12,1,2,2
45091,2023,6,14,4,4,230,67,20,0,1,1
45092,2023,6,15,5,2,285,1,11,1,2,2
45092,2023,6,15,5,2,381,83,20,0,2,2
45092,2023,6,15,5,2,381,11,4,0,1,1
45003,2023,3,18,7,3,158,80,7,1,2,2
45045,2023,4,29,7,1,316,28,18,0,1,1
45092,2023,6,15,5,2,277,11,20,0,1,1
45057,2023,5,11,5,1,280,82,7,0,4,3
45092,2023,6,15,5,2,116,67,20,1,1,1
45092,2023,6,15,5,2,319,67,12,0,3,2
45092,2023,6,15,5,2,354,11,20,0,1,1
45092,2023,6,15,5,2,232,4,20,1,5,1
45092,2023,6,15,5,1,324,13,20,0,1,1
45092,2023,6,15,5,2,386,83,20,0,2,2
45081,2023,6,4,1,4,60,9,1,0,5,1
45092,2023,6,15,5,2,104,52,11,0,2,2
45092,2023,6,15,5,2,101,72,11,0,3,2
45092,2023,6,15,5,2,410,80,7,0,2,2
45092,2023,6,15,5,2,386,83,20,0,6,2
45092,2023,6,15,5,2,116,1,11,0,2,2
45092,2023,6,15,5,2,60,78,9,1,2,2
45092,2023,6,15,5,2,373,1,11,0,2,2
45092,2023,6,15,5,2,393,82,20,0,1,1
45092,2023,6,15,5,1,20,11,12,0,2,2
45092,2023,6,15,5,3,230,67,7,1,3,3
45092,2023,6,15,5,2,251,1,12,0,6,3
45092,2023,6,15,5,2,280,1,9,1,2,2
45092,2023,6,15,5,2,163,1,11,1,2,2
45092,2023,6,15,5,2,381,64,7,0,2,1
45092,2023,6,15,5,2,376,67,4,0,2,1
45092,2023,6,15,5,3,101,13,20,0,1,1
45092,2023,6,15,5,2,116,11,20,1,1,1
45092,2023,6,15,5,3,101,67,11,1,2,2
45092,2023,6,15,5,3,158,35,2,1,2,2
45092,2023,6,15,5,3,116,67,12,0,3,2
45092,2023,6,15,5,3,290,13,4,0,3,1
45092,2023,6,15,5,3,381,11,12,1,2,2
45092,2023,6,15,5,2,104,2,10,1,2,2
45092,2023,6,15,5,3,101,83,4,1,1,1
45092,2023,6,15,5,3,116,67,3,0,2,1
45092,2023,6,15,5,3,101,4,3,0,2,1
45092,2023,6,15,5,3,20,67,20,0,2,1
45092,2023,6,15,5,3,163,16,12,1,4,2
45092,2023,6,15,5,3,10,28,18,0,1,1
45072,2023,5,26,6,2,101,67,2,1,2,2
45092,2023,6,15,5,3,101,11,12,0,2,2
45092,2023,6,15,5,3,163,11,20,0,2,1
45092,2023,6,15,5,3,40,16,9,0,2,2
45092,2023,6,15,5,3,101,16,12,0,2,2
45092,2023,6,15,5,3,153,16,12,1,2,2
45092,2023,6,15,5,4,232,80,2,1,2,2
45092,2023,6,15,5,3,267,1,11,1,2,2
45092,2023,6,15,5,3,101,33,11,0,2,2
45092,2023,6,15,5,3,40,67,12,1,2,2
45092,2023,6,15,5,3,101,78,2,0,4,3
45092,2023,6,15,5,3,158,67,20,0,1,1
45092,2023,6,15,5,3,101,11,12,1,3,2
45092,2023,6,15,5,4,153,28,18,0,1,1
45092,2023,6,15,5,3,402,11,12,1,4,3
45092,2023,6,15,5,3,354,1,11,1,2,2
45092,2023,6,15,5,3,101,1,11,0,2,2
45092,2023,6,15,5,4,230,11,12,0,3,2
45092,2023,6,15,5,3,101,67,9,0,1,1
45092,2023,6,15,5,3,364,11,15,0,5,3
45092,2023,6,15,5,4,116,64,21,1,1,1
45092,2023,6,15,5,3,230,5,20,0,2,1
45092,2023,6,15,5,4,232,12,20,0,5,1
45092,2023,6,15,5,4,116,78,9,1,2,2
45092,2023,6,15,5,4,70,1,11,1,2,2
45092,2023,6,15,5,4,420,80,7,0,4,2
45092,2023,6,15,5,3,364,33,11,0,1,1
45092,2023,6,15,5,4,290,11,4,1,1,1
45092,2023,6,15,5,4,101,35,2,1,2,2
45040,2023,4,24,2,4,101,67,12,1,2,2
45092,2023,6,15,5,2,235,9,1,0,2,2
45092,2023,6,15,5,3,222,46,12,1,2,2
45092,2023,6,15,5,4,153,49,4,1,1,1
45092,2023,6,15,5,4,101,11,20,0,3,1
45092,2023,6,15,5,4,386,83,20,0,1,1
45092,2023,6,15,5,4,364,11,20,0,2,1
45092,2023,6,15,5,4,10,52,11,0,2,2
45092,2023,6,15,5,4,369,16,12,1,2,2
45092,2023,6,15,5,4,316,11,3,0,3,1
45092,2023,6,15,5,4,163,60,2,0,5,2
45092,2023,6,15,5,4,70,52,11,0,2,2
45093,2023,6,16,6,1,101,18,4,1,1,1
45093,2023,6,16,6,1,116,9,1,1,1,1
45093,2023,6,16,6,1,116,67,12,1,3,2
45093,2023,6,16,6,1,381,11,4,0,2,1
45093,2023,6,16,6,1,101,49,20,1,1,1
45092,2023,6,15,5,4,163,11,4,1,1,1
45093,2023,6,16,6,1,40,1,11,1,2,2
45089,2023,6,12,2,2,116,20,9,1,2,2
45092,2023,6,15,5,4,365,83,3,0,4,1
45093,2023,6,16,6,1,116,83,1,1,1,1
45025,2023,4,9,1,3,50,1,12,0,2,2
45092,2023,6,15,5,3,116,1,12,1,3,2
45093,2023,6,16,6,2,70,11,12,0,2,2
45093,2023,6,16,6,2,386,49,12,1,2,2
45093,2023,6,16,6,1,226,11,10,0,1,1
45081,2023,6,4,1,4,101,49,12,1,2,2
45092,2023,6,15,5,3,393,28,12,1,3,2
45093,2023,6,16,6,2,101,67,12,1,2,2
45093,2023,6,16,6,2,101,67,12,1,3,2
45093,2023,6,16,6,2,381,67,4,0,1,1
45093,2023,6,16,6,2,101,52,12,1,3,3
45093,2023,6,16,6,2,101,72,11,0,1,1
45093,2023,6,16,6,2,101,78,9,1,2,2
45093,2023,6,16,6,2,116,49,12,1,2,2
45093,2023,6,16,6,2,282,49,20,0,1,1
45092,2023,6,15,5,2,493,67,21,0,1,1
45093,2023,6,16,6,2,277,67,9,0,2,2
45093,2023,6,16,6,2,470,11,12,1,2,2
45093,2023,6,16,6,2,153,11,15,0,4,4
45093,2023,6,16,6,2,373,82,7,0,4,3
45085,2023,6,8,5,2,476,67,12,1,2,2
45093,2023,6,16,6,2,101,67,12,1,4,3
45093,2023,6,16,6,2,116,78,21,0,1,1
45093,2023,6,16,6,2,153,83,12,0,3,2
45093,2023,6,16,6,2,116,67,12,0,2,2
45093,2023,6,16,6,2,381,52,12,1,2,2
45089,2023,6,12,2,2,101,52,9,1,2,2
45093,2023,6,16,6,2,60,64,4,0,1,1
45093,2023,6,16,6,2,40,52,12,0,3,2
45093,2023,6,16,6,2,153,83,20,0,3,1
45093,2023,6,16,6,2,470,67,2,0,2,2
45093,2023,6,16,6,2,101,67,12,1,2,2
45093,2023,6,16,6,2,40,82,7,0,2,2
45093,2023,6,16,6,2,101,2,3,0,1,1
45093,2023,6,16,6,1,104,1,2,0,2,2
45093,2023,6,16,6,2,262,2,9,0,2,2
45093,2023,6,16,6,2,324,82,9,1,2,2
45093,2023,6,16,6,2,282,11,11,1,2,2
45093,2023,6,16,6,2,116,28,18,0,1,1
45093,2023,6,16,6,2,381,83,20,0,1,1
45093,2023,6,16,6,2,20,83,12,1,3,3
45093,2023,6,16,6,2,386,4,20,0,2,1
45093,2023,6,16,6,2,116,16,12,1,2,2
45067,2023,5,21,1,2,364,64,20,0,2,1
45029,2023,4,13,5,4,280,16,12,0,5,4
45093,2023,6,16,6,3,376,67,12,0,3,2
45061,2023,5,15,2,4,116,35,2,0,2,2
45093,2023,6,16,6,3,280,67,12,1,2,2
45093,2023,6,16,6,3,222,61,2,1,3,2
45093,2023,6,16,6,2,101,19,20,0,1,1
45093,2023,6,16,6,3,50,67,20,0,2,1
45093,2023,6,16,6,3,319,1,11,1,2,2
45093,2023,6,16,6,2,101,16,12,1,2,2
45093,2023,6,16,6,3,101,11,21,1,1,1
45093,2023,6,16,6,3,40,78,9,1,2,2
45093,2023,6,16,6,3,20,83,9,1,4,2
45093,2023,6,16,6,3,40,20,11,1,3,2
45093,2023,6,16,6,3,116,16,12,0,3,2
45093,2023,6,16,6,3,282,52,9,1,2,2
45093,2023,6,16,6,3,116,11,11,0,2,2
45093,2023,6,16,6,3,381,11,12,0,4,2
45093,2023,6,16,6,3,163,11,4,0,1,1
45093,2023,6,16,6,3,101,28,18,0,1,1
45093,2023,6,16,6,3,70,52,9,0,2,2
45093,2023,6,16,6,3,230,16,12,1,2,2
45093,2023,6,16,6,3,277,13,21,0,2,1
45093,2023,6,16,6,3,101,28,18,1,1,1
45093,2023,6,16,6,3,40,67,4,1,1,1
45093,2023,6,16,6,3,381,82,10,0,4,2
45093,2023,6,16,6,3,116,11,21,0,1,1
45093,2023,6,16,6,3,163,1,2,0,2,2
45041,2023,4,25,3,3,116,57,21,1,2,1
45093,2023,6,16,6,3,101,44,20,0,3,1
45093,2023,6,16,6,3,116,67,12,1,3,2
45093,2023,6,16,6,3,277,16,12,0,3,3
45093,2023,6,16,6,3,277,11,11,0,2,2
45093,2023,6,16,6,3,262,83,20,0,1,1
45093,2023,6,16,6,3,158,67,20,1,1,1
45093,2023,6,16,6,3,290,1,9,0,2,2
45093,2023,6,16,6,3,135,60,2,0,2,2
45093,2023,6,16,6,3,359,11,20,0,2,1
45093,2023,6,16,6,3,230,1,11,1,2,2
45093,2023,6,16,6,3,116,11,9,0,2,2
45093,2023,6,16,6,3,343,9,1,0,1,1
45093,2023,6,16,6,3,10,10,12,1,3,3
45093,2023,6,16,6,3,364,83,11,1,4,4
45093,2023,6,16,6,3,262,52,9,1,2,2
45093,2023,6,16,6,4,343,67,9,1,2,2
45093,2023,6,16,6,4,101,16,12,0,2,2
45093,2023,6,16,6,4,369,67,7,0,6,2
45093,2023,6,16,6,3,425,1,11,1,2,2
45093,2023,6,16,6,4,277,16,12,0,2,2
45093,2023,6,16,6,3,110,20,11,0,2,2
45093,2023,6,16,6,4,343,1,11,1,2,2
45093,2023,6,16,6,3,116,11,12,0,3,2
45093,2023,6,16,6,3,364,61,11,0,2,2
45093,2023,6,16,6,3,116,11,21,0,1,1
45093,2023,6,16,6,4,364,7,21,1,1,1
45093,2023,6,16,6,3,101,13,21,0,2,1
45093,2023,6,16,6,3,262,67,21,0,1,1
45093,2023,6,16,6,4,20,51,12,1,2,2
45093,2023,6,16,6,3,70,2,11,1,2,2
45093,2023,6,16,6,3,280,33,11,1,2,2
45093,2023,6,16,6,4,470,67,11,1,2,2
45093,2023,6,16,6,4,381,67,20,0,2,1
45093,2023,6,16,6,4,40,67,21,0,1,1
45093,2023,6,16,6,3,435,29,7,0,2,2
45093,2023,6,16,6,4,101,13,4,1,2,1
45093,2023,6,16,6,4,459,83,20,0,1,1
45093,2023,6,16,6,4,287,1,11,1,2,2
45093,2023,6,16,6,4,116,67,21,0,3,2
45093,2023,6,16,6,4,101,1,2,0,2,2
45082,2023,6,5,2,1,465,80,7,1,7,2
45093,2023,6,16,6,4,40,4,20,0,1,1
45093,2023,6,16,6,3,116,60,2,0,2,2
45093,2023,6,16,6,4,369,11,12,1,3,2
45093,2023,6,16,6,4,290,51,20,1,2,2
45093,2023,6,16,6,4,101,83,4,1,1,1
45094,2023,6,17,7,1,116,49,3,0,2,1
45093,2023,6,16,6,4,40,11,9,0,2,2
45094,2023,6,17,7,1,381,11,9,1,2,2
45092,2023,6,15,5,3,116,33,11,1,2,2
45094,2023,6,17,7,1,316,9,1,1,2,1
45093,2023,6,16,6,4,277,83,20,0,1,1
45094,2023,6,17,7,1,277,80,7,0,2,2
45093,2023,6,16,6,4,381,7,2,0,2,2
45094,2023,6,17,7,1,324,49,12,1,2,2
45094,2023,6,17,7,1,116,67,4,1,1,1
45094,2023,6,17,7,1,153,82,10,0,2,1
45094,2023,6,17,7,1,158,11,20,0,2,2
45094,2023,6,17,7,1,277,49,4,1,1,1
45094,2023,6,17,7,1,407,2,4,1,1,1
45094,2023,6,17,7,1,230,11,21,1,1,1
45094,2023,6,17,7,1,324,60,2,0,2,2
45094,2023,6,17,7,1,282,67,20,0,1,1
45094,2023,6,17,7,1,470,11,20,0,1,1
45094,2023,6,17,7,1,415,80,7,1,2,1
45094,2023,6,17,7,1,101,11,20,0,1,1
45094,2023,6,17,7,2,386,49,20,1,1,1
45094,2023,6,17,7,2,343,16,12,0,2,2
45094,2023,6,17,7,2,50,49,4,1,1,1
45094,2023,6,17,7,1,381,11,4,1,1,1
45094,2023,6,17,7,1,40,11,4,1,1,1
45094,2023,6,17,7,2,40,83,4,0,1,1
45094,2023,6,17,7,2,369,49,9,0,3,2
45094,2023,6,17,7,1,40,15,21,0,1,1
45093,2023,6,16,6,4,262,83,20,0,4,2
45094,2023,6,17,7,2,364,11,21,1,1,1
45093,2023,6,16,6,4,376,83,20,0,1,1
45094,2023,6,17,7,1,381,11,4,0,1,1
45094,2023,6,17,7,2,369,83,20,0,3,1
45094,2023,6,17,7,2,410,82,9,1,3,2
45094,2023,6,17,7,1,101,16,12,0,2,2
45094,2023,6,17,7,1,393,67,4,0,1,1
45094,2023,6,17,7,1,364,18,3,0,2,1
45094,2023,6,17,7,1,10,49,10,1,4,2
45094,2023,6,17,7,2,364,83,12,1,3,2
45094,2023,6,17,7,2,101,11,12,1,3,2
45094,2023,6,17,7,2,116,1,11,0,2,2
45094,2023,6,17,7,1,287,11,20,0,5,1
45094,2023,6,17,7,2,104,80,7,0,4,2
45094,2023,6,17,7,2,40,67,11,1,3,3
45094,2023,6,17,7,1,116,48,20,0,1,1
45094,2023,6,17,7,2,101,11,4,1,1,1
45094,2023,6,17,7,2,343,6,12,1,2,2
45094,2023,6,17,7,2,116,67,20,0,1,1
45094,2023,6,17,7,1,101,15,3,0,2,2
45078,2023,6,1,5,3,364,64,4,1,1,1
45094,2023,6,17,7,2,101,61,2,1,2,2
45090,2023,6,13,3,2,364,67,15,1,4,4
45094,2023,6,17,7,2,116,11,20,0,1,1
45094,2023,6,17,7,2,40,64,20,0,2,1
45094,2023,6,17,7,2,267,67,12,0,3,2
45094,2023,6,17,7,2,116,67,12,1,3,2
45094,2023,6,17,7,2,116,1,9,1,2,2
45094,2023,6,17,7,2,424,1,11,0,2,2
45094,2023,6,17,7,2,376,67,12,1,2,2
45094,2023,6,17,7,3,116,67,4,1,2,2
45094,2023,6,17,7,2,304,28,18,0,1,1
45094,2023,6,17,7,2,277,16,12,1,2,2
45094,2023,6,17,7,2,324,67,12,1,2,2
45094,2023,6,17,7,2,135,67,3,0,2,1
45094,2023,6,17,7,3,470,80,7,0,2,2
45094,2023,6,17,7,2,356,7,21,0,1,1
45094,2023,6,17,7,2,282,67,12,0,3,2
45094,2023,6,17,7,3,101,67,20,0,1,1
45093,2023,6,16,6,4,230,7,3,0,5,1
45094,2023,6,17,7,3,40,16,12,0,2,2
45094,2023,6,17,7,2,280,80,10,0,2,2
45094,2023,6,17,7,2,282,49,20,0,1,1
45094,2023,6,17,7,2,10,2,7,1,2,2
45094,2023,6,17,7,1,30,16,12,0,2,2
45094,2023,6,17,7,3,116,67,21,0,2,1
45094,2023,6,17,7,3,459,49,20,0,1,1
45094,2023,6,17,7,3,70,67,9,1,2,2
45094,2023,6,17,7,3,386,82,7,0,3,3
45094,2023,6,17,7,3,174,11,3,0,1,1
45094,2023,6,17,7,3,116,22,20,1,2,1
45094,2023,6,17,7,3,285,28,18,0,1,1
45094,2023,6,17,7,3,282,16,12,0,2,2
45094,2023,6,17,7,3,101,83,12,0,4,2
45094,2023,6,17,7,3,116,11,4,0,2,1
45094,2023,6,17,7,3,232,11,9,0,2,2
45094,2023,6,17,7,3,116,67,20,0,2,1
45085,2023,6,8,5,3,101,16,15,0,3,3
45094,2023,6,17,7,1,158,9,1,0,2,1
45094,2023,6,17,7,3,262,49,12,1,2,2
45094,2023,6,17,7,2,277,83,20,0,1,1
45094,2023,6,17,7,3,70,38,20,0,1,1
45094,2023,6,17,7,3,282,1,11,1,2,2
45094,2023,6,17,7,3,80,83,7,1,2,2
45094,2023,6,17,7,3,101,16,12,1,3,2
45094,2023,6,17,7,3,155,11,12,0,2,2
45094,2023,6,17,7,3,470,1,9,0,2,2
45094,2023,6,17,7,3,50,11,12,0,2,2
45094,2023,6,17,7,3,376,83,20,0,2,1
45094,2023,6,17,7,3,116,52,9,0,2,2
45094,2023,6,17,7,3,369,67,20,0,1,1
45094,2023,6,17,7,3,316,67,12,0,2,2
45094,2023,6,17,7,3,392,80,10,0,2,2
45094,2023,6,17,7,3,282,83,20,0,1,1
45094,2023,6,17,7,3,293,11,20,1,1,1
45094,2023,6,17,7,3,40,16,12,0,2,2
45094,2023,6,17,7,2,316,82,9,0,3,2
45094,2023,6,17,7,3,101,67,9,1,2,2
45094,2023,6,17,7,2,282,2,11,1,5,2
45094,2023,6,17,7,3,282,18,20,0,2,1
45094,2023,6,17,7,3,101,82,10,0,2,2
45094,2023,6,17,7,4,70,35,2,1,2,2
45094,2023,6,17,7,4,101,17,11,1,2,2
45094,2023,6,17,7,3,101,67,9,0,2,2
45094,2023,6,17,7,4,101,61,2,1,2,2
45094,2023,6,17,7,3,277,82,20,0,1,1
45094,2023,6,17,7,4,20,61,2,1,2,2
45094,2023,6,17,7,3,432,49,21,0,1,1
45094,2023,6,17,7,4,262,83,10,1,2,2
45094,2023,6,17,7,4,369,67,11,1,2,2
45094,2023,6,17,7,3,381,49,4,0,1,1
45094,2023,6,17,7,3,101,11,4,1,1,1
45094,2023,6,17,7,4,116,16,12,1,2,2
45094,2023,6,17,7,4,316,67,4,1,1,1
45094,2023,6,17,7,3,163,41,20,1,1,1
45094,2023,6,17,7,4,116,48,2,1,2,2
45094,2023,6,17,7,4,116,11,7,0,3,2
45094,2023,6,17,7,4,116,16,12,1,5,2
45094,2023,6,17,7,4,465,49,10,0,8,4
45094,2023,6,17,7,4,386,49,20,0,1,1
45094,2023,6,17,7,4,101,1,11,1,3,2
45094,2023,6,17,7,4,163,82,7,0,4,2
45094,2023,6,17,7,4,116,49,12,1,2,2
45094,2023,6,17,7,4,101,11,4,1,5,1
45094,2023,6,17,7,4,101,83,20,1,1,1
45094,2023,6,17,7,4,163,80,7,0,3,2
45094,2023,6,17,7,4,376,16,12,1,4,2
45094,2023,6,17,7,4,465,7,7,0,3,2
45094,2023,6,17,7,4,232,67,20,0,3,1
45094,2023,6,17,7,4,277,67,21,0,1,1
45094,2023,6,17,7,2,364,11,12,1,2,2
45094,2023,6,17,7,4,101,28,18,0,1,1
45094,2023,6,17,7,4,418,80,7,1,3,2
45094,2023,6,17,7,3,116,20,11,0,3,2
45094,2023,6,17,7,4,116,81,12,1,2,2
45094,2023,6,17,7,4,285,49,20,0,2,1
45094,2023,6,17,7,4,493,49,20,0,1,1
45094,2023,6,17,7,4,232,60,2,0,4,2
45095,2023,6,18,1,1,407,83,21,1,1,1
45094,2023,6,17,7,4,324,9,3,0,2,1
45094,2023,6,17,7,4,285,11,12,0,3,2
45094,2023,6,17,7,4,381,49,20,0,1,1
45094,2023,6,17,7,4,365,10,2,1,2,2
45094,2023,6,17,7,4,116,49,21,0,1,1
45095,2023,6,18,1,1,376,49,20,0,1,1
45094,2023,6,17,7,4,101,49,20,0,4,1
45094,2023,6,17,7,4,282,52,10,0,2,2
45095,2023,6,18,1,1,285,49,20,0,1,1
45094,2023,6,17,7,4,316,9,1,0,2,1
45095,2023,6,18,1,1,101,64,20,0,1,1
45095,2023,6,18,1,1,101,25,2,0,2,2
45095,2023,6,18,1,1,101,64,21,1,1,1
45095,2023,6,18,1,1,116,11,4,1,1,1
45095,2023,6,18,1,1,230,11,20,0,1,1
45095,2023,6,18,1,1,470,80,10,1,4,2
45095,2023,6,18,1,1,282,18,7,1,3,3
45031,2023,4,15,7,3,493,67,11,1,2,2
45095,2023,6,18,1,1,101,49,4,1,1,1
45095,2023,6,18,1,1,116,49,20,0,2,1
45095,2023,6,18,1,1,20,67,4,1,1,1
45095,2023,6,18,1,1,101,11,4,1,2,1
45095,2023,6,18,1,1,101,18,20,0,4,1
45095,2023,6,18,1,1,101,11,7,0,2,2
45095,2023,6,18,1,1,116,67,20,1,1,1
45095,2023,6,18,1,1,304,80,7,0,2,2
45095,2023,6,18,1,1,40,49,4,0,1,1
45095,2023,6,18,1,1,285,9,20,0,2,1
45094,2023,6,17,7,4,230,11,12,0,2,2
45095,2023,6,18,1,1,381,13,3,1,1,1
45095,2023,6,18,1,1,101,11,3,0,1,1
45095,2023,6,18,1,1,230,83,20,0,2,1
45095,2023,6,18,1,1,101,11,4,1,2,1
45095,2023,6,18,1,1,101,49,4,1,3,2
45095,2023,6,18,1,1,101,67,12,0,8,4
45095,2023,6,18,1,2,101,11,20,0,1,1
45095,2023,6,18,1,2,282,49,20,0,1,1
45095,2023,6,18,1,1,116,11,20,0,1,1
45095,2023,6,18,1,1,101,45,18,1,1,1
45095,2023,6,18,1,1,174,49,7,0,7,2
45095,2023,6,18,1,1,277,52,12,1,3,2
45095,2023,6,18,1,2,277,67,4,1,4,1
45095,2023,6,18,1,1,116,20,7,1,2,2
45095,2023,6,18,1,1,470,67,7,1,2,2
45095,2023,6,18,1,2,116,49,12,0,3,2
45095,2023,6,18,1,2,101,67,4,0,1,1
45095,2023,6,18,1,2,116,35,2,1,2,2
45095,2023,6,18,1,2,282,11,4,0,1,1
45095,2023,6,18,1,1,476,67,7,0,2,2
45095,2023,6,18,1,2,373,11,12,0,3,3
45095,2023,6,18,1,2,116,18,20,0,5,1
45095,2023,6,18,1,1,364,80,7,1,3,3
45095,2023,6,18,1,2,242,67,12,1,3,2
45095,2023,6,18,1,2,163,18,20,0,1,1
45094,2023,6,17,7,4,364,80,10,0,3,2
45095,2023,6,18,1,1,364,82,9,0,4,2
45040,2023,4,24,2,1,364,11,21,0,1,1
45095,2023,6,18,1,2,376,11,20,1,1,1
45066,2023,5,20,7,1,101,11,12,0,4,3
45095,2023,6,18,1,2,116,33,11,1,2,2
45095,2023,6,18,1,1,101,80,7,0,7,2
45095,2023,6,18,1,2,20,1,9,1,3,2
45095,2023,6,18,1,1,116,83,20,1,1,1
45095,2023,6,18,1,2,282,16,12,1,2,2
45095,2023,6,18,1,2,493,67,10,1,4,3
45095,2023,6,18,1,2,356,83,20,0,1,1
45095,2023,6,18,1,2,40,1,11,1,3,2
45095,2023,6,18,1,2,277,67,20,0,4,1
45095,2023,6,18,1,2,101,18,4,1,1,1
45095,2023,6,18,1,2,116,67,20,0,2,2
45095,2023,6,18,1,2,101,52,9,0,2,2
45095,2023,6,18,1,2,369,67,12,1,2,2
45095,2023,6,18,1,3,40,67,15,1,6,3
45095,2023,6,18,1,3,40,52,12,1,4,2
45094,2023,6,17,7,4,101,11,12,0,3,2
45095,2023,6,18,1,3,60,16,15,1,4,3
45071,2023,5,25,5,2,324,64,12,0,2,2
45095,2023,6,18,1,3,116,11,4,0,2,1
45095,2023,6,18,1,3,116,17,11,0,4,2
45095,2023,6,18,1,3,381,28,20,0,4,1
45095,2023,6,18,1,3,381,83,20,0,1,1
45095,2023,6,18,1,2,230,28,21,1,2,1
45095,2023,6,18,1,3,116,67,12,0,5,2
45095,2023,6,18,1,3,40,83,21,0,2,1
45095,2023,6,18,1,3,40,83,20,1,1,1
45095,2023,6,18,1,2,381,72,11,1,2,2
45095,2023,6,18,1,3,101,16,12,1,3,2
45095,2023,6,18,1,3,20,80,7,0,4,3
45095,2023,6,18,1,3,153,1,11,1,2,2
45095,2023,6,18,1,3,376,52,9,0,2,2
45095,2023,6,18,1,3,163,11,21,0,1,1
45095,2023,6,18,1,3,101,20,11,0,2,2
45095,2023,6,18,1,3,10,13,4,1,2,1
45095,2023,6,18,1,3,242,18,20,0,4,1
45095,2023,6,18,1,3,290,12,3,0,1,1
45095,2023,6,18,1,3,101,15,21,0,1,1
45095,2023,6,18,1,3,232,52,3,1,1,1
45095,2023,6,18,1,3,410,2,11,1,2,2
45095,2023,6,18,1,3,232,67,12,0,2,2
45095,2023,6,18,1,3,407,63,3,0,4,1
45095,2023,6,18,1,3,381,80,7,0,3,2
45095,2023,6,18,1,2,277,7,21,0,1,1
45095,2023,6,18,1,3,277,83,4,1,5,1
45095,2023,6,18,1,3,101,1,9,0,2,2
45095,2023,6,18,1,3,101,20,11,1,3,2
45095,2023,6,18,1,2,324,82,7,0,5,2
45095,2023,6,18,1,3,101,67,12,0,3,2
45095,2023,6,18,1,3,50,28,12,0,4,2
45095,2023,6,18,1,3,116,49,9,1,2,2
45095,2023,6,18,1,3,101,67,20,0,2,1
45095,2023,6,18,1,2,174,9,3,0,3,1
45095,2023,6,18,1,3,116,1,11,1,2,2
45095,2023,6,18,1,3,476,33,11,1,6,2
45095,2023,6,18,1,3,230,35,2,1,2,2
45095,2023,6,18,1,3,316,83,12,0,6,4
45095,2023,6,18,1,4,116,67,2,0,2,2
45095,2023,6,18,1,3,369,1,11,1,3,2
45095,2023,6,18,1,3,393,1,7,1,2,2
45095,2023,6,18,1,4,101,11,3,1,2,2
45095,2023,6,18,1,3,364,1,11,1,3,2
45095,2023,6,18,1,3,423,11,7,0,6,2
45095,2023,6,18,1,3,414,83,11,1,5,2
45095,2023,6,18,1,3,282,33,9,0,2,2
45095,2023,6,18,1,3,101,80,7,0,4,4
45095,2023,6,18,1,3,101,51,21,0,1,1
45095,2023,6,18,1,3,163,2,12,0,7,2
45095,2023,6,18,1,3,230,11,11,1,2,2
45095,2023,6,18,1,3,470,16,12,0,4,2
45095,2023,6,18,1,4,406,9,1,0,2,2
45095,2023,6,18,1,4,282,1,11,0,6,2
45095,2023,6,18,1,4,50,11,12,1,7,3
45095,2023,6,18,1,4,40,16,12,0,3,2
45095,2023,6,18,1,4,60,61,2,1,2,2
45095,2023,6,18,1,3,364,1,11,0,2,2
45095,2023,6,18,1,4,101,1,2,0,2,2
45095,2023,6,18,1,4,230,49,4,0,2,1
45095,2023,6,18,1,4,101,60,2,0,2,2
45095,2023,6,18,1,4,277,80,7,0,4,2
45095,2023,6,18,1,4,364,49,10,0,2,2
45095,2023,6,18,1,3,465,1,7,1,3,2
45095,2023,6,18,1,3,369,67,11,0,3,2
45095,2023,6,18,1,4,232,52,11,0,3,2
45095,2023,6,18,1,4,116,80,7,0,6,3
45095,2023,6,18,1,4,376,67,12,0,2,2
45095,2023,6,18,1,3,293,49,20,0,2,1
45095,2023,6,18,1,4,116,16,12,0,3,2
45095,2023,6,18,1,4,101,60,2,0,2,2
45095,2023,6,18,1,4,277,2,11,0,4,3
45095,2023,6,18,1,4,285,72,11,0,2,2
45095,2023,6,18,1,3,493,20,11,0,2,2
45095,2023,6,18,1,3,135,13,20,0,5,1
45095,2023,6,18,1,4,50,12,4,0,2,1
45095,2023,6,18,1,3,153,67,2,1,2,2
45095,2023,6,18,1,4,343,49,21,0,1,1
45095,2023,6,18,1,4,364,67,4,0,1,1
45095,2023,6,18,1,4,70,82,10,0,3,2
45095,2023,6,18,1,4,386,49,20,0,2,1
45095,2023,6,18,1,4,101,12,12,0,2,2
45095,2023,6,18,1,4,40,49,20,1,1,1
45095,2023,6,18,1,4,406,49,1,0,2,1
45095,2023,6,18,1,4,232,3,4,1,1,1
45095,2023,6,18,1,3,262,11,7,0,2,2
45095,2023,6,18,1,4,376,48,20,1,4,1
45095,2023,6,18,1,4,381,49,7,0,2,2