id_data,ano,mes,dia,id_dia_semana,periodo,br,id_causa_acidente,id_tipo_acidente,id_uso_solo,pessoas,veiculos
45095,2023,6,18,1,4,343,49,10,1,2,2
45096,2023,6,19,2,1,50,80,7,0,2,2
45095,2023,6,18,1,4,10,49,12,1,6,2
45095,2023,6,18,1,3,222,52,7,1,2,2
45072,2023,5,26,6,2,116,16,12,1,6,4
45096,2023,6,19,2,1,153,48,20,1,1,1
45096,2023,6,19,2,1,282,49,10,0,23,2
45096,2023,6,19,2,1,369,67,3,0,1,1
45096,2023,6,19,2,2,386,57,2,1,2,2
45096,2023,6,19,2,1,277,11,3,0,1,1
45096,2023,6,19,2,2,101,11,12,1,2,2
45096,2023,6,19,2,2,101,1,9,0,3,2
45095,2023,6,18,1,4,40,49,20,0,1,1
45095,2023,6,18,1,4,135,80,7,0,4,2
45096,2023,6,19,2,2,116,72,7,1,2,2
45096,2023,6,19,2,2,277,52,21,0,1,1
45096,2023,6,19,2,2,381,52,9,1,3,2
45096,2023,6,19,2,2,290,11,10,0,2,2
45096,2023,6,19,2,2,101,11,21,1,1,1
45096,2023,6,19,2,2,101,16,12,0,2,2
45096,2023,6,19,2,2,386,35,2,1,2,2
45096,2023,6,19,2,2,381,11,20,0,4,1
45096,2023,6,19,2,2,235,16,12,1,6,2
45096,2023,6,19,2,2,116,83,4,1,2,1
45096,2023,6,19,2,2,232,1,11,1,4,2
45096,2023,6,19,2,2,104,80,7,0,2,2
45096,2023,6,19,2,2,116,13,3,0,2,1
45096,2023,6,19,2,2,392,11,11,0,2,2
45096,2023,6,19,2,2,101,34,9,1,2,2
45096,2023,6,19,2,1,153,34,4,1,1,1
45096,2023,6,19,2,1,110,18,4,0,1,1
45096,2023,6,19,2,2,116,82,11,1,2,2
45096,2023,6,19,2,2,101,63,9,0,2,2
45096,2023,6,19,2,2,163,72,11,1,2,2
45096,2023,6,19,2,2,381,11,20,0,1,1
45096,2023,6,19,2,2,163,11,12,1,2,2
45096,2023,6,19,2,2,381,11,4,0,1,1
45093,2023,6,16,6,1,435,79,4,1,1,1
45096,2023,6,19,2,2,101,28,21,0,2,1
45096,2023,6,19,2,2,70,1,11,1,2,2
45096,2023,6,19,2,2,465,67,12,0,2,2
45072,2023,5,26,6,3,116,29,4,0,1,1
45096,2023,6,19,2,2,101,83,12,0,2,2
45096,2023,6,19,2,2,116,16,12,1,3,2
45096,2023,6,19,2,2,101,16,7,1,3,2
45095,2023,6,18,1,1,116,35,2,1,3,2
45095,2023,6,18,1,1,364,67,20,1,2,1
45096,2023,6,19,2,2,262,16,12,0,2,2
45096,2023,6,19,2,2,381,11,20,0,4,1
45070,2023,5,24,4,3,104,16,12,0,2,2
44961,2023,2,4,7,1,80,67,12,0,2,2
45096,2023,6,19,2,2,101,11,12,0,3,3
45096,2023,6,19,2,2,369,1,9,1,2,2
45096,2023,6,19,2,2,101,16,12,1,3,3
45096,2023,6,19,2,2,163,49,12,1,3,2
45096,2023,6,19,2,2,101,11,3,0,1,1
45096,2023,6,19,2,2,364,82,21,0,2,2
45096,2023,6,19,2,3,470,1,11,1,2,2
45096,2023,6,19,2,3,153,1,9,1,2,2
45096,2023,6,19,2,1,393,11,4,0,1,1
45096,2023,6,19,2,2,465,11,2,1,2,2
45096,2023,6,19,2,3,262,81,12,0,4,3
45096,2023,6,19,2,3,386,11,20,0,1,1
45096,2023,6,19,2,3,101,16,15,1,3,3
45096,2023,6,19,2,3,116,83,21,0,3,2
45096,2023,6,19,2,3,153,52,9,1,3,3
45096,2023,6,19,2,3,101,83,12,1,2,2
45096,2023,6,19,2,2,116,1,11,1,2,2
45096,2023,6,19,2,3,367,1,9,1,2,2
45094,2023,6,17,7,4,30,67,12,0,2,2
45030,2023,4,14,6,4,116,15,20,0,2,1
45096,2023,6,19,2,3,50,16,12,1,3,3
45096,2023,6,19,2,3,290,52,4,1,1,1
45096,2023,6,19,2,3,101,1,9,0,2,2
45096,2023,6,19,2,3,40,56,4,0,1,1
45096,2023,6,19,2,3,423,49,9,0,2,2
45092,2023,6,15,5,4,393,56,12,0,3,2
45096,2023,6,19,2,2,364,49,4,0,1,1
45096,2023,6,19,2,3,116,28,9,0,7,2
45096,2023,6,19,2,3,324,11,20,0,1,1
45069,2023,5,23,3,3,60,52,12,0,4,3
45096,2023,6,19,2,3,116,11,11,0,3,2
45096,2023,6,19,2,3,101,82,7,1,3,3
45096,2023,6,19,2,3,101,11,12,0,2,2
45096,2023,6,19,2,3,381,52,9,1,7,2
45096,2023,6,19,2,3,290,52,2,1,2,2
45096,2023,6,19,2,3,435,12,11,1,2,2
45096,2023,6,19,2,3,116,1,12,1,2,2
45096,2023,6,19,2,4,386,1,11,1,2,2
45096,2023,6,19,2,3,110,1,11,1,3,2
45096,2023,6,19,2,3,153,16,12,0,3,2
45096,2023,6,19,2,3,116,49,21,0,6,2
45096,2023,6,19,2,3,116,1,11,0,2,2
45096,2023,6,19,2,3,277,36,12,1,3,2
45096,2023,6,19,2,4,381,67,12,1,3,3
45096,2023,6,19,2,3,158,67,12,1,3,2
45096,2023,6,19,2,3,393,61,2,0,2,2
45096,2023,6,19,2,3,277,16,12,0,3,3
45096,2023,6,19,2,3,116,1,11,1,2,2
45096,2023,6,19,2,4,365,11,20,0,2,1
45096,2023,6,19,2,3,230,11,4,1,1,1
45096,2023,6,19,2,4,277,67,9,1,3,2
45096,2023,6,19,2,4,101,28,21,0,2,1
45096,2023,6,19,2,4,101,11,7,1,3,2
45096,2023,6,19,2,4,101,15,4,0,1,1
45096,2023,6,19,2,3,230,1,12,0,5,2
45096,2023,6,19,2,4,116,52,9,0,2,2
45096,2023,6,19,2,4,163,49,4,1,1,1
45096,2023,6,19,2,3,277,60,2,1,4,2
45096,2023,6,19,2,3,153,52,4,0,1,1
45096,2023,6,19,2,4,376,33,2,1,2,2
45096,2023,6,19,2,4,70,9,1,0,2,1
45096,2023,6,19,2,4,116,67,20,0,1,1
45096,2023,6,19,2,4,381,29,21,0,2,1
45096,2023,6,19,2,4,324,15,20,0,3,1
45096,2023,6,19,2,4,153,49,20,0,1,1
45040,2023,4,24,2,3,174,15,20,0,1,1
45097,2023,6,20,3,1,116,1,12,1,2,2
45097,2023,6,20,3,1,163,11,3,0,2,1
45097,2023,6,20,3,1,153,9,1,0,3,1
45052,2023,5,6,7,1,101,52,11,0,3,2
45097,2023,6,20,3,2,304,16,12,1,3,2
45096,2023,6,19,2,3,153,60,2,0,2,2
45097,2023,6,20,3,2,280,9,1,1,1,1
45097,2023,6,20,3,2,101,78,12,1,2,2
45097,2023,6,20,3,2,116,11,21,1,1,1
45097,2023,6,20,3,2,470,33,11,1,2,2
45095,2023,6,18,1,2,158,67,4,1,1,1
45097,2023,6,20,3,1,381,9,1,1,1,1
45097,2023,6,20,3,2,101,1,2,0,2,2
45097,2023,6,20,3,1,262,21,20,0,4,1
45096,2023,6,19,2,2,277,1,11,0,2,2
45097,2023,6,20,3,2,40,67,21,0,1,1
45047,2023,5,1,2,4,316,49,11,1,2,2
45097,2023,6,20,3,2,369,10,2,1,3,2
45016,2023,3,31,6,4,101,1,11,0,2,2
45097,2023,6,20,3,2,280,16,12,0,2,2
45097,2023,6,20,3,2,116,11,12,1,2,2
45093,2023,6,16,6,3,101,11,11,0,2,2
45097,2023,6,20,3,2,101,11,12,0,2,2
45034,2023,4,18,3,3,418,80,2,0,2,2
45097,2023,6,20,3,2,116,67,21,0,2,1
45097,2023,6,20,3,2,101,83,20,0,1,1
44960,2023,2,3,6,2,101,52,9,1,3,3
45097,2023,6,20,3,2,381,52,12,0,3,3
45097,2023,6,20,3,2,277,67,12,1,3,2
45097,2023,6,20,3,2,50,13,20,0,1,1
45084,2023,6,7,4,3,359,11,4,1,2,1
45097,2023,6,20,3,2,230,28,18,1,1,1
45097,2023,6,20,3,2,153,1,11,1,3,2
45059,2023,5,13,7,3,116,60,2,1,2,2
45096,2023,6,19,2,4,101,18,9,0,5,2
45097,2023,6,20,3,2,316,1,11,1,2,2
45097,2023,6,20,3,2,101,15,20,0,1,1
45097,2023,6,20,3,2,369,11,20,0,2,1
44973,2023,2,16,5,2,415,61,2,1,2,2
45097,2023,6,20,3,2,40,1,11,0,2,2
45097,2023,6,20,3,3,101,11,11,1,2,2
45097,2023,6,20,3,2,401,33,9,1,2,2
45097,2023,6,20,3,2,116,33,11,1,2,2
45097,2023,6,20,3,2,282,1,11,1,2,2
45097,2023,6,20,3,2,376,1,11,1,2,2
45097,2023,6,20,3,3,153,16,12,1,2,2
45097,2023,6,20,3,2,101,16,12,0,2,2
45097,2023,6,20,3,3,235,17,9,0,4,2
45097,2023,6,20,3,3,40,52,12,1,3,2
45097,2023,6,20,3,3,163,1,11,1,3,2
45097,2023,6,20,3,2,364,1,9,0,2,2
45097,2023,6,20,3,3,116,67,21,0,1,1
45097,2023,6,20,3,2,116,82,9,0,3,2
45070,2023,5,24,4,1,232,25,21,0,1,1
45097,2023,6,20,3,3,369,33,11,1,3,2
45097,2023,6,20,3,3,101,4,20,0,1,1
45097,2023,6,20,3,3,116,80,7,1,2,2
45097,2023,6,20,3,3,365,67,20,0,1,1
45097,2023,6,20,3,3,364,17,11,1,2,2
45082,2023,6,5,2,3,116,52,12,1,2,2
45097,2023,6,20,3,3,277,11,12,0,2,2
45097,2023,6,20,3,3,101,67,4,1,1,1
45097,2023,6,20,3,3,116,51,9,0,3,2
45097,2023,6,20,3,3,20,1,11,1,2,2
45097,2023,6,20,3,3,365,11,20,0,2,1
45006,2023,3,21,3,2,70,16,12,0,2,2
45097,2023,6,20,3,3,110,11,2,0,2,2
45097,2023,6,20,3,3,277,52,9,0,2,2
45097,2023,6,20,3,3,230,28,20,0,1,1
45097,2023,6,20,3,3,304,1,11,1,2,2
45097,2023,6,20,3,3,101,67,12,1,2,2
45097,2023,6,20,3,3,392,67,4,1,1,1
45097,2023,6,20,3,3,50,16,12,0,5,2
45097,2023,6,20,3,3,343,78,9,1,2,2
45097,2023,6,20,3,3,101,1,12,1,2,2
45060,2023,5,14,1,4,280,16,9,0,3,2
45097,2023,6,20,3,3,259,20,11,0,2,2
45097,2023,6,20,3,3,70,80,11,1,2,2
45097,2023,6,20,3,3,386,1,11,1,2,2
45097,2023,6,20,3,3,50,11,12,0,2,2
45097,2023,6,20,3,3,101,44,21,0,1,1
45097,2023,6,20,3,3,116,1,11,1,2,2
45097,2023,6,20,3,3,101,16,12,1,2,2
45097,2023,6,20,3,3,101,1,9,0,2,2
45097,2023,6,20,3,3,470,33,11,1,4,2
45097,2023,6,20,3,3,267,1,11,0,7,3
45097,2023,6,20,3,3,116,67,9,1,2,2
45097,2023,6,20,3,3,376,44,12,1,3,2
45097,2023,6,20,3,3,40,52,9,1,4,2
45097,2023,6,20,3,4,104,67,21,1,1,1
45097,2023,6,20,3,2,290,52,4,0,3,1
45097,2023,6,20,3,4,40,75,20,0,2,1
45097,2023,6,20,3,4,324,5,21,1,1,1
45097,2023,6,20,3,4,40,11,4,1,3,2
45097,2023,6,20,3,4,277,82,7,0,4,2
45097,2023,6,20,3,4,304,9,1,0,1,1
45097,2023,6,20,3,3,316,63,21,1,2,1
45097,2023,6,20,3,4,153,49,20,0,3,1
45097,2023,6,20,3,4,232,67,9,0,3,2
45097,2023,6,20,3,4,116,52,12,1,3,2
45097,2023,6,20,3,4,116,52,9,0,3,2
45097,2023,6,20,3,3,364,20,11,1,2,2
45097,2023,6,20,3,4,222,1,11,1,2,2
45097,2023,6,20,3,4,40,28,21,0,1,1
45097,2023,6,20,3,4,153,11,20,1,1,1
45097,2023,6,20,3,4,163,49,20,0,2,2
45097,2023,6,20,3,4,116,11,12,1,3,3
45098,2023,6,21,4,1,101,67,21,1,1,1
45098,2023,6,21,4,1,153,49,20,0,1,1
45098,2023,6,21,4,1,493,57,21,0,2,1
45098,2023,6,21,4,1,470,67,20,0,1,1
45098,2023,6,21,4,1,369,67,20,0,2,2
45098,2023,6,21,4,1,316,60,2,1,2,2
45098,2023,6,21,4,1,101,55,2,0,2,2
45098,2023,6,21,4,1,418,11,20,0,2,1
45098,2023,6,21,4,1,104,52,11,1,3,2
45098,2023,6,21,4,1,316,49,12,1,3,2
45098,2023,6,21,4,2,293,9,1,0,1,1
45098,2023,6,21,4,2,381,78,21,1,1,1
45098,2023,6,21,4,2,101,61,2,1,2,2
45098,2023,6,21,4,1,60,49,20,1,1,1
45098,2023,6,21,4,2,163,56,4,0,2,1
45098,2023,6,21,4,1,163,5,20,0,2,1
45098,2023,6,21,4,2,116,80,10,1,2,2
45098,2023,6,21,4,2,282,2,12,0,3,2
45098,2023,6,21,4,2,116,52,9,0,2,2
45098,2023,6,21,4,2,101,49,12,1,2,2
45097,2023,6,20,3,3,101,83,4,0,1,1
45098,2023,6,21,4,2,232,1,2,1,2,2
45098,2023,6,21,4,2,163,11,20,0,1,1
45098,2023,6,21,4,2,116,11,21,1,2,1
45098,2023,6,21,4,2,101,52,12,1,2,2
45098,2023,6,21,4,2,282,12,11,1,2,2
45098,2023,6,21,4,2,287,1,11,1,2,2
45098,2023,6,21,4,1,324,83,7,0,5,2
45098,2023,6,21,4,2,364,67,21,1,1,1
45098,2023,6,21,4,2,116,67,9,0,2,2
45080,2023,6,3,7,3,230,51,15,1,5,5
45098,2023,6,21,4,2,116,1,11,0,3,2
45098,2023,6,21,4,2,364,1,11,0,2,2
45098,2023,6,21,4,2,376,80,11,1,2,2
45098,2023,6,21,4,2,376,67,12,1,4,2
45094,2023,6,17,7,4,364,49,4,0,2,1
45098,2023,6,21,4,2,20,16,12,0,2,2
45098,2023,6,21,4,2,101,78,12,1,2,2
45098,2023,6,21,4,2,230,1,12,1,2,2
45098,2023,6,21,4,2,472,1,12,1,2,2
45098,2023,6,21,4,2,262,33,11,1,2,2
45037,2023,4,21,6,1,242,25,12,0,3,3
45098,2023,6,21,4,2,285,1,11,1,2,2
45098,2023,6,21,4,2,280,33,10,1,2,2
45098,2023,6,21,4,2,153,33,7,1,2,2
45098,2023,6,21,4,2,324,67,12,0,2,2
45098,2023,6,21,4,2,116,4,21,0,1,1
45098,2023,6,21,4,2,324,16,12,0,2,2
45098,2023,6,21,4,2,116,11,4,0,1,1
45098,2023,6,21,4,2,60,20,11,1,2,2
45098,2023,6,21,4,2,364,16,12,0,3,2
45098,2023,6,21,4,2,116,67,21,1,1,1
45098,2023,6,21,4,2,356,11,12,0,3,2
45098,2023,6,21,4,2,101,72,11,1,2,2
45098,2023,6,21,4,2,60,83,20,0,1,1
45087,2023,6,10,7,2,101,11,12,1,4,3
45098,2023,6,21,4,3,101,16,12,1,2,2
45098,2023,6,21,4,2,116,61,2,0,2,2
45098,2023,6,21,4,2,235,49,12,1,2,2
45098,2023,6,21,4,2,364,33,11,1,2,2
45098,2023,6,21,4,2,116,67,12,0,3,3
45098,2023,6,21,4,3,101,52,9,1,2,2
45098,2023,6,21,4,3,116,1,11,1,2,2
45074,2023,5,28,1,2,277,1,11,1,2,2
45098,2023,6,21,4,3,101,67,12,0,3,3
45098,2023,6,21,4,2,381,67,3,0,2,1
45098,2023,6,21,4,3,364,1,11,1,2,2
45096,2023,6,19,2,3,116,67,12,0,2,2
45066,2023,5,20,7,4,70,11,7,1,1,1
45098,2023,6,21,4,3,392,1,11,1,4,2
45098,2023,6,21,4,3,470,78,11,1,2,2
45098,2023,6,21,4,3,101,52,9,1,1,1
45098,2023,6,21,4,3,163,1,11,1,2,2
45098,2023,6,21,4,3,381,11,3,0,1,1
45098,2023,6,21,4,2,465,1,11,1,2,2
45098,2023,6,21,4,3,470,49,15,0,5,3
45098,2023,6,21,4,3,381,83,12,0,2,2
45002,2023,3,17,6,3,324,16,12,0,3,2
45098,2023,6,21,4,3,277,33,11,0,3,2
45098,2023,6,21,4,3,163,1,11,0,2,2
45098,2023,6,21,4,3,343,13,20,0,2,1
45098,2023,6,21,4,2,60,52,9,0,2,2
45098,2023,6,21,4,3,101,78,7,1,3,2
45098,2023,6,21,4,3,101,52,9,1,2,2
45098,2023,6,21,4,3,472,9,20,0,1,1
45098,2023,6,21,4,3,163,20,21,1,4,3
45098,2023,6,21,4,3,428,15,12,1,2,2
45098,2023,6,21,4,3,101,1,9,1,2,2
45098,2023,6,21,4,4,365,11,20,0,4,1
45098,2023,6,21,4,4,40,67,15,1,5,3
45098,2023,6,21,4,3,364,20,11,1,2,2
45098,2023,6,21,4,4,386,4,7,0,2,2
45098,2023,6,21,4,4,116,11,15,1,4,3
45098,2023,6,21,4,4,101,33,7,1,2,2
45098,2023,6,21,4,4,116,49,4,0,1,1
45098,2023,6,21,4,4,110,1,2,0,2,2
45098,2023,6,21,4,4,101,1,11,1,2,2
45098,2023,6,21,4,4,232,28,18,0,2,1
45098,2023,6,21,4,4,470,72,11,0,3,2
45098,2023,6,21,4,3,40,49,20,0,1,1
45098,2023,6,21,4,4,116,49,4,1,2,1
45098,2023,6,21,4,4,116,11,4,1,1,1
45098,2023,6,21,4,4,405,9,1,0,1,1
45098,2023,6,21,4,4,356,60,2,1,2,2
45098,2023,6,21,4,4,230,9,1,1,1,1
45098,2023,6,21,4,4,153,16,9,1,2,2
45070,2023,5,24,4,3,316,80,7,0,4,2
45035,2023,4,19,4,2,153,15,12,1,2,2
45098,2023,6,21,4,4,101,80,7,0,2,2
45098,2023,6,21,4,4,101,1,11,1,2,2
45098,2023,6,21,4,4,116,11,9,1,5,2
45098,2023,6,21,4,4,469,3,21,1,2,1
45098,2023,6,21,4,4,116,35,2,1,3,2
45099,2023,6,22,5,1,101,1,11,1,3,2
45098,2023,6,21,4,4,364,82,9,0,2,2
45098,2023,6,21,4,4,116,11,4,1,1,1
45099,2023,6,22,5,1,101,15,3,1,2,1
45098,2023,6,21,4,4,282,48,4,0,1,1
45098,2023,6,21,4,4,10,9,21,0,4,1
45099,2023,6,22,5,1,282,49,4,0,1,1
45098,2023,6,21,4,4,487,11,12,0,2,2
45099,2023,6,22,5,1,277,80,7,0,3,2
45099,2023,6,22,5,1,101,49,20,0,1,1
45098,2023,6,21,4,3,101,28,18,1,2,1
45099,2023,6,22,5,1,60,28,18,0,1,1
45099,2023,6,22,5,2,116,78,12,0,3,2
45099,2023,6,22,5,2,60,11,20,0,2,1
45099,2023,6,22,5,1,60,12,20,0,2,1
45099,2023,6,22,5,2,369,16,12,1,2,2
45099,2023,6,22,5,1,262,9,1,0,1,1
45099,2023,6,22,5,2,356,56,4,0,3,2
45099,2023,6,22,5,2,277,11,12,0,2,2
45095,2023,6,18,1,1,116,52,11,1,2,2
45099,2023,6,22,5,2,116,11,15,1,5,5
45099,2023,6,22,5,2,158,33,11,1,4,3
45099,2023,6,22,5,2,40,18,20,0,1,1
45099,2023,6,22,5,2,282,11,9,0,3,2
45099,2023,6,22,5,2,101,11,21,1,1,1
45099,2023,6,22,5,2,116,78,12,1,3,3
45099,2023,6,22,5,2,101,52,9,0,2,2
45027,2023,4,11,3,2,316,13,21,1,2,1
45099,2023,6,22,5,2,153,29,20,0,2,1
45099,2023,6,22,5,2,420,11,7,0,2,2
45099,2023,6,22,5,2,376,83,20,0,3,1
45083,2023,6,6,3,3,364,1,11,1,2,2
45099,2023,6,22,5,2,101,81,11,1,3,2
45059,2023,5,13,7,4,116,67,12,1,3,2
45099,2023,6,22,5,2,116,11,20,0,1,1
45099,2023,6,22,5,2,393,2,11,1,2,2
45099,2023,6,22,5,2,226,82,12,0,3,3
45099,2023,6,22,5,2,101,33,11,1,2,2
45099,2023,6,22,5,2,40,11,9,0,2,2
45099,2023,6,22,5,2,277,19,12,0,2,2
45099,2023,6,22,5,2,262,72,11,0,3,2
45099,2023,6,22,5,2,116,1,11,1,2,2
45099,2023,6,22,5,2,364,33,11,1,3,2
45099,2023,6,22,5,2,101,67,12,1,2,2
45099,2023,6,22,5,2,262,5,21,1,1,1
45099,2023,6,22,5,2,226,11,12,1,3,2
45095,2023,6,18,1,4,376,11,4,0,4,2
45099,2023,6,22,5,2,277,67,4,0,1,1
45099,2023,6,22,5,2,470,83,20,0,1,1
45092,2023,6,15,5,1,316,41,20,1,3,1
45048,2023,5,2,3,2,316,52,10,0,8,3
45099,2023,6,22,5,2,369,16,12,0,3,2
45099,2023,6,22,5,2,101,16,9,1,2,2
45099,2023,6,22,5,2,277,11,3,0,2,1
45093,2023,6,16,6,3,116,52,9,1,2,2
45099,2023,6,22,5,3,262,13,21,1,1,1
45099,2023,6,22,5,3,101,1,11,0,2,2
45099,2023,6,22,5,3,116,2,11,0,2,2
45099,2023,6,22,5,2,304,49,11,1,3,2
45099,2023,6,22,5,3,101,16,12,0,5,2
45099,2023,6,22,5,2,319,1,11,1,2,2
45099,2023,6,22,5,1,70,11,20,0,1,1
45099,2023,6,22,5,3,104,1,11,1,2,2
45098,2023,6,21,4,3,222,83,20,0,1,1
45099,2023,6,22,5,3,262,6,21,0,1,1
45099,2023,6,22,5,3,101,18,7,0,3,2
45099,2023,6,22,5,3,230,13,21,1,2,1
45099,2023,6,22,5,2,242,18,20,0,5,1
45099,2023,6,22,5,3,116,35,11,1,2,2
45099,2023,6,22,5,3,282,18,4,0,1,1
45099,2023,6,22,5,3,101,1,11,1,2,2
45099,2023,6,22,5,3,364,67,12,0,2,2
45099,2023,6,22,5,3,40,78,12,1,2,2
45099,2023,6,22,5,3,116,1,11,1,2,2
45099,2023,6,22,5,3,116,16,12,1,3,2
45099,2023,6,22,5,3,282,11,20,1,1,1
45099,2023,6,22,5,3,290,52,20,0,2,2
45099,2023,6,22,5,3,392,33,11,0,2,2
45088,2023,6,11,1,3,40,67,12,0,1,1
45099,2023,6,22,5,3,163,52,11,1,2,2
45076,2023,5,30,3,3,381,80,7,0,3,2
45099,2023,6,22,5,3,381,28,18,1,1,1
45099,2023,6,22,5,3,116,1,11,1,4,3
45086,2023,6,9,6,2,40,80,11,0,7,2
45099,2023,6,22,5,3,101,80,7,1,2,2
45099,2023,6,22,5,3,116,83,21,0,1,1
45099,2023,6,22,5,3,356,11,2,0,2,2
45099,2023,6,22,5,3,116,44,15,1,3,3
45099,2023,6,22,5,3,364,83,20,0,1,1
45099,2023,6,22,5,3,10,16,12,0,2,2
44987,2023,3,2,5,4,267,15,21,0,1,1
45099,2023,6,22,5,3,376,61,2,0,2,2
45099,2023,6,22,5,3,364,11,12,0,5,3
45099,2023,6,22,5,4,153,83,12,1,2,2
45099,2023,6,22,5,2,135,11,20,0,1,1
45099,2023,6,22,5,4,116,67,9,1,3,2
45099,2023,6,22,5,4,116,11,12,1,2,2
45099,2023,6,22,5,4,230,67,21,1,2,1
45099,2023,6,22,5,3,280,1,11,1,2,2
45099,2023,6,22,5,3,230,11,2,1,3,2
45095,2023,6,18,1,4,101,80,10,0,3,2
45099,2023,6,22,5,4,116,72,11,1,2,2
45099,2023,6,22,5,4,104,72,11,1,5,3
45098,2023,6,21,4,4,317,56,4,0,1,1
45099,2023,6,22,5,4,381,11,12,1,3,2
45099,2023,6,22,5,4,116,11,20,0,2,1
45099,2023,6,22,5,4,282,16,12,1,2,2
45087,2023,6,10,7,2,412,9,1,0,2,1
45099,2023,6,22,5,4,101,4,20,1,1,1
45099,2023,6,22,5,3,110,60,2,0,4,2
45099,2023,6,22,5,4,40,35,2,1,7,3
45099,2023,6,22,5,4,60,11,12,0,3,2
45099,2023,6,22,5,4,381,56,4,0,5,3
45099,2023,6,22,5,4,116,33,11,1,2,2
45099,2023,6,22,5,4,392,11,20,0,3,1
45099,2023,6,22,5,4,324,49,9,0,2,2
45099,2023,6,22,5,4,316,1,11,1,2,2
45100,2023,6,23,6,1,101,18,4,1,1,1
45099,2023,6,22,5,4,421,67,20,0,1,1
45100,2023,6,23,6,1,40,11,4,1,1,1
45100,2023,6,23,6,1,116,49,20,0,1,1
45099,2023,6,22,5,4,116,4,4,0,1,1
45100,2023,6,23,6,1,480,15,20,0,1,1
45100,2023,6,23,6,1,277,83,4,1,1,1
45099,2023,6,22,5,4,343,80,7,1,2,2
45100,2023,6,23,6,1,304,56,3,0,8,1
45100,2023,6,23,6,1,101,49,4,0,1,1
45100,2023,6,23,6,1,230,18,20,0,1,1
45100,2023,6,23,6,1,324,11,12,0,2,2
45100,2023,6,23,6,1,452,83,20,1,2,1
45100,2023,6,23,6,1,290,16,12,0,3,3
45100,2023,6,23,6,1,230,83,7,1,2,2
45100,2023,6,23,6,1,230,11,12,0,3,2
45100,2023,6,23,6,1,70,67,4,0,1,1
45100,2023,6,23,6,1,407,11,7,0,3,2
45100,2023,6,23,6,1,290,49,21,1,1,1
45100,2023,6,23,6,1,230,29,21,0,1,1
45100,2023,6,23,6,1,101,18,20,1,1,1
45100,2023,6,23,6,2,381,52,9,0,2,2
45100,2023,6,23,6,2,230,64,20,0,1,1
45100,2023,6,23,6,2,316,11,9,1,2,2
45100,2023,6,23,6,2,343,1,11,1,2,2
45100,2023,6,23,6,2,386,49,20,0,1,1
45100,2023,6,23,6,2,304,2,11,0,3,2
45100,2023,6,23,6,2,163,1,11,1,2,2
45100,2023,6,23,6,2,386,80,7,0,2,2
45100,2023,6,23,6,2,10,11,12,1,2,2
45100,2023,6,23,6,2,110,33,9,1,2,2
45100,2023,6,23,6,2,116,83,12,1,3,2
45100,2023,6,23,6,2,116,11,12,1,2,2
45100,2023,6,23,6,2,40,16,12,0,3,2
45100,2023,6,23,6,2,116,78,9,0,3,2
45100,2023,6,23,6,2,367,5,7,0,3,2
45099,2023,6,22,5,4,163,11,12,0,3,2
45100,2023,6,23,6,2,153,11,12,0,5,2
45099,2023,6,22,5,4,116,52,15,1,3,3
45100,2023,6,23,6,2,110,67,3,0,1,1
45100,2023,6,23,6,2,407,1,11,0,2,2
45100,2023,6,23,6,2,153,11,12,1,4,4
45100,2023,6,23,6,2,262,83,20,0,1,1
45100,2023,6,23,6,2,163,1,11,1,2,2
45100,2023,6,23,6,2,251,67,21,0,1,1
45100,2023,6,23,6,2,470,16,12,0,3,3
45100,2023,6,23,6,2,259,78,9,0,3,2
45100,2023,6,23,6,2,116,17,11,1,2,2
45100,2023,6,23,6,2,40,67,12,1,3,3
45100,2023,6,23,6,2,104,67,12,1,2,2
45100,2023,6,23,6,2,101,15,20,0,1,1
45100,2023,6,23,6,2,230,19,20,0,2,1
45100,2023,6,23,6,2,101,67,12,0,2,2
45100,2023,6,23,6,2,101,52,12,0,1,1
45100,2023,6,23,6,2,277,67,20,0,1,1
45100,2023,6,23,6,2,230,67,20,0,1,1
45100,2023,6,23,6,2,414,2,10,1,2,2
45100,2023,6,23,6,2,470,16,12,1,4,2
45058,2023,5,12,6,3,10,67,20,0,4,1
45056,2023,5,10,4,4,369,52,9,0,2,2
45100,2023,6,23,6,3,230,15,20,0,2,1
45100,2023,6,23,6,2,285,82,20,0,1,1
45100,2023,6,23,6,2,20,78,9,1,2,2
45034,2023,4,18,3,4,369,49,3,0,1,1
45100,2023,6,23,6,2,116,11,9,1,2,2
45100,2023,6,23,6,3,376,1,9,1,4,2
45100,2023,6,23,6,3,116,28,18,0,1,1
45100,2023,6,23,6,2,282,67,7,0,5,2
45100,2023,6,23,6,3,40,52,9,0,2,2
45051,2023,5,5,6,4,369,33,11,1,2,2
45100,2023,6,23,6,3,408,67,12,0,2,2
45100,2023,6,23,6,3,262,1,11,1,3,3
45100,2023,6,23,6,2,343,30,9,0,2,2
45100,2023,6,23,6,2,40,1,2,0,4,2
45100,2023,6,23,6,3,153,78,12,1,4,2
45100,2023,6,23,6,3,116,1,11,1,2,2
45100,2023,6,23,6,2,424,67,20,0,3,1
45100,2023,6,23,6,3,407,1,11,0,3,3
45100,2023,6,23,6,3,163,2,11,1,5,3
45100,2023,6,23,6,3,367,83,11,0,3,2
45088,2023,6,11,1,2,381,11,9,0,3,3