id_data,ano,mes,dia,id_dia_semana,periodo,br,id_causa_acidente,id_tipo_acidente,id_uso_solo,pessoas,veiculos
45104,2023,6,27,3,2,153,18,20,0,2,1
45104,2023,6,27,3,2,393,1,11,1,3,2
45104,2023,6,27,3,2,116,11,3,0,1,1
45104,2023,6,27,3,2,316,1,11,1,2,2
45104,2023,6,27,3,2,470,29,21,1,1,1
45104,2023,6,27,3,2,381,60,2,0,2,2
45104,2023,6,27,3,2,101,18,12,0,3,2
45103,2023,6,26,2,1,324,52,12,0,3,2
45104,2023,6,27,3,2,101,52,9,1,1,1
45104,2023,6,27,3,2,376,52,9,1,3,2
45104,2023,6,27,3,2,316,18,20,0,2,2
45104,2023,6,27,3,2,280,16,15,1,3,3
45104,2023,6,27,3,2,277,11,4,0,2,1
45104,2023,6,27,3,2,135,67,21,0,4,1
45104,2023,6,27,3,2,470,67,20,0,1,1
45104,2023,6,27,3,2,381,11,20,0,2,1
45104,2023,6,27,3,2,10,28,11,1,2,2
45104,2023,6,27,3,2,282,16,12,1,2,2
45063,2023,5,17,4,2,60,11,20,0,1,1
45104,2023,6,27,3,3,116,67,15,1,3,3
45104,2023,6,27,3,3,354,9,1,1,1,1
45104,2023,6,27,3,3,381,11,21,0,1,1
45104,2023,6,27,3,2,470,60,2,0,4,2
45104,2023,6,27,3,3,153,52,9,1,2,2
45104,2023,6,27,3,2,470,11,20,0,1,1
45104,2023,6,27,3,3,116,67,12,1,2,2
45104,2023,6,27,3,3,101,67,12,0,2,2
45104,2023,6,27,3,2,163,67,3,0,1,1
45104,2023,6,27,3,3,104,52,11,1,2,2
45104,2023,6,27,3,3,116,11,12,0,2,2
44973,2023,2,16,5,3,110,52,7,0,2,2
45104,2023,6,27,3,3,50,11,20,0,1,1
45104,2023,6,27,3,3,369,67,12,1,2,2
45104,2023,6,27,3,2,277,11,12,0,4,2
45104,2023,6,27,3,3,376,13,21,0,1,1
45104,2023,6,27,3,3,324,16,12,1,4,3
45104,2023,6,27,3,3,116,72,7,1,2,2
45104,2023,6,27,3,3,364,67,20,0,1,1
45104,2023,6,27,3,3,101,51,4,0,2,1
45104,2023,6,27,3,3,70,3,20,0,4,1
45104,2023,6,27,3,3,393,1,11,1,2,2
45104,2023,6,27,3,3,222,16,15,1,4,4
45104,2023,6,27,3,3,50,67,12,0,2,2
45104,2023,6,27,3,3,101,44,21,1,1,1
45104,2023,6,27,3,3,101,83,21,1,2,1
45104,2023,6,27,3,3,101,1,11,1,2,2
45104,2023,6,27,3,3,104,11,12,0,4,2
45104,2023,6,27,3,3,101,16,12,0,2,2
45104,2023,6,27,3,3,116,28,18,0,1,1
45104,2023,6,27,3,3,40,1,11,0,7,2
45104,2023,6,27,3,3,101,33,11,1,2,2
45104,2023,6,27,3,3,259,52,3,0,3,1
45104,2023,6,27,3,3,381,83,4,0,1,1
45104,2023,6,27,3,3,316,1,11,1,3,2
45104,2023,6,27,3,3,369,52,9,1,3,3
45104,2023,6,27,3,3,101,35,11,1,2,2
45104,2023,6,27,3,3,40,6,21,0,1,1
45104,2023,6,27,3,4,116,78,9,1,2,2
45104,2023,6,27,3,3,277,61,2,1,2,2
45096,2023,6,19,2,2,40,21,4,0,1,1
45104,2023,6,27,3,4,153,16,12,0,2,2
45104,2023,6,27,3,3,230,49,11,0,2,2
45104,2023,6,27,3,4,116,11,20,0,1,1
45104,2023,6,27,3,3,116,1,11,1,2,2
45104,2023,6,27,3,3,116,49,7,0,7,3
45104,2023,6,27,3,4,262,9,1,1,1,1
45104,2023,6,27,3,3,324,11,9,0,2,2
45104,2023,6,27,3,4,101,46,21,0,3,2
45104,2023,6,27,3,4,40,11,20,0,1,1
45104,2023,6,27,3,4,40,1,11,1,2,2
45104,2023,6,27,3,4,424,56,4,0,3,2
45104,2023,6,27,3,4,376,12,20,0,1,1
45104,2023,6,27,3,4,101,81,2,0,2,2
45104,2023,6,27,3,4,369,2,11,1,2,2
45104,2023,6,27,3,4,70,61,2,0,2,2
45104,2023,6,27,3,3,101,16,15,0,4,4
45104,2023,6,27,3,3,116,1,11,1,2,2
45104,2023,6,27,3,4,364,48,2,0,2,2
45104,2023,6,27,3,3,174,18,20,0,4,1
45104,2023,6,27,3,4,10,25,12,1,3,3
45104,2023,6,27,3,4,70,1,4,0,1,1
45102,2023,6,25,1,3,381,11,20,0,4,1
45104,2023,6,27,3,4,101,15,21,1,1,1
45104,2023,6,27,3,4,381,83,21,0,1,1
45104,2023,6,27,3,4,280,46,11,1,2,2
45104,2023,6,27,3,4,316,46,12,0,3,2
45104,2023,6,27,3,3,101,9,1,0,1,1
45104,2023,6,27,3,4,232,67,21,0,1,1
45104,2023,6,27,3,4,116,2,11,1,4,2
45105,2023,6,28,4,1,282,28,18,0,1,1
45105,2023,6,28,4,1,232,11,21,1,1,1
45104,2023,6,27,3,4,324,18,3,0,3,1
45105,2023,6,28,4,1,376,11,20,0,3,1
45105,2023,6,28,4,1,116,83,4,0,2,1
44992,2023,3,7,3,2,470,1,11,1,2,2
45105,2023,6,28,4,1,101,9,1,0,2,1
45105,2023,6,28,4,1,116,80,7,0,6,2
45105,2023,6,28,4,2,70,11,12,1,2,2
45105,2023,6,28,4,2,316,11,7,1,4,2
45105,2023,6,28,4,2,436,67,21,0,1,1
45105,2023,6,28,4,2,60,16,12,1,2,2
45105,2023,6,28,4,2,101,4,20,0,2,1
45105,2023,6,28,4,2,282,78,11,1,2,2
45105,2023,6,28,4,2,101,83,21,0,1,1
45105,2023,6,28,4,2,376,1,2,1,3,3
45105,2023,6,28,4,2,101,72,11,1,2,2
45105,2023,6,28,4,2,376,78,9,1,2,2
45105,2023,6,28,4,2,135,61,2,1,3,2
45042,2023,4,26,4,2,101,78,9,0,3,2
45105,2023,6,28,4,2,424,1,11,1,2,2
45105,2023,6,28,4,2,343,33,11,1,3,2
45105,2023,6,28,4,2,101,83,4,0,1,1
45105,2023,6,28,4,2,343,33,11,1,3,2
45105,2023,6,28,4,2,20,83,4,1,1,1
45105,2023,6,28,4,2,116,36,12,1,3,2
45105,2023,6,28,4,2,70,67,12,1,1,1
45105,2023,6,28,4,2,60,60,2,0,2,2
45105,2023,6,28,4,2,369,49,12,1,6,3
45105,2023,6,28,4,2,50,28,20,0,3,1
45101,2023,6,24,7,4,116,35,2,0,3,2
45105,2023,6,28,4,2,50,67,4,1,3,2
45105,2023,6,28,4,2,101,67,12,0,2,2
45105,2023,6,28,4,2,101,28,21,1,2,2
45105,2023,6,28,4,2,116,18,20,0,2,1
44934,2023,1,8,1,2,364,33,11,1,3,2
45105,2023,6,28,4,2,163,82,11,1,2,2
45085,2023,6,8,5,3,277,67,12,0,10,3
45105,2023,6,28,4,2,242,82,7,0,2,2
45105,2023,6,28,4,2,116,16,21,0,2,2
45105,2023,6,28,4,2,104,44,7,0,4,3
45105,2023,6,28,4,2,116,67,12,1,2,2
45105,2023,6,28,4,2,471,28,3,0,3,1
45105,2023,6,28,4,2,367,1,10,0,2,2
45105,2023,6,28,4,2,101,13,18,0,1,1
45105,2023,6,28,4,2,262,52,10,0,2,2
45105,2023,6,28,4,2,222,82,9,1,2,2
45105,2023,6,28,4,2,222,2,11,1,2,2
45105,2023,6,28,4,2,163,33,9,0,2,2
44977,2023,2,20,2,3,282,83,7,0,7,2
45105,2023,6,28,4,3,386,1,11,0,5,2
45105,2023,6,28,4,3,381,52,9,0,3,2
45105,2023,6,28,4,3,116,11,12,0,3,2
45105,2023,6,28,4,3,104,11,12,1,2,2
45101,2023,6,24,7,3,262,67,20,0,1,1
45105,2023,6,28,4,3,343,16,12,1,2,2
45105,2023,6,28,4,3,376,1,11,0,2,2
45105,2023,6,28,4,3,262,83,20,0,3,1
45105,2023,6,28,4,3,163,49,21,1,1,1
45105,2023,6,28,4,3,101,16,9,1,2,2
45105,2023,6,28,4,2,153,52,20,0,2,1
45105,2023,6,28,4,3,101,78,12,1,2,2
45105,2023,6,28,4,3,471,12,15,0,5,4
45105,2023,6,28,4,3,369,33,11,1,2,2
45105,2023,6,28,4,3,470,11,9,1,2,2
45105,2023,6,28,4,3,40,5,21,1,1,1
45105,2023,6,28,4,3,376,11,12,1,2,2
45105,2023,6,28,4,3,101,11,12,0,2,2
45105,2023,6,28,4,3,470,67,9,0,2,2
45105,2023,6,28,4,3,20,33,7,0,2,2
45105,2023,6,28,4,3,116,83,21,0,1,1
45105,2023,6,28,4,3,373,16,12,1,2,2
45105,2023,6,28,4,3,251,11,4,1,2,2
45105,2023,6,28,4,3,163,67,12,0,3,2
45105,2023,6,28,4,3,277,16,12,1,1,1
45105,2023,6,28,4,3,232,16,12,0,2,2
45105,2023,6,28,4,3,290,46,12,0,2,2
45105,2023,6,28,4,3,230,78,9,1,3,2
45105,2023,6,28,4,3,290,67,12,0,4,2
45105,2023,6,28,4,3,116,52,9,1,2,2
45105,2023,6,28,4,3,10,83,11,1,2,2
45105,2023,6,28,4,3,101,67,4,1,1,1
45105,2023,6,28,4,4,459,67,12,0,2,2
45105,2023,6,28,4,3,101,1,9,1,4,4
45105,2023,6,28,4,3,290,16,12,1,4,3
45105,2023,6,28,4,3,343,11,12,1,3,2
45105,2023,6,28,4,3,101,67,20,0,1,1
45105,2023,6,28,4,3,153,16,12,1,2,2
45053,2023,5,7,1,4,376,67,20,0,1,1
45105,2023,6,28,4,3,282,83,20,0,2,1
45105,2023,6,28,4,3,354,18,4,0,3,1
45105,2023,6,28,4,3,376,80,7,0,2,2
45105,2023,6,28,4,3,222,67,21,1,1,1
45105,2023,6,28,4,3,422,29,7,0,3,3
45105,2023,6,28,4,3,471,28,15,0,4,3
45105,2023,6,28,4,4,40,16,15,1,3,3
45086,2023,6,9,6,4,70,11,10,1,2,2
45105,2023,6,28,4,3,230,1,11,1,2,2
45105,2023,6,28,4,4,262,11,20,0,2,1
45105,2023,6,28,4,3,101,67,12,0,2,2
45105,2023,6,28,4,4,116,11,3,0,1,1
45105,2023,6,28,4,4,153,11,20,0,3,1
45105,2023,6,28,4,2,364,29,4,1,2,1
45105,2023,6,28,4,4,116,13,21,1,2,1
45105,2023,6,28,4,4,101,35,2,0,2,2
45105,2023,6,28,4,4,381,28,18,1,1,1
45105,2023,6,28,4,4,369,1,11,0,3,2
45105,2023,6,28,4,4,101,29,20,0,1,1
45105,2023,6,28,4,4,381,83,4,0,2,1
45105,2023,6,28,4,3,116,81,2,0,3,2
45105,2023,6,28,4,4,480,1,11,1,2,2
45105,2023,6,28,4,4,70,9,1,0,1,1
45105,2023,6,28,4,4,226,83,4,0,8,5
45105,2023,6,28,4,4,226,46,1,0,2,2
45106,2023,6,29,5,1,70,36,12,1,2,2
45106,2023,6,29,5,1,116,83,21,1,1,1
45106,2023,6,29,5,1,235,18,20,0,1,1
45052,2023,5,6,7,3,343,20,11,1,3,2
45106,2023,6,29,5,1,101,11,12,0,2,1
45106,2023,6,29,5,1,365,18,4,0,2,1
45106,2023,6,29,5,1,392,18,20,0,1,1
45106,2023,6,29,5,1,101,11,7,1,2,2
45106,2023,6,29,5,1,163,18,4,0,1,1
45106,2023,6,29,5,2,101,1,11,0,8,2
45106,2023,6,29,5,1,376,11,20,0,1,1
45106,2023,6,29,5,2,116,2,9,1,2,2
45106,2023,6,29,5,2,101,52,12,1,2,2
45106,2023,6,29,5,2,20,78,12,0,10,3
45106,2023,6,29,5,2,470,1,11,1,3,3
45106,2023,6,29,5,2,70,52,9,1,2,2
45106,2023,6,29,5,2,116,11,4,1,1,1
45106,2023,6,29,5,1,110,11,4,1,1,1
45106,2023,6,29,5,2,10,67,12,0,6,4
45106,2023,6,29,5,2,116,67,12,0,2,2
45106,2023,6,29,5,2,163,1,11,1,2,2
45106,2023,6,29,5,2,50,83,12,1,4,3
45106,2023,6,29,5,2,381,67,9,1,3,2
45106,2023,6,29,5,2,101,80,7,1,2,2
44950,2023,1,24,3,3,40,16,12,1,3,2
45106,2023,6,29,5,2,101,44,12,1,4,3
45105,2023,6,28,4,4,277,48,3,0,1,1
45098,2023,6,21,4,4,116,44,12,1,3,2
45105,2023,6,28,4,3,364,11,12,1,2,2
45106,2023,6,29,5,2,324,11,12,1,2,2
45106,2023,6,29,5,2,40,1,11,0,2,2
45106,2023,6,29,5,2,287,1,11,0,16,3
45106,2023,6,29,5,2,230,17,12,1,2,2
45106,2023,6,29,5,2,116,82,9,1,3,2
45106,2023,6,29,5,2,163,67,21,1,1,1
45106,2023,6,29,5,2,20,1,11,1,3,2
45053,2023,5,7,1,2,316,80,11,0,3,2
45106,2023,6,29,5,2,116,67,4,0,2,1
45106,2023,6,29,5,2,153,67,7,0,4,4
45106,2023,6,29,5,2,407,11,11,1,2,2
45106,2023,6,29,5,2,153,67,12,0,4,2
45106,2023,6,29,5,2,153,9,20,0,1,1
45106,2023,6,29,5,1,20,80,7,0,9,3
45007,2023,3,22,4,2,10,67,20,0,1,1
45106,2023,6,29,5,2,282,16,9,1,3,3
45082,2023,6,5,2,3,343,20,11,1,4,3
45106,2023,6,29,5,2,381,83,12,0,2,2
45106,2023,6,29,5,2,60,11,20,0,1,1
45106,2023,6,29,5,2,40,1,12,1,3,2
45098,2023,6,21,4,4,116,28,21,0,2,1
45106,2023,6,29,5,2,101,56,4,1,1,1
45106,2023,6,29,5,2,232,16,12,1,2,2
45106,2023,6,29,5,2,285,11,20,0,1,1
45106,2023,6,29,5,2,101,33,10,1,2,2
45078,2023,6,1,5,4,343,11,7,0,3,2
45106,2023,6,29,5,2,232,81,12,0,2,2
45106,2023,6,29,5,3,40,5,21,1,1,1
45106,2023,6,29,5,3,153,83,11,1,2,2
45082,2023,6,5,2,3,101,11,4,0,3,1
45106,2023,6,29,5,3,153,44,12,0,4,2
45106,2023,6,29,5,3,50,33,11,1,2,2
45094,2023,6,17,7,3,116,44,12,1,3,2
45106,2023,6,29,5,1,163,11,12,0,2,2
45106,2023,6,29,5,3,174,1,11,1,2,2
45106,2023,6,29,5,3,116,1,11,1,3,2
45106,2023,6,29,5,3,104,64,3,0,1,1
45106,2023,6,29,5,2,153,67,20,0,2,1
45090,2023,6,13,3,3,101,16,12,0,3,2
45106,2023,6,29,5,2,230,83,20,0,3,1
45106,2023,6,29,5,2,70,36,12,1,2,2
45106,2023,6,29,5,2,174,28,18,0,2,1
45106,2023,6,29,5,2,116,16,12,0,2,2
45023,2023,4,7,6,1,101,11,4,1,1,1
45106,2023,6,29,5,3,70,52,12,1,2,2
45106,2023,6,29,5,3,470,11,12,1,2,2
45106,2023,6,29,5,3,277,16,12,1,2,2
45106,2023,6,29,5,3,60,67,3,0,2,1
45106,2023,6,29,5,2,282,1,11,0,3,2
45106,2023,6,29,5,3,101,78,11,1,3,2
45106,2023,6,29,5,3,101,16,9,1,2,2
45106,2023,6,29,5,3,116,15,3,0,2,1
45106,2023,6,29,5,3,381,22,4,0,4,2
45106,2023,6,29,5,3,101,16,12,0,8,3
45106,2023,6,29,5,3,40,49,11,0,6,2
45106,2023,6,29,5,3,392,35,2,1,4,2
45106,2023,6,29,5,3,470,1,11,1,2,2
45106,2023,6,29,5,3,163,82,7,0,3,2
45106,2023,6,29,5,3,230,67,12,1,2,2
45106,2023,6,29,5,3,163,7,7,0,5,2
45106,2023,6,29,5,3,163,20,12,0,2,2
45106,2023,6,29,5,3,369,11,12,1,2,2
45106,2023,6,29,5,3,364,16,12,1,2,2
45106,2023,6,29,5,2,280,11,20,0,1,1
45106,2023,6,29,5,3,262,80,20,0,1,1
45106,2023,6,29,5,4,116,44,12,1,2,2
45106,2023,6,29,5,3,392,11,15,0,5,4
45106,2023,6,29,5,3,369,52,12,1,2,2
45106,2023,6,29,5,4,20,67,20,0,1,1
45106,2023,6,29,5,3,116,28,18,0,1,1
45106,2023,6,29,5,3,470,10,2,0,2,2
45106,2023,6,29,5,4,376,9,20,0,1,1
45106,2023,6,29,5,3,101,56,4,1,2,1
45106,2023,6,29,5,4,277,33,7,1,2,2
45106,2023,6,29,5,4,316,35,2,1,3,2
45106,2023,6,29,5,4,290,52,9,1,2,2
45106,2023,6,29,5,4,471,11,12,0,4,2
45106,2023,6,29,5,3,116,16,12,1,3,2
45106,2023,6,29,5,4,101,28,12,1,2,2
45106,2023,6,29,5,4,158,5,12,0,3,2
45106,2023,6,29,5,4,153,1,11,0,3,2
45106,2023,6,29,5,4,40,83,20,1,1,1
45106,2023,6,29,5,3,290,78,21,1,2,2
45106,2023,6,29,5,4,386,49,20,0,2,1
45106,2023,6,29,5,3,293,28,18,0,1,1
45106,2023,6,29,5,3,316,20,11,0,4,2
45106,2023,6,29,5,4,101,80,7,0,5,2
45106,2023,6,29,5,4,316,4,7,0,2,2
45106,2023,6,29,5,4,392,67,12,0,2,2
45106,2023,6,29,5,4,101,15,2,1,3,3
45106,2023,6,29,5,4,277,11,20,1,3,1
45106,2023,6,29,5,4,448,11,20,0,1,1
45106,2023,6,29,5,4,381,33,11,1,3,2
45106,2023,6,29,5,4,116,21,4,0,2,1
45107,2023,6,30,6,1,230,11,21,1,1,1
45107,2023,6,30,6,1,262,28,18,0,1,1
45107,2023,6,30,6,1,386,18,7,0,3,2
45107,2023,6,30,6,1,476,67,3,0,1,1
45107,2023,6,30,6,1,158,11,20,1,1,1
45107,2023,6,30,6,2,230,83,20,0,1,1
45107,2023,6,30,6,1,101,30,4,0,2,1
45107,2023,6,30,6,2,343,11,20,0,1,1
45107,2023,6,30,6,2,277,1,11,0,2,2
45107,2023,6,30,6,2,40,67,12,0,3,3
45107,2023,6,30,6,2,70,52,12,0,2,2
45107,2023,6,30,6,2,116,1,11,1,2,2
45107,2023,6,30,6,2,392,1,11,1,3,2
45107,2023,6,30,6,2,364,11,9,0,2,2
45088,2023,6,11,1,1,104,80,7,1,3,2
45107,2023,6,30,6,2,163,1,11,0,2,2
45107,2023,6,30,6,2,40,82,12,1,2,2
45107,2023,6,30,6,2,163,2,11,1,2,2
45107,2023,6,30,6,2,116,78,21,1,1,1
45107,2023,6,30,6,2,20,67,12,0,14,2
45107,2023,6,30,6,2,364,11,12,0,3,2
45107,2023,6,30,6,2,369,17,11,0,3,3
45107,2023,6,30,6,2,427,11,20,0,1,1
45107,2023,6,30,6,2,230,1,11,0,6,2
45103,2023,6,26,2,3,493,20,2,1,3,3
45103,2023,6,26,2,4,262,11,4,1,1,1
45107,2023,6,30,6,2,116,28,7,0,2,2
45107,2023,6,30,6,2,101,1,11,0,2,2
45107,2023,6,30,6,2,153,67,15,1,5,4
45104,2023,6,27,3,2,101,16,12,0,2,2
45107,2023,6,30,6,2,376,11,21,0,1,1
45107,2023,6,30,6,2,116,67,12,0,5,4
45107,2023,6,30,6,2,476,56,21,1,2,2
45107,2023,6,30,6,2,116,67,4,0,2,1
45107,2023,6,30,6,2,324,56,4,1,2,1
45107,2023,6,30,6,2,101,11,20,0,5,1
45107,2023,6,30,6,2,476,33,11,1,2,2
45107,2023,6,30,6,2,304,1,9,0,5,2
45107,2023,6,30,6,2,369,1,11,1,3,2
45107,2023,6,30,6,2,277,46,2,1,2,2
45107,2023,6,30,6,3,158,1,11,0,2,2
45107,2023,6,30,6,3,50,1,11,1,3,3
45107,2023,6,30,6,2,101,4,20,0,1,1
45107,2023,6,30,6,3,101,16,12,0,2,2
45107,2023,6,30,6,3,116,11,12,1,2,2
45107,2023,6,30,6,3,10,12,12,0,2,2
45107,2023,6,30,6,3,393,1,11,0,2,2
45107,2023,6,30,6,3,40,1,12,0,2,2
45107,2023,6,30,6,3,262,51,7,1,2,2
45107,2023,6,30,6,3,153,33,11,1,6,2
45107,2023,6,30,6,3,116,51,3,0,2,1
45057,2023,5,11,5,2,116,1,10,0,2,2
45107,2023,6,30,6,3,116,33,11,1,3,2
45107,2023,6,30,6,2,369,16,12,1,3,2
45107,2023,6,30,6,3,472,18,20,0,1,1
45107,2023,6,30,6,3,116,11,4,0,1,1
45107,2023,6,30,6,3,381,52,9,1,2,2
45107,2023,6,30,6,3,262,11,20,1,1,1
45107,2023,6,30,6,3,376,1,11,0,5,2
45107,2023,6,30,6,3,290,16,12,0,2,2
45107,2023,6,30,6,3,40,6,21,0,1,1
45107,2023,6,30,6,3,153,13,21,1,2,1
45107,2023,6,30,6,3,356,1,11,0,2,2
45107,2023,6,30,6,3,316,11,12,1,2,2
45107,2023,6,30,6,3,259,67,9,0,3,2
45107,2023,6,30,6,2,101,16,12,0,2,2
45107,2023,6,30,6,3,316,9,20,0,2,1
45107,2023,6,30,6,3,262,1,11,1,2,2
45103,2023,6,26,2,1,101,9,1,1,1,1
45107,2023,6,30,6,3,376,16,12,1,3,2
45107,2023,6,30,6,3,116,1,11,0,3,2
45107,2023,6,30,6,3,290,1,2,1,3,2
45107,2023,6,30,6,3,40,1,21,0,2,1
45107,2023,6,30,6,3,20,78,9,0,3,3
45107,2023,6,30,6,3,153,16,15,0,3,3
45107,2023,6,30,6,3,163,67,12,1,6,2
45107,2023,6,30,6,3,163,11,12,1,2,2
45107,2023,6,30,6,3,101,52,9,0,2,2
45107,2023,6,30,6,4,101,1,11,1,2,2
45107,2023,6,30,6,3,116,67,9,1,2,2
45107,2023,6,30,6,3,280,67,4,1,1,1
45107,2023,6,30,6,4,116,11,9,1,2,2
45107,2023,6,30,6,3,285,82,7,0,3,2
45107,2023,6,30,6,3,463,1,11,1,4,2
45107,2023,6,30,6,4,116,78,9,0,3,3
45107,2023,6,30,6,3,480,67,20,1,2,1
45107,2023,6,30,6,4,101,28,18,1,1,1
45107,2023,6,30,6,4,277,52,9,0,2,2
45107,2023,6,30,6,4,381,67,12,1,2,2
45107,2023,6,30,6,4,40,78,12,1,3,2
45107,2023,6,30,6,4,316,67,4,0,2,1
45107,2023,6,30,6,3,116,71,7,1,2,2
45107,2023,6,30,6,3,116,61,2,1,3,2
45107,2023,6,30,6,4,70,60,2,0,3,2
45107,2023,6,30,6,4,116,67,12,1,2,2
45107,2023,6,30,6,4,101,28,18,0,2,1
45107,2023,6,30,6,4,369,17,11,1,3,2
45107,2023,6,30,6,4,392,80,7,0,4,2
45107,2023,6,30,6,4,116,11,4,0,2,1
45107,2023,6,30,6,4,262,33,11,1,2,2
45107,2023,6,30,6,4,230,11,2,1,2,2
45107,2023,6,30,6,4,50,11,21,1,1,1
45107,2023,6,30,6,4,116,17,11,1,4,2
45107,2023,6,30,6,3,425,25,9,0,8,2
45107,2023,6,30,6,3,316,10,2,1,2,2
45107,2023,6,30,6,4,40,52,9,0,7,2
45107,2023,6,30,6,4,267,11,12,1,3,3
45107,2023,6,30,6,4,70,35,2,1,2,2
45107,2023,6,30,6,4,116,67,4,1,1,1
45107,2023,6,30,6,4,101,11,4,0,2,1
45107,2023,6,30,6,4,222,12,12,1,5,3
45107,2023,6,30,6,4,101,16,9,1,2,2
45108,2023,7,1,7,1,101,1,12,1,2,2
45107,2023,6,30,6,4,364,35,2,1,3,2
45108,2023,7,1,7,1,116,16,12,0,2,2
45108,2023,7,1,7,1,40,11,4,1,1,1
45107,2023,6,30,6,4,376,67,20,0,2,1
45108,2023,7,1,7,1,230,5,21,1,2,1
45108,2023,7,1,7,1,116,51,20,0,2,1
45107,2023,6,30,6,4,40,67,4,0,1,1
45108,2023,7,1,7,1,40,49,7,0,2,2
45108,2023,7,1,7,1,369,49,20,1,2,1
45108,2023,7,1,7,1,230,9,1,0,1,1
45108,2023,7,1,7,1,163,11,20,1,1,1
45108,2023,7,1,7,1,153,9,1,0,1,1
45107,2023,6,30,6,4,364,34,20,1,2,2
45108,2023,7,1,7,1,232,35,2,0,3,2
45108,2023,7,1,7,1,116,67,12,1,4,2
45107,2023,6,30,6,3,230,49,12,1,4,2
45108,2023,7,1,7,1,386,11,20,0,1,1
45108,2023,7,1,7,1,470,49,7,0,3,2
45108,2023,7,1,7,1,20,11,3,1,2,1
45108,2023,7,1,7,1,104,80,7,1,3,2
45108,2023,7,1,7,1,373,67,4,1,1,1
45108,2023,7,1,7,1,101,11,21,0,1,1
45108,2023,7,1,7,1,60,1,11,1,2,2
45108,2023,7,1,7,1,116,49,4,0,1,1
45107,2023,6,30,6,3,101,11,9,1,2,2
45108,2023,7,1,7,1,101,11,4,0,1,1
45108,2023,7,1,7,1,316,35,2,0,3,3
45108,2023,7,1,7,1,153,11,20,0,1,1
45108,2023,7,1,7,1,277,52,9,1,21,3
45108,2023,7,1,7,1,285,83,20,0,2,1
45108,2023,7,1,7,1,101,49,3,0,1,1
45108,2023,7,1,7,1,101,63,21,0,1,1
45108,2023,7,1,7,1,163,20,9,0,8,2
45108,2023,7,1,7,1,470,55,21,0,1,1
45108,2023,7,1,7,1,116,11,4,0,1,1
45108,2023,7,1,7,1,101,11,20,1,1,1
45108,2023,7,1,7,1,158,80,10,0,3,2
45108,2023,7,1,7,1,282,80,10,1,4,2
45108,2023,7,1,7,1,116,9,1,1,1,1
45108,2023,7,1,7,1,163,49,20,0,1,1
45108,2023,7,1,7,2,277,11,12,1,6,2
45108,2023,7,1,7,1,343,16,12,1,5,2
45108,2023,7,1,7,1,262,18,7,0,4,3
45108,2023,7,1,7,2,101,11,9,1,2,2
45108,2023,7,1,7,2,101,49,20,1,1,1
45108,2023,7,1,7,1,381,18,4,0,1,1
45108,2023,7,1,7,1,277,11,20,0,1,1
45108,2023,7,1,7,1,364,1,11,1,1,1
45108,2023,7,1,7,2,116,1,11,1,3,2
45108,2023,7,1,7,2,392,11,20,0,4,1
45108,2023,7,1,7,2,304,1,11,1,2,2
45108,2023,7,1,7,1,282,13,20,0,1,1
45108,2023,7,1,7,1,116,83,4,1,1,1
45108,2023,7,1,7,2,414,67,20,0,2,1
45108,2023,7,1,7,2,116,16,12,0,3,2
45108,2023,7,1,7,2,116,67,4,1,1,1
45108,2023,7,1,7,2,116,73,11,1,2,2
45108,2023,7,1,7,2,70,11,20,1,2,1
45108,2023,7,1,7,1,163,2,10,1,2,2
45108,2023,7,1,7,1,163,13,20,0,4,1
45090,2023,6,13,3,3,230,1,9,1,2,2
45108,2023,7,1,7,2,251,28,18,0,2,1
45108,2023,7,1,7,2,101,18,21,0,2,1
45108,2023,7,1,7,2,421,1,11,0,3,2
45108,2023,7,1,7,2,470,1,11,1,2,2
45108,2023,7,1,7,2,471,1,11,0,4,3
45108,2023,7,1,7,2,116,67,12,0,2,2
45048,2023,5,2,3,4,376,1,7,1,2,2
45108,2023,7,1,7,2,116,78,9,1,2,2
45108,2023,7,1,7,2,487,51,12,1,4,3
45108,2023,7,1,7,2,101,81,2,1,6,2
45108,2023,7,1,7,2,470,20,9,1,2,2
45108,2023,7,1,7,2,116,67,9,1,2,2
45108,2023,7,1,7,2,116,78,21,1,1,1
45108,2023,7,1,7,2,116,72,11,0,2,2
45108,2023,7,1,7,2,153,33,11,0,3,2
45108,2023,7,1,7,2,104,11,4,1,1,1
45108,2023,7,1,7,2,101,83,9,1,2,2
45052,2023,5,6,7,4,277,11,12,0,5,2
45108,2023,7,1,7,2,465,78,11,1,2,2
45108,2023,7,1,7,2,369,33,11,0,4,2
45108,2023,7,1,7,2,60,67,9,1,1,1
45108,2023,7,1,7,2,40,11,7,1,2,2
45108,2023,7,1,7,3,280,33,11,0,3,2
45108,2023,7,1,7,2,60,1,11,1,2,2
45108,2023,7,1,7,2,381,1,9,1,1,1
45108,2023,7,1,7,2,101,67,9,0,4,3
45108,2023,7,1,7,2,364,1,11,1,5,2
45108,2023,7,1,7,2,101,16,9,0,2,2
45108,2023,7,1,7,2,116,11,20,0,1,1
45108,2023,7,1,7,3,101,11,12,0,3,2
45108,2023,7,1,7,2,316,67,21,0,1,1
45108,2023,7,1,7,2,364,1,11,1,3,2
45108,2023,7,1,7,3,40,67,20,0,2,1
45108,2023,7,1,7,3,163,28,4,0,5,1
45108,2023,7,1,7,3,101,4,20,0,3,1
45108,2023,7,1,7,3,70,72,11,1,2,2
45108,2023,7,1,7,3,116,67,12,0,3,2
45108,2023,7,1,7,3,101,2,21,0,1,1