id_data,ano,mes,dia,id_dia_semana,periodo,br,id_causa_acidente,id_tipo_acidente,id_uso_solo,pessoas,veiculos
45116,2023,7,9,1,3,376,35,2,1,3,2
45116,2023,7,9,1,2,381,29,4,0,2,1
45116,2023,7,9,1,3,163,49,11,1,5,3
45116,2023,7,9,1,4,381,11,21,0,2,2
45116,2023,7,9,1,3,40,1,11,1,6,2
45116,2023,7,9,1,4,60,49,9,1,2,2
45116,2023,7,9,1,3,116,80,7,0,11,6
45116,2023,7,9,1,4,116,49,11,0,2,2
45116,2023,7,9,1,3,470,52,9,1,2,2
45116,2023,7,9,1,3,40,13,12,0,5,2
45116,2023,7,9,1,3,116,9,1,1,1,1
45116,2023,7,9,1,3,40,67,12,1,2,2
45116,2023,7,9,1,3,423,82,7,0,4,2
45116,2023,7,9,1,3,153,11,20,0,1,1
45116,2023,7,9,1,4,386,1,11,1,3,2
45116,2023,7,9,1,4,282,11,4,1,1,1
45116,2023,7,9,1,4,262,16,12,0,2,2
45116,2023,7,9,1,3,101,16,12,1,3,2
45116,2023,7,9,1,3,116,82,4,0,5,1
45116,2023,7,9,1,3,10,28,20,0,1,1
45116,2023,7,9,1,3,381,9,1,0,1,1
45116,2023,7,9,1,3,316,60,2,1,2,2
45116,2023,7,9,1,4,116,78,9,1,3,2
45116,2023,7,9,1,4,277,80,7,1,5,2
45116,2023,7,9,1,4,493,9,1,0,3,2
45116,2023,7,9,1,3,116,11,20,0,1,1
45116,2023,7,9,1,3,101,83,20,0,3,1
45116,2023,7,9,1,3,262,67,12,0,4,2
45116,2023,7,9,1,3,465,11,10,1,2,2
45116,2023,7,9,1,3,116,52,11,0,2,2
45116,2023,7,9,1,4,153,52,7,0,4,2
45116,2023,7,9,1,4,153,67,12,1,3,3
45116,2023,7,9,1,3,262,11,12,0,2,2
45116,2023,7,9,1,4,116,49,4,1,1,1
45116,2023,7,9,1,4,487,11,12,0,3,2
45116,2023,7,9,1,4,153,49,12,1,4,2
45116,2023,7,9,1,4,262,83,20,0,3,1
45116,2023,7,9,1,4,365,52,12,1,1,1
45116,2023,7,9,1,4,10,49,21,0,2,1
45116,2023,7,9,1,4,101,67,4,0,2,2
45116,2023,7,9,1,3,343,80,7,1,2,2
45116,2023,7,9,1,4,116,48,20,0,1,1
45116,2023,7,9,1,4,174,33,9,1,2,2
45116,2023,7,9,1,4,158,80,7,0,3,2
45116,2023,7,9,1,4,470,67,12,1,2,2
45116,2023,7,9,1,4,465,49,12,0,2,2
45116,2023,7,9,1,4,116,83,12,0,2,2
45116,2023,7,9,1,4,277,67,4,1,1,1
45116,2023,7,9,1,4,262,83,3,0,1,1
45116,2023,7,9,1,4,386,67,20,0,1,1
45117,2023,7,10,2,1,232,52,12,1,2,2
45117,2023,7,10,2,1,40,48,20,0,1,1
45117,2023,7,10,2,1,116,11,4,0,1,1
45117,2023,7,10,2,1,367,67,20,0,4,2
45116,2023,7,9,1,3,60,49,10,0,3,2
45117,2023,7,10,2,1,116,15,20,1,3,1
45117,2023,7,10,2,1,40,56,21,1,1,1
45116,2023,7,9,1,4,230,3,4,0,2,1
45117,2023,7,10,2,1,230,81,12,1,2,2
45116,2023,7,9,1,4,316,67,12,0,2,2
45117,2023,7,10,2,2,116,11,12,1,2,2
45095,2023,6,18,1,4,158,1,11,0,2,2
45117,2023,7,10,2,1,267,9,1,0,2,2
45116,2023,7,9,1,3,40,67,20,0,1,1
45117,2023,7,10,2,2,116,16,15,0,7,3
45117,2023,7,10,2,2,101,18,20,0,2,1
45117,2023,7,10,2,1,316,11,7,0,2,2
45117,2023,7,10,2,2,101,52,9,0,3,2
45117,2023,7,10,2,2,116,20,11,1,2,2
45117,2023,7,10,2,2,60,11,4,0,1,1
45117,2023,7,10,2,2,392,1,9,1,2,2
45117,2023,7,10,2,1,30,67,12,0,4,2
45117,2023,7,10,2,2,277,83,4,1,1,1
45117,2023,7,10,2,2,459,83,20,0,1,1
45117,2023,7,10,2,2,40,11,2,1,2,2
45117,2023,7,10,2,2,40,16,21,1,1,1
45117,2023,7,10,2,2,116,15,3,0,3,1
45117,2023,7,10,2,2,101,15,4,0,1,1
44994,2023,3,9,5,3,135,80,7,1,4,2
45117,2023,7,10,2,2,324,78,9,1,2,2
45117,2023,7,10,2,2,230,13,21,1,1,1
45117,2023,7,10,2,2,376,83,4,0,1,1
45117,2023,7,10,2,2,146,1,11,0,2,2
45117,2023,7,10,2,1,277,67,4,1,2,1
45117,2023,7,10,2,2,381,83,20,0,1,1
45109,2023,7,2,1,3,40,78,9,1,2,2
45117,2023,7,10,2,2,101,67,21,1,1,1
45117,2023,7,10,2,2,70,52,12,1,3,2
45117,2023,7,10,2,2,116,28,18,1,1,1
45117,2023,7,10,2,2,135,52,7,0,7,2
45093,2023,6,16,6,3,101,78,21,1,1,1
45117,2023,7,10,2,2,135,80,10,0,6,2
45117,2023,7,10,2,2,354,1,11,1,2,2
45117,2023,7,10,2,2,101,16,12,1,4,4
45117,2023,7,10,2,2,101,1,9,1,2,2
45073,2023,5,27,7,2,280,49,11,0,2,2
45117,2023,7,10,2,2,230,29,9,1,2,2
45117,2023,7,10,2,1,285,21,4,0,1,1
45117,2023,7,10,2,2,70,82,9,1,2,2
45117,2023,7,10,2,2,364,16,9,1,2,2
45117,2023,7,10,2,2,116,83,20,0,1,1
45117,2023,7,10,2,2,163,4,20,1,1,1
45113,2023,7,6,5,2,163,11,20,0,1,1
45117,2023,7,10,2,3,470,20,11,1,2,2
45039,2023,4,23,1,2,407,67,20,0,2,1
45117,2023,7,10,2,3,376,83,3,0,3,1
45117,2023,7,10,2,3,101,67,4,1,2,2
45117,2023,7,10,2,2,116,67,4,0,5,1
45025,2023,4,9,1,3,480,83,12,1,3,2
45117,2023,7,10,2,3,365,28,21,0,2,1
45117,2023,7,10,2,2,435,2,9,1,2,2
45117,2023,7,10,2,3,472,1,11,0,2,2
45070,2023,5,24,4,4,287,11,20,0,1,1
45117,2023,7,10,2,3,470,72,11,1,3,2
45117,2023,7,10,2,3,376,11,4,0,1,1
45117,2023,7,10,2,3,101,83,2,0,2,2
45093,2023,6,16,6,4,407,9,20,0,1,1
45117,2023,7,10,2,3,376,67,12,1,6,2
45117,2023,7,10,2,3,101,1,21,1,2,1
45117,2023,7,10,2,3,324,20,9,1,2,2
45117,2023,7,10,2,2,364,11,20,0,4,1
45117,2023,7,10,2,3,40,67,12,0,2,2
45117,2023,7,10,2,3,230,67,12,0,4,2
45118,2023,7,11,3,1,116,67,4,0,2,1
45117,2023,7,10,2,3,40,67,11,1,2,2
45117,2023,7,10,2,3,470,15,20,1,1,1
45117,2023,7,10,2,3,277,67,20,0,2,1
45117,2023,7,10,2,3,153,18,20,0,6,2
45117,2023,7,10,2,3,70,1,11,1,2,2
45117,2023,7,10,2,3,324,18,20,0,2,1
45117,2023,7,10,2,3,60,18,20,0,1,1
45117,2023,7,10,2,3,376,67,12,0,5,2
45117,2023,7,10,2,3,40,1,11,0,4,2
45117,2023,7,10,2,3,376,83,20,0,6,1
45117,2023,7,10,2,3,280,49,10,1,4,3
45117,2023,7,10,2,2,282,11,7,0,2,2
45117,2023,7,10,2,3,293,83,20,0,1,1
45117,2023,7,10,2,3,376,83,20,0,3,1
45117,2023,7,10,2,3,101,11,21,0,1,1
45117,2023,7,10,2,3,381,78,21,1,1,1
45117,2023,7,10,2,3,381,67,12,1,2,2
45117,2023,7,10,2,3,262,3,10,0,4,2
45117,2023,7,10,2,3,116,52,9,1,2,2
45117,2023,7,10,2,3,101,52,9,1,3,3
45117,2023,7,10,2,3,367,33,10,1,2,2
45117,2023,7,10,2,4,324,16,12,1,2,2
45117,2023,7,10,2,3,101,67,2,1,2,2
45117,2023,7,10,2,1,153,60,2,1,2,2
45117,2023,7,10,2,4,381,16,12,1,3,3
45117,2023,7,10,2,3,101,67,21,1,1,1
45117,2023,7,10,2,3,280,1,11,0,3,2
45117,2023,7,10,2,3,235,80,10,0,5,2
45117,2023,7,10,2,3,101,67,12,1,2,2
45117,2023,7,10,2,4,423,25,12,0,2,2
45117,2023,7,10,2,4,476,10,2,1,2,2
45117,2023,7,10,2,4,116,20,11,1,4,2
45117,2023,7,10,2,4,101,60,2,0,2,2
45117,2023,7,10,2,3,282,33,11,1,2,2
45117,2023,7,10,2,4,116,61,2,1,3,2
45117,2023,7,10,2,4,153,28,18,0,4,1
45117,2023,7,10,2,4,277,49,20,0,1,1
45117,2023,7,10,2,4,262,61,2,1,2,2
45117,2023,7,10,2,4,381,28,4,0,33,2
45117,2023,7,10,2,4,376,83,12,0,8,2
45117,2023,7,10,2,4,116,61,2,1,2,2
45117,2023,7,10,2,4,230,46,11,0,2,2
45117,2023,7,10,2,4,101,83,4,1,2,1
45117,2023,7,10,2,4,364,16,12,1,3,2
45118,2023,7,11,3,1,116,83,4,1,1,1
45117,2023,7,10,2,4,419,1,7,1,3,2
45118,2023,7,11,3,1,116,35,2,1,2,2
45118,2023,7,11,3,1,101,11,4,1,1,1
45118,2023,7,11,3,1,116,12,4,0,2,2
45118,2023,7,11,3,1,381,11,4,0,1,1
45118,2023,7,11,3,1,116,15,3,0,6,1
45117,2023,7,10,2,4,70,28,18,0,1,1
45118,2023,7,11,3,1,40,83,21,1,1,1
45117,2023,7,10,2,3,101,67,9,0,3,2
45118,2023,7,11,3,2,480,29,20,1,1,1
45117,2023,7,10,2,3,376,46,12,0,1,1
45118,2023,7,11,3,1,70,49,12,1,2,2
45118,2023,7,11,3,1,101,18,4,0,1,1
45118,2023,7,11,3,2,153,20,12,0,3,2
45118,2023,7,11,3,2,101,35,21,1,2,1
45118,2023,7,11,3,2,116,52,9,0,3,3
45118,2023,7,11,3,2,381,64,4,0,1,1
45118,2023,7,11,3,2,116,52,12,1,2,2
45118,2023,7,11,3,2,116,16,12,1,2,2
45118,2023,7,11,3,2,116,52,9,0,2,2
45118,2023,7,11,3,2,282,16,12,1,2,2
45117,2023,7,10,2,4,226,49,10,1,2,2
45118,2023,7,11,3,2,116,33,11,1,2,2
45118,2023,7,11,3,2,101,61,2,1,2,2
45118,2023,7,11,3,2,101,13,21,0,2,1
45118,2023,7,11,3,2,163,82,9,0,1,1
45118,2023,7,11,3,2,101,16,12,1,4,2
45118,2023,7,11,3,2,381,16,9,1,2,2
45118,2023,7,11,3,2,280,33,11,1,2,2
45118,2023,7,11,3,2,282,11,12,1,2,2
45118,2023,7,11,3,2,316,16,12,1,3,2
45118,2023,7,11,3,2,116,16,12,1,5,4
45118,2023,7,11,3,2,20,67,12,0,6,3
45118,2023,7,11,3,2,153,67,20,0,2,1
45115,2023,7,8,7,2,40,52,9,1,3,2
45104,2023,6,27,3,3,381,6,20,0,2,1
45113,2023,7,6,5,2,60,11,20,0,4,1
45118,2023,7,11,3,2,101,20,11,1,2,2
45118,2023,7,11,3,2,116,16,12,1,2,2
45118,2023,7,11,3,2,369,52,9,1,2,2
45118,2023,7,11,3,2,369,83,20,0,1,1
45118,2023,7,11,3,2,116,67,12,1,3,2
45118,2023,7,11,3,2,20,82,7,0,5,2
45110,2023,7,3,2,3,116,11,20,0,1,1
45118,2023,7,11,3,2,101,61,2,0,2,2
44976,2023,2,19,1,4,343,11,2,1,5,3
45118,2023,7,11,3,2,163,1,2,1,2,2
45118,2023,7,11,3,2,101,11,20,0,1,1
45118,2023,7,11,3,2,316,11,2,1,2,2
45118,2023,7,11,3,3,101,83,20,0,2,1
45118,2023,7,11,3,3,376,67,9,0,2,2
45116,2023,7,9,1,2,101,83,20,0,1,1
45070,2023,5,24,4,2,153,1,11,1,2,2
45106,2023,6,29,5,2,158,1,11,1,3,2
45118,2023,7,11,3,3,20,1,11,1,2,2
45060,2023,5,14,1,4,153,67,2,0,4,2
45118,2023,7,11,3,2,116,67,20,1,1,1
45118,2023,7,11,3,2,423,11,3,1,3,1
45118,2023,7,11,3,3,116,52,9,0,3,2
45118,2023,7,11,3,3,104,35,2,1,4,2
45118,2023,7,11,3,3,365,82,20,0,3,2
45118,2023,7,11,3,3,343,11,12,1,2,2
45118,2023,7,11,3,3,20,67,15,0,4,3
45118,2023,7,11,3,3,158,11,20,0,2,1
45118,2023,7,11,3,3,277,20,11,0,2,2
45118,2023,7,11,3,3,230,28,21,1,2,1
45117,2023,7,10,2,1,290,9,1,0,1,1
45118,2023,7,11,3,3,470,20,7,1,2,2
45118,2023,7,11,3,3,158,67,9,1,2,2
45118,2023,7,11,3,3,290,11,9,0,1,1
45118,2023,7,11,3,3,40,28,18,0,1,1
45118,2023,7,11,3,3,282,83,7,0,4,2
45118,2023,7,11,3,3,277,67,20,0,1,1
45118,2023,7,11,3,3,40,1,11,1,2,2
45118,2023,7,11,3,3,101,63,4,0,5,1
45118,2023,7,11,3,3,116,52,9,1,3,2
45118,2023,7,11,3,3,282,16,12,0,3,2
45118,2023,7,11,3,3,101,16,12,1,2,2
45118,2023,7,11,3,3,101,16,12,1,2,2
45118,2023,7,11,3,3,50,18,20,0,3,1
45118,2023,7,11,3,4,101,16,12,0,2,2
45118,2023,7,11,3,3,116,33,11,1,3,2
45118,2023,7,11,3,4,381,28,18,1,1,1
45118,2023,7,11,3,3,319,52,12,1,3,2
45118,2023,7,11,3,4,280,1,11,1,2,2
45118,2023,7,11,3,4,414,52,20,0,1,1
45118,2023,7,11,3,4,40,78,9,1,2,2
45118,2023,7,11,3,4,40,1,11,1,2,2
45118,2023,7,11,3,3,429,11,4,0,1,1
45118,2023,7,11,3,4,222,52,12,1,4,2
45118,2023,7,11,3,3,158,60,2,0,2,2
45118,2023,7,11,3,3,174,67,9,0,5,3
45118,2023,7,11,3,4,101,1,11,1,2,2
45118,2023,7,11,3,3,116,82,9,0,2,2
45107,2023,6,30,6,3,163,11,12,0,2,2
45118,2023,7,11,3,4,40,60,2,0,2,2
45118,2023,7,11,3,4,376,28,18,0,1,1
45118,2023,7,11,3,4,324,52,9,1,3,3
45118,2023,7,11,3,4,369,11,21,0,2,1
45118,2023,7,11,3,4,251,38,12,0,2,2
45118,2023,7,11,3,4,277,49,12,0,3,3
45118,2023,7,11,3,4,101,1,11,0,2,2
44978,2023,2,21,3,3,226,67,12,1,2,2
44998,2023,3,13,2,2,304,72,11,0,4,2
45118,2023,7,11,3,4,40,11,12,1,4,3
45118,2023,7,11,3,4,116,67,12,1,3,2
45108,2023,7,1,7,3,110,16,12,0,3,2
45119,2023,7,12,4,1,101,1,9,1,2,2
45119,2023,7,12,4,1,277,25,4,0,5,1
45119,2023,7,12,4,1,101,44,20,0,1,1
45093,2023,6,16,6,3,277,11,7,0,5,3
45119,2023,7,12,4,1,40,83,15,1,10,5
45119,2023,7,12,4,1,50,18,20,0,2,1
45119,2023,7,12,4,1,251,11,20,0,40,1
45119,2023,7,12,4,1,158,67,12,1,2,2
45110,2023,7,3,2,3,343,17,11,1,2,2
45119,2023,7,12,4,1,405,18,20,0,1,1
45119,2023,7,12,4,1,101,82,7,0,6,2
45119,2023,7,12,4,1,262,35,2,0,2,2
45119,2023,7,12,4,1,101,51,4,0,2,1
45119,2023,7,12,4,2,153,11,21,1,2,1
45119,2023,7,12,4,2,101,67,12,1,3,2
45119,2023,7,12,4,1,110,11,20,0,4,1
45119,2023,7,12,4,2,364,1,9,1,2,2
45119,2023,7,12,4,1,429,83,20,0,1,1
45118,2023,7,11,3,2,364,82,11,1,2,2
45119,2023,7,12,4,2,381,18,20,0,2,1
45039,2023,4,23,1,3,365,16,15,0,12,4
45119,2023,7,12,4,2,316,1,11,1,3,2
45119,2023,7,12,4,2,101,81,11,1,4,2
45119,2023,7,12,4,2,232,52,9,1,2,2
45119,2023,7,12,4,2,10,67,12,0,2,2
45119,2023,7,12,4,2,232,1,11,1,3,2
45119,2023,7,12,4,2,60,16,12,0,2,2
45119,2023,7,12,4,2,116,16,12,1,2,2
45119,2023,7,12,4,2,116,78,9,0,2,2
44995,2023,3,10,6,1,101,36,12,1,2,2
45119,2023,7,12,4,2,116,11,12,1,3,3
45119,2023,7,12,4,2,407,2,20,0,2,1
45119,2023,7,12,4,2,101,1,11,0,8,4
45047,2023,5,1,2,3,376,83,12,0,2,2
45117,2023,7,10,2,4,230,11,12,0,5,2
45119,2023,7,12,4,2,116,16,12,0,3,2
45119,2023,7,12,4,2,110,28,18,1,1,1
45119,2023,7,12,4,2,10,16,12,1,2,2
45119,2023,7,12,4,2,153,4,20,0,5,1
45118,2023,7,11,3,4,104,18,20,0,2,1
45119,2023,7,12,4,2,369,1,11,1,3,2
45119,2023,7,12,4,2,116,11,9,0,2,2
45119,2023,7,12,4,2,470,4,20,1,1,1
45119,2023,7,12,4,2,373,11,20,0,1,1
45109,2023,7,2,1,4,153,49,20,1,1,1
45119,2023,7,12,4,2,101,4,21,1,1,1
45119,2023,7,12,4,2,393,2,11,1,2,2
45119,2023,7,12,4,2,290,83,20,1,3,1
45119,2023,7,12,4,2,20,82,3,0,4,1
45087,2023,6,10,7,3,468,67,11,1,2,2
45119,2023,7,12,4,2,70,28,20,1,1,1
45119,2023,7,12,4,2,104,51,7,0,2,2
45119,2023,7,12,4,2,116,83,12,1,2,2
45119,2023,7,12,4,2,282,4,21,0,1,1
45119,2023,7,12,4,2,235,28,18,1,1,1
45068,2023,5,22,2,3,316,1,11,1,2,2
45119,2023,7,12,4,2,110,51,20,0,1,1
45119,2023,7,12,4,2,470,11,12,1,3,3
45119,2023,7,12,4,3,116,9,1,1,1,1
45119,2023,7,12,4,2,369,11,9,0,2,2
45119,2023,7,12,4,3,304,52,20,0,2,1
45119,2023,7,12,4,2,232,1,11,1,7,2
45119,2023,7,12,4,3,101,20,11,1,2,2
45119,2023,7,12,4,3,304,1,20,1,2,2
45119,2023,7,12,4,3,290,64,11,0,3,2
45119,2023,7,12,4,3,153,2,11,1,2,2
45119,2023,7,12,4,3,116,80,11,1,2,2
45119,2023,7,12,4,2,290,15,20,0,1,1
45119,2023,7,12,4,2,476,49,11,0,6,2
45119,2023,7,12,4,3,304,11,12,1,2,2
45119,2023,7,12,4,3,101,72,12,0,3,2
45119,2023,7,12,4,2,101,1,9,0,2,2
45119,2023,7,12,4,3,285,1,11,1,2,2
45119,2023,7,12,4,3,116,1,9,1,2,2
45118,2023,7,11,3,2,101,9,1,0,3,2
45119,2023,7,12,4,3,381,67,12,1,2,2
45119,2023,7,12,4,3,20,82,9,0,4,2
45119,2023,7,12,4,3,324,52,12,1,3,2
45078,2023,6,1,5,4,282,80,7,0,3,2
45119,2023,7,12,4,3,381,67,3,0,1,1
45084,2023,6,7,4,4,406,11,10,1,2,2
45118,2023,7,11,3,3,465,1,11,1,2,2
45119,2023,7,12,4,3,381,67,15,1,5,3
45119,2023,7,12,4,3,101,13,21,0,2,1
45119,2023,7,12,4,3,319,67,11,1,2,2
45119,2023,7,12,4,3,101,67,12,1,2,2
45119,2023,7,12,4,3,40,78,2,1,4,2
45119,2023,7,12,4,3,153,67,20,0,6,1
45119,2023,7,12,4,3,470,1,11,1,3,2
45119,2023,7,12,4,3,280,67,12,1,6,5
45119,2023,7,12,4,3,101,11,4,0,2,2
45119,2023,7,12,4,3,369,16,12,1,2,2
45119,2023,7,12,4,3,282,16,12,1,2,2
45119,2023,7,12,4,3,222,1,11,1,2,2
45119,2023,7,12,4,3,407,67,12,1,2,2
45119,2023,7,12,4,4,369,49,20,0,1,1
45119,2023,7,12,4,4,471,1,11,1,2,2
45119,2023,7,12,4,3,319,67,21,1,1,1
45087,2023,6,10,7,2,101,33,11,0,6,2
45063,2023,5,17,4,2,101,1,11,0,2,2
45119,2023,7,12,4,3,116,1,21,1,2,2
45119,2023,7,12,4,3,376,18,4,0,1,1
45119,2023,7,12,4,3,471,33,9,1,2,2
45119,2023,7,12,4,3,116,1,11,1,3,2
45119,2023,7,12,4,4,407,16,12,1,3,3
45119,2023,7,12,4,3,50,11,20,0,2,1
45119,2023,7,12,4,4,290,15,20,0,2,1
45119,2023,7,12,4,3,364,67,12,1,3,3
44979,2023,2,22,4,2,135,13,21,0,2,1
45119,2023,7,12,4,3,116,67,20,0,2,1
45119,2023,7,12,4,3,364,61,2,1,4,2
45119,2023,7,12,4,4,293,15,20,0,1,1
45119,2023,7,12,4,4,116,4,4,0,1,1
45119,2023,7,12,4,4,280,2,11,0,2,2
45119,2023,7,12,4,4,369,11,11,0,2,2
45119,2023,7,12,4,4,20,11,2,1,2,2
45120,2023,7,13,5,1,290,11,20,0,1,1
45119,2023,7,12,4,4,364,60,2,0,3,2
45119,2023,7,12,4,4,376,56,4,0,2,1
45119,2023,7,12,4,4,101,1,11,1,2,2
45119,2023,7,12,4,3,116,11,21,0,1,1
45119,2023,7,12,4,4,373,11,20,0,1,1
45119,2023,7,12,4,4,101,1,12,1,3,2
45119,2023,7,12,4,4,116,11,12,1,2,2
45120,2023,7,13,5,1,20,67,3,0,2,1
45120,2023,7,13,5,1,463,80,7,1,2,2
45120,2023,7,13,5,1,101,11,20,0,1,1
45120,2023,7,13,5,2,153,1,12,1,2,2
45120,2023,7,13,5,1,277,67,20,0,3,1
45120,2023,7,13,5,2,116,78,12,1,2,2
45120,2023,7,13,5,2,101,52,21,1,1,1
45120,2023,7,13,5,2,116,20,12,1,5,2
45120,2023,7,13,5,2,101,72,11,1,2,2
45120,2023,7,13,5,2,153,11,12,1,2,2
45120,2023,7,13,5,2,153,1,11,0,3,2
45120,2023,7,13,5,2,40,16,12,0,2,2
45072,2023,5,26,6,2,316,52,11,1,4,2
45120,2023,7,13,5,2,116,83,21,0,1,1
45056,2023,5,10,4,4,470,9,21,0,2,1
45117,2023,7,10,2,3,101,1,11,0,2,2
45120,2023,7,13,5,2,135,82,7,0,5,4
45118,2023,7,11,3,2,436,1,11,0,2,2
45120,2023,7,13,5,2,230,16,12,1,2,2
45120,2023,7,13,5,2,369,16,12,1,2,2
45120,2023,7,13,5,2,101,67,11,1,2,2
45120,2023,7,13,5,2,104,1,11,1,3,2
45120,2023,7,13,5,2,364,11,12,0,6,2
45120,2023,7,13,5,2,116,67,21,1,1,1
45120,2023,7,13,5,2,222,67,12,1,3,3
45120,2023,7,13,5,2,104,18,10,1,4,4
45120,2023,7,13,5,2,50,11,4,1,1,1
45120,2023,7,13,5,2,316,1,11,1,2,2
45120,2023,7,13,5,1,376,15,3,0,2,1
45120,2023,7,13,5,2,116,11,20,0,1,1
45120,2023,7,13,5,2,262,67,12,0,2,2
45119,2023,7,12,4,4,277,30,4,0,5,1
45120,2023,7,13,5,2,262,67,20,0,1,1
45120,2023,7,13,5,3,324,83,4,1,1,1
45120,2023,7,13,5,2,386,16,12,0,3,2
45120,2023,7,13,5,2,262,28,15,0,5,3
45120,2023,7,13,5,3,367,72,11,0,4,2
45120,2023,7,13,5,2,116,11,12,1,2,2
45120,2023,7,13,5,3,376,16,12,1,2,2
45120,2023,7,13,5,2,116,16,12,0,2,2
45114,2023,7,7,6,2,428,17,11,1,2,2
45104,2023,6,27,3,2,364,1,11,1,3,3
45118,2023,7,11,3,4,402,72,11,1,2,2
45120,2023,7,13,5,3,262,83,3,0,4,1
45108,2023,7,1,7,2,381,82,9,1,3,2
45120,2023,7,13,5,2,163,49,12,0,2,2
45120,2023,7,13,5,2,101,52,12,1,2,2
45120,2023,7,13,5,3,101,11,12,0,2,2
45120,2023,7,13,5,3,40,16,12,0,2,2
45088,2023,6,11,1,3,470,67,20,0,3,1
45120,2023,7,13,5,3,101,16,12,0,2,2
45120,2023,7,13,5,3,393,11,12,1,2,2
45120,2023,7,13,5,3,101,51,9,0,2,2
45120,2023,7,13,5,3,230,67,12,1,4,4
45120,2023,7,13,5,2,392,56,4,1,1,1
45120,2023,7,13,5,3,40,1,11,1,7,2
45120,2023,7,13,5,3,101,1,11,0,6,2
45112,2023,7,5,4,2,110,80,7,0,2,2
45120,2023,7,13,5,3,232,11,12,1,4,3
45120,2023,7,13,5,3,40,41,20,0,1,1
45120,2023,7,13,5,3,349,83,20,0,5,1
45120,2023,7,13,5,3,101,52,15,1,3,3
45120,2023,7,13,5,3,386,11,15,0,3,3
45120,2023,7,13,5,3,153,33,11,1,2,2
45120,2023,7,13,5,3,116,67,2,1,2,2
45103,2023,6,26,2,2,101,11,12,0,2,2
45120,2023,7,13,5,3,40,35,2,1,2,2
45120,2023,7,13,5,3,163,52,11,1,2,2
45120,2023,7,13,5,3,364,1,11,0,2,2
45120,2023,7,13,5,3,101,81,7,0,2,2
45120,2023,7,13,5,2,392,4,20,1,1,1
45120,2023,7,13,5,1,262,9,1,1,1,1
45120,2023,7,13,5,3,101,11,11,0,2,2
45120,2023,7,13,5,4,470,60,2,1,4,2
45120,2023,7,13,5,4,493,11,21,1,1,1
45012,2023,3,27,2,4,104,9,1,0,1,1
45120,2023,7,13,5,4,101,9,12,1,2,2
45120,2023,7,13,5,3,163,1,11,1,2,2
45120,2023,7,13,5,3,364,80,7,0,3,2
45120,2023,7,13,5,4,376,16,12,0,5,2
45120,2023,7,13,5,4,116,67,2,1,3,3
45120,2023,7,13,5,3,463,81,2,0,2,2
45120,2023,7,13,5,4,222,35,2,1,2,2
45120,2023,7,13,5,3,40,52,11,0,2,2
45120,2023,7,13,5,2,293,7,20,0,2,1
45120,2023,7,13,5,3,116,67,4,0,1,1
45120,2023,7,13,5,4,40,67,12,1,3,2
45120,2023,7,13,5,4,116,11,20,0,1,1
45120,2023,7,13,5,4,10,52,9,1,3,2
45120,2023,7,13,5,4,116,49,4,0,1,1
45120,2023,7,13,5,2,282,28,18,0,2,1
45120,2023,7,13,5,4,116,18,4,1,2,1
45120,2023,7,13,5,4,476,61,2,1,2,2
45108,2023,7,1,7,3,101,61,2,1,4,3
45120,2023,7,13,5,4,101,67,21,1,2,1
45120,2023,7,13,5,4,116,83,9,1,2,2
45120,2023,7,13,5,4,116,83,12,1,3,2
45120,2023,7,13,5,4,280,1,11,1,3,2
45120,2023,7,13,5,4,316,25,12,0,2,2
45120,2023,7,13,5,4,290,11,20,0,1,1
45120,2023,7,13,5,4,70,1,9,0,3,2
45120,2023,7,13,5,4,163,16,11,0,3,2
45120,2023,7,13,5,4,101,1,11,1,2,2
45120,2023,7,13,5,4,101,83,4,1,2,1
45121,2023,7,14,6,1,230,28,20,0,2,1
45121,2023,7,14,6,1,116,49,12,1,2,2
45120,2023,7,13,5,4,70,2,11,1,2,2
45121,2023,7,14,6,1,230,67,20,1,1,1
45121,2023,7,14,6,1,287,67,20,0,3,1
45121,2023,7,14,6,1,101,18,12,0,2,2
45121,2023,7,14,6,1,116,67,4,1,3,3
45121,2023,7,14,6,1,470,1,11,0,2,2
45121,2023,7,14,6,1,101,78,21,1,1,1
45121,2023,7,14,6,1,381,1,12,0,3,3
45121,2023,7,14,6,2,369,49,4,1,1,1
45120,2023,7,13,5,4,381,28,18,1,1,1
45121,2023,7,14,6,2,116,35,2,0,2,2
45121,2023,7,14,6,2,116,44,12,1,3,2
45121,2023,7,14,6,1,163,28,3,0,2,1
45121,2023,7,14,6,2,101,20,11,0,2,2
45121,2023,7,14,6,2,386,20,11,0,3,2
45121,2023,7,14,6,1,153,49,20,0,1,1
45121,2023,7,14,6,2,381,83,20,0,1,1
45121,2023,7,14,6,2,116,4,7,1,3,3
45121,2023,7,14,6,2,40,67,4,0,2,1
45121,2023,7,14,6,2,101,82,9,1,4,2
45121,2023,7,14,6,2,40,11,12,1,2,2
45121,2023,7,14,6,2,101,67,15,0,7,3
45121,2023,7,14,6,2,101,11,12,1,2,2
45121,2023,7,14,6,2,153,78,12,1,2,2
45121,2023,7,14,6,2,463,76,20,0,2,1
45121,2023,7,14,6,2,116,67,21,1,1,1
45121,2023,7,14,6,2,60,52,11,0,3,2
45120,2023,7,13,5,4,158,82,7,0,2,2
45121,2023,7,14,6,2,116,20,11,1,3,3
45121,2023,7,14,6,2,101,11,7,0,2,2