id_data,ano,mes,dia,id_dia_semana,periodo,br,id_causa_acidente,id_tipo_acidente,id_uso_solo,pessoas,veiculos
45121,2023,7,14,6,2,116,11,4,0,1,1
45121,2023,7,14,6,2,101,13,3,0,1,1
45121,2023,7,14,6,2,163,9,1,1,1,1
45121,2023,7,14,6,2,116,16,9,1,3,2
45121,2023,7,14,6,2,235,28,11,0,2,2
45120,2023,7,13,5,4,40,83,20,0,1,1
45121,2023,7,14,6,2,101,1,11,0,2,2
45121,2023,7,14,6,1,101,28,18,0,1,1
45121,2023,7,14,6,2,414,49,11,1,58,2
45121,2023,7,14,6,2,101,6,21,1,1,1
45121,2023,7,14,6,2,101,6,21,1,1,1
45121,2023,7,14,6,2,153,11,15,1,7,4
45121,2023,7,14,6,2,324,67,21,1,1,1
45121,2023,7,14,6,2,116,78,9,1,3,2
45121,2023,7,14,6,2,101,20,11,1,2,2
45121,2023,7,14,6,2,40,67,20,0,3,1
45121,2023,7,14,6,2,101,83,21,0,2,1
45121,2023,7,14,6,2,153,16,12,1,2,2
45121,2023,7,14,6,2,116,1,11,0,3,3
45121,2023,7,14,6,2,116,67,4,1,4,3
45089,2023,6,12,2,3,262,20,11,0,9,2
45121,2023,7,14,6,2,365,11,7,0,2,1
45121,2023,7,14,6,2,423,1,11,1,3,2
45121,2023,7,14,6,2,116,11,15,0,4,3
45121,2023,7,14,6,2,316,67,11,1,2,2
45121,2023,7,14,6,2,101,72,11,0,3,2
45121,2023,7,14,6,2,232,1,11,1,3,2
45089,2023,6,12,2,2,116,82,7,0,3,3
45056,2023,5,10,4,2,349,67,20,0,3,1
45121,2023,7,14,6,2,364,16,12,1,2,2
45121,2023,7,14,6,3,381,16,12,0,3,2
45121,2023,7,14,6,3,135,1,10,1,2,2
45121,2023,7,14,6,3,232,28,18,0,1,1
45121,2023,7,14,6,2,116,67,9,1,4,2
45121,2023,7,14,6,3,101,11,21,1,1,1
45121,2023,7,14,6,3,280,52,3,0,1,1
45099,2023,6,22,5,4,386,80,7,0,4,2
45121,2023,7,14,6,3,262,67,20,0,3,1
45121,2023,7,14,6,3,104,52,10,1,2,2
45121,2023,7,14,6,3,235,1,11,1,2,2
45066,2023,5,20,7,4,364,60,12,0,2,2
45121,2023,7,14,6,3,116,13,20,0,2,1
45121,2023,7,14,6,3,222,1,9,1,2,2
45121,2023,7,14,6,3,493,83,20,0,1,1
45121,2023,7,14,6,3,101,16,12,1,3,2
45121,2023,7,14,6,2,101,11,2,1,2,2
45121,2023,7,14,6,2,163,67,12,1,2,2
45121,2023,7,14,6,3,316,11,21,0,1,1
45121,2023,7,14,6,3,230,28,21,0,2,1
45121,2023,7,14,6,3,116,67,21,0,1,1
45121,2023,7,14,6,3,101,16,9,1,2,2
45029,2023,4,13,5,2,40,20,11,0,2,2
45121,2023,7,14,6,3,101,1,11,1,2,2
45121,2023,7,14,6,3,101,67,12,1,4,3
45121,2023,7,14,6,3,101,67,20,0,1,1
45121,2023,7,14,6,3,414,1,11,0,4,2
45121,2023,7,14,6,3,116,67,12,1,2,2
45121,2023,7,14,6,3,116,67,12,1,3,2
45121,2023,7,14,6,3,101,16,12,0,2,2
45121,2023,7,14,6,3,20,11,12,1,3,2
45121,2023,7,14,6,3,101,1,11,0,5,2
45121,2023,7,14,6,3,324,16,9,1,2,2
45121,2023,7,14,6,3,381,11,15,0,4,4
45121,2023,7,14,6,3,116,67,12,0,2,2
45121,2023,7,14,6,3,101,83,12,0,3,2
45121,2023,7,14,6,3,116,16,12,0,2,2
45121,2023,7,14,6,3,364,16,12,0,4,2
45121,2023,7,14,6,3,277,16,21,1,1,1
45121,2023,7,14,6,3,101,67,12,0,2,2
45121,2023,7,14,6,3,282,1,9,1,2,2
45121,2023,7,14,6,3,381,11,12,0,2,2
45121,2023,7,14,6,3,158,67,15,0,9,3
45121,2023,7,14,6,3,101,78,9,1,4,3
45121,2023,7,14,6,3,364,83,20,0,3,1
45121,2023,7,14,6,3,101,11,2,1,2,2
45121,2023,7,14,6,3,40,61,2,1,7,2
45121,2023,7,14,6,3,101,38,9,1,3,3
45121,2023,7,14,6,3,116,11,12,1,5,3
45121,2023,7,14,6,3,364,82,9,0,9,3
45121,2023,7,14,6,3,101,52,9,1,2,2
45121,2023,7,14,6,3,101,1,9,0,2,2
45121,2023,7,14,6,2,410,1,11,0,2,2
45121,2023,7,14,6,3,101,35,2,1,2,2
45121,2023,7,14,6,3,163,11,12,0,3,2
45121,2023,7,14,6,4,101,52,9,1,2,2
45097,2023,6,20,3,3,40,2,11,1,2,2
45121,2023,7,14,6,2,116,52,9,1,2,2
45121,2023,7,14,6,4,285,33,11,1,2,2
45121,2023,7,14,6,3,101,67,12,1,4,2
45121,2023,7,14,6,3,101,52,11,1,2,2
45096,2023,6,19,2,3,285,83,20,0,1,1
45121,2023,7,14,6,4,290,67,4,0,1,1
45076,2023,5,30,3,3,285,9,1,0,1,1
45121,2023,7,14,6,4,116,78,9,1,2,2
45121,2023,7,14,6,3,316,16,12,0,5,2
45121,2023,7,14,6,4,50,34,4,0,3,1
45121,2023,7,14,6,3,365,1,11,0,6,3
45121,2023,7,14,6,4,101,1,9,1,2,2
45121,2023,7,14,6,4,40,52,9,1,2,2
45121,2023,7,14,6,4,376,78,21,1,2,1
45121,2023,7,14,6,3,356,1,11,0,2,2
45121,2023,7,14,6,4,316,49,11,0,3,2
45121,2023,7,14,6,4,153,1,11,1,2,2
45121,2023,7,14,6,4,381,28,18,1,1,1
45121,2023,7,14,6,4,280,82,7,0,3,2
45121,2023,7,14,6,3,116,11,20,0,1,1
45121,2023,7,14,6,4,308,11,11,1,2,2
45121,2023,7,14,6,4,401,11,4,0,1,1
45121,2023,7,14,6,4,116,67,12,1,1,1
45121,2023,7,14,6,4,470,82,7,0,5,2
45121,2023,7,14,6,4,343,82,9,1,3,2
45121,2023,7,14,6,4,101,1,11,1,3,2
45121,2023,7,14,6,4,40,5,21,0,2,1
45121,2023,7,14,6,2,40,15,21,1,1,1
45121,2023,7,14,6,4,116,16,12,0,5,2
45121,2023,7,14,6,4,40,67,4,0,1,1
45121,2023,7,14,6,4,465,9,1,0,1,1
45121,2023,7,14,6,4,60,48,20,0,1,1
45121,2023,7,14,6,3,174,82,7,0,2,2
45121,2023,7,14,6,4,280,9,1,0,1,1
45121,2023,7,14,6,4,230,82,7,0,6,2
45121,2023,7,14,6,4,101,1,11,1,2,2
45121,2023,7,14,6,4,101,52,9,1,2,2
45122,2023,7,15,7,1,158,67,4,0,1,1
45121,2023,7,14,6,4,158,11,4,0,2,2
45122,2023,7,15,7,1,364,49,20,1,1,1
45121,2023,7,14,6,4,381,9,1,0,1,1
45122,2023,7,15,7,1,101,11,12,1,5,5
45122,2023,7,15,7,1,101,49,20,1,1,1
45122,2023,7,15,7,1,50,48,7,1,2,2
45122,2023,7,15,7,1,116,35,2,1,2,2
45122,2023,7,15,7,1,116,67,12,1,2,2
45122,2023,7,15,7,1,386,11,4,0,1,1
45122,2023,7,15,7,1,153,67,3,0,1,1
45122,2023,7,15,7,1,101,11,4,0,1,1
45122,2023,7,15,7,1,101,49,4,1,1,1
45122,2023,7,15,7,1,135,11,20,0,1,1
45122,2023,7,15,7,1,116,49,4,1,1,1
45122,2023,7,15,7,1,101,11,4,0,2,1
45122,2023,7,15,7,1,282,49,20,1,1,1
45122,2023,7,15,7,1,381,11,4,1,1,1
45122,2023,7,15,7,1,316,11,20,0,4,1
45122,2023,7,15,7,1,262,9,1,0,1,1
45122,2023,7,15,7,1,163,67,20,1,1,1
45121,2023,7,14,6,4,101,67,20,0,1,1
45122,2023,7,15,7,1,280,83,20,0,1,1
45122,2023,7,15,7,1,282,11,20,0,2,2
45122,2023,7,15,7,2,153,11,20,0,5,1
45122,2023,7,15,7,1,40,13,20,0,1,1
45121,2023,7,14,6,4,116,67,21,0,1,1
45122,2023,7,15,7,1,267,11,4,1,2,1
45122,2023,7,15,7,2,101,2,11,0,4,2
45122,2023,7,15,7,2,101,52,12,0,3,2
45122,2023,7,15,7,2,116,11,12,1,2,2
45122,2023,7,15,7,2,20,67,15,0,4,3
45122,2023,7,15,7,2,101,1,9,1,2,2
45122,2023,7,15,7,2,40,67,9,1,3,2
45122,2023,7,15,7,2,40,78,9,1,6,2
45122,2023,7,15,7,2,381,83,20,0,2,1
45122,2023,7,15,7,2,116,11,12,0,2,2
45122,2023,7,15,7,1,277,11,20,0,1,1
45122,2023,7,15,7,2,472,49,4,0,1,1
45122,2023,7,15,7,2,364,11,3,0,4,1
45122,2023,7,15,7,2,267,1,11,1,2,2
45122,2023,7,15,7,2,330,63,20,0,4,1
45122,2023,7,15,7,2,116,52,9,1,2,2
45122,2023,7,15,7,2,40,11,12,1,6,3
45122,2023,7,15,7,2,163,11,20,0,1,1
45122,2023,7,15,7,2,392,1,11,1,4,2
45122,2023,7,15,7,2,40,1,11,1,2,2
45122,2023,7,15,7,2,428,17,11,1,3,2
45122,2023,7,15,7,2,364,67,12,0,7,2
45122,2023,7,15,7,2,101,52,9,1,2,2
45122,2023,7,15,7,2,381,78,9,1,2,2
45122,2023,7,15,7,2,116,1,11,1,4,2
45122,2023,7,15,7,2,116,80,7,0,3,2
45122,2023,7,15,7,2,343,11,20,1,3,1
45122,2023,7,15,7,2,470,20,11,0,3,2
45122,2023,7,15,7,2,80,1,11,0,5,2
45122,2023,7,15,7,3,101,67,9,1,3,2
45122,2023,7,15,7,3,40,1,11,0,5,2
45122,2023,7,15,7,2,282,82,9,1,3,2
45122,2023,7,15,7,2,282,67,20,0,2,1
45122,2023,7,15,7,2,222,82,7,0,2,2
45122,2023,7,15,7,3,285,1,11,0,2,2
45122,2023,7,15,7,3,343,33,11,1,3,2
45122,2023,7,15,7,2,163,64,20,0,2,1
45122,2023,7,15,7,3,116,1,12,1,3,2
45122,2023,7,15,7,3,70,52,12,0,2,2
45122,2023,7,15,7,3,60,11,20,0,2,1
45122,2023,7,15,7,3,101,1,12,1,1,1
45122,2023,7,15,7,3,116,33,11,0,3,2
45122,2023,7,15,7,3,230,16,12,0,3,2
45122,2023,7,15,7,3,101,11,12,1,2,2
45122,2023,7,15,7,3,20,1,11,1,3,2
45122,2023,7,15,7,3,116,67,20,0,1,1
45122,2023,7,15,7,3,101,64,21,0,1,1
45122,2023,7,15,7,3,101,28,21,1,1,1
45122,2023,7,15,7,3,20,52,7,0,1,1
45122,2023,7,15,7,3,163,49,20,0,2,1
45122,2023,7,15,7,3,470,83,20,0,2,1
45122,2023,7,15,7,3,316,82,9,0,2,2
45122,2023,7,15,7,3,116,11,12,0,4,3
45098,2023,6,21,4,4,290,81,12,1,4,2
45122,2023,7,15,7,3,116,1,11,1,4,2
45122,2023,7,15,7,2,369,16,12,0,2,2
45122,2023,7,15,7,3,285,80,7,0,6,2
45122,2023,7,15,7,3,116,51,11,1,2,2
45061,2023,5,15,2,1,116,11,12,1,3,3
45122,2023,7,15,7,3,470,51,7,0,5,2
45122,2023,7,15,7,3,101,67,12,1,3,3
45122,2023,7,15,7,3,116,52,9,1,1,1
45122,2023,7,15,7,3,101,67,12,1,2,2
45096,2023,6,19,2,4,116,11,20,1,1,1
45122,2023,7,15,7,3,280,20,11,1,4,3
45122,2023,7,15,7,3,428,49,9,1,3,2
45122,2023,7,15,7,3,101,67,20,0,2,1
45122,2023,7,15,7,3,40,11,12,1,2,2
45122,2023,7,15,7,3,277,67,4,0,1,1
45122,2023,7,15,7,3,116,49,12,1,3,3
45122,2023,7,15,7,3,60,49,20,0,1,1
45122,2023,7,15,7,3,230,49,9,0,3,3
45122,2023,7,15,7,3,470,67,12,0,3,2
45122,2023,7,15,7,3,316,20,9,0,2,2
45122,2023,7,15,7,2,381,83,7,0,8,2
45122,2023,7,15,7,3,101,11,15,0,3,3
45122,2023,7,15,7,2,381,52,9,0,1,1
45122,2023,7,15,7,3,376,17,11,1,2,2
45122,2023,7,15,7,3,163,49,9,0,3,2
45122,2023,7,15,7,4,153,67,12,1,6,2
45122,2023,7,15,7,4,116,80,7,0,3,2
45122,2023,7,15,7,4,116,11,12,0,3,2
45122,2023,7,15,7,3,101,52,12,1,4,2
45122,2023,7,15,7,4,153,1,12,0,3,2
45122,2023,7,15,7,4,386,1,11,0,6,2
45122,2023,7,15,7,3,116,67,12,0,7,5
45122,2023,7,15,7,4,235,2,7,1,2,2
45122,2023,7,15,7,3,116,82,9,0,5,2
45122,2023,7,15,7,4,376,67,20,0,1,1
45122,2023,7,15,7,3,116,11,4,1,3,2
45122,2023,7,15,7,3,116,1,11,1,2,1
45122,2023,7,15,7,4,282,49,10,0,3,2
45122,2023,7,15,7,3,232,16,12,0,6,2
45122,2023,7,15,7,4,40,18,20,1,1,1
45122,2023,7,15,7,3,104,80,7,1,3,2
45122,2023,7,15,7,4,50,1,12,1,2,2
45122,2023,7,15,7,4,101,20,7,1,4,2
45122,2023,7,15,7,4,262,1,11,1,2,2
45122,2023,7,15,7,4,163,1,12,1,2,2
45122,2023,7,15,7,4,381,67,9,1,2,2
45122,2023,7,15,7,3,420,49,2,0,2,2
45122,2023,7,15,7,4,376,52,9,1,2,2
45122,2023,7,15,7,4,101,18,20,0,1,1
45122,2023,7,15,7,4,116,67,4,0,1,1
45122,2023,7,15,7,4,153,81,2,1,2,2
45122,2023,7,15,7,3,40,49,20,0,1,1
45122,2023,7,15,7,4,163,11,12,0,2,2
45121,2023,7,14,6,4,262,7,20,0,1,1
45122,2023,7,15,7,3,242,83,20,0,1,1
45122,2023,7,15,7,4,101,1,12,1,4,2
45122,2023,7,15,7,4,101,1,2,0,2,2
45122,2023,7,15,7,4,101,49,12,0,2,2
45122,2023,7,15,7,4,101,80,7,0,3,2
45122,2023,7,15,7,4,280,49,4,1,1,1
45122,2023,7,15,7,4,423,83,1,0,1,1
45123,2023,7,16,1,1,277,49,20,1,1,1
45122,2023,7,15,7,4,476,2,12,0,3,2
45122,2023,7,15,7,4,116,80,7,0,3,2
45122,2023,7,15,7,4,393,67,10,1,3,3
45123,2023,7,16,1,1,282,49,10,0,4,2
45122,2023,7,15,7,3,364,11,12,1,2,2
45123,2023,7,16,1,1,364,49,20,0,1,1
45123,2023,7,16,1,1,343,11,9,0,3,2
45123,2023,7,16,1,1,373,49,2,1,3,2
45123,2023,7,16,1,1,222,49,21,0,1,1
45123,2023,7,16,1,1,381,83,21,1,1,1
45123,2023,7,16,1,1,101,49,12,1,2,2
45123,2023,7,16,1,1,381,16,11,1,2,2
45122,2023,7,15,7,3,317,11,12,0,2,2
45123,2023,7,16,1,1,101,67,20,0,2,1
45123,2023,7,16,1,1,282,67,4,1,1,1
45123,2023,7,16,1,1,262,11,12,0,3,2
45122,2023,7,15,7,3,364,80,10,1,4,4
45123,2023,7,16,1,1,40,11,20,0,2,1
45123,2023,7,16,1,1,361,16,12,0,5,2
45123,2023,7,16,1,1,230,83,4,1,1,1
45122,2023,7,15,7,4,101,9,1,1,4,3
45123,2023,7,16,1,1,465,67,7,1,3,2
45123,2023,7,16,1,1,381,11,4,1,1,1
45123,2023,7,16,1,1,116,49,12,1,2,2
45123,2023,7,16,1,1,101,11,4,1,1,1
45123,2023,7,16,1,1,101,11,9,0,3,2
45123,2023,7,16,1,2,60,49,21,0,1,1
45123,2023,7,16,1,1,116,49,4,0,2,2
45123,2023,7,16,1,2,381,11,20,0,4,1
45123,2023,7,16,1,2,470,11,20,1,1,1
45123,2023,7,16,1,2,116,28,18,1,2,1
45123,2023,7,16,1,2,226,13,21,1,2,1
45123,2023,7,16,1,1,364,67,9,1,2,2
45123,2023,7,16,1,1,369,67,20,0,1,1
45122,2023,7,15,7,4,70,28,20,0,5,1
45123,2023,7,16,1,1,101,80,10,0,3,2
45123,2023,7,16,1,1,101,25,12,1,3,2
45122,2023,7,15,7,4,116,9,1,0,1,1
45123,2023,7,16,1,1,364,49,20,0,4,1
45123,2023,7,16,1,2,232,80,7,0,2,2
45102,2023,6,25,1,1,101,49,21,0,1,1
45123,2023,7,16,1,1,290,9,1,0,1,1
45123,2023,7,16,1,2,70,49,4,1,1,1
45123,2023,7,16,1,2,319,33,11,1,2,2
45123,2023,7,16,1,1,116,51,20,0,1,1
45123,2023,7,16,1,2,101,80,7,0,2,2
45116,2023,7,9,1,1,319,67,2,0,3,2
45123,2023,7,16,1,2,40,83,20,0,3,1
45123,2023,7,16,1,2,70,83,20,0,1,1
45123,2023,7,16,1,1,282,49,20,0,2,1
45100,2023,6,23,6,1,386,18,20,0,1,1
45101,2023,6,24,7,3,163,72,11,0,5,2
45123,2023,7,16,1,2,163,11,12,1,4,2
45123,2023,7,16,1,2,369,67,20,0,3,1
45118,2023,7,11,3,2,135,82,9,0,1,1
45123,2023,7,16,1,2,116,56,21,0,1,1
45123,2023,7,16,1,2,230,67,21,1,2,1
45123,2023,7,16,1,2,101,83,20,0,1,1
45123,2023,7,16,1,2,153,33,11,0,3,2
45123,2023,7,16,1,2,101,11,12,0,4,3
45123,2023,7,16,1,1,471,67,20,0,1,1
45123,2023,7,16,1,2,116,11,20,0,4,1
45123,2023,7,16,1,2,472,20,11,1,3,2
45123,2023,7,16,1,3,101,67,12,0,5,2
45123,2023,7,16,1,3,287,67,11,0,2,2
45123,2023,7,16,1,3,116,11,12,0,2,2
45123,2023,7,16,1,3,290,2,11,1,3,2
45123,2023,7,16,1,3,324,52,20,0,1,1
45123,2023,7,16,1,3,116,1,9,0,3,2
45123,2023,7,16,1,3,40,13,4,0,6,2
45123,2023,7,16,1,3,381,11,4,0,1,1
45123,2023,7,16,1,3,50,11,20,0,1,1
45123,2023,7,16,1,2,381,21,20,0,4,1
45123,2023,7,16,1,3,356,11,2,0,4,2
45123,2023,7,16,1,3,364,1,11,1,2,2
45123,2023,7,16,1,3,405,20,4,0,2,1
45123,2023,7,16,1,3,392,11,21,0,2,1
45123,2023,7,16,1,3,40,2,10,1,2,2
45122,2023,7,15,7,3,459,83,20,0,1,1
45123,2023,7,16,1,2,235,33,11,0,3,2
45123,2023,7,16,1,3,262,83,20,0,3,2
45123,2023,7,16,1,3,226,51,4,0,1,1
45123,2023,7,16,1,3,163,18,4,0,2,1
45123,2023,7,16,1,2,364,49,20,0,8,1
45123,2023,7,16,1,3,282,20,11,0,2,2
45123,2023,7,16,1,3,116,67,9,0,2,2
45123,2023,7,16,1,3,293,52,20,0,5,2
45123,2023,7,16,1,3,101,28,18,0,1,1
45123,2023,7,16,1,3,376,28,21,1,2,1
45123,2023,7,16,1,3,230,11,9,0,3,2
45123,2023,7,16,1,2,277,11,20,0,1,1
45123,2023,7,16,1,3,116,67,4,1,3,1
45123,2023,7,16,1,3,364,1,11,1,5,2
45123,2023,7,16,1,3,146,33,11,0,5,2
45123,2023,7,16,1,3,386,52,9,0,7,2
45123,2023,7,16,1,3,116,20,11,0,2,2
45123,2023,7,16,1,3,153,82,20,0,6,2
45123,2023,7,16,1,3,101,52,9,0,3,2
45123,2023,7,16,1,3,158,83,21,0,1,1
45123,2023,7,16,1,3,392,80,7,0,2,2
45123,2023,7,16,1,2,163,11,20,0,1,1
45123,2023,7,16,1,3,101,11,12,1,4,2
45123,2023,7,16,1,3,80,82,7,0,2,2
45123,2023,7,16,1,3,424,28,18,0,3,1
44935,2023,1,9,2,2,267,18,20,0,1,1
45123,2023,7,16,1,4,101,9,1,0,2,1
45123,2023,7,16,1,3,163,48,12,0,3,2
45123,2023,7,16,1,3,381,16,12,1,3,2
45123,2023,7,16,1,4,101,33,11,1,2,2
45123,2023,7,16,1,4,116,11,3,1,2,1
45123,2023,7,16,1,3,101,80,7,1,4,2
45123,2023,7,16,1,3,381,80,7,0,3,2
45123,2023,7,16,1,3,70,1,11,1,3,2
45123,2023,7,16,1,3,110,80,7,0,5,2
45123,2023,7,16,1,3,60,67,3,0,2,1
45123,2023,7,16,1,4,381,49,21,1,2,2
45123,2023,7,16,1,4,101,60,2,0,2,2
45123,2023,7,16,1,3,226,83,3,0,11,1
45123,2023,7,16,1,4,381,81,9,1,2,2
45123,2023,7,16,1,3,163,80,7,1,2,2
45123,2023,7,16,1,4,80,49,15,0,5,4
45123,2023,7,16,1,3,277,1,11,0,2,2
45123,2023,7,16,1,4,101,49,9,1,3,2
45123,2023,7,16,1,2,470,1,12,1,3,2
45123,2023,7,16,1,3,230,80,7,1,2,2
45123,2023,7,16,1,4,319,67,11,1,2,2
45123,2023,7,16,1,3,116,52,9,1,2,2
45123,2023,7,16,1,3,101,49,11,1,5,2
45123,2023,7,16,1,4,406,49,12,0,2,2
45123,2023,7,16,1,4,101,60,2,0,2,2
45123,2023,7,16,1,3,40,16,12,0,2,2
45123,2023,7,16,1,3,369,70,20,0,3,1
45123,2023,7,16,1,4,282,12,12,0,4,2
45123,2023,7,16,1,3,470,1,11,0,2,2
45123,2023,7,16,1,4,116,80,7,1,6,2
45123,2023,7,16,1,4,20,3,11,0,4,2
45123,2023,7,16,1,4,101,83,4,0,1,1
45123,2023,7,16,1,4,493,20,9,1,2,2
45123,2023,7,16,1,4,232,82,7,0,7,2
45123,2023,7,16,1,4,101,33,11,1,3,2
45123,2023,7,16,1,4,116,28,18,0,2,1
45123,2023,7,16,1,4,369,83,12,0,4,2
45123,2023,7,16,1,4,158,49,7,0,4,2
45123,2023,7,16,1,3,280,80,10,0,2,2
45123,2023,7,16,1,4,153,49,4,0,1,1
45123,2023,7,16,1,3,280,1,11,1,4,3
45123,2023,7,16,1,4,423,9,1,0,3,1
45123,2023,7,16,1,4,230,49,20,0,1,1
45123,2023,7,16,1,4,101,83,3,0,4,1
45079,2023,6,2,6,3,470,72,11,0,2,2
45123,2023,7,16,1,4,163,11,20,0,1,1
45123,2023,7,16,1,4,40,49,20,0,1,1
45123,2023,7,16,1,4,251,49,21,1,2,1
45123,2023,7,16,1,4,101,67,12,1,4,2
45123,2023,7,16,1,4,116,1,11,0,5,2
45123,2023,7,16,1,4,104,2,11,0,2,2
45123,2023,7,16,1,4,70,1,9,1,3,2
45123,2023,7,16,1,4,116,83,20,0,1,1
45123,2023,7,16,1,4,116,80,21,0,4,3
45124,2023,7,17,2,1,20,11,4,1,1,1
45124,2023,7,17,2,1,381,18,4,1,5,1
45124,2023,7,17,2,1,308,11,20,0,2,1
45124,2023,7,17,2,1,277,16,12,1,2,2
45124,2023,7,17,2,1,116,80,10,0,6,2
45124,2023,7,17,2,1,101,1,7,1,3,3
45124,2023,7,17,2,1,324,82,7,0,4,2
45123,2023,7,16,1,3,101,83,20,0,2,1
45124,2023,7,17,2,2,316,9,1,0,1,1
45124,2023,7,17,2,2,40,11,20,1,2,2
45124,2023,7,17,2,1,101,18,4,0,1,1
45124,2023,7,17,2,1,230,67,12,1,4,2
45124,2023,7,17,2,1,376,28,21,0,2,1
45123,2023,7,16,1,4,265,11,20,1,3,1
45124,2023,7,17,2,2,101,33,21,1,2,2
45124,2023,7,17,2,1,267,67,7,0,17,2
45124,2023,7,17,2,2,324,20,11,1,2,2
45124,2023,7,17,2,1,470,80,7,0,4,2
45114,2023,7,7,6,2,423,16,12,0,2,2
45124,2023,7,17,2,2,101,52,9,1,2,2
45124,2023,7,17,2,2,282,2,11,0,2,2
45124,2023,7,17,2,2,40,41,4,1,2,1
45054,2023,5,8,2,2,116,61,2,1,2,2
45124,2023,7,17,2,2,101,5,21,1,2,1
45124,2023,7,17,2,2,101,1,11,0,2,2
45124,2023,7,17,2,2,364,67,12,1,2,2
45124,2023,7,17,2,2,101,1,11,0,2,2
45124,2023,7,17,2,2,381,67,20,0,2,1
45124,2023,7,17,2,2,101,11,20,1,1,1
45124,2023,7,17,2,2,381,11,12,1,2,2
45124,2023,7,17,2,2,277,11,12,1,1,1
45124,2023,7,17,2,2,101,52,9,1,2,2
45124,2023,7,17,2,2,277,16,12,0,1,1
45124,2023,7,17,2,2,116,52,9,1,3,2
45124,2023,7,17,2,2,40,67,12,0,2,2
45122,2023,7,15,7,3,365,11,20,0,1,1
45124,2023,7,17,2,2,230,11,11,1,2,2
45124,2023,7,17,2,2,365,1,11,1,2,2
45124,2023,7,17,2,2,101,16,12,0,3,2
45124,2023,7,17,2,2,60,61,2,0,6,2
45124,2023,7,17,2,2,101,18,7,1,4,3
45124,2023,7,17,2,2,116,16,9,1,6,3
45103,2023,6,26,2,2,343,80,7,1,2,2
45113,2023,7,6,5,1,282,83,7,0,3,2
45124,2023,7,17,2,2,116,64,4,0,1,1
45124,2023,7,17,2,2,60,16,12,1,2,2
45124,2023,7,17,2,2,277,83,20,0,2,1
45124,2023,7,17,2,2,230,80,12,1,2,2
45124,2023,7,17,2,2,230,67,21,1,1,1
45124,2023,7,17,2,2,116,13,21,0,2,1
45124,2023,7,17,2,2,316,16,12,1,2,2
45124,2023,7,17,2,2,116,67,20,0,1,1
45124,2023,7,17,2,2,163,11,12,1,4,2
45124,2023,7,17,2,2,381,11,21,0,2,1
45124,2023,7,17,2,2,101,18,4,0,4,1
45081,2023,6,4,1,1,101,49,4,1,1,1
45124,2023,7,17,2,2,280,20,7,0,5,2
45124,2023,7,17,2,2,116,15,20,0,1,1
45124,2023,7,17,2,2,364,67,20,0,2,1
45124,2023,7,17,2,2,50,9,3,1,1,1
45124,2023,7,17,2,2,381,16,12,0,2,2
45124,2023,7,17,2,3,153,1,11,1,3,2
45124,2023,7,17,2,3,116,11,4,0,3,1
45124,2023,7,17,2,3,116,11,12,1,1,1
45124,2023,7,17,2,3,262,18,20,0,1,1
45124,2023,7,17,2,2,153,16,10,0,3,2
45124,2023,7,17,2,3,230,1,11,1,2,2
45124,2023,7,17,2,2,163,16,12,0,2,2
45124,2023,7,17,2,2,324,16,12,0,2,2
45124,2023,7,17,2,3,116,67,9,0,3,2
45124,2023,7,17,2,3,316,11,12,0,2,2
45124,2023,7,17,2,3,116,11,12,0,2,2
45124,2023,7,17,2,3,116,67,21,0,1,1
45124,2023,7,17,2,2,230,3,21,0,1,1
45044,2023,4,28,6,4,116,9,1,0,1,1
45124,2023,7,17,2,3,423,16,12,0,3,2
45124,2023,7,17,2,3,393,33,11,0,2,2
45108,2023,7,1,7,3,116,49,20,1,1,1
45124,2023,7,17,2,3,262,83,20,0,3,1
45124,2023,7,17,2,3,101,34,12,0,2,2
45124,2023,7,17,2,3,222,67,9,1,2,2
45067,2023,5,21,1,2,282,67,20,0,2,1
45124,2023,7,17,2,3,60,52,9,1,2,2
45124,2023,7,17,2,3,101,28,18,0,2,1
45124,2023,7,17,2,3,364,1,11,1,2,2
45124,2023,7,17,2,3,116,13,21,0,1,1
45124,2023,7,17,2,3,153,1,11,0,3,3
45124,2023,7,17,2,3,80,83,4,0,2,1
45124,2023,7,17,2,3,101,11,12,0,2,2
45124,2023,7,17,2,3,116,13,20,0,2,1
45124,2023,7,17,2,3,153,19,12,0,2,2
45124,2023,7,17,2,2,40,11,4,0,1,1
45124,2023,7,17,2,3,235,49,4,1,1,1
45124,2023,7,17,2,3,101,11,9,1,2,2
45124,2023,7,17,2,3,101,28,21,0,2,1
45124,2023,7,17,2,2,101,11,12,1,2,2
45124,2023,7,17,2,3,101,52,9,1,2,2
45061,2023,5,15,2,1,230,11,20,0,13,1
45124,2023,7,17,2,3,316,66,21,0,1,1
45124,2023,7,17,2,3,381,67,21,1,2,1
45124,2023,7,17,2,3,158,3,3,0,3,1
45124,2023,7,17,2,3,369,82,9,1,2,2
45115,2023,7,8,7,2,364,82,7,1,3,2
45124,2023,7,17,2,3,277,67,20,1,1,1
45124,2023,7,17,2,3,290,28,18,1,1,1
45124,2023,7,17,2,3,101,11,9,0,2,2
45124,2023,7,17,2,3,280,81,11,0,2,2
45014,2023,3,29,4,3,101,1,11,1,2,2
45124,2023,7,17,2,4,101,1,11,0,2,2
45124,2023,7,17,2,4,116,4,21,1,1,1