id_data,ano,mes,dia,id_dia_semana,periodo,br,id_causa_acidente,id_tipo_acidente,id_uso_solo,pessoas,veiculos
45129,2023,7,22,7,2,116,80,10,1,3,2
45129,2023,7,22,7,2,393,52,20,0,3,1
45009,2023,3,24,6,4,376,11,12,1,1,1
45129,2023,7,22,7,2,116,83,11,1,1,1
45129,2023,7,22,7,2,70,83,12,1,2,2
45129,2023,7,22,7,2,116,16,12,1,3,3
45129,2023,7,22,7,2,354,67,11,1,2,2
45129,2023,7,22,7,2,40,78,9,0,1,1
45129,2023,7,22,7,2,101,1,7,0,3,2
45122,2023,7,15,7,1,163,49,4,0,1,1
45129,2023,7,22,7,3,470,11,21,1,2,1
45129,2023,7,22,7,3,116,67,4,1,1,1
45129,2023,7,22,7,2,101,52,9,0,2,2
45129,2023,7,22,7,2,428,1,11,1,3,2
45129,2023,7,22,7,3,135,67,20,0,4,1
45036,2023,4,20,5,4,277,11,12,0,2,2
45129,2023,7,22,7,2,393,67,12,1,2,2
45129,2023,7,22,7,3,381,67,9,1,2,2
45089,2023,6,12,2,2,101,33,11,1,2,2
45129,2023,7,22,7,3,50,18,20,0,4,1
45129,2023,7,22,7,3,104,49,10,1,2,2
45129,2023,7,22,7,3,343,52,12,1,3,3
45129,2023,7,22,7,2,116,49,20,0,1,1
45129,2023,7,22,7,3,293,1,11,0,2,2
45129,2023,7,22,7,3,469,16,12,0,3,2
45129,2023,7,22,7,3,116,28,21,1,2,1
45129,2023,7,22,7,3,381,1,11,1,2,2
45129,2023,7,22,7,2,364,65,4,0,5,2
45129,2023,7,22,7,3,101,1,9,1,2,2
45129,2023,7,22,7,3,381,1,12,1,5,2
45129,2023,7,22,7,3,116,72,11,0,2,2
45129,2023,7,22,7,3,101,16,12,1,2,2
45118,2023,7,11,3,1,174,14,14,0,2,1
45129,2023,7,22,7,3,40,1,12,1,2,2
45129,2023,7,22,7,3,116,1,11,0,2,2
45129,2023,7,22,7,3,285,18,20,0,1,1
45129,2023,7,22,7,3,259,67,11,1,3,2
45024,2023,4,8,7,1,290,25,9,1,4,2
45129,2023,7,22,7,3,101,49,9,1,2,2
45129,2023,7,22,7,3,364,17,11,1,2,2
45125,2023,7,18,3,4,393,67,12,1,2,2
45129,2023,7,22,7,2,116,61,2,1,2,2
45129,2023,7,22,7,3,116,83,7,0,4,2
45129,2023,7,22,7,3,116,82,7,0,6,3
45129,2023,7,22,7,3,470,20,12,1,2,2
45129,2023,7,22,7,3,153,51,20,0,2,1
45129,2023,7,22,7,3,282,28,20,1,2,1
45129,2023,7,22,7,3,116,28,20,0,1,1
45129,2023,7,22,7,3,232,1,2,0,2,2
45129,2023,7,22,7,3,80,67,11,0,7,3
45129,2023,7,22,7,3,116,35,2,0,2,2
45129,2023,7,22,7,3,116,16,7,0,3,3
45129,2023,7,22,7,3,70,67,20,0,5,1
45129,2023,7,22,7,3,376,1,11,0,3,2
45129,2023,7,22,7,4,116,16,12,1,8,3
45129,2023,7,22,7,4,369,49,7,1,3,2
45129,2023,7,22,7,2,101,61,2,1,2,2
45129,2023,7,22,7,3,369,16,12,1,2,2
45129,2023,7,22,7,3,364,11,12,1,2,2
45129,2023,7,22,7,4,116,1,9,1,3,2
45129,2023,7,22,7,4,101,11,12,1,2,2
45129,2023,7,22,7,4,101,11,12,1,3,2
45129,2023,7,22,7,3,467,83,20,0,1,1
45129,2023,7,22,7,4,50,46,20,1,1,1
45129,2023,7,22,7,3,262,1,11,0,2,2
45129,2023,7,22,7,4,343,9,1,1,1,1
45129,2023,7,22,7,4,101,1,9,0,2,2
45065,2023,5,19,6,4,376,10,2,1,2,2
45129,2023,7,22,7,4,381,80,7,1,2,2
45129,2023,7,22,7,3,262,67,10,0,1,1
45129,2023,7,22,7,3,70,1,11,1,4,3
45129,2023,7,22,7,4,101,61,2,1,3,3
45129,2023,7,22,7,4,316,35,2,1,2,2
45129,2023,7,22,7,4,101,49,20,1,1,1
45129,2023,7,22,7,4,262,11,20,0,2,1
45129,2023,7,22,7,3,262,1,11,1,4,3
45129,2023,7,22,7,4,153,82,10,0,6,3
45129,2023,7,22,7,3,20,29,4,0,3,1
45129,2023,7,22,7,3,282,49,10,0,5,3
45129,2023,7,22,7,4,104,35,2,1,2,2
45129,2023,7,22,7,4,70,49,12,0,2,2
45129,2023,7,22,7,2,230,52,7,1,2,2
45129,2023,7,22,7,3,280,83,20,0,1,1
45129,2023,7,22,7,4,116,20,11,1,3,2
45129,2023,7,22,7,4,324,49,11,1,2,2
45129,2023,7,22,7,4,20,67,20,0,1,1
45129,2023,7,22,7,4,493,67,21,1,1,1
45129,2023,7,22,7,4,50,52,9,1,3,2
45129,2023,7,22,7,4,60,1,12,0,2,2
45129,2023,7,22,7,4,101,67,9,0,3,2
45129,2023,7,22,7,4,232,80,7,1,4,2
45129,2023,7,22,7,4,50,16,12,0,4,2
45129,2023,7,22,7,4,101,4,20,1,1,1
45129,2023,7,22,7,4,402,11,20,0,1,1
45129,2023,7,22,7,4,163,49,20,0,1,1
45129,2023,7,22,7,4,101,49,11,1,2,2
45129,2023,7,22,7,4,364,80,10,0,3,2
45129,2023,7,22,7,4,101,11,4,1,1,1
45129,2023,7,22,7,4,376,16,12,1,3,3
45008,2023,3,23,5,3,316,16,12,1,3,2
45129,2023,7,22,7,4,116,82,12,0,2,2
45129,2023,7,22,7,4,101,1,7,1,2,2
45129,2023,7,22,7,2,470,1,11,0,2,2
45129,2023,7,22,7,4,135,11,11,1,1,1
45129,2023,7,22,7,4,277,83,20,1,1,1
45129,2023,7,22,7,4,392,67,20,0,3,1
45130,2023,7,23,1,1,101,16,12,1,3,3
45129,2023,7,22,7,4,381,61,2,1,3,3
45130,2023,7,23,1,1,365,11,4,1,1,1
45130,2023,7,23,1,1,101,49,3,1,3,1
45130,2023,7,23,1,1,316,67,20,1,1,1
45130,2023,7,23,1,1,101,67,21,1,2,1
45130,2023,7,23,1,1,116,80,7,0,6,2
45130,2023,7,23,1,1,230,80,7,1,3,2
45130,2023,7,23,1,1,324,83,12,0,2,1
45129,2023,7,22,7,4,316,70,20,0,3,1
45130,2023,7,23,1,1,101,83,21,0,2,1
45130,2023,7,23,1,1,135,11,21,0,1,1
45130,2023,7,23,1,1,369,11,20,0,1,1
45130,2023,7,23,1,1,364,9,1,0,1,1
45130,2023,7,23,1,1,381,18,3,0,2,1
45130,2023,7,23,1,1,116,67,20,0,4,1
45130,2023,7,23,1,1,287,49,7,0,6,2
45130,2023,7,23,1,1,116,83,4,0,1,1
45130,2023,7,23,1,1,163,49,20,0,1,1
45130,2023,7,23,1,1,158,11,20,0,1,1
45130,2023,7,23,1,1,293,79,20,1,2,2
45130,2023,7,23,1,1,40,82,20,0,4,1
45130,2023,7,23,1,1,467,60,2,0,2,2
45130,2023,7,23,1,1,40,18,7,0,3,2
45130,2023,7,23,1,1,304,60,2,0,2,2
45130,2023,7,23,1,2,116,11,12,1,2,2
45122,2023,7,15,7,2,463,83,20,0,1,1
45130,2023,7,23,1,1,116,67,4,0,1,1
45130,2023,7,23,1,1,101,81,7,0,2,2
45130,2023,7,23,1,1,135,67,3,0,1,1
45049,2023,5,3,4,2,235,16,11,1,2,2
45130,2023,7,23,1,1,116,52,21,0,1,1
45130,2023,7,23,1,1,153,49,10,0,4,2
45130,2023,7,23,1,2,101,11,9,1,3,3
45129,2023,7,22,7,4,407,48,2,1,2,2
45130,2023,7,23,1,2,116,11,12,0,2,2
45130,2023,7,23,1,2,101,49,4,0,1,1
45130,2023,7,23,1,2,60,67,20,0,7,1
45129,2023,7,22,7,4,101,67,20,0,2,1
45130,2023,7,23,1,1,364,20,7,0,3,2
45130,2023,7,23,1,2,251,64,20,0,2,1
45130,2023,7,23,1,2,101,11,12,1,4,2
45130,2023,7,23,1,2,262,18,20,0,3,1
45130,2023,7,23,1,1,116,49,20,0,1,1
45130,2023,7,23,1,2,230,67,20,0,3,1
45130,2023,7,23,1,2,393,15,7,1,3,2
45130,2023,7,23,1,2,381,25,7,1,4,2
45130,2023,7,23,1,1,230,11,20,0,1,1
45130,2023,7,23,1,2,364,1,9,1,2,2
45130,2023,7,23,1,2,116,82,12,1,3,2
45130,2023,7,23,1,2,40,44,21,1,2,1
45130,2023,7,23,1,2,381,67,12,1,2,2
45130,2023,7,23,1,2,324,72,11,1,3,2
45130,2023,7,23,1,2,365,67,4,1,2,2
45130,2023,7,23,1,2,381,52,9,1,2,2
45130,2023,7,23,1,2,101,1,2,1,3,3
45130,2023,7,23,1,2,40,11,20,0,1,1
45130,2023,7,23,1,2,116,16,15,1,4,3
45130,2023,7,23,1,2,376,9,1,1,1,1
45130,2023,7,23,1,2,356,67,4,0,1,1
45130,2023,7,23,1,2,290,80,7,0,7,3
45130,2023,7,23,1,2,101,16,12,0,4,2
45130,2023,7,23,1,2,470,72,11,1,6,2
45130,2023,7,23,1,2,304,2,11,0,2,2
45130,2023,7,23,1,2,101,33,11,0,5,2
45130,2023,7,23,1,2,116,67,9,0,4,2
45130,2023,7,23,1,2,110,11,2,1,3,2
45130,2023,7,23,1,2,267,67,20,0,5,1
45130,2023,7,23,1,1,262,67,20,1,1,1
45130,2023,7,23,1,3,365,11,20,0,2,1
45130,2023,7,23,1,2,277,67,4,0,1,1
45130,2023,7,23,1,2,280,1,11,1,2,2
45130,2023,7,23,1,2,282,51,10,0,4,2
45130,2023,7,23,1,3,230,11,10,0,2,2
45130,2023,7,23,1,3,101,67,11,1,3,2
45084,2023,6,7,4,2,101,16,12,1,2,2
45130,2023,7,23,1,2,30,67,20,0,2,1
45130,2023,7,23,1,3,232,16,12,0,3,2
45130,2023,7,23,1,3,101,11,12,1,2,2
45130,2023,7,23,1,3,116,16,12,0,2,2
45130,2023,7,23,1,2,405,80,7,0,2,2
45130,2023,7,23,1,3,40,11,20,0,1,1
45130,2023,7,23,1,3,232,11,12,0,4,2
45130,2023,7,23,1,3,381,83,21,0,1,1
45130,2023,7,23,1,3,381,78,12,0,2,2
45130,2023,7,23,1,3,40,67,20,1,2,1
45130,2023,7,23,1,3,262,13,7,0,4,2
45130,2023,7,23,1,3,101,11,12,1,2,2
45130,2023,7,23,1,3,163,11,11,1,2,2
45130,2023,7,23,1,3,50,13,21,0,1,1
45130,2023,7,23,1,3,280,83,20,0,1,1
45130,2023,7,23,1,3,304,20,11,1,4,2
45130,2023,7,23,1,3,101,82,10,1,2,2
45130,2023,7,23,1,3,116,83,4,0,5,2
45130,2023,7,23,1,3,60,11,21,0,2,1
45130,2023,7,23,1,3,369,1,11,1,3,2
45130,2023,7,23,1,3,70,67,3,0,2,1
45130,2023,7,23,1,3,280,80,11,1,2,2
45130,2023,7,23,1,3,146,33,11,0,6,2
45130,2023,7,23,1,3,232,44,12,1,8,3
45130,2023,7,23,1,3,316,49,12,1,4,3
45130,2023,7,23,1,3,60,67,20,0,6,1
45130,2023,7,23,1,3,116,1,12,1,4,3
45130,2023,7,23,1,3,381,11,12,1,3,2
45130,2023,7,23,1,3,40,1,12,1,2,2
45130,2023,7,23,1,3,262,11,12,1,2,2
45130,2023,7,23,1,3,381,28,18,0,1,1
45130,2023,7,23,1,3,146,67,12,0,5,3
45130,2023,7,23,1,3,262,83,21,0,1,1
45130,2023,7,23,1,3,101,1,7,1,2,2
45130,2023,7,23,1,3,280,16,12,0,5,2
45130,2023,7,23,1,3,386,67,3,0,3,1
45130,2023,7,23,1,3,116,49,12,0,2,2
45130,2023,7,23,1,3,232,67,12,0,4,4
45130,2023,7,23,1,3,285,20,9,0,4,3
45130,2023,7,23,1,3,470,65,21,0,2,1
45130,2023,7,23,1,3,60,52,12,0,2,2
45130,2023,7,23,1,3,262,28,21,0,2,1
45130,2023,7,23,1,3,493,11,4,0,2,1
45130,2023,7,23,1,3,356,11,4,0,3,1
45130,2023,7,23,1,3,381,49,20,1,2,1
45130,2023,7,23,1,3,101,11,20,1,1,1
45130,2023,7,23,1,3,324,11,2,1,2,2
45130,2023,7,23,1,3,262,20,7,1,3,2
45130,2023,7,23,1,3,20,1,11,1,5,3
45130,2023,7,23,1,3,262,11,12,0,4,2
45130,2023,7,23,1,3,101,16,12,1,2,2
45130,2023,7,23,1,3,101,67,12,0,3,2
45130,2023,7,23,1,3,163,67,9,0,2,2
45130,2023,7,23,1,2,116,72,11,1,4,2
45130,2023,7,23,1,3,116,78,9,0,5,3
45130,2023,7,23,1,3,392,1,11,0,3,2
45130,2023,7,23,1,3,40,21,9,1,2,2
45130,2023,7,23,1,3,40,1,11,0,2,2
45130,2023,7,23,1,3,40,11,12,1,2,2
45128,2023,7,21,6,4,101,52,9,0,2,2
45130,2023,7,23,1,3,101,11,3,0,1,1
45130,2023,7,23,1,4,158,61,2,1,6,2
45130,2023,7,23,1,3,232,82,20,0,1,1
45130,2023,7,23,1,4,116,11,9,1,2,2
45130,2023,7,23,1,4,470,36,7,0,2,2
45130,2023,7,23,1,4,277,16,12,1,2,2
45130,2023,7,23,1,4,116,80,10,0,5,4
45130,2023,7,23,1,3,364,18,20,0,1,1
45130,2023,7,23,1,4,101,16,12,1,2,2
45130,2023,7,23,1,3,386,11,12,0,2,2
45130,2023,7,23,1,4,230,33,10,1,3,3
45130,2023,7,23,1,3,50,49,4,1,4,1
45130,2023,7,23,1,4,280,82,7,0,2,2
45130,2023,7,23,1,3,101,67,15,0,4,3
45130,2023,7,23,1,4,40,49,2,1,4,3
45130,2023,7,23,1,4,381,83,21,0,1,1
45130,2023,7,23,1,4,40,49,4,0,1,1
45130,2023,7,23,1,4,116,16,12,0,6,2
45130,2023,7,23,1,4,277,67,11,0,4,2
45130,2023,7,23,1,3,393,1,11,1,2,2
45130,2023,7,23,1,4,163,80,10,0,5,2
45130,2023,7,23,1,2,420,11,3,0,1,1
45130,2023,7,23,1,4,316,35,2,1,2,2
45130,2023,7,23,1,3,402,80,10,0,10,3
45130,2023,7,23,1,4,376,61,2,1,2,2
45130,2023,7,23,1,4,242,28,18,0,3,1
45130,2023,7,23,1,3,381,1,9,0,2,2
45130,2023,7,23,1,4,116,9,1,1,1,1
45130,2023,7,23,1,3,101,1,11,1,2,2
45130,2023,7,23,1,3,424,67,21,0,1,1
45130,2023,7,23,1,4,40,49,20,1,2,2
45130,2023,7,23,1,4,20,83,12,1,2,2
45130,2023,7,23,1,4,153,2,10,0,5,2
45130,2023,7,23,1,3,101,56,20,0,2,1
45130,2023,7,23,1,4,365,9,1,0,2,1
45130,2023,7,23,1,3,101,36,4,1,3,2
45130,2023,7,23,1,4,153,80,10,0,2,2
45130,2023,7,23,1,4,101,52,12,1,6,2
45130,2023,7,23,1,4,277,67,21,1,1,1
45130,2023,7,23,1,4,101,82,11,1,8,3
45130,2023,7,23,1,4,369,9,1,0,7,2
45130,2023,7,23,1,4,493,28,18,0,1,1
45130,2023,7,23,1,4,230,16,12,1,2,2
45130,2023,7,23,1,4,135,11,12,1,2,2
45130,2023,7,23,1,3,361,9,4,0,1,1
45130,2023,7,23,1,4,116,49,20,0,1,1
45130,2023,7,23,1,4,116,11,20,0,1,1
45130,2023,7,23,1,4,101,60,2,0,2,2
45130,2023,7,23,1,4,324,49,12,0,2,2
45130,2023,7,23,1,4,101,49,3,1,2,1
45130,2023,7,23,1,4,116,11,21,1,1,1
45130,2023,7,23,1,4,364,81,2,0,3,3
45130,2023,7,23,1,4,493,67,12,1,3,2
45130,2023,7,23,1,4,10,25,12,0,4,2
45130,2023,7,23,1,4,493,46,20,0,2,1
45130,2023,7,23,1,4,343,80,7,0,41,2
45130,2023,7,23,1,4,277,18,20,0,2,1
45130,2023,7,23,1,4,493,81,2,1,3,2
45130,2023,7,23,1,4,101,49,12,1,6,2
45130,2023,7,23,1,4,308,80,7,0,7,2
45130,2023,7,23,1,4,376,83,3,0,2,1
45130,2023,7,23,1,4,101,1,12,1,3,2
45131,2023,7,24,2,1,116,35,2,0,2,2
45131,2023,7,24,2,1,365,64,20,0,1,1
45130,2023,7,23,1,4,70,16,12,0,4,2
45131,2023,7,24,2,1,158,49,20,0,1,1
45131,2023,7,24,2,1,60,56,4,0,1,1
45130,2023,7,23,1,4,480,49,20,0,3,1
45131,2023,7,24,2,1,226,18,20,0,4,1
45131,2023,7,24,2,1,343,80,2,1,3,2
45130,2023,7,23,1,4,153,28,18,0,2,1
45131,2023,7,24,2,2,369,16,12,1,3,3
45131,2023,7,24,2,1,116,64,7,0,4,3
45131,2023,7,24,2,2,40,78,12,1,2,2
45131,2023,7,24,2,2,343,9,1,0,2,1
45131,2023,7,24,2,2,101,52,10,1,2,2
45131,2023,7,24,2,2,316,11,1,0,2,1
45131,2023,7,24,2,1,101,67,20,1,3,1
45131,2023,7,24,2,2,116,78,9,1,5,3
45131,2023,7,24,2,2,101,16,12,0,2,2
45131,2023,7,24,2,2,116,52,12,1,2,2
45131,2023,7,24,2,1,116,28,4,1,2,1
45131,2023,7,24,2,2,381,83,3,0,5,1
45131,2023,7,24,2,2,324,1,9,0,3,2
45131,2023,7,24,2,2,476,52,9,0,3,3
45131,2023,7,24,2,2,40,16,12,0,2,2
45131,2023,7,24,2,2,40,78,2,0,2,2
45131,2023,7,24,2,2,116,67,2,0,2,2
45131,2023,7,24,2,2,324,28,21,1,2,1
45131,2023,7,24,2,2,290,16,21,1,1,1
45131,2023,7,24,2,2,20,11,12,1,2,2
45131,2023,7,24,2,2,101,17,11,1,2,2
45131,2023,7,24,2,2,381,11,20,0,1,1
45131,2023,7,24,2,2,316,11,9,1,2,2
45131,2023,7,24,2,2,116,16,12,1,2,2
45131,2023,7,24,2,2,101,52,4,1,1,1
45131,2023,7,24,2,2,101,11,20,0,1,1
45131,2023,7,24,2,2,50,11,12,1,2,2
45131,2023,7,24,2,2,277,52,9,0,3,2
45131,2023,7,24,2,2,373,67,20,0,2,1
45131,2023,7,24,2,2,163,11,21,0,2,1
45131,2023,7,24,2,2,262,83,20,0,4,2
45131,2023,7,24,2,2,316,1,11,1,2,2
45131,2023,7,24,2,2,364,52,3,0,1,1
45131,2023,7,24,2,2,80,11,20,0,3,1
45107,2023,6,30,6,4,153,20,11,1,2,2
45131,2023,7,24,2,2,277,67,4,0,1,1
45131,2023,7,24,2,2,20,67,20,1,1,1
45131,2023,7,24,2,2,343,52,11,0,2,2
45131,2023,7,24,2,2,386,1,11,1,4,2
45131,2023,7,24,2,2,232,16,12,0,3,3
45131,2023,7,24,2,2,146,20,9,1,2,2
45131,2023,7,24,2,2,230,16,20,0,3,1
45131,2023,7,24,2,2,20,6,21,0,2,2
45131,2023,7,24,2,2,101,1,11,1,3,2
45131,2023,7,24,2,2,153,82,9,0,2,2
45131,2023,7,24,2,2,101,18,7,1,3,2
45131,2023,7,24,2,2,101,16,12,1,2,2
45131,2023,7,24,2,1,316,9,1,0,3,1
45131,2023,7,24,2,2,153,28,18,0,1,1
45131,2023,7,24,2,2,407,82,3,0,6,1
45131,2023,7,24,2,2,101,80,7,0,5,3
45131,2023,7,24,2,2,277,67,12,0,4,2
45131,2023,7,24,2,2,381,15,20,0,2,1
45131,2023,7,24,2,3,116,67,21,1,1,1
45131,2023,7,24,2,3,101,16,12,1,2,2
45123,2023,7,16,1,2,163,52,20,0,4,1
45131,2023,7,24,2,3,116,44,12,1,2,2
45131,2023,7,24,2,3,465,1,11,1,5,2
45131,2023,7,24,2,3,101,1,9,1,2,2
45131,2023,7,24,2,2,381,15,20,0,5,2
45130,2023,7,23,1,3,316,51,20,1,1,1
45072,2023,5,26,6,3,376,33,11,1,2,2
45131,2023,7,24,2,2,230,11,9,1,3,2
45131,2023,7,24,2,3,230,18,20,0,5,1
45131,2023,7,24,2,3,101,33,11,1,2,2
45131,2023,7,24,2,2,381,83,20,0,2,1
45131,2023,7,24,2,3,280,11,12,0,2,2
45131,2023,7,24,2,2,410,1,11,0,4,2
45131,2023,7,24,2,3,367,11,11,1,2,2
45131,2023,7,24,2,3,381,83,4,0,5,1
45131,2023,7,24,2,3,324,1,2,1,2,2
45131,2023,7,24,2,3,116,1,11,1,2,2
45125,2023,7,18,3,2,282,49,9,0,2,2
45131,2023,7,24,2,3,101,1,11,1,2,2
45131,2023,7,24,2,3,304,83,12,0,3,3
45131,2023,7,24,2,3,116,1,11,0,2,2
45131,2023,7,24,2,3,316,17,11,1,2,2
45131,2023,7,24,2,3,101,16,21,0,3,3
45131,2023,7,24,2,3,381,61,12,0,5,2
45131,2023,7,24,2,3,470,1,11,1,5,2
45131,2023,7,24,2,3,467,52,9,1,1,1
45131,2023,7,24,2,2,470,1,12,1,3,2
45131,2023,7,24,2,2,262,81,2,0,2,2
45131,2023,7,24,2,3,304,20,7,1,2,2
45131,2023,7,24,2,3,116,28,18,0,1,1
45131,2023,7,24,2,3,116,6,21,1,1,1
45131,2023,7,24,2,3,116,52,11,1,3,2
45131,2023,7,24,2,3,470,1,9,1,2,2
45131,2023,7,24,2,3,163,1,11,1,2,2
45131,2023,7,24,2,3,116,11,21,1,1,1
45131,2023,7,24,2,3,369,11,12,1,2,2
45131,2023,7,24,2,3,407,67,3,0,2,1
45131,2023,7,24,2,3,414,9,1,1,1,1
45131,2023,7,24,2,3,153,48,4,0,1,1
45131,2023,7,24,2,4,116,6,21,1,1,1
45131,2023,7,24,2,3,381,51,7,1,2,2
45131,2023,7,24,2,3,163,16,12,1,3,2
45131,2023,7,24,2,3,101,16,12,1,2,2
45131,2023,7,24,2,4,282,67,11,1,3,2
45131,2023,7,24,2,3,116,2,4,1,1,1
45131,2023,7,24,2,4,210,52,9,1,3,2
45131,2023,7,24,2,3,376,1,2,1,2,2
45131,2023,7,24,2,4,153,61,2,1,3,2
45131,2023,7,24,2,3,158,67,21,0,1,1
45131,2023,7,24,2,3,230,11,4,1,1,1
45131,2023,7,24,2,4,101,67,21,1,2,1
45131,2023,7,24,2,4,50,11,12,0,4,4
45131,2023,7,24,2,4,101,13,21,0,2,1
45131,2023,7,24,2,3,470,1,11,1,2,2
45131,2023,7,24,2,4,324,2,11,1,3,2
45131,2023,7,24,2,4,101,64,21,1,2,1
45131,2023,7,24,2,4,277,46,21,0,1,1
45131,2023,7,24,2,3,386,11,20,0,1,1
45131,2023,7,24,2,3,423,67,4,0,1,1
45131,2023,7,24,2,4,316,1,11,1,1,1
45131,2023,7,24,2,3,282,1,11,1,2,2
45131,2023,7,24,2,2,381,83,20,0,1,1
45131,2023,7,24,2,4,101,80,11,0,2,2
45131,2023,7,24,2,4,104,28,18,0,1,1
45131,2023,7,24,2,4,40,82,7,0,6,2
45132,2023,7,25,3,1,101,83,4,0,2,1
45132,2023,7,25,3,1,381,9,1,0,4,1
45132,2023,7,25,3,1,101,1,11,1,2,2
45132,2023,7,25,3,1,316,9,1,1,1,1
45131,2023,7,24,2,3,470,1,9,0,2,2
45131,2023,7,24,2,3,470,1,9,0,2,2
45131,2023,7,24,2,4,381,1,11,0,2,2
45132,2023,7,25,3,2,101,7,9,1,2,2
45132,2023,7,25,3,2,381,18,4,1,1,1
45132,2023,7,25,3,2,101,28,21,0,1,1
45132,2023,7,25,3,2,116,11,15,0,4,3
45132,2023,7,25,3,2,135,67,20,0,4,1
45132,2023,7,25,3,2,101,52,11,1,2,2
45132,2023,7,25,3,2,324,28,18,1,1,1
45132,2023,7,25,3,2,10,67,12,0,3,2
45132,2023,7,25,3,2,343,16,9,1,2,2
45132,2023,7,25,3,2,381,11,9,0,3,3
45132,2023,7,25,3,2,163,11,12,1,2,2
45132,2023,7,25,3,2,381,28,4,0,3,2
45004,2023,3,19,1,2,381,82,7,1,2,2
45132,2023,7,25,3,2,116,16,12,1,2,2
45132,2023,7,25,3,2,101,9,1,0,2,1
45132,2023,7,25,3,2,277,67,20,0,3,1
45025,2023,4,9,1,4,40,15,20,0,5,2
45132,2023,7,25,3,2,101,16,12,0,2,2
45132,2023,7,25,3,2,101,11,20,0,1,1
45132,2023,7,25,3,2,50,52,9,1,2,2
45068,2023,5,22,2,3,230,67,12,0,3,2
45132,2023,7,25,3,2,316,12,21,1,1,1
45108,2023,7,1,7,3,407,61,2,1,2,2
45132,2023,7,25,3,2,116,52,12,1,2,2
45132,2023,7,25,3,2,101,67,12,0,3,2
45132,2023,7,25,3,2,116,83,12,0,2,2
45132,2023,7,25,3,2,369,80,7,0,3,2
45132,2023,7,25,3,2,40,52,12,0,2,2
45132,2023,7,25,3,2,101,1,9,0,2,2
45132,2023,7,25,3,2,470,16,12,1,2,2
45132,2023,7,25,3,2,116,18,20,0,1,1
45132,2023,7,25,3,2,163,11,12,0,4,2
45132,2023,7,25,3,3,470,1,11,1,2,2
45101,2023,6,24,7,3,101,1,21,1,2,2
45088,2023,6,11,1,3,116,1,2,0,4,3
45132,2023,7,25,3,3,280,1,11,1,2,2
45103,2023,6,26,2,3,101,52,9,1,2,2
45132,2023,7,25,3,2,386,11,4,0,3,1
45132,2023,7,25,3,3,101,1,11,0,2,2
45132,2023,7,25,3,3,277,16,12,1,2,2
45132,2023,7,25,3,3,369,11,3,0,1,1
45132,2023,7,25,3,2,495,51,4,1,1,1
45132,2023,7,25,3,2,101,67,21,0,1,1
45108,2023,7,1,7,2,282,13,20,0,1,1
45132,2023,7,25,3,3,277,67,20,0,1,1
45132,2023,7,25,3,3,465,1,7,1,2,2
45132,2023,7,25,3,3,381,11,20,0,2,1
45132,2023,7,25,3,3,381,78,9,0,2,2
45132,2023,7,25,3,3,101,1,12,1,3,2
45132,2023,7,25,3,3,101,67,9,1,2,2
45132,2023,7,25,3,3,116,44,12,1,2,2
45132,2023,7,25,3,3,381,52,9,0,2,2
45132,2023,7,25,3,3,153,11,3,1,1,1
45132,2023,7,25,3,3,20,67,20,0,1,1
45132,2023,7,25,3,3,40,52,9,1,3,2
45132,2023,7,25,3,3,50,11,12,1,2,2
45132,2023,7,25,3,3,101,80,11,1,3,2
45132,2023,7,25,3,3,101,33,11,1,3,2
45132,2023,7,25,3,3,101,11,12,0,4,3
45132,2023,7,25,3,3,230,11,21,1,1,1
45132,2023,7,25,3,3,116,80,7,1,2,2
45132,2023,7,25,3,2,470,49,20,0,1,1
45132,2023,7,25,3,3,116,49,12,0,3,2
45132,2023,7,25,3,3,470,16,12,1,2,2
45132,2023,7,25,3,3,470,1,11,1,2,2
45132,2023,7,25,3,3,259,1,11,1,2,2
45132,2023,7,25,3,3,116,11,21,0,1,1
45132,2023,7,25,3,3,116,20,11,0,2,2
45132,2023,7,25,3,3,282,16,12,0,2,2
45132,2023,7,25,3,3,116,9,1,0,1,1
45132,2023,7,25,3,3,40,67,12,1,2,2
45132,2023,7,25,3,3,470,9,4,0,1,1
45132,2023,7,25,3,3,116,1,11,1,2,2
45132,2023,7,25,3,3,101,67,21,1,1,1
45132,2023,7,25,3,4,116,46,7,0,2,2
45132,2023,7,25,3,3,369,61,2,1,3,2
45132,2023,7,25,3,3,222,16,12,1,2,2
45132,2023,7,25,3,3,465,11,9,0,3,3
45132,2023,7,25,3,3,163,52,7,0,3,3
45132,2023,7,25,3,3,101,83,12,1,5,2
45132,2023,7,25,3,3,135,51,12,1,3,2
45132,2023,7,25,3,3,373,11,21,0,1,1
45072,2023,5,26,6,3,277,67,20,1,3,2
45132,2023,7,25,3,3,101,67,4,1,1,1
45132,2023,7,25,3,3,101,1,11,1,5,2
45132,2023,7,25,3,3,101,83,4,1,1,1
45132,2023,7,25,3,4,153,48,2,1,2,2
45132,2023,7,25,3,3,251,20,11,1,4,2
45132,2023,7,25,3,3,30,83,3,0,1,1
45132,2023,7,25,3,4,393,9,1,1,1,1
45132,2023,7,25,3,4,101,1,11,0,2,2
45132,2023,7,25,3,3,163,60,2,0,2,2
45132,2023,7,25,3,4,471,5,21,0,1,1
45132,2023,7,25,3,3,376,52,9,1,2,2
45132,2023,7,25,3,3,364,63,12,0,2,2
45132,2023,7,25,3,4,343,67,4,1,2,1