id_data,ano,mes,dia,id_dia_semana,periodo,br,id_causa_acidente,id_tipo_acidente,id_uso_solo,pessoas,veiculos
45132,2023,7,25,3,4,376,11,20,0,1,1
45132,2023,7,25,3,4,101,83,20,1,4,2
45132,2023,7,25,3,4,101,28,18,0,2,1
45132,2023,7,25,3,4,101,15,4,1,1,1
45132,2023,7,25,3,4,101,60,2,0,2,2
45132,2023,7,25,3,4,101,83,12,1,2,2
45132,2023,7,25,3,4,116,11,20,1,1,1
45132,2023,7,25,3,4,153,67,12,1,9,2
45133,2023,7,26,4,1,116,11,3,1,3,1
45132,2023,7,25,3,4,110,63,20,0,1,1
45132,2023,7,25,3,4,230,80,7,0,3,2
45132,2023,7,25,3,4,116,11,20,0,1,1
45133,2023,7,26,4,1,364,18,3,0,1,1
45133,2023,7,26,4,1,282,49,4,1,2,2
45132,2023,7,25,3,4,40,11,21,0,1,1
45132,2023,7,25,3,3,163,20,9,1,2,2
45133,2023,7,26,4,1,20,81,2,0,3,2
45133,2023,7,26,4,1,116,11,20,1,1,1
45133,2023,7,26,4,1,343,49,4,1,1,1
45133,2023,7,26,4,1,116,49,12,0,2,2
45133,2023,7,26,4,2,153,16,12,0,1,1
45133,2023,7,26,4,2,50,18,20,0,3,1
45133,2023,7,26,4,2,101,67,20,0,1,1
45132,2023,7,25,3,1,364,67,20,0,4,1
45133,2023,7,26,4,2,104,1,11,0,2,2
45133,2023,7,26,4,2,40,28,20,0,4,3
45133,2023,7,26,4,2,116,52,9,1,2,2
45133,2023,7,26,4,2,116,52,11,1,2,2
45133,2023,7,26,4,2,381,11,12,1,3,3
45133,2023,7,26,4,2,414,67,20,0,1,1
45133,2023,7,26,4,2,163,67,20,1,1,1
45133,2023,7,26,4,2,262,11,12,0,2,2
45133,2023,7,26,4,2,343,82,9,1,3,2
45133,2023,7,26,4,2,101,13,21,1,2,1
45133,2023,7,26,4,2,40,1,11,1,2,2
45133,2023,7,26,4,2,381,11,12,0,2,2
45133,2023,7,26,4,2,365,52,9,1,3,2
45133,2023,7,26,4,2,101,33,11,1,2,2
45133,2023,7,26,4,2,405,16,12,1,4,2
45133,2023,7,26,4,2,116,67,9,1,2,2
45133,2023,7,26,4,2,116,11,12,1,4,2
45085,2023,6,8,5,3,280,11,12,0,2,2
45133,2023,7,26,4,2,459,1,11,1,2,2
45133,2023,7,26,4,2,101,67,12,0,6,2
45133,2023,7,26,4,2,116,67,12,0,2,2
45133,2023,7,26,4,2,101,52,9,0,1,1
45133,2023,7,26,4,2,470,20,11,0,2,2
45133,2023,7,26,4,2,364,35,2,0,4,2
45133,2023,7,26,4,2,116,82,7,0,4,2
45026,2023,4,10,2,2,116,67,9,0,2,2
45133,2023,7,26,4,2,364,11,9,1,5,4
45133,2023,7,26,4,3,116,78,9,1,4,3
45133,2023,7,26,4,3,277,67,20,0,2,1
45133,2023,7,26,4,3,101,67,9,1,4,3
45133,2023,7,26,4,2,356,5,4,1,2,1
45133,2023,7,26,4,3,493,52,11,1,2,2
45133,2023,7,26,4,3,226,20,11,1,2,2
45133,2023,7,26,4,3,376,1,2,1,2,2
45133,2023,7,26,4,3,285,1,11,1,5,2
45133,2023,7,26,4,3,406,12,12,0,3,3
45133,2023,7,26,4,3,116,67,12,1,3,3
45112,2023,7,5,4,4,116,1,11,1,2,2
45133,2023,7,26,4,2,432,1,7,0,3,2
45133,2023,7,26,4,3,116,48,2,1,2,2
45133,2023,7,26,4,3,469,28,20,1,4,2
45133,2023,7,26,4,3,381,1,9,1,2,2
45129,2023,7,22,7,4,290,67,12,0,4,3
45133,2023,7,26,4,3,230,61,2,1,2,2
45133,2023,7,26,4,3,101,81,2,0,2,2
45133,2023,7,26,4,3,153,11,9,1,6,2
45133,2023,7,26,4,3,116,30,3,0,1,1
45133,2023,7,26,4,3,277,52,12,1,2,2
45133,2023,7,26,4,3,367,13,20,0,1,1
45133,2023,7,26,4,3,40,1,11,1,2,2
45133,2023,7,26,4,3,60,11,12,0,4,2
45133,2023,7,26,4,3,101,67,12,1,2,2
45133,2023,7,26,4,3,393,28,18,0,1,1
45133,2023,7,26,4,2,163,52,9,1,2,2
45133,2023,7,26,4,3,101,5,21,0,2,1
45133,2023,7,26,4,3,116,29,21,1,2,1
45133,2023,7,26,4,3,101,11,3,0,1,1
45133,2023,7,26,4,3,101,11,21,0,1,1
45133,2023,7,26,4,3,262,11,12,1,2,2
45133,2023,7,26,4,3,369,67,15,1,4,4
45133,2023,7,26,4,4,101,52,11,1,2,2
45133,2023,7,26,4,3,381,11,12,1,2,2
45133,2023,7,26,4,4,101,61,2,1,2,2
45133,2023,7,26,4,3,364,2,11,0,3,2
45133,2023,7,26,4,3,364,52,9,1,3,2
45133,2023,7,26,4,4,101,11,21,0,1,1
45133,2023,7,26,4,4,101,52,21,1,1,1
45133,2023,7,26,4,3,364,20,11,0,3,2
45133,2023,7,26,4,4,251,61,2,0,3,2
45121,2023,7,14,6,4,116,11,3,1,3,1
45108,2023,7,1,7,3,381,52,21,0,2,2
45133,2023,7,26,4,4,70,11,20,0,1,1
45133,2023,7,26,4,4,262,83,20,0,1,1
45109,2023,7,2,1,3,60,1,11,0,4,3
45133,2023,7,26,4,4,20,11,20,1,1,1
45133,2023,7,26,4,4,116,56,4,0,5,2
45133,2023,7,26,4,4,324,28,18,1,1,1
45133,2023,7,26,4,4,230,11,2,0,3,2
45133,2023,7,26,4,4,116,18,21,1,1,1
45133,2023,7,26,4,4,153,67,12,0,2,2
45133,2023,7,26,4,4,428,9,1,0,2,2
45133,2023,7,26,4,3,40,11,2,0,3,2
45133,2023,7,26,4,3,480,33,11,0,2,2
45133,2023,7,26,4,3,116,1,11,0,3,2
45133,2023,7,26,4,3,101,78,9,0,3,2
45133,2023,7,26,4,4,465,1,11,1,2,2
45133,2023,7,26,4,4,101,35,2,0,2,2
45133,2023,7,26,4,4,153,67,7,1,2,2
45133,2023,7,26,4,4,222,33,11,1,2,2
45133,2023,7,26,4,3,364,29,3,1,3,1
45133,2023,7,26,4,4,40,9,1,0,2,2
45133,2023,7,26,4,3,116,82,11,0,4,2
45133,2023,7,26,4,4,116,67,4,1,1,1
45134,2023,7,27,5,1,277,11,20,0,1,1
45134,2023,7,27,5,1,116,67,12,0,4,2
45134,2023,7,27,5,1,101,82,7,0,4,3
45134,2023,7,27,5,1,116,52,9,1,28,2
45113,2023,7,6,5,2,158,67,11,0,5,2
45134,2023,7,27,5,2,222,61,2,1,2,2
45134,2023,7,27,5,2,101,78,9,1,2,2
45133,2023,7,26,4,3,393,7,4,1,1,1
45134,2023,7,27,5,2,101,19,12,1,2,2
45134,2023,7,27,5,2,101,11,11,1,2,2
45133,2023,7,26,4,3,116,82,10,0,2,2
45127,2023,7,20,5,2,262,67,20,0,1,1
45134,2023,7,27,5,2,364,82,20,0,2,2
45134,2023,7,27,5,2,10,52,9,0,2,2
45134,2023,7,27,5,2,116,16,12,0,2,2
45134,2023,7,27,5,2,277,13,20,1,1,1
45134,2023,7,27,5,2,110,52,10,0,2,2
45134,2023,7,27,5,2,290,36,15,1,6,5
45134,2023,7,27,5,2,230,11,15,1,3,3
45134,2023,7,27,5,2,493,11,20,0,1,1
45134,2023,7,27,5,2,280,16,12,0,4,2
45134,2023,7,27,5,1,465,80,7,1,2,2
45134,2023,7,27,5,2,364,17,11,1,2,2
45134,2023,7,27,5,2,324,11,15,0,7,3
45134,2023,7,27,5,2,376,1,11,1,4,4
45134,2023,7,27,5,2,343,16,12,1,3,2
45134,2023,7,27,5,2,282,16,12,1,2,2
45134,2023,7,27,5,2,101,7,4,1,1,1
45134,2023,7,27,5,2,101,11,12,1,5,4
45134,2023,7,27,5,2,282,1,11,1,2,2
45134,2023,7,27,5,2,101,82,11,0,4,3
45077,2023,5,31,4,2,369,52,9,1,1,1
45042,2023,4,26,4,3,393,11,2,0,2,2
45134,2023,7,27,5,2,153,49,20,0,1,1
45134,2023,7,27,5,2,356,1,11,0,2,2
45134,2023,7,27,5,2,242,56,4,0,4,1
45134,2023,7,27,5,2,101,16,12,1,3,2
45134,2023,7,27,5,2,60,11,12,0,3,2
45134,2023,7,27,5,2,101,11,20,1,2,1
45134,2023,7,27,5,2,101,67,21,1,1,1
45134,2023,7,27,5,2,381,51,4,1,2,1
45134,2023,7,27,5,2,285,1,9,0,4,2
45134,2023,7,27,5,2,262,83,20,0,1,1
45134,2023,7,27,5,2,408,1,11,1,2,2
45118,2023,7,11,3,4,101,1,11,0,2,2
45082,2023,6,5,2,3,282,1,11,1,2,2
45134,2023,7,27,5,3,116,1,11,1,2,2
45134,2023,7,27,5,2,465,33,11,1,2,2
45134,2023,7,27,5,3,470,67,21,1,1,1
45134,2023,7,27,5,2,101,16,12,1,2,2
45103,2023,6,26,2,2,110,9,1,1,2,1
45134,2023,7,27,5,3,381,11,2,0,3,2
44995,2023,3,10,6,1,101,16,12,1,2,2
45134,2023,7,27,5,2,222,28,18,0,3,1
45134,2023,7,27,5,3,262,1,11,1,2,2
45134,2023,7,27,5,3,230,52,12,1,3,2
45134,2023,7,27,5,3,116,1,11,1,2,2
45134,2023,7,27,5,3,116,67,12,1,3,2
45134,2023,7,27,5,3,101,29,12,1,2,2
45048,2023,5,2,3,2,376,67,12,1,1,1
45134,2023,7,27,5,3,324,83,20,0,2,1
45134,2023,7,27,5,3,101,67,12,0,2,2
45134,2023,7,27,5,3,153,33,11,1,3,2
45134,2023,7,27,5,3,110,11,12,1,2,2
45120,2023,7,13,5,3,40,11,9,1,4,3
45134,2023,7,27,5,3,116,28,21,0,2,1
45134,2023,7,27,5,3,381,67,20,0,3,1
45134,2023,7,27,5,3,222,16,12,0,3,2
45134,2023,7,27,5,3,116,1,11,0,2,2
45134,2023,7,27,5,3,282,78,11,1,2,2
45134,2023,7,27,5,3,116,16,12,1,2,2
45134,2023,7,27,5,3,101,16,12,1,3,2
45134,2023,7,27,5,3,40,72,11,0,4,2
45134,2023,7,27,5,3,40,16,12,1,3,2
45134,2023,7,27,5,3,101,61,2,0,3,2
45134,2023,7,27,5,3,262,11,11,0,2,2
45134,2023,7,27,5,2,40,67,7,0,6,2
45134,2023,7,27,5,3,493,18,2,0,4,2
45134,2023,7,27,5,3,101,51,20,1,4,4
45118,2023,7,11,3,3,101,81,9,0,2,2
45134,2023,7,27,5,3,101,1,12,0,3,2
45134,2023,7,27,5,3,381,83,21,0,1,1
45134,2023,7,27,5,3,116,1,11,1,3,2
45134,2023,7,27,5,3,470,28,18,0,1,1
45134,2023,7,27,5,3,101,52,12,0,2,2
45134,2023,7,27,5,3,10,52,9,1,2,2
45134,2023,7,27,5,3,60,83,20,0,1,1
45123,2023,7,16,1,1,282,28,18,0,1,1
45134,2023,7,27,5,3,101,52,9,1,3,2
45134,2023,7,27,5,3,101,52,9,1,2,2
45134,2023,7,27,5,3,163,1,7,1,5,2
45134,2023,7,27,5,3,101,28,18,0,1,1
45134,2023,7,27,5,3,116,16,12,1,2,2
45134,2023,7,27,5,4,476,28,12,1,4,3
45134,2023,7,27,5,4,20,78,9,1,2,2
45134,2023,7,27,5,4,324,16,12,1,3,3
45134,2023,7,27,5,3,316,49,7,1,3,2
45126,2023,7,19,4,3,116,67,20,0,1,1
45134,2023,7,27,5,4,101,67,15,1,5,4
45134,2023,7,27,5,3,135,3,20,0,5,1
45134,2023,7,27,5,4,381,67,20,0,1,1
45134,2023,7,27,5,4,116,11,20,1,1,1
45134,2023,7,27,5,4,116,5,21,1,2,1
45134,2023,7,27,5,4,40,52,9,1,2,2
44990,2023,3,5,1,2,262,83,4,0,3,1
45134,2023,7,27,5,3,392,1,11,1,2,2
45134,2023,7,27,5,4,101,80,7,0,2,2
45134,2023,7,27,5,4,116,67,2,1,2,2
45134,2023,7,27,5,4,50,28,20,0,1,1
45134,2023,7,27,5,4,381,11,21,1,1,1
45134,2023,7,27,5,4,277,1,21,1,1,1
45134,2023,7,27,5,4,101,16,12,1,3,2
45134,2023,7,27,5,4,448,13,21,1,2,1
45134,2023,7,27,5,4,251,11,20,1,1,1
45134,2023,7,27,5,4,488,11,12,1,2,2
45134,2023,7,27,5,4,116,52,9,1,2,2
45135,2023,7,28,6,1,101,83,4,1,2,1
45135,2023,7,28,6,1,101,11,2,1,3,2
45135,2023,7,28,6,1,369,49,4,0,1,1
45135,2023,7,28,6,1,40,67,12,1,3,2
45134,2023,7,27,5,4,426,9,20,0,2,1
45135,2023,7,28,6,1,101,67,12,0,2,2
45135,2023,7,28,6,1,376,49,4,1,2,1
45135,2023,7,28,6,1,116,67,4,1,1,1
45134,2023,7,27,5,3,277,33,11,1,2,2
45135,2023,7,28,6,2,381,28,18,1,1,1
45135,2023,7,28,6,1,277,18,20,1,1,1
45135,2023,7,28,6,2,381,11,7,0,4,2
45135,2023,7,28,6,2,101,83,21,0,1,1
45135,2023,7,28,6,1,280,28,18,0,1,1
45135,2023,7,28,6,1,163,1,11,0,2,2
45135,2023,7,28,6,1,381,49,10,1,3,2
45135,2023,7,28,6,2,277,16,9,1,6,2
45135,2023,7,28,6,2,50,83,20,0,2,2
45135,2023,7,28,6,2,10,83,20,0,3,2
45135,2023,7,28,6,1,40,67,20,1,1,1
45135,2023,7,28,6,2,277,9,1,0,2,1
45135,2023,7,28,6,2,285,11,20,0,1,1
45135,2023,7,28,6,2,101,16,12,1,2,2
45135,2023,7,28,6,2,116,52,9,1,2,2
45135,2023,7,28,6,2,116,52,4,1,1,1
45135,2023,7,28,6,2,40,52,12,1,2,2
45135,2023,7,28,6,2,235,11,12,1,3,2
45135,2023,7,28,6,1,116,11,20,1,1,1
45135,2023,7,28,6,2,101,2,11,1,2,2
45135,2023,7,28,6,2,116,78,12,0,3,2
45135,2023,7,28,6,2,230,16,15,1,6,5
45135,2023,7,28,6,1,101,16,12,1,2,2
45095,2023,6,18,1,4,364,1,9,0,5,2
45135,2023,7,28,6,2,101,11,12,1,2,2
45071,2023,5,25,5,3,369,35,21,1,2,2
45135,2023,7,28,6,2,40,52,20,0,2,1
45135,2023,7,28,6,2,470,11,4,0,1,1
45063,2023,5,17,4,3,376,67,21,1,1,1
45135,2023,7,28,6,2,116,67,12,1,5,4
45135,2023,7,28,6,2,324,44,21,1,2,1
45135,2023,7,28,6,2,116,1,9,1,4,3
45135,2023,7,28,6,2,101,1,11,1,2,2
45135,2023,7,28,6,2,135,3,20,0,5,1
45135,2023,7,28,6,2,316,28,20,0,1,1
45051,2023,5,5,6,2,287,83,20,0,1,1
45135,2023,7,28,6,2,153,83,20,0,1,1
45135,2023,7,28,6,2,381,61,2,1,4,3
45135,2023,7,28,6,2,262,82,7,0,4,2
45135,2023,7,28,6,3,116,11,4,1,1,1
45131,2023,7,24,2,2,364,41,20,0,3,1
45135,2023,7,28,6,3,230,16,12,1,1,1
45135,2023,7,28,6,2,222,67,20,0,1,1
45135,2023,7,28,6,3,101,67,12,1,4,2
45135,2023,7,28,6,3,101,4,4,1,3,1
45135,2023,7,28,6,3,101,67,3,0,2,1
45135,2023,7,28,6,2,369,11,4,0,1,1
45135,2023,7,28,6,3,101,16,12,1,2,2
45079,2023,6,2,6,4,386,67,20,0,2,1
45135,2023,7,28,6,3,116,20,11,1,2,2
45097,2023,6,20,3,4,116,83,3,0,1,1
45135,2023,7,28,6,3,116,51,4,0,1,1
45135,2023,7,28,6,3,101,16,15,1,3,3
45090,2023,6,13,3,2,285,52,11,0,2,2
45135,2023,7,28,6,3,116,11,12,0,2,2
45135,2023,7,28,6,3,40,61,2,1,3,2
45067,2023,5,21,1,3,364,82,20,0,3,2
45135,2023,7,28,6,3,116,83,3,0,1,1
45129,2023,7,22,7,4,163,12,12,0,3,2
45135,2023,7,28,6,3,163,1,12,0,2,2
45135,2023,7,28,6,3,163,1,11,0,2,2
45135,2023,7,28,6,3,116,78,9,0,3,3
45135,2023,7,28,6,3,40,11,12,1,2,2
45135,2023,7,28,6,3,70,1,11,1,2,2
45135,2023,7,28,6,3,40,20,7,0,6,3
45135,2023,7,28,6,3,290,1,9,1,2,2
45135,2023,7,28,6,3,116,11,12,1,3,2
45135,2023,7,28,6,2,153,83,12,0,1,1
45135,2023,7,28,6,3,20,63,4,0,3,1
45135,2023,7,28,6,3,70,67,11,1,3,2
45135,2023,7,28,6,3,463,67,20,0,2,1
45135,2023,7,28,6,3,210,11,20,0,3,1
45135,2023,7,28,6,2,101,67,4,1,4,3
45135,2023,7,28,6,3,230,82,7,0,7,3
45135,2023,7,28,6,3,290,11,20,0,4,1
45135,2023,7,28,6,3,153,44,12,1,7,2
45132,2023,7,25,3,3,463,67,20,0,2,1
45135,2023,7,28,6,3,101,16,9,1,2,2
45135,2023,7,28,6,3,472,82,9,0,4,2
45135,2023,7,28,6,3,116,11,12,0,2,2
45131,2023,7,24,2,3,116,83,12,0,4,2
45135,2023,7,28,6,3,364,67,12,1,2,2
45135,2023,7,28,6,3,101,11,11,1,2,2
45135,2023,7,28,6,3,343,11,12,0,4,2
45135,2023,7,28,6,4,153,52,9,1,2,2
45135,2023,7,28,6,4,101,52,9,1,2,2
45135,2023,7,28,6,3,471,67,12,1,2,2
45135,2023,7,28,6,3,116,11,20,0,1,1
45135,2023,7,28,6,4,116,11,12,0,3,2
45135,2023,7,28,6,4,40,82,7,1,5,4
45135,2023,7,28,6,4,101,35,2,1,2,2
45135,2023,7,28,6,4,70,78,9,0,3,3
45135,2023,7,28,6,4,101,67,12,0,2,2
45135,2023,7,28,6,3,381,67,4,0,3,1
45135,2023,7,28,6,4,116,81,12,0,2,2
45135,2023,7,28,6,4,163,11,20,0,1,1
45135,2023,7,28,6,4,50,60,2,1,2,2
45135,2023,7,28,6,4,267,1,2,0,3,2
45135,2023,7,28,6,4,369,55,7,0,2,2
45135,2023,7,28,6,4,116,67,3,1,2,1
45135,2023,7,28,6,3,364,1,11,1,2,2
45135,2023,7,28,6,4,316,9,1,0,2,1
45135,2023,7,28,6,4,262,83,20,0,2,1
45135,2023,7,28,6,4,116,61,2,1,4,2
45135,2023,7,28,6,3,50,67,4,1,1,1
45135,2023,7,28,6,4,277,25,9,0,2,2
45135,2023,7,28,6,4,101,67,20,1,1,1
45135,2023,7,28,6,4,319,17,11,1,5,3
45135,2023,7,28,6,4,101,61,2,1,3,2
45135,2023,7,28,6,4,376,49,12,0,5,3
45135,2023,7,28,6,4,101,83,4,1,3,1
45135,2023,7,28,6,4,470,16,12,0,2,2
45135,2023,7,28,6,4,104,29,21,1,2,1
45135,2023,7,28,6,3,50,11,15,1,4,3
45135,2023,7,28,6,4,40,61,2,0,2,2
45135,2023,7,28,6,4,135,36,12,1,2,2
45135,2023,7,28,6,4,135,11,4,0,1,1
45135,2023,7,28,6,3,290,18,20,0,2,2
45135,2023,7,28,6,4,116,16,12,1,2,2
45135,2023,7,28,6,4,116,67,3,0,1,1
45135,2023,7,28,6,4,101,1,7,1,3,2
45071,2023,5,25,5,4,116,11,12,1,4,4
45135,2023,7,28,6,4,116,80,7,0,2,2
45135,2023,7,28,6,4,110,44,12,0,2,2
45136,2023,7,29,7,1,116,83,9,1,2,2
45135,2023,7,28,6,4,285,11,20,0,5,1
45136,2023,7,29,7,4,40,49,12,1,4,2
45135,2023,7,28,6,4,116,67,12,1,2,2
45135,2023,7,28,6,4,70,67,12,1,2,2
45135,2023,7,28,6,4,369,55,12,0,3,3
45135,2023,7,28,6,4,163,49,3,1,1,1
45136,2023,7,29,7,1,101,11,15,1,3,3
45135,2023,7,28,6,4,232,67,7,0,2,2
45135,2023,7,28,6,4,364,11,4,0,1,1
45135,2023,7,28,6,4,116,11,20,1,2,1
45136,2023,7,29,7,1,116,51,20,0,1,1
45136,2023,7,29,7,1,381,49,3,0,1,1
45136,2023,7,29,7,1,101,67,4,0,1,1
45136,2023,7,29,7,1,277,67,4,1,1,1
45136,2023,7,29,7,1,365,28,18,0,1,1
45136,2023,7,29,7,1,280,1,11,1,2,2
45136,2023,7,29,7,1,116,67,2,1,3,2
45136,2023,7,29,7,1,343,49,12,1,2,2
45136,2023,7,29,7,1,116,67,12,0,2,2
45136,2023,7,29,7,1,101,11,20,1,1,1
45136,2023,7,29,7,1,414,49,20,0,1,1
45136,2023,7,29,7,1,381,67,4,1,1,1
45136,2023,7,29,7,1,101,50,7,1,2,2
45136,2023,7,29,7,1,20,11,4,1,2,1
45136,2023,7,29,7,1,282,67,4,1,1,1
45136,2023,7,29,7,1,365,18,3,0,1,1
45135,2023,7,28,6,3,365,11,20,0,1,1
45136,2023,7,29,7,1,104,9,1,0,2,1
45136,2023,7,29,7,2,381,11,9,1,2,2
45136,2023,7,29,7,2,277,11,20,0,1,1
45136,2023,7,29,7,1,470,21,20,0,1,1
45136,2023,7,29,7,2,376,11,20,1,1,1
45136,2023,7,29,7,2,277,11,20,1,1,1
45136,2023,7,29,7,2,304,49,20,0,1,1
45136,2023,7,29,7,2,262,3,21,1,1,1
45135,2023,7,28,6,4,232,10,2,1,2,2
45136,2023,7,29,7,2,153,49,12,1,3,2
45136,2023,7,29,7,2,470,72,9,0,2,2
45136,2023,7,29,7,1,414,60,2,0,3,2
45136,2023,7,29,7,2,293,33,11,1,2,2
45130,2023,7,23,1,1,319,17,11,1,3,2
45136,2023,7,29,7,2,316,67,4,1,1,1
45136,2023,7,29,7,2,163,1,11,0,6,2
45136,2023,7,29,7,2,20,72,11,0,4,2
45136,2023,7,29,7,2,116,67,4,0,4,1
45136,2023,7,29,7,2,316,11,12,1,3,2
45136,2023,7,29,7,2,50,1,11,1,3,2
45112,2023,7,5,4,2,116,82,7,0,5,3
45136,2023,7,29,7,2,101,11,12,0,2,2
45136,2023,7,29,7,2,230,83,12,1,3,2
45136,2023,7,29,7,2,324,1,11,1,2,2
45136,2023,7,29,7,2,222,16,12,1,2,2
45136,2023,7,29,7,2,116,67,20,0,1,1
45136,2023,7,29,7,2,101,11,12,0,4,3
45136,2023,7,29,7,2,40,33,11,1,3,2
45136,2023,7,29,7,2,470,1,11,0,2,2
45136,2023,7,29,7,2,101,78,12,1,4,3
45136,2023,7,29,7,2,381,16,12,1,2,2
45136,2023,7,29,7,2,471,1,11,1,5,2
45136,2023,7,29,7,3,101,83,12,1,2,2
45136,2023,7,29,7,2,101,64,4,0,1,1
45136,2023,7,29,7,2,135,11,20,0,3,2
45136,2023,7,29,7,2,174,51,4,0,2,1
45132,2023,7,25,3,3,116,80,7,1,2,2
45136,2023,7,29,7,2,480,19,20,1,4,2
45136,2023,7,29,7,2,116,11,12,1,2,2
45136,2023,7,29,7,2,277,83,12,1,2,2
45136,2023,7,29,7,2,116,49,20,0,1,1
45136,2023,7,29,7,3,101,52,9,0,3,2
45136,2023,7,29,7,3,70,16,9,1,3,3
45136,2023,7,29,7,2,316,67,11,1,2,2
45084,2023,6,7,4,2,101,67,2,1,3,2
45136,2023,7,29,7,2,116,1,11,0,3,2
45136,2023,7,29,7,2,163,16,12,0,2,2
45136,2023,7,29,7,2,401,33,11,1,2,2
45136,2023,7,29,7,3,277,11,4,0,4,1
45136,2023,7,29,7,3,40,67,12,1,3,2
45136,2023,7,29,7,3,153,1,11,0,2,2
45096,2023,6,19,2,3,116,67,21,0,1,1
45136,2023,7,29,7,2,163,28,20,0,1,1
45136,2023,7,29,7,2,364,67,9,0,2,2
45136,2023,7,29,7,3,381,67,4,0,3,1
45136,2023,7,29,7,2,364,67,3,0,1,1
45129,2023,7,22,7,4,392,20,11,1,3,2
45136,2023,7,29,7,3,116,11,4,0,1,1
45124,2023,7,17,2,3,101,67,21,0,1,1
45136,2023,7,29,7,2,324,3,9,1,2,2
45136,2023,7,29,7,3,470,1,11,0,3,2
45136,2023,7,29,7,3,364,1,11,1,2,2
45136,2023,7,29,7,3,40,28,18,1,2,1
45136,2023,7,29,7,2,407,18,4,0,1,1
45136,2023,7,29,7,3,163,67,20,0,2,1
45136,2023,7,29,7,3,232,67,2,1,2,2
45136,2023,7,29,7,2,364,67,3,0,1,1
45136,2023,7,29,7,3,262,11,12,1,2,2
45136,2023,7,29,7,2,364,52,9,1,2,2
45136,2023,7,29,7,3,116,52,9,1,3,2
45136,2023,7,29,7,3,60,83,3,0,4,1
45136,2023,7,29,7,3,116,67,20,1,1,1
45136,2023,7,29,7,3,381,16,15,1,5,3
45136,2023,7,29,7,3,101,67,12,1,4,2
45136,2023,7,29,7,3,262,29,3,0,5,1
45136,2023,7,29,7,3,262,20,11,0,3,2
45136,2023,7,29,7,3,369,52,20,0,3,1
45136,2023,7,29,7,3,60,11,3,0,3,1
45136,2023,7,29,7,3,40,1,11,1,3,2
45136,2023,7,29,7,3,376,1,12,1,6,2
45136,2023,7,29,7,3,60,11,15,1,5,3
45136,2023,7,29,7,3,101,82,9,1,2,2
45136,2023,7,29,7,3,101,1,11,1,3,3
45136,2023,7,29,7,3,70,49,20,0,4,2
45136,2023,7,29,7,3,381,11,20,1,1,1
45136,2023,7,29,7,3,230,11,12,1,2,2
45136,2023,7,29,7,3,470,1,11,0,4,2
45136,2023,7,29,7,3,116,52,9,1,2,2
45136,2023,7,29,7,3,101,15,21,1,2,1
45136,2023,7,29,7,3,470,11,12,0,6,2
45136,2023,7,29,7,4,116,33,11,0,2,2
45136,2023,7,29,7,4,369,49,12,1,2,2
45136,2023,7,29,7,3,277,83,12,1,2,2
45136,2023,7,29,7,3,101,20,11,1,6,2
45091,2023,6,14,4,2,153,11,4,0,2,2
45136,2023,7,29,7,4,392,33,11,1,2,2
45136,2023,7,29,7,3,163,1,11,1,3,2
45136,2023,7,29,7,3,230,11,7,0,2,2
45136,2023,7,29,7,3,423,80,7,0,3,2
45136,2023,7,29,7,3,304,60,2,1,2,2
45106,2023,6,29,5,4,259,67,12,0,4,3
45136,2023,7,29,7,4,230,16,12,0,3,3
45136,2023,7,29,7,4,40,35,2,1,2,2
45136,2023,7,29,7,4,376,16,12,0,4,2
45136,2023,7,29,7,3,381,15,4,0,2,1
45136,2023,7,29,7,4,116,11,15,0,6,3
45136,2023,7,29,7,3,116,35,2,1,2,2
45136,2023,7,29,7,4,40,1,12,0,5,2
45136,2023,7,29,7,4,470,11,12,1,3,2
45136,2023,7,29,7,4,235,67,12,1,2,2
45136,2023,7,29,7,4,101,50,4,0,1,1
45136,2023,7,29,7,4,101,11,20,0,2,1
45122,2023,7,15,7,4,101,13,9,0,2,1
45136,2023,7,29,7,4,174,16,12,0,3,2
45136,2023,7,29,7,3,110,13,21,0,2,1
45136,2023,7,29,7,3,364,67,9,1,3,2
45136,2023,7,29,7,3,316,49,4,0,1,1
45136,2023,7,29,7,4,415,49,12,1,2,2
45136,2023,7,29,7,4,101,33,11,1,2,2
45136,2023,7,29,7,4,407,81,11,1,2,2
45136,2023,7,29,7,3,470,11,20,0,1,1
45136,2023,7,29,7,3,101,67,12,1,2,2
45136,2023,7,29,7,4,285,67,20,0,1,1
45136,2023,7,29,7,4,116,35,2,1,2,2
45136,2023,7,29,7,4,282,49,20,0,1,1
45136,2023,7,29,7,4,272,9,1,1,2,1
45136,2023,7,29,7,4,392,9,1,1,2,1
45136,2023,7,29,7,4,343,67,4,1,2,2
45136,2023,7,29,7,3,116,80,10,0,2,2
45136,2023,7,29,7,4,285,67,20,1,1,1
45136,2023,7,29,7,4,116,49,4,1,1,1
45136,2023,7,29,7,4,50,1,11,0,2,2
45136,2023,7,29,7,4,415,83,3,1,2,2
45136,2023,7,29,7,4,70,83,3,1,3,1
45136,2023,7,29,7,4,343,49,20,1,1,1
45136,2023,7,29,7,4,135,1,11,0,2,2
45136,2023,7,29,7,4,40,11,7,1,2,2
45136,2023,7,29,7,4,60,21,20,0,2,2
45136,2023,7,29,7,4,116,16,12,0,2,2
45136,2023,7,29,7,4,101,16,12,1,2,2
45136,2023,7,29,7,4,435,80,7,0,4,2