id_data,ano,mes,dia,id_dia_semana,periodo,br,id_causa_acidente,id_tipo_acidente,id_uso_solo,pessoas,veiculos
45141,2023,8,3,5,2,101,11,20,0,1,1
45141,2023,8,3,5,2,392,11,4,0,3,1
45140,2023,8,2,4,4,10,35,2,1,2,2
45141,2023,8,3,5,2,381,1,11,1,2,2
45141,2023,8,3,5,2,277,67,12,0,2,2
45141,2023,8,3,5,2,364,1,12,1,4,2
45116,2023,7,9,1,2,10,49,12,1,8,4
45141,2023,8,3,5,2,116,78,9,1,2,2
45138,2023,7,31,2,2,116,1,11,1,2,2
45141,2023,8,3,5,2,101,67,15,1,4,3
45141,2023,8,3,5,2,392,83,11,0,3,2
45122,2023,7,15,7,2,116,67,15,0,7,5
45141,2023,8,3,5,2,262,1,11,0,2,2
45141,2023,8,3,5,2,101,67,9,1,2,2
45140,2023,8,2,4,3,10,28,18,0,1,1
45141,2023,8,3,5,2,116,12,11,1,4,3
45141,2023,8,3,5,2,381,11,21,1,1,1
45141,2023,8,3,5,2,376,1,11,1,2,2
45141,2023,8,3,5,2,381,67,9,1,2,2
45140,2023,8,2,4,2,116,67,12,1,2,2
45141,2023,8,3,5,2,40,80,11,1,2,2
45117,2023,7,10,2,4,60,52,12,1,4,3
45141,2023,8,3,5,2,468,11,20,0,2,1
45141,2023,8,3,5,2,381,83,20,0,6,1
45141,2023,8,3,5,2,262,1,11,0,2,2
45141,2023,8,3,5,2,116,33,11,1,3,2
45071,2023,5,25,5,4,116,61,2,1,3,2
45141,2023,8,3,5,2,101,11,21,1,1,1
45141,2023,8,3,5,2,343,33,11,0,2,2
45141,2023,8,3,5,2,282,1,11,0,4,2
45141,2023,8,3,5,3,280,1,11,1,4,2
45141,2023,8,3,5,3,101,2,11,1,2,2
45141,2023,8,3,5,3,116,11,21,0,1,1
45141,2023,8,3,5,3,381,67,21,1,1,1
45141,2023,8,3,5,3,116,67,21,0,1,1
45141,2023,8,3,5,3,280,1,11,1,2,2
45141,2023,8,3,5,3,70,28,18,0,1,1
45012,2023,3,27,2,2,101,51,20,0,1,1
45141,2023,8,3,5,3,101,44,12,1,2,2
45141,2023,8,3,5,3,101,1,11,0,2,2
45141,2023,8,3,5,2,304,13,20,0,1,1
45141,2023,8,3,5,3,116,9,9,1,2,2
45141,2023,8,3,5,3,101,6,21,0,2,1
45141,2023,8,3,5,3,70,29,3,0,1,1
45141,2023,8,3,5,3,369,83,9,1,6,3
45141,2023,8,3,5,3,393,11,2,1,2,2
45141,2023,8,3,5,3,10,11,12,1,4,2
45141,2023,8,3,5,3,230,49,12,1,2,1
45077,2023,5,31,4,3,242,67,21,0,2,2
45137,2023,7,30,1,3,471,1,9,1,2,2
45141,2023,8,3,5,3,101,11,15,1,5,4
45141,2023,8,3,5,3,101,1,11,1,2,2
45141,2023,8,3,5,3,70,66,20,1,2,1
45141,2023,8,3,5,3,116,78,21,1,1,1
45141,2023,8,3,5,3,101,1,11,1,2,2
45141,2023,8,3,5,3,101,1,2,1,2,2
45141,2023,8,3,5,3,277,1,11,1,3,2
45141,2023,8,3,5,3,153,11,20,0,2,1
45141,2023,8,3,5,3,60,11,9,1,2,2
45141,2023,8,3,5,3,116,78,9,0,3,2
45141,2023,8,3,5,3,110,11,12,1,2,2
45141,2023,8,3,5,3,135,52,9,1,2,2
45141,2023,8,3,5,3,116,82,9,0,3,2
45141,2023,8,3,5,3,470,1,11,1,2,2
45141,2023,8,3,5,3,262,11,20,0,1,1
45141,2023,8,3,5,4,386,11,12,0,2,2
45141,2023,8,3,5,4,304,51,20,1,1,1
45141,2023,8,3,5,3,101,51,4,0,1,1
45141,2023,8,3,5,4,101,52,21,1,4,3
45141,2023,8,3,5,3,50,83,11,1,2,2
45141,2023,8,3,5,4,343,80,11,1,2,2
45141,2023,8,3,5,4,153,11,7,0,10,3
45141,2023,8,3,5,4,230,67,12,1,2,2
45141,2023,8,3,5,4,156,1,11,1,2,2
45141,2023,8,3,5,4,316,11,21,0,1,1
45141,2023,8,3,5,4,116,67,20,0,1,1
45141,2023,8,3,5,4,381,1,9,1,3,2
45141,2023,8,3,5,2,110,1,11,0,2,2
45141,2023,8,3,5,4,282,44,12,1,2,2
45141,2023,8,3,5,4,50,11,20,0,1,1
45141,2023,8,3,5,4,408,35,2,0,2,2
45141,2023,8,3,5,4,381,9,1,0,1,1
45141,2023,8,3,5,4,158,52,20,0,2,1
45141,2023,8,3,5,4,163,49,4,1,2,2
45141,2023,8,3,5,4,470,11,21,1,1,1
45141,2023,8,3,5,4,101,60,2,1,2,2
45141,2023,8,3,5,4,392,16,12,0,3,2
45142,2023,8,4,6,1,470,83,20,0,1,1
45142,2023,8,4,6,1,470,1,12,1,6,2
45142,2023,8,4,6,1,277,11,20,0,1,1
45142,2023,8,4,6,1,116,80,7,1,8,2
45142,2023,8,4,6,1,101,11,4,1,1,1
45142,2023,8,4,6,1,448,67,4,0,1,1
45135,2023,7,28,6,1,324,11,21,0,2,1
45142,2023,8,4,6,1,407,72,11,1,2,2
45134,2023,7,27,5,3,101,11,2,0,2,2
45142,2023,8,4,6,1,116,67,9,0,1,1
45142,2023,8,4,6,1,116,83,4,1,2,1
45142,2023,8,4,6,2,116,67,9,1,2,2
45142,2023,8,4,6,2,116,67,11,1,2,2
45142,2023,8,4,6,2,101,13,21,0,1,1
45142,2023,8,4,6,2,40,78,9,1,2,2
45142,2023,8,4,6,1,364,67,20,0,1,1
45142,2023,8,4,6,2,324,78,9,0,1,1
45142,2023,8,4,6,2,369,16,12,0,3,2
45060,2023,5,14,1,3,316,11,12,1,3,2
45141,2023,8,3,5,4,222,80,7,1,2,2
45142,2023,8,4,6,1,40,28,18,1,2,2
45118,2023,7,11,3,4,101,11,12,0,1,1
45142,2023,8,4,6,2,40,52,12,1,2,2
45142,2023,8,4,6,2,50,52,9,1,2,2
45142,2023,8,4,6,2,116,52,9,1,2,2
45142,2023,8,4,6,2,364,1,11,1,2,2
45142,2023,8,4,6,2,242,61,15,0,6,3
45142,2023,8,4,6,1,70,18,3,0,3,1
45142,2023,8,4,6,2,364,16,12,1,2,2
45142,2023,8,4,6,2,381,11,4,0,1,1
45142,2023,8,4,6,2,262,13,21,0,1,1
45142,2023,8,4,6,2,232,44,12,1,3,2
45142,2023,8,4,6,1,101,11,12,0,2,2
45142,2023,8,4,6,2,116,52,9,0,3,2
45142,2023,8,4,6,2,101,52,12,1,2,2
45142,2023,8,4,6,2,116,52,12,1,2,2
45142,2023,8,4,6,2,262,11,21,1,1,1
45142,2023,8,4,6,2,343,1,11,1,2,2
45142,2023,8,4,6,2,60,11,20,0,1,1
45142,2023,8,4,6,2,116,18,4,1,1,1
45114,2023,7,7,6,2,364,36,12,0,2,2
45142,2023,8,4,6,2,116,30,20,0,1,1
45142,2023,8,4,6,2,414,33,11,1,3,2
45142,2023,8,4,6,2,285,67,20,0,2,1
45142,2023,8,4,6,2,116,49,12,0,4,2
45142,2023,8,4,6,2,381,52,10,0,2,2
45142,2023,8,4,6,3,282,52,9,0,3,2
45141,2023,8,3,5,4,116,49,4,1,1,1
45142,2023,8,4,6,3,414,82,7,0,2,2
45131,2023,7,24,2,3,101,67,4,0,1,1
45142,2023,8,4,6,3,230,16,12,1,3,3
45142,2023,8,4,6,2,30,67,20,0,1,1
45142,2023,8,4,6,3,230,3,9,1,2,2
45106,2023,6,29,5,2,50,11,21,1,1,1
45142,2023,8,4,6,2,365,67,20,0,4,1
45142,2023,8,4,6,3,50,11,20,1,2,1
45142,2023,8,4,6,3,110,20,11,0,2,2
45142,2023,8,4,6,3,116,35,2,0,2,2
45142,2023,8,4,6,3,364,18,20,0,1,1
45142,2023,8,4,6,3,116,52,9,1,4,3
45142,2023,8,4,6,3,116,28,21,0,2,1
45142,2023,8,4,6,3,470,1,11,1,2,2
45142,2023,8,4,6,3,50,67,20,0,2,1
45142,2023,8,4,6,3,10,67,12,1,2,2
45142,2023,8,4,6,3,324,11,12,0,5,4
45142,2023,8,4,6,3,101,17,11,1,2,1
45142,2023,8,4,6,3,116,16,12,0,4,2
45142,2023,8,4,6,3,230,11,12,1,3,2
45142,2023,8,4,6,2,317,67,12,1,2,2
45142,2023,8,4,6,3,101,16,12,1,5,2
45142,2023,8,4,6,3,146,2,7,1,2,2
45142,2023,8,4,6,3,282,78,11,1,3,3
45142,2023,8,4,6,3,369,61,2,1,3,2
45070,2023,5,24,4,2,116,52,9,1,3,2
45142,2023,8,4,6,3,101,67,12,1,3,3
45142,2023,8,4,6,3,101,52,9,1,1,1
45142,2023,8,4,6,3,40,52,12,1,2,2
45142,2023,8,4,6,3,60,11,4,1,2,1
45142,2023,8,4,6,3,158,11,12,1,5,2
45142,2023,8,4,6,3,116,33,11,0,3,2
45142,2023,8,4,6,3,262,83,20,1,2,1
45142,2023,8,4,6,3,116,11,12,0,2,2
45142,2023,8,4,6,4,226,20,10,1,2,2
45142,2023,8,4,6,3,116,35,2,0,2,2
45142,2023,8,4,6,4,158,80,7,0,3,2
45142,2023,8,4,6,3,40,50,11,1,2,2
45142,2023,8,4,6,4,365,2,11,0,3,2
45142,2023,8,4,6,4,376,67,15,1,6,3
45142,2023,8,4,6,3,153,49,7,0,3,3
45142,2023,8,4,6,3,470,67,15,1,3,3
45126,2023,7,19,4,4,476,35,2,1,2,2
45142,2023,8,4,6,4,463,80,10,0,3,2
45142,2023,8,4,6,4,116,16,12,1,3,2
45142,2023,8,4,6,4,101,16,21,1,3,2
45142,2023,8,4,6,3,101,1,9,0,2,2
45142,2023,8,4,6,3,163,1,11,1,2,2
45142,2023,8,4,6,4,101,67,4,1,1,1
45142,2023,8,4,6,4,364,1,11,1,3,3
45142,2023,8,4,6,3,364,83,20,0,1,1
45142,2023,8,4,6,4,40,11,21,1,1,1
45142,2023,8,4,6,3,101,1,9,1,2,2
45142,2023,8,4,6,4,116,1,9,1,2,2
45142,2023,8,4,6,4,364,2,11,1,3,3
45142,2023,8,4,6,4,230,16,12,1,2,2
45142,2023,8,4,6,4,156,1,11,1,2,2
45142,2023,8,4,6,4,369,16,12,1,2,2
45142,2023,8,4,6,4,153,2,11,1,2,2
45142,2023,8,4,6,4,282,16,12,0,5,2
45142,2023,8,4,6,4,262,11,21,1,1,1
45142,2023,8,4,6,4,282,80,4,0,1,1
45142,2023,8,4,6,4,287,11,20,1,1,1
45142,2023,8,4,6,4,369,72,11,0,2,2
45142,2023,8,4,6,4,376,16,12,1,2,2
45143,2023,8,5,7,1,153,67,12,1,3,2
45143,2023,8,5,7,1,101,33,11,1,2,2
45143,2023,8,5,7,1,40,18,15,1,8,3
45143,2023,8,5,7,1,277,55,4,0,4,1
45142,2023,8,4,6,4,356,67,21,1,1,1
45143,2023,8,5,7,1,369,1,12,1,6,2
45142,2023,8,4,6,4,70,1,11,1,2,2
45143,2023,8,5,7,1,290,28,18,0,1,1
45143,2023,8,5,7,1,101,49,12,0,2,2
45142,2023,8,4,6,4,369,33,11,1,2,2
45142,2023,8,4,6,4,476,52,9,1,2,2
45143,2023,8,5,7,1,101,64,21,1,1,1
45143,2023,8,5,7,1,316,11,7,1,1,1
45143,2023,8,5,7,1,277,49,20,0,1,1
45143,2023,8,5,7,1,116,48,4,1,3,2
45142,2023,8,4,6,4,459,1,2,1,2,2
45143,2023,8,5,7,1,262,67,20,0,2,1
45143,2023,8,5,7,1,116,49,20,0,1,1
45143,2023,8,5,7,1,116,80,7,0,4,2
45142,2023,8,4,6,4,364,44,21,1,1,1
45143,2023,8,5,7,1,364,82,7,0,2,2
45143,2023,8,5,7,1,316,16,12,1,2,2
45143,2023,8,5,7,1,316,81,21,0,2,1
45143,2023,8,5,7,1,424,11,20,0,1,1
45143,2023,8,5,7,1,282,48,2,1,2,2
45143,2023,8,5,7,2,101,80,7,0,2,2
45143,2023,8,5,7,2,101,11,4,1,2,1
45143,2023,8,5,7,2,493,9,20,1,2,1
45143,2023,8,5,7,1,364,67,20,0,1,1
45143,2023,8,5,7,1,101,11,4,1,1,1
45143,2023,8,5,7,2,381,67,4,0,1,1
45143,2023,8,5,7,2,40,83,7,0,4,2
45143,2023,8,5,7,1,116,49,4,0,1,1
45143,2023,8,5,7,2,101,11,20,0,2,1
45143,2023,8,5,7,2,476,80,7,0,3,3
45143,2023,8,5,7,2,101,67,21,1,2,1
45143,2023,8,5,7,2,10,1,11,1,2,2
45143,2023,8,5,7,2,280,67,12,1,5,3
45143,2023,8,5,7,2,262,1,11,0,4,2
45143,2023,8,5,7,1,116,11,4,0,1,1
45143,2023,8,5,7,2,20,1,11,0,6,2
45143,2023,8,5,7,2,316,11,21,1,1,1
45143,2023,8,5,7,2,101,52,11,0,2,2
45143,2023,8,5,7,1,356,9,1,0,2,1
45099,2023,6,22,5,3,101,56,4,0,1,1
45143,2023,8,5,7,2,230,67,15,1,3,3
45143,2023,8,5,7,1,356,9,1,0,1,1
44968,2023,2,11,7,2,343,49,20,0,1,1
45143,2023,8,5,7,2,116,67,9,1,2,2
45143,2023,8,5,7,2,365,67,20,0,4,1
45039,2023,4,23,1,2,226,1,11,1,3,2
45143,2023,8,5,7,2,421,67,12,0,2,2
45143,2023,8,5,7,2,116,67,12,1,4,3
45143,2023,8,5,7,2,101,52,9,0,2,2
45143,2023,8,5,7,2,116,49,7,0,4,4
45143,2023,8,5,7,2,101,11,20,0,1,1
45143,2023,8,5,7,2,153,33,11,0,2,2
45143,2023,8,5,7,2,153,11,12,0,2,2
45143,2023,8,5,7,2,163,49,20,1,2,1
45111,2023,7,4,3,3,376,67,11,1,2,2
45143,2023,8,5,7,2,70,2,10,1,3,2
45143,2023,8,5,7,2,277,2,11,1,4,2
45143,2023,8,5,7,2,365,44,15,1,6,4
45143,2023,8,5,7,2,101,52,12,0,2,2
45143,2023,8,5,7,3,470,82,9,0,2,2
45143,2023,8,5,7,3,101,67,12,1,3,2
45128,2023,7,21,6,4,174,82,21,0,3,3
45143,2023,8,5,7,2,381,60,2,1,2,2
45143,2023,8,5,7,3,343,28,7,0,3,2
45143,2023,8,5,7,3,324,52,9,1,6,4
45143,2023,8,5,7,3,285,67,11,1,4,2
45143,2023,8,5,7,2,116,1,11,0,5,2
45143,2023,8,5,7,3,101,80,7,1,2,2
45143,2023,8,5,7,3,116,11,12,0,2,2
45143,2023,8,5,7,3,40,49,4,0,2,2
45143,2023,8,5,7,3,101,49,3,0,2,1
45143,2023,8,5,7,3,101,16,12,1,4,3
45143,2023,8,5,7,3,470,16,12,0,2,2
45143,2023,8,5,7,2,364,67,20,0,3,1
45143,2023,8,5,7,3,116,80,12,1,2,2
45143,2023,8,5,7,3,70,1,11,1,2,2
45143,2023,8,5,7,3,376,20,9,1,2,2
45143,2023,8,5,7,3,230,67,11,0,3,2
45143,2023,8,5,7,3,116,67,12,0,3,3
45143,2023,8,5,7,3,40,67,20,1,3,1
45143,2023,8,5,7,3,459,61,2,1,2,2
45143,2023,8,5,7,3,40,16,9,0,2,2
45143,2023,8,5,7,3,153,20,11,0,3,2
45143,2023,8,5,7,3,40,16,12,1,2,2
45143,2023,8,5,7,2,156,64,20,0,2,1
45143,2023,8,5,7,3,135,67,3,0,4,1
45143,2023,8,5,7,3,324,28,18,0,1,1
45109,2023,7,2,1,1,470,52,3,0,1,1
45143,2023,8,5,7,3,277,11,3,0,1,1
45143,2023,8,5,7,3,272,28,18,0,1,1
45143,2023,8,5,7,3,222,9,1,0,2,1
45143,2023,8,5,7,3,158,63,21,0,1,1
45143,2023,8,5,7,3,230,1,9,0,3,2
45143,2023,8,5,7,3,80,36,12,0,3,3
45143,2023,8,5,7,3,476,67,21,1,2,2
45143,2023,8,5,7,3,277,16,9,1,2,2
45143,2023,8,5,7,3,365,80,7,0,2,2
45143,2023,8,5,7,3,364,72,21,1,2,2
45143,2023,8,5,7,3,40,60,2,0,3,2
45143,2023,8,5,7,4,470,20,11,1,3,2
45143,2023,8,5,7,3,262,82,10,0,7,3
44947,2023,1,21,7,4,470,1,11,1,3,2
45143,2023,8,5,7,4,116,49,12,1,3,2
45143,2023,8,5,7,3,40,1,11,1,8,3
45143,2023,8,5,7,3,101,11,20,0,1,1
45143,2023,8,5,7,3,285,76,20,1,1,1
45143,2023,8,5,7,3,285,76,20,0,1,1
45143,2023,8,5,7,3,316,3,20,1,1,1
45143,2023,8,5,7,3,418,80,7,1,2,2
45143,2023,8,5,7,4,304,52,7,1,3,2
45143,2023,8,5,7,4,163,66,20,0,1,1
45143,2023,8,5,7,3,116,67,9,0,2,2
45143,2023,8,5,7,3,316,49,12,0,2,2
45143,2023,8,5,7,4,447,67,21,1,1,1
45143,2023,8,5,7,2,116,21,21,0,1,1
45143,2023,8,5,7,4,101,49,12,1,3,2
45143,2023,8,5,7,4,163,80,10,0,2,2
45143,2023,8,5,7,4,153,11,4,1,2,1
45143,2023,8,5,7,4,101,67,4,1,1,1
45143,2023,8,5,7,4,381,52,9,1,2,2
45143,2023,8,5,7,4,343,11,12,1,3,2
45143,2023,8,5,7,3,163,11,11,0,2,2
45143,2023,8,5,7,3,330,80,7,0,1,1
45143,2023,8,5,7,3,70,49,20,0,1,1
45143,2023,8,5,7,4,153,49,20,1,3,1
45143,2023,8,5,7,3,163,11,11,1,2,2
45143,2023,8,5,7,4,280,67,20,1,2,1
45143,2023,8,5,7,4,280,67,4,1,1,1
45143,2023,8,5,7,4,259,49,11,1,2,2
45143,2023,8,5,7,4,101,1,11,1,5,2
45143,2023,8,5,7,4,493,16,12,1,2,2
45143,2023,8,5,7,4,282,83,20,0,2,1
45143,2023,8,5,7,4,101,67,20,0,3,1
45143,2023,8,5,7,4,376,67,20,1,1,1
45144,2023,8,6,1,1,343,49,12,1,3,2
45144,2023,8,6,1,1,101,16,3,0,3,1
45143,2023,8,5,7,4,402,80,10,0,5,2
45143,2023,8,5,7,4,153,21,20,1,4,1
45144,2023,8,6,1,1,116,61,2,1,4,2
45143,2023,8,5,7,4,365,11,20,0,2,1
45143,2023,8,5,7,4,364,20,10,0,3,3
45144,2023,8,6,1,1,277,49,12,1,4,2
45144,2023,8,6,1,1,116,67,20,1,1,1
45144,2023,8,6,1,1,381,11,4,1,1,1
45144,2023,8,6,1,1,324,18,12,0,2,2
45144,2023,8,6,1,1,467,49,20,0,2,1
45144,2023,8,6,1,1,290,35,2,0,2,2
45144,2023,8,6,1,1,101,49,4,1,1,1
45144,2023,8,6,1,1,116,11,4,1,2,1
45144,2023,8,6,1,1,319,17,11,1,4,2
45144,2023,8,6,1,1,101,83,20,1,1,1
45143,2023,8,5,7,4,70,83,3,0,1,1
45144,2023,8,6,1,1,364,49,20,0,1,1
45144,2023,8,6,1,1,285,67,7,0,8,2
45143,2023,8,5,7,4,381,11,7,0,2,2
45144,2023,8,6,1,1,242,52,7,0,6,2
45144,2023,8,6,1,1,101,49,4,1,1,1
45144,2023,8,6,1,1,262,83,20,0,5,1
45144,2023,8,6,1,1,493,9,20,0,3,1
45144,2023,8,6,1,1,116,49,20,0,2,1
45144,2023,8,6,1,1,163,67,20,1,1,1
45144,2023,8,6,1,1,365,18,20,0,1,1
45144,2023,8,6,1,1,116,11,2,0,1,1
45144,2023,8,6,1,1,116,11,20,0,1,1
45144,2023,8,6,1,1,40,11,20,0,1,1
45144,2023,8,6,1,1,282,67,20,1,2,1
45143,2023,8,5,7,4,230,52,7,0,2,2
45144,2023,8,6,1,2,116,18,12,1,4,2
45144,2023,8,6,1,1,316,49,12,1,3,3
45144,2023,8,6,1,1,101,49,15,1,3,3
45144,2023,8,6,1,1,101,11,2,0,4,3
45144,2023,8,6,1,1,262,67,4,0,1,1
45144,2023,8,6,1,2,381,18,20,0,4,1
45144,2023,8,6,1,1,405,28,20,0,3,1
45144,2023,8,6,1,1,405,49,9,0,2,2
45144,2023,8,6,1,2,60,16,12,0,3,2
45144,2023,8,6,1,2,101,16,12,0,3,2
45136,2023,7,29,7,3,467,49,20,0,1,1
45144,2023,8,6,1,2,376,11,20,0,1,1
45144,2023,8,6,1,2,101,11,12,0,1,1
45144,2023,8,6,1,2,163,67,7,0,3,2
45143,2023,8,5,7,4,110,11,20,0,1,1
45144,2023,8,6,1,2,465,67,7,1,3,2
45144,2023,8,6,1,2,280,11,20,0,2,1
45144,2023,8,6,1,2,153,1,9,1,2,2
45144,2023,8,6,1,2,60,51,20,0,1,1
45144,2023,8,6,1,2,116,11,9,1,1,1
45084,2023,6,7,4,1,70,52,9,1,3,2
45144,2023,8,6,1,2,116,1,9,1,2,2
45144,2023,8,6,1,2,40,20,11,0,4,3
45144,2023,8,6,1,2,163,82,20,0,2,2
45144,2023,8,6,1,2,116,11,4,1,1,1
45144,2023,8,6,1,2,116,83,4,0,3,2
45144,2023,8,6,1,1,60,9,1,0,2,1
45144,2023,8,6,1,2,262,11,21,1,2,1
45144,2023,8,6,1,2,116,16,12,1,2,2
45144,2023,8,6,1,2,470,1,11,0,6,2
45144,2023,8,6,1,2,116,16,12,1,4,2
45144,2023,8,6,1,2,174,1,2,1,2,2
45144,2023,8,6,1,2,153,67,21,0,1,1
45144,2023,8,6,1,2,101,2,4,1,2,1
45144,2023,8,6,1,2,116,67,12,0,3,2
45144,2023,8,6,1,2,419,67,20,0,1,1
45144,2023,8,6,1,2,116,28,20,0,1,1
45144,2023,8,6,1,1,308,9,1,0,4,1
45144,2023,8,6,1,2,101,67,20,1,1,1
45144,2023,8,6,1,2,414,1,11,0,4,2
45144,2023,8,6,1,2,369,67,4,1,2,1
45144,2023,8,6,1,3,470,63,21,0,1,1
45144,2023,8,6,1,3,470,18,10,0,8,3
45144,2023,8,6,1,3,116,67,20,1,1,1
45144,2023,8,6,1,3,232,67,18,0,1,1
45144,2023,8,6,1,3,381,11,7,0,1,1
45144,2023,8,6,1,2,465,67,11,1,2,2
45144,2023,8,6,1,3,262,16,9,0,3,2
45144,2023,8,6,1,3,116,1,9,1,2,2
45144,2023,8,6,1,3,101,28,20,0,7,1
45144,2023,8,6,1,3,369,52,4,0,1,1
45144,2023,8,6,1,3,408,10,2,1,3,2
45144,2023,8,6,1,3,316,16,12,1,2,2
45144,2023,8,6,1,2,365,67,12,0,4,2
45144,2023,8,6,1,3,40,52,12,1,2,1
45144,2023,8,6,1,3,40,1,11,1,5,2
45144,2023,8,6,1,3,20,35,2,0,3,2
45144,2023,8,6,1,3,116,67,12,0,3,2
45144,2023,8,6,1,3,285,67,7,0,4,3
45144,2023,8,6,1,3,101,49,21,1,1,1
45144,2023,8,6,1,3,101,67,21,0,1,1
45128,2023,7,21,6,4,476,67,12,0,2,2
45144,2023,8,6,1,3,40,49,3,1,1,1
45144,2023,8,6,1,3,364,28,21,1,1,1
45144,2023,8,6,1,3,101,11,15,1,4,3
45144,2023,8,6,1,3,381,49,12,0,2,2
45144,2023,8,6,1,3,40,16,15,0,4,3
45144,2023,8,6,1,3,116,11,20,0,1,1
45144,2023,8,6,1,3,101,11,12,0,2,2
45144,2023,8,6,1,3,381,67,12,0,3,2
45144,2023,8,6,1,3,381,28,18,1,2,1
45144,2023,8,6,1,3,277,78,9,0,2,2
45144,2023,8,6,1,3,470,11,9,0,2,2
45144,2023,8,6,1,2,282,28,18,0,2,1
45144,2023,8,6,1,3,40,72,11,1,3,2
45144,2023,8,6,1,3,386,52,9,0,4,2
45144,2023,8,6,1,3,230,49,12,0,3,2
45144,2023,8,6,1,3,163,82,9,0,5,3
45144,2023,8,6,1,4,101,1,11,1,2,2
45144,2023,8,6,1,3,423,1,11,0,2,2
45144,2023,8,6,1,3,364,67,20,0,5,1
45144,2023,8,6,1,4,101,52,4,1,1,1
45144,2023,8,6,1,4,101,52,9,0,2,2
45144,2023,8,6,1,4,277,67,20,1,1,1
45144,2023,8,6,1,3,101,80,12,0,4,2
45144,2023,8,6,1,3,60,28,18,0,4,1
45144,2023,8,6,1,3,230,11,7,1,3,2
45144,2023,8,6,1,3,282,83,20,0,1,1
45144,2023,8,6,1,3,101,11,21,0,1,1
45144,2023,8,6,1,3,163,11,12,0,2,2
45144,2023,8,6,1,3,101,67,12,1,3,3
45144,2023,8,6,1,3,376,67,9,0,3,2
45144,2023,8,6,1,4,116,1,11,0,4,2
45144,2023,8,6,1,3,101,61,2,0,3,3
45144,2023,8,6,1,4,290,52,20,0,1,1
45144,2023,8,6,1,4,381,67,4,1,1,1
45064,2023,5,18,5,4,267,48,2,1,2,2
45144,2023,8,6,1,4,116,11,3,1,1,1
45144,2023,8,6,1,3,230,28,20,0,3,2
45144,2023,8,6,1,4,277,67,20,0,1,1
45144,2023,8,6,1,4,343,48,2,1,2,2
45144,2023,8,6,1,4,116,52,12,1,2,2
45144,2023,8,6,1,4,381,49,7,0,2,2
45144,2023,8,6,1,4,153,13,20,1,1,1
45144,2023,8,6,1,4,408,9,20,0,1,1
45144,2023,8,6,1,3,40,1,11,1,5,2
45144,2023,8,6,1,4,116,11,15,1,4,3
45144,2023,8,6,1,4,40,16,12,1,5,2
45144,2023,8,6,1,4,251,1,11,1,2,2
45144,2023,8,6,1,4,40,28,18,0,2,1
45144,2023,8,6,1,4,40,83,12,1,3,2
45144,2023,8,6,1,4,277,1,12,0,2,2
45144,2023,8,6,1,4,116,18,12,0,3,2
45144,2023,8,6,1,3,101,81,2,1,2,2
45144,2023,8,6,1,4,262,11,20,0,1,1
45144,2023,8,6,1,4,230,16,12,0,3,2
45144,2023,8,6,1,4,116,80,11,0,3,2
45144,2023,8,6,1,3,381,51,20,0,1,1
45144,2023,8,6,1,4,376,67,20,0,2,1
45144,2023,8,6,1,4,116,67,7,0,2,2
45144,2023,8,6,1,4,101,49,10,0,2,2
45144,2023,8,6,1,4,101,16,12,1,3,2
45144,2023,8,6,1,4,365,80,7,0,4,2
45144,2023,8,6,1,3,373,12,7,0,3,3
45144,2023,8,6,1,4,116,49,4,1,1,1
45144,2023,8,6,1,4,287,80,7,0,2,2
45144,2023,8,6,1,4,101,49,12,1,3,3
45144,2023,8,6,1,3,116,80,7,0,2,2
45144,2023,8,6,1,4,101,12,21,1,1,1
45144,2023,8,6,1,4,280,67,7,1,2,2
45144,2023,8,6,1,4,471,49,4,1,1,1
45144,2023,8,6,1,4,163,11,20,1,1,1
45144,2023,8,6,1,4,365,11,4,0,2,1
45144,2023,8,6,1,4,408,9,1,0,1,1
45144,2023,8,6,1,4,101,49,20,1,1,1
45144,2023,8,6,1,4,277,12,7,0,13,2
45144,2023,8,6,1,4,376,11,4,1,2,1
45144,2023,8,6,1,2,285,49,20,0,1,1
45144,2023,8,6,1,4,135,11,7,0,3,2
45144,2023,8,6,1,4,282,80,7,0,2,2
45145,2023,8,7,2,1,116,49,20,0,1,1
45140,2023,8,2,4,3,467,2,11,0,5,2
45145,2023,8,7,2,1,364,18,21,0,1,1
45144,2023,8,6,1,4,493,67,12,0,6,2
45145,2023,8,7,2,1,116,60,2,0,2,2
45144,2023,8,6,1,4,116,11,20,1,1,1
45145,2023,8,7,2,1,116,80,10,1,9,3
45144,2023,8,6,1,4,343,67,20,0,1,1
45145,2023,8,7,2,1,232,16,12,0,3,2
45145,2023,8,7,2,1,101,9,1,0,2,1
45145,2023,8,7,2,1,40,11,4,1,1,1
45144,2023,8,6,1,4,277,67,20,0,1,1
45145,2023,8,7,2,2,101,1,4,1,3,2
45144,2023,8,6,1,3,465,67,2,1,2,2
45145,2023,8,7,2,2,101,44,21,1,1,1
45145,2023,8,7,2,2,376,18,20,0,2,1
45145,2023,8,7,2,1,40,48,20,0,1,1
45145,2023,8,7,2,2,116,52,7,1,2,2
45145,2023,8,7,2,2,153,16,12,0,3,2
45145,2023,8,7,2,2,101,83,3,0,1,1
45145,2023,8,7,2,2,369,61,2,1,3,3
45145,2023,8,7,2,2,135,16,9,1,2,2
45145,2023,8,7,2,2,60,11,9,1,3,2
45145,2023,8,7,2,1,251,13,3,0,3,1
45145,2023,8,7,2,2,101,52,9,1,2,2
45142,2023,8,4,6,2,101,67,12,0,5,2
45145,2023,8,7,2,2,104,16,12,1,2,2
45145,2023,8,7,2,2,101,48,2,0,3,2
45145,2023,8,7,2,2,116,52,9,1,2,2
45088,2023,6,11,1,1,304,67,20,1,1,1
45145,2023,8,7,2,2,364,1,12,1,4,3
45145,2023,8,7,2,2,40,52,9,0,3,3
45145,2023,8,7,2,2,101,67,9,0,2,2
45145,2023,8,7,2,2,101,16,12,1,2,2
45145,2023,8,7,2,2,376,20,11,1,2,2
45134,2023,7,27,5,1,369,1,12,0,2,2
45145,2023,8,7,2,2,381,11,21,1,1,1
45145,2023,8,7,2,2,101,11,12,1,3,2