id_data,ano,mes,dia,id_dia_semana,periodo,br,id_causa_acidente,id_tipo_acidente,id_uso_solo,pessoas,veiculos
45150,2023,8,12,7,1,116,35,2,1,2,2
45149,2023,8,11,6,3,277,1,11,0,4,2
45150,2023,8,12,7,1,80,67,18,0,1,1
45150,2023,8,12,7,1,163,9,1,0,1,1
45150,2023,8,12,7,1,277,11,20,0,3,1
45149,2023,8,11,6,3,381,52,9,0,6,3
45150,2023,8,12,7,2,70,48,4,0,1,1
45150,2023,8,12,7,1,116,80,10,0,8,3
45150,2023,8,12,7,1,10,80,7,1,2,2
45150,2023,8,12,7,1,40,16,20,1,1,1
45150,2023,8,12,7,1,116,55,12,0,2,2
45150,2023,8,12,7,2,448,81,9,0,4,2
45150,2023,8,12,7,2,116,67,11,1,2,2
45150,2023,8,12,7,2,20,67,20,1,1,1
45150,2023,8,12,7,1,60,18,20,0,1,1
45150,2023,8,12,7,2,116,11,21,0,1,1
45149,2023,8,11,6,3,116,16,15,0,2,2
45150,2023,8,12,7,2,262,67,20,0,2,1
45150,2023,8,12,7,1,158,9,1,1,1,1
45150,2023,8,12,7,2,70,20,7,0,3,2
45150,2023,8,12,7,1,163,11,20,0,1,1
45150,2023,8,12,7,2,163,11,4,0,1,1
45150,2023,8,12,7,2,116,11,4,0,1,1
45150,2023,8,12,7,1,285,48,20,0,1,1
45150,2023,8,12,7,2,116,83,21,0,1,1
45108,2023,7,1,7,4,365,67,20,0,2,1
45150,2023,8,12,7,2,343,17,11,1,3,3
45150,2023,8,12,7,2,476,15,20,1,1,1
45150,2023,8,12,7,2,153,83,20,0,1,1
45150,2023,8,12,7,1,381,67,18,1,1,1
45150,2023,8,12,7,2,116,78,9,1,2,2
45150,2023,8,12,7,2,369,83,7,0,6,2
45150,2023,8,12,7,2,230,11,12,1,3,2
45150,2023,8,12,7,2,381,83,20,1,1,1
45149,2023,8,11,6,3,116,82,9,1,3,2
45150,2023,8,12,7,2,101,67,12,1,3,2
45150,2023,8,12,7,2,435,1,11,1,2,2
45150,2023,8,12,7,2,10,1,20,1,6,2
45150,2023,8,12,7,2,232,1,9,1,4,2
45150,2023,8,12,7,2,116,67,9,0,2,2
45150,2023,8,12,7,2,163,1,11,0,2,2
45150,2023,8,12,7,2,101,67,12,1,5,2
45150,2023,8,12,7,2,381,16,15,1,4,3
45150,2023,8,12,7,2,282,15,20,0,5,1
45016,2023,3,31,6,4,230,16,10,0,4,3
45150,2023,8,12,7,2,290,49,20,0,1,1
45150,2023,8,12,7,2,116,1,9,1,3,2
45150,2023,8,12,7,2,174,28,10,0,2,2
45150,2023,8,12,7,2,80,83,20,0,2,1
45106,2023,6,29,5,4,40,49,21,0,1,1
45150,2023,8,12,7,2,116,67,9,0,2,2
45150,2023,8,12,7,2,116,11,21,0,1,1
45150,2023,8,12,7,2,116,67,3,0,2,1
45150,2023,8,12,7,2,101,67,4,1,2,1
45150,2023,8,12,7,2,163,13,21,1,1,1
45150,2023,8,12,7,2,116,16,15,1,3,3
45150,2023,8,12,7,2,282,64,3,0,2,1
45150,2023,8,12,7,2,364,11,20,0,1,1
45150,2023,8,12,7,2,153,18,20,0,2,1
45150,2023,8,12,7,3,381,18,4,0,2,1
45150,2023,8,12,7,2,364,1,2,1,2,2
45150,2023,8,12,7,2,116,81,9,1,4,3
45150,2023,8,12,7,2,364,20,11,1,2,2
45150,2023,8,12,7,3,101,11,12,0,4,4
45150,2023,8,12,7,3,470,18,4,0,1,1
45150,2023,8,12,7,3,235,11,12,1,3,2
45150,2023,8,12,7,3,324,83,4,1,1,1
44998,2023,3,13,2,3,101,12,2,1,2,2
45150,2023,8,12,7,3,277,15,20,0,5,1
45150,2023,8,12,7,2,116,2,11,0,2,2
45150,2023,8,12,7,3,101,2,11,1,1,1
45150,2023,8,12,7,3,251,1,11,0,3,2
45150,2023,8,12,7,3,40,1,11,1,2,2
45150,2023,8,12,7,3,343,1,11,1,4,2
45150,2023,8,12,7,3,116,67,15,1,4,3
45150,2023,8,12,7,3,381,28,18,0,4,1
45150,2023,8,12,7,3,116,83,7,1,3,2
45150,2023,8,12,7,2,282,1,11,1,2,2
45150,2023,8,12,7,3,101,16,12,1,2,2
45150,2023,8,12,7,1,267,67,4,0,1,1
45150,2023,8,12,7,3,116,11,9,0,3,2
45150,2023,8,12,7,3,40,67,21,0,2,1
45150,2023,8,12,7,3,262,44,20,1,2,1
45150,2023,8,12,7,3,101,67,3,1,2,1
45150,2023,8,12,7,3,406,67,4,1,2,1
45150,2023,8,12,7,3,60,83,9,1,2,2
45150,2023,8,12,7,3,230,33,11,1,3,2
45150,2023,8,12,7,3,116,49,12,0,2,2
45150,2023,8,12,7,3,101,13,21,1,2,1
45150,2023,8,12,7,3,116,29,4,0,1,1
45150,2023,8,12,7,3,101,35,2,1,2,2
45150,2023,8,12,7,3,365,1,11,1,4,3
45150,2023,8,12,7,3,364,49,20,0,1,1
45150,2023,8,12,7,3,60,13,4,1,3,1
45150,2023,8,12,7,3,163,67,12,1,6,2
45150,2023,8,12,7,3,369,83,20,0,1,1
45150,2023,8,12,7,2,135,67,21,1,2,1
45150,2023,8,12,7,3,101,52,9,1,2,2
45150,2023,8,12,7,3,414,11,7,0,2,2
45150,2023,8,12,7,3,230,11,20,0,2,1
45150,2023,8,12,7,3,101,63,20,0,1,1
45150,2023,8,12,7,3,381,49,9,1,2,2
45150,2023,8,12,7,3,101,49,12,0,2,2
45150,2023,8,12,7,3,40,16,21,1,1,1
45150,2023,8,12,7,4,101,9,1,0,1,1
45150,2023,8,12,7,3,277,60,2,1,2,2
45150,2023,8,12,7,3,262,35,2,1,2,2
45150,2023,8,12,7,2,116,64,4,0,2,1
45150,2023,8,12,7,3,40,67,4,0,1,1
45150,2023,8,12,7,3,282,67,20,0,2,1
45150,2023,8,12,7,3,104,83,15,1,4,4
45150,2023,8,12,7,3,277,11,11,1,3,2
45150,2023,8,12,7,3,364,1,11,1,2,2
45150,2023,8,12,7,3,343,49,11,1,3,2
45150,2023,8,12,7,4,116,16,12,1,2,2
45150,2023,8,12,7,3,116,11,12,0,5,2
45150,2023,8,12,7,4,60,61,2,1,3,2
45150,2023,8,12,7,4,10,1,12,1,3,2
45150,2023,8,12,7,3,116,67,2,1,2,2
45150,2023,8,12,7,4,277,16,12,0,2,2
45150,2023,8,12,7,4,386,9,1,0,1,1
45150,2023,8,12,7,4,324,5,21,0,2,1
45150,2023,8,12,7,4,262,9,21,0,3,2
45150,2023,8,12,7,4,101,11,3,1,1,1
45150,2023,8,12,7,3,364,20,11,0,2,2
45150,2023,8,12,7,4,40,61,2,0,2,2
45150,2023,8,12,7,4,101,1,2,0,2,2
45150,2023,8,12,7,4,116,83,20,0,3,1
45150,2023,8,12,7,3,101,72,11,0,2,2
45150,2023,8,12,7,3,407,49,12,1,2,2
45150,2023,8,12,7,4,304,20,7,0,3,2
45150,2023,8,12,7,4,116,83,20,0,1,1
45150,2023,8,12,7,4,407,16,12,1,2,2
45150,2023,8,12,7,4,135,35,2,1,3,2
45150,2023,8,12,7,4,101,49,4,1,1,1
45150,2023,8,12,7,4,116,52,20,0,6,3
45150,2023,8,12,7,4,156,80,7,0,4,2
45150,2023,8,12,7,4,381,35,2,1,3,3
45150,2023,8,12,7,3,285,83,20,0,1,1
45150,2023,8,12,7,4,101,28,20,0,1,1
45150,2023,8,12,7,4,153,1,9,1,2,2
45150,2023,8,12,7,4,101,67,21,0,1,1
45150,2023,8,12,7,4,116,16,12,0,2,2
45150,2023,8,12,7,3,101,11,12,1,2,2
45150,2023,8,12,7,4,232,80,7,0,3,2
45150,2023,8,12,7,4,153,28,18,0,1,1
45150,2023,8,12,7,4,101,28,18,1,1,1
45150,2023,8,12,7,4,277,18,20,0,1,1
45150,2023,8,12,7,4,101,46,4,1,3,2
45150,2023,8,12,7,4,414,83,4,1,2,1
45150,2023,8,12,7,4,116,64,21,0,1,1
45150,2023,8,12,7,4,452,50,20,0,2,1
45150,2023,8,12,7,4,381,16,12,1,2,2
45150,2023,8,12,7,4,262,18,3,0,2,1
45150,2023,8,12,7,4,60,67,4,0,1,1
45150,2023,8,12,7,4,135,49,7,0,2,2
45151,2023,8,13,1,1,153,11,4,1,1,1
45150,2023,8,12,7,4,101,11,20,1,2,1
45151,2023,8,13,1,1,153,67,2,1,3,2
45150,2023,8,12,7,4,116,60,2,0,2,2
45150,2023,8,12,7,4,364,1,11,1,2,2
45150,2023,8,12,7,4,60,80,7,0,6,3
45150,2023,8,12,7,4,116,11,20,1,1,1
45151,2023,8,13,1,1,70,11,20,1,1,1
45151,2023,8,13,1,1,376,1,11,0,2,2
45151,2023,8,13,1,1,364,33,11,1,4,2
45151,2023,8,13,1,1,20,49,20,0,1,1
45151,2023,8,13,1,1,405,7,21,0,1,1
45151,2023,8,13,1,1,116,67,20,0,1,1
45150,2023,8,12,7,3,381,28,3,0,2,1
45151,2023,8,13,1,1,10,49,3,0,1,1
45151,2023,8,13,1,1,60,11,15,0,3,3
45151,2023,8,13,1,1,153,11,20,0,1,1
45151,2023,8,13,1,1,116,11,4,1,1,1
45151,2023,8,13,1,1,356,9,1,0,2,1
45151,2023,8,13,1,1,290,67,12,0,3,2
45150,2023,8,12,7,4,70,17,11,0,3,3
45151,2023,8,13,1,1,251,83,12,0,6,2
45151,2023,8,13,1,1,116,18,20,1,2,1
45151,2023,8,13,1,1,101,1,2,1,2,2
45151,2023,8,13,1,1,376,19,4,0,1,1
45151,2023,8,13,1,1,101,67,3,1,2,1
45150,2023,8,12,7,4,163,11,20,1,1,1
45151,2023,8,13,1,2,343,49,4,1,2,2
45151,2023,8,13,1,2,293,18,20,1,1,1
45151,2023,8,13,1,2,222,83,21,0,2,1
45151,2023,8,13,1,2,304,11,20,1,1,1
45151,2023,8,13,1,1,317,11,20,0,1,1
45151,2023,8,13,1,1,116,83,21,0,2,1
45151,2023,8,13,1,2,20,11,20,0,1,1
45150,2023,8,12,7,2,230,67,7,0,2,2
45151,2023,8,13,1,2,488,1,11,1,2,2
45151,2023,8,13,1,1,272,11,20,0,1,1
45151,2023,8,13,1,2,222,35,2,1,2,2
45151,2023,8,13,1,2,101,64,21,1,1,1
45151,2023,8,13,1,2,495,67,3,0,1,1
45151,2023,8,13,1,1,364,11,20,1,2,1
45150,2023,8,12,7,4,153,49,20,0,1,1
45151,2023,8,13,1,1,356,49,10,1,2,2
45151,2023,8,13,1,1,116,49,4,0,5,4
45151,2023,8,13,1,2,60,28,20,0,4,1
45151,2023,8,13,1,1,376,51,20,0,1,1
45151,2023,8,13,1,1,116,11,20,0,1,1
45115,2023,7,8,7,3,116,11,20,0,4,1
45144,2023,8,6,1,1,470,67,3,0,1,1
45151,2023,8,13,1,2,153,11,9,1,1,1
45151,2023,8,13,1,2,381,20,11,0,4,2
45151,2023,8,13,1,2,364,11,12,1,4,2
45151,2023,8,13,1,1,101,49,20,0,2,1
45151,2023,8,13,1,2,101,18,3,0,1,1
45151,2023,8,13,1,2,116,11,12,1,3,2
45144,2023,8,6,1,4,104,60,2,0,2,2
45142,2023,8,4,6,3,101,1,21,1,2,2
45151,2023,8,13,1,1,70,11,20,0,1,1
45151,2023,8,13,1,1,222,67,3,0,8,1
45151,2023,8,13,1,1,407,67,9,0,2,1
45151,2023,8,13,1,2,116,1,11,0,2,2
45151,2023,8,13,1,2,101,82,9,1,2,2
45151,2023,8,13,1,2,50,13,20,0,1,1
45151,2023,8,13,1,2,376,35,2,1,2,2
45150,2023,8,12,7,3,282,11,20,0,1,1
45151,2023,8,13,1,2,116,52,11,1,2,2
45151,2023,8,13,1,2,381,11,12,1,2,2
45151,2023,8,13,1,2,20,11,3,0,1,1
45151,2023,8,13,1,2,277,67,20,1,2,2
45151,2023,8,13,1,2,282,51,3,0,1,1
45151,2023,8,13,1,2,393,1,9,1,2,2
45151,2023,8,13,1,2,232,67,9,1,2,2
45151,2023,8,13,1,2,20,1,7,1,2,2
45151,2023,8,13,1,2,280,1,11,1,3,2
45151,2023,8,13,1,2,101,11,21,1,2,1
45151,2023,8,13,1,2,116,67,4,1,2,1
45151,2023,8,13,1,2,101,4,20,0,2,1
45151,2023,8,13,1,2,282,72,11,0,2,2
45151,2023,8,13,1,2,230,67,20,0,1,1
45151,2023,8,13,1,3,356,83,4,0,2,1
45151,2023,8,13,1,3,20,67,11,1,2,2
45151,2023,8,13,1,2,369,1,11,0,3,2
45151,2023,8,13,1,3,101,33,11,1,3,2
45151,2023,8,13,1,2,116,11,3,0,1,1
45151,2023,8,13,1,3,316,67,12,1,2,2
45151,2023,8,13,1,2,230,1,11,1,5,2
45151,2023,8,13,1,3,232,67,9,1,3,2
45099,2023,6,22,5,1,381,18,20,0,54,1
45151,2023,8,13,1,2,101,82,9,1,3,3
45148,2023,8,10,5,1,40,83,12,1,3,2
45148,2023,8,10,5,2,262,81,11,1,2,2
45151,2023,8,13,1,3,262,67,3,0,3,1
45151,2023,8,13,1,3,230,61,2,0,5,4
45151,2023,8,13,1,3,116,80,10,1,2,2
45151,2023,8,13,1,3,423,48,2,1,2,2
45151,2023,8,13,1,3,316,9,1,1,2,1
45151,2023,8,13,1,3,50,11,3,0,1,1
45151,2023,8,13,1,3,116,80,7,0,5,2
45151,2023,8,13,1,3,381,67,3,0,4,1
45151,2023,8,13,1,3,262,16,12,0,6,3
45151,2023,8,13,1,3,232,80,12,0,2,2
45151,2023,8,13,1,3,153,49,20,1,1,1
45151,2023,8,13,1,3,285,33,11,1,4,2
45151,2023,8,13,1,3,101,67,4,0,1,1
45151,2023,8,13,1,3,40,51,20,1,1,1
45151,2023,8,13,1,3,381,49,4,1,2,2
45151,2023,8,13,1,3,116,52,11,1,2,2
45151,2023,8,13,1,3,428,82,9,0,2,2
45151,2023,8,13,1,3,392,1,11,0,3,2
45151,2023,8,13,1,3,101,83,20,0,2,1
45151,2023,8,13,1,3,316,11,20,1,1,1
45151,2023,8,13,1,3,146,28,21,0,2,1
45151,2023,8,13,1,3,101,80,7,0,3,2
45151,2023,8,13,1,3,364,49,12,0,3,2
45139,2023,8,1,3,4,116,52,9,1,2,2
45151,2023,8,13,1,3,222,67,9,1,5,2
45151,2023,8,13,1,3,116,35,2,1,3,2
45151,2023,8,13,1,3,364,11,20,0,2,1
45151,2023,8,13,1,3,20,61,2,1,2,2
45151,2023,8,13,1,3,116,1,11,1,3,2
45151,2023,8,13,1,3,101,11,12,1,6,4
45151,2023,8,13,1,3,116,49,20,0,1,1
44979,2023,2,22,4,3,319,67,9,1,4,2
45151,2023,8,13,1,3,153,9,1,0,2,2
45151,2023,8,13,1,3,364,83,3,0,2,1
45151,2023,8,13,1,4,406,1,7,0,2,2
45151,2023,8,13,1,3,232,16,9,1,5,3
45151,2023,8,13,1,3,116,61,2,0,2,2
45151,2023,8,13,1,3,316,49,7,0,2,2
45151,2023,8,13,1,4,230,67,20,1,1,1
45151,2023,8,13,1,3,423,67,12,0,4,2
45151,2023,8,13,1,4,277,67,20,0,2,1
45151,2023,8,13,1,4,101,67,4,1,1,1
45151,2023,8,13,1,3,381,83,20,0,1,1
45151,2023,8,13,1,3,381,83,4,0,2,1
45151,2023,8,13,1,4,230,82,7,1,3,2
45151,2023,8,13,1,4,354,12,20,0,2,2
45151,2023,8,13,1,4,343,11,4,1,1,1
45151,2023,8,13,1,4,101,80,10,0,6,3
45151,2023,8,13,1,3,101,67,20,0,2,1
45151,2023,8,13,1,4,470,1,11,0,2,2
45151,2023,8,13,1,3,222,67,9,0,2,2
45151,2023,8,13,1,4,376,11,21,1,1,1
45151,2023,8,13,1,3,381,67,20,0,1,1
45151,2023,8,13,1,4,222,1,11,1,2,2
45151,2023,8,13,1,4,381,67,21,0,1,1
45151,2023,8,13,1,4,101,52,9,1,2,1
45151,2023,8,13,1,4,40,11,20,0,2,1
45151,2023,8,13,1,4,163,52,9,0,4,2
45151,2023,8,13,1,4,235,55,2,0,2,2
45151,2023,8,13,1,4,316,49,12,1,2,2
45151,2023,8,13,1,4,101,16,12,1,2,2
45151,2023,8,13,1,3,364,11,21,0,1,1
45151,2023,8,13,1,3,316,61,2,1,3,2
45151,2023,8,13,1,4,101,11,20,1,2,1
45151,2023,8,13,1,3,287,49,12,0,5,2
45151,2023,8,13,1,4,40,80,7,0,4,2
45151,2023,8,13,1,4,381,35,2,0,3,2
45151,2023,8,13,1,4,262,83,20,0,1,1
45151,2023,8,13,1,4,153,12,10,0,3,2
45151,2023,8,13,1,3,163,49,20,0,1,1
45151,2023,8,13,1,4,210,80,7,1,2,2
45151,2023,8,13,1,4,101,16,12,1,2,2
45151,2023,8,13,1,4,427,11,4,0,2,1
45151,2023,8,13,1,4,40,4,21,0,1,1
45151,2023,8,13,1,4,369,1,11,0,3,2
45151,2023,8,13,1,4,101,11,4,0,1,1
45151,2023,8,13,1,4,235,67,7,0,3,2
45152,2023,8,14,2,1,356,52,9,1,2,2
45152,2023,8,14,2,1,101,80,7,1,3,2
45151,2023,8,13,1,3,60,28,4,0,7,3
45151,2023,8,13,1,4,316,1,7,1,3,2
45123,2023,7,16,1,3,40,78,9,0,2,2
45152,2023,8,14,2,1,60,67,20,0,4,1
45152,2023,8,14,2,1,116,49,4,0,1,1
45152,2023,8,14,2,1,40,67,4,0,1,1
45152,2023,8,14,2,1,277,67,20,0,1,1
45152,2023,8,14,2,2,210,11,4,1,1,1
45152,2023,8,14,2,2,116,16,9,0,3,2
45152,2023,8,14,2,2,116,78,9,1,2,2
45152,2023,8,14,2,2,101,67,12,1,2,2
45151,2023,8,13,1,3,10,49,20,0,1,1
45152,2023,8,14,2,2,324,83,20,0,1,1
45151,2023,8,13,1,4,471,28,18,0,1,1
45152,2023,8,14,2,2,304,52,9,0,3,2
45152,2023,8,14,2,2,153,52,9,0,2,2
45152,2023,8,14,2,2,50,9,1,0,1,1
45152,2023,8,14,2,2,101,11,12,0,2,2
45152,2023,8,14,2,2,376,82,7,0,2,2
45152,2023,8,14,2,2,101,52,12,1,3,2
45152,2023,8,14,2,2,364,67,9,1,2,2
45152,2023,8,14,2,2,293,11,12,0,2,2
45152,2023,8,14,2,2,116,67,12,1,2,2
45152,2023,8,14,2,2,70,49,9,1,2,2
45152,2023,8,14,2,2,101,28,21,1,2,1
45152,2023,8,14,2,2,230,11,12,1,6,2
45097,2023,6,20,3,4,101,38,9,1,2,2
45152,2023,8,14,2,2,476,78,9,1,3,2
45152,2023,8,14,2,2,116,11,21,1,1,1
45152,2023,8,14,2,2,116,1,11,1,3,2
45152,2023,8,14,2,2,101,52,9,1,2,2
45152,2023,8,14,2,2,101,67,9,1,2,2
45152,2023,8,14,2,2,101,6,21,0,2,1
45152,2023,8,14,2,2,116,5,4,1,1,1
45152,2023,8,14,2,2,392,1,11,1,3,3
45152,2023,8,14,2,2,376,18,4,0,2,1
45152,2023,8,14,2,2,381,52,4,0,3,1
45152,2023,8,14,2,2,135,33,11,1,2,2
45152,2023,8,14,2,2,232,1,11,0,4,2
45152,2023,8,14,2,2,116,52,9,1,2,2
45152,2023,8,14,2,2,427,13,4,0,2,1
45152,2023,8,14,2,2,316,1,9,0,5,2
45152,2023,8,14,2,2,40,65,15,1,5,4
45128,2023,7,21,6,3,381,67,15,0,11,5
45136,2023,7,29,7,1,116,67,12,0,3,2
45152,2023,8,14,2,2,163,67,20,1,1,1
45152,2023,8,14,2,2,316,82,12,1,2,2
45152,2023,8,14,2,2,381,2,11,0,3,2
45112,2023,7,5,4,4,262,1,11,0,2,2
45152,2023,8,14,2,1,174,9,1,0,2,1
45152,2023,8,14,2,2,282,67,2,0,2,2
45152,2023,8,14,2,3,324,67,12,1,2,1
45152,2023,8,14,2,3,101,67,12,0,2,2
45136,2023,7,29,7,3,101,67,9,0,2,2
45152,2023,8,14,2,2,40,6,21,0,1,1
45152,2023,8,14,2,2,116,67,3,1,1,1
45152,2023,8,14,2,2,116,67,21,0,1,1
45144,2023,8,6,1,4,267,11,12,0,4,2
45152,2023,8,14,2,3,470,1,11,0,2,2
45152,2023,8,14,2,3,40,61,2,1,2,2
45152,2023,8,14,2,3,153,33,11,1,2,2
45152,2023,8,14,2,3,101,1,11,1,2,2
45152,2023,8,14,2,3,101,67,12,0,3,3
45152,2023,8,14,2,2,393,11,21,0,1,1
45152,2023,8,14,2,3,104,80,7,0,3,2
45151,2023,8,13,1,2,116,82,4,1,8,4
45152,2023,8,14,2,3,277,16,12,0,4,2
45152,2023,8,14,2,3,280,67,12,1,2,2
45152,2023,8,14,2,3,158,72,11,0,5,2
45152,2023,8,14,2,3,367,67,12,0,2,2
45152,2023,8,14,2,3,222,52,10,1,3,2
45152,2023,8,14,2,3,163,61,11,0,2,2
45152,2023,8,14,2,3,60,49,12,0,2,2
45152,2023,8,14,2,3,10,1,11,1,2,2
45152,2023,8,14,2,3,60,78,9,0,2,2
45152,2023,8,14,2,3,282,67,20,0,2,2
45152,2023,8,14,2,3,381,2,2,0,3,2
45152,2023,8,14,2,2,364,67,10,0,2,2
45152,2023,8,14,2,3,101,20,11,0,3,2
45152,2023,8,14,2,3,364,16,12,1,6,2
45152,2023,8,14,2,3,101,67,12,0,3,2
45152,2023,8,14,2,3,40,1,11,1,3,2
45152,2023,8,14,2,3,116,11,12,1,3,2
45152,2023,8,14,2,3,153,83,12,1,2,2
45152,2023,8,14,2,3,40,15,20,0,2,1
45152,2023,8,14,2,3,116,52,9,0,3,2
45152,2023,8,14,2,3,405,67,20,0,1,1
45152,2023,8,14,2,3,116,16,9,1,3,3
45152,2023,8,14,2,3,376,61,2,0,3,2
45152,2023,8,14,2,3,116,67,12,1,3,2
45152,2023,8,14,2,4,101,14,4,1,1,1
45152,2023,8,14,2,4,101,80,7,0,3,2
45134,2023,7,27,5,3,376,52,9,1,3,2
45152,2023,8,14,2,4,277,56,4,0,1,1
45152,2023,8,14,2,4,262,9,1,0,4,1
45152,2023,8,14,2,4,156,80,7,1,2,2
45152,2023,8,14,2,3,116,51,4,0,1,1
45152,2023,8,14,2,3,116,2,7,1,2,2
45152,2023,8,14,2,3,280,1,11,1,2,2
45152,2023,8,14,2,4,262,11,20,0,1,1
45152,2023,8,14,2,4,153,67,9,0,2,2
45152,2023,8,14,2,4,381,60,2,1,3,2
45152,2023,8,14,2,3,222,52,11,1,2,2
45152,2023,8,14,2,4,101,1,11,1,2,2
45152,2023,8,14,2,4,364,67,20,0,1,1
45152,2023,8,14,2,4,116,9,1,0,1,1
45152,2023,8,14,2,3,364,16,12,0,2,2
45153,2023,8,15,3,1,116,44,4,1,1,1
45152,2023,8,14,2,3,435,52,9,1,2,2
45153,2023,8,15,3,1,365,9,1,0,4,1
45152,2023,8,14,2,3,435,49,20,0,2,1
45152,2023,8,14,2,4,424,28,18,0,1,1
45153,2023,8,15,3,1,101,82,9,1,2,2
45153,2023,8,15,3,2,282,1,11,0,2,2
45153,2023,8,15,3,2,101,52,12,1,2,2
45153,2023,8,15,3,2,386,1,2,1,3,2
45153,2023,8,15,3,1,232,52,12,1,2,2
45153,2023,8,15,3,2,304,1,11,1,3,2
45153,2023,8,15,3,2,163,1,11,1,2,2
45153,2023,8,15,3,2,158,1,11,1,3,2
45153,2023,8,15,3,2,285,33,11,1,2,2
45153,2023,8,15,3,2,282,1,11,1,2,2
45153,2023,8,15,3,2,163,11,12,1,3,2
45153,2023,8,15,3,2,470,1,11,0,2,2
45153,2023,8,15,3,2,392,11,12,0,3,3
45153,2023,8,15,3,2,369,16,15,1,4,3
45153,2023,8,15,3,2,101,67,12,0,2,2
45153,2023,8,15,3,2,369,1,11,1,2,2
45153,2023,8,15,3,2,101,67,3,0,1,1
45153,2023,8,15,3,2,277,11,4,0,1,1
45153,2023,8,15,3,2,101,82,9,1,3,2
45153,2023,8,15,3,2,101,60,2,1,2,2
45153,2023,8,15,3,2,277,16,12,0,2,2
45149,2023,8,11,6,4,285,33,11,0,3,2
45141,2023,8,3,5,4,163,67,21,1,1,1
45153,2023,8,15,3,2,381,83,3,0,1,1
45153,2023,8,15,3,2,230,16,21,1,1,1
45153,2023,8,15,3,2,262,81,11,1,2,2
45078,2023,6,1,5,1,280,50,7,0,2,2
45153,2023,8,15,3,2,235,67,12,1,2,2
45153,2023,8,15,3,2,116,16,12,1,2,2
45153,2023,8,15,3,2,101,16,12,1,2,2
45153,2023,8,15,3,2,369,81,9,0,2,2
45153,2023,8,15,3,1,316,18,7,0,6,2
45153,2023,8,15,3,2,163,7,21,1,1,1
45153,2023,8,15,3,2,60,67,4,0,2,1
45153,2023,8,15,3,2,285,67,20,0,5,1
45153,2023,8,15,3,2,116,82,7,0,2,2
45153,2023,8,15,3,2,304,16,12,1,3,3
45153,2023,8,15,3,2,470,11,20,1,2,1
45153,2023,8,15,3,2,40,28,18,0,2,1
45153,2023,8,15,3,3,40,11,9,0,2,2
45153,2023,8,15,3,2,116,9,21,1,1,1
45153,2023,8,15,3,3,20,28,18,1,1,1
45138,2023,7,31,2,1,381,28,18,0,1,1
45153,2023,8,15,3,3,376,33,11,1,2,2
45153,2023,8,15,3,3,480,83,20,1,1,1
45153,2023,8,15,3,3,470,11,11,0,2,2
45153,2023,8,15,3,3,116,28,18,1,1,1
45141,2023,8,3,5,3,324,52,9,1,3,3
45153,2023,8,15,3,3,381,67,4,1,1,1
45153,2023,8,15,3,3,495,78,11,1,2,2
45153,2023,8,15,3,3,101,52,20,0,1,1
45153,2023,8,15,3,3,40,1,11,0,7,3
45153,2023,8,15,3,3,459,83,20,0,1,1
45153,2023,8,15,3,3,262,82,7,0,2,2
45153,2023,8,15,3,3,282,67,12,0,2,2
45120,2023,7,13,5,1,101,18,20,0,3,3
45153,2023,8,15,3,3,381,83,4,0,2,1
45153,2023,8,15,3,3,262,11,12,0,4,2
45153,2023,8,15,3,3,101,11,11,0,2,2
45153,2023,8,15,3,3,316,18,3,1,1,1
45153,2023,8,15,3,3,210,52,9,1,2,2
45153,2023,8,15,3,3,232,78,9,0,2,2
45153,2023,8,15,3,3,50,61,2,1,2,2
45153,2023,8,15,3,3,163,11,20,0,1,1
45153,2023,8,15,3,3,376,16,12,0,2,2
45153,2023,8,15,3,3,50,9,1,0,1,1
45153,2023,8,15,3,3,262,67,7,0,4,2
45153,2023,8,15,3,3,210,83,9,1,2,2
45153,2023,8,15,3,3,262,61,2,1,2,2
45250,2023,11,20,2,1,116,86,2,0,2,2
45153,2023,8,15,3,3,277,72,11,0,5,2
45153,2023,8,15,3,3,116,16,12,0,2,2
45153,2023,8,15,3,3,364,67,2,1,2,2
45153,2023,8,15,3,3,465,11,20,1,3,1
45153,2023,8,15,3,3,101,67,20,0,2,1
45153,2023,8,15,3,4,116,81,11,1,2,2
45153,2023,8,15,3,3,495,65,2,1,6,2
45049,2023,5,3,4,4,101,52,9,1,3,2
45153,2023,8,15,3,4,376,35,2,1,3,2
45153,2023,8,15,3,4,174,25,12,0,2,2
45153,2023,8,15,3,4,365,11,4,1,1,1
45153,2023,8,15,3,4,290,67,20,0,1,1
45153,2023,8,15,3,4,101,56,4,0,1,1
45052,2023,5,6,7,2,116,52,9,1,1,1
45153,2023,8,15,3,4,470,48,2,0,2,2
45153,2023,8,15,3,4,262,80,7,0,2,2
45153,2023,8,15,3,4,116,52,9,1,2,2
45153,2023,8,15,3,4,30,82,11,1,7,2
45153,2023,8,15,3,4,407,1,11,1,2,2
45153,2023,8,15,3,3,364,9,20,0,3,1
45153,2023,8,15,3,4,70,52,11,0,2,2
45153,2023,8,15,3,3,116,67,3,0,1,1
45153,2023,8,15,3,4,468,67,20,1,1,1
45153,2023,8,15,3,4,101,1,2,1,3,2
45153,2023,8,15,3,4,290,5,20,0,1,1
45153,2023,8,15,3,4,101,11,20,1,2,1
45153,2023,8,15,3,3,163,9,1,1,1,1
45153,2023,8,15,3,4,354,11,20,0,1,1