id_data,ano,mes,dia,id_dia_semana,periodo,br,id_causa_acidente,id_tipo_acidente,id_uso_solo,pessoas,veiculos
45163,2023,8,25,6,1,393,3,21,0,1,1
45162,2023,8,24,5,4,316,38,21,1,2,2
45162,2023,8,24,5,2,116,52,9,1,2,2
45163,2023,8,25,6,1,280,2,11,0,2,2
45163,2023,8,25,6,2,101,36,12,0,2,2
45163,2023,8,25,6,1,116,52,9,1,3,3
45163,2023,8,25,6,2,324,67,20,0,3,1
45162,2023,8,24,5,4,135,9,4,0,2,1
45163,2023,8,25,6,2,116,78,21,1,2,1
45163,2023,8,25,6,2,116,52,9,1,2,2
45163,2023,8,25,6,2,116,78,9,1,2,2
45163,2023,8,25,6,1,116,52,9,1,2,1
45163,2023,8,25,6,1,364,67,4,1,1,1
45163,2023,8,25,6,2,101,82,9,0,2,2
45163,2023,8,25,6,2,153,16,12,1,4,3
45163,2023,8,25,6,2,70,52,9,1,2,2
45163,2023,8,25,6,2,116,11,15,1,4,3
45163,2023,8,25,6,2,376,11,10,0,2,2
45163,2023,8,25,6,2,459,83,10,0,2,2
45163,2023,8,25,6,2,20,67,12,1,2,2
45163,2023,8,25,6,2,364,49,20,1,1,1
45163,2023,8,25,6,2,40,1,11,1,2,2
45163,2023,8,25,6,2,280,80,11,0,2,2
45163,2023,8,25,6,2,324,16,15,0,3,3
45163,2023,8,25,6,2,324,44,20,1,1,1
45163,2023,8,25,6,2,101,67,12,1,2,2
45130,2023,7,23,1,4,153,35,2,1,3,2
45111,2023,7,4,3,2,272,11,11,0,2,2
45163,2023,8,25,6,2,116,11,9,0,1,1
45148,2023,8,10,5,2,280,82,9,0,2,2
45163,2023,8,25,6,2,174,52,11,1,2,2
45163,2023,8,25,6,2,230,52,20,0,1,1
45163,2023,8,25,6,2,365,11,20,0,1,1
45163,2023,8,25,6,2,277,52,9,0,4,3
45163,2023,8,25,6,2,262,83,20,1,1,1
45163,2023,8,25,6,2,364,52,9,1,2,2
45156,2023,8,18,6,2,280,81,2,0,2,2
45163,2023,8,25,6,2,101,67,12,1,2,2
45163,2023,8,25,6,2,381,28,21,1,1,1
45163,2023,8,25,6,2,116,4,4,0,4,1
45097,2023,6,20,3,4,381,20,12,0,2,2
45163,2023,8,25,6,2,101,11,12,1,3,2
45163,2023,8,25,6,2,251,80,10,0,5,2
45163,2023,8,25,6,2,470,72,9,0,3,2
45163,2023,8,25,6,2,356,38,20,0,2,1
45163,2023,8,25,6,2,407,82,9,1,2,2
45163,2023,8,25,6,2,343,1,9,1,2,2
45163,2023,8,25,6,3,381,1,11,1,2,2
45163,2023,8,25,6,2,116,67,12,1,2,2
45163,2023,8,25,6,3,20,67,20,0,3,1
45163,2023,8,25,6,2,367,67,12,0,2,2
45163,2023,8,25,6,3,324,16,12,0,3,2
45163,2023,8,25,6,2,60,18,7,0,6,3
45163,2023,8,25,6,3,101,1,11,1,2,2
45163,2023,8,25,6,3,230,16,15,1,9,7
45163,2023,8,25,6,3,101,11,4,1,2,2
45163,2023,8,25,6,2,369,11,9,0,2,2
45163,2023,8,25,6,3,116,67,12,1,3,2
45163,2023,8,25,6,3,60,83,20,0,2,1
45163,2023,8,25,6,3,40,18,12,0,1,1
45163,2023,8,25,6,3,116,76,4,1,1,1
45163,2023,8,25,6,3,316,16,12,0,4,4
45163,2023,8,25,6,3,471,33,11,1,2,2
45163,2023,8,25,6,2,282,1,9,1,3,3
45163,2023,8,25,6,3,116,4,4,0,5,1
45163,2023,8,25,6,3,116,67,4,1,1,1
45163,2023,8,25,6,3,226,16,9,1,3,3
45163,2023,8,25,6,3,101,11,12,1,2,2
45163,2023,8,25,6,3,343,16,9,1,2,2
45163,2023,8,25,6,3,493,41,20,0,5,1
45163,2023,8,25,6,3,101,11,12,0,2,2
45163,2023,8,25,6,3,232,48,2,0,3,2
45163,2023,8,25,6,3,101,16,12,0,2,2
45163,2023,8,25,6,3,116,15,4,0,2,1
45163,2023,8,25,6,3,101,11,7,0,2,2
45163,2023,8,25,6,3,174,28,20,0,2,1
45163,2023,8,25,6,3,406,49,20,1,2,1
45163,2023,8,25,6,3,60,4,20,0,3,1
45163,2023,8,25,6,3,101,11,12,1,4,3
45163,2023,8,25,6,3,277,33,11,1,2,2
45163,2023,8,25,6,4,70,81,11,1,6,2
45163,2023,8,25,6,4,381,11,12,1,4,3
45163,2023,8,25,6,2,153,1,11,0,2,2
45163,2023,8,25,6,3,116,33,11,1,2,2
45163,2023,8,25,6,4,101,7,21,0,1,1
45163,2023,8,25,6,4,50,11,12,0,1,1
45163,2023,8,25,6,3,116,4,4,0,1,1
45163,2023,8,25,6,4,369,72,11,1,2,2
45163,2023,8,25,6,3,101,49,10,0,4,3
45163,2023,8,25,6,4,163,38,12,0,2,2
45163,2023,8,25,6,4,230,61,2,1,3,2
45163,2023,8,25,6,3,153,20,7,1,7,2
45163,2023,8,25,6,4,262,1,2,1,2,2
45163,2023,8,25,6,3,101,1,7,1,4,3
45163,2023,8,25,6,4,153,36,12,1,4,2
45163,2023,8,25,6,4,116,1,2,1,2,2
45163,2023,8,25,6,4,116,1,11,1,2,2
45163,2023,8,25,6,4,116,67,20,0,29,1
45163,2023,8,25,6,4,277,1,11,0,3,3
45163,2023,8,25,6,4,101,60,2,0,2,2
45163,2023,8,25,6,4,116,49,4,1,1,1
45163,2023,8,25,6,4,116,1,11,1,3,2
45163,2023,8,25,6,4,277,16,12,1,2,2
45163,2023,8,25,6,4,290,9,9,0,4,2
45163,2023,8,25,6,4,70,11,20,1,1,1
45145,2023,8,7,2,2,210,20,9,1,3,2
45163,2023,8,25,6,4,153,49,21,1,1,1
45163,2023,8,25,6,4,153,49,20,1,1,1
45163,2023,8,25,6,4,40,67,20,0,4,1
45163,2023,8,25,6,4,60,1,15,1,3,3
45163,2023,8,25,6,4,470,35,2,1,2,2
45163,2023,8,25,6,4,364,1,9,1,5,2
45163,2023,8,25,6,4,20,64,20,1,3,3
45163,2023,8,25,6,3,230,11,21,0,3,1
45164,2023,8,26,7,1,116,11,20,0,2,2
45163,2023,8,25,6,4,70,67,20,0,1,1
45164,2023,8,26,7,1,101,1,4,1,3,2
45164,2023,8,26,7,1,116,35,2,1,4,3
45164,2023,8,26,7,1,101,11,9,1,4,3
45164,2023,8,26,7,1,364,11,3,1,3,2
45163,2023,8,25,6,4,476,49,7,0,3,2
45164,2023,8,26,7,1,232,67,12,1,3,2
45164,2023,8,26,7,1,116,11,12,1,4,3
45164,2023,8,26,7,1,101,9,1,1,1,1
45164,2023,8,26,7,1,290,18,20,0,1,1
45163,2023,8,25,6,4,369,1,11,0,5,2
45164,2023,8,26,7,1,316,48,2,1,2,2
45163,2023,8,25,6,4,343,49,21,0,1,1
45164,2023,8,26,7,2,369,52,9,1,2,2
45164,2023,8,26,7,1,101,18,12,0,2,2
45164,2023,8,26,7,2,381,11,12,1,3,2
45164,2023,8,26,7,1,158,18,4,0,2,1
45164,2023,8,26,7,2,116,15,21,0,1,1
45164,2023,8,26,7,2,343,11,4,0,1,1
45164,2023,8,26,7,1,277,49,4,1,1,1
45164,2023,8,26,7,2,116,15,20,0,1,1
45164,2023,8,26,7,1,116,15,21,0,1,1
45163,2023,8,25,6,2,470,60,2,0,2,2
45164,2023,8,26,7,1,470,11,11,0,3,3
45164,2023,8,26,7,2,277,49,4,0,1,1
45164,2023,8,26,7,2,381,67,20,0,3,1
45164,2023,8,26,7,2,116,67,20,0,1,1
45163,2023,8,25,6,4,324,52,20,0,2,1
45164,2023,8,26,7,2,101,35,2,0,3,2
45164,2023,8,26,7,1,116,15,9,0,3,2
45164,2023,8,26,7,2,316,80,7,0,2,2
45163,2023,8,25,6,3,381,28,18,0,1,1
45164,2023,8,26,7,2,381,11,21,0,3,1
45164,2023,8,26,7,2,423,80,7,0,8,3
45164,2023,8,26,7,2,285,49,20,1,1,1
45139,2023,8,1,3,3,381,1,11,1,3,2
45164,2023,8,26,7,2,470,36,12,0,2,2
45164,2023,8,26,7,2,230,13,21,0,2,1
45164,2023,8,26,7,2,232,11,15,0,3,3
45164,2023,8,26,7,2,405,1,11,1,2,2
45164,2023,8,26,7,2,101,1,9,1,3,2
45164,2023,8,26,7,2,369,1,11,0,2,2
45164,2023,8,26,7,2,158,11,20,0,1,1
45164,2023,8,26,7,2,101,52,12,1,2,2
45164,2023,8,26,7,2,116,18,20,0,1,1
45164,2023,8,26,7,2,158,49,20,0,1,1
45164,2023,8,26,7,2,116,33,11,1,2,2
45164,2023,8,26,7,2,101,16,12,1,4,3
45164,2023,8,26,7,2,40,52,12,0,4,2
45164,2023,8,26,7,2,381,28,18,0,25,1
45164,2023,8,26,7,2,101,49,21,0,1,1
45164,2023,8,26,7,2,101,16,12,1,3,2
45164,2023,8,26,7,2,262,67,12,1,2,2
45164,2023,8,26,7,2,116,1,11,1,2,2
45164,2023,8,26,7,2,381,81,11,1,3,2
45164,2023,8,26,7,2,470,20,11,1,3,2
45164,2023,8,26,7,2,356,67,12,1,2,2
45164,2023,8,26,7,2,116,67,21,1,1,1
45123,2023,7,16,1,4,364,80,7,0,2,2
45164,2023,8,26,7,3,116,10,2,1,2,2
45164,2023,8,26,7,3,101,83,4,0,2,1
45164,2023,8,26,7,2,116,4,4,0,2,1
45164,2023,8,26,7,2,267,67,3,0,2,1
45164,2023,8,26,7,3,101,82,7,0,3,2
45164,2023,8,26,7,3,116,52,9,0,3,3
45164,2023,8,26,7,2,470,67,20,0,5,2
45164,2023,8,26,7,3,40,15,4,0,2,1
45164,2023,8,26,7,2,365,28,18,0,2,1
45164,2023,8,26,7,3,242,1,12,0,3,2
45164,2023,8,26,7,3,116,18,20,0,2,1
45164,2023,8,26,7,3,70,44,20,0,3,1
45164,2023,8,26,7,3,101,28,21,0,2,1
45164,2023,8,26,7,3,50,11,20,0,1,1
45164,2023,8,26,7,3,381,18,20,0,3,1
45164,2023,8,26,7,3,365,15,7,0,3,3
45164,2023,8,26,7,3,101,67,21,0,1,1
45164,2023,8,26,7,3,282,11,20,0,1,1
45164,2023,8,26,7,3,101,13,21,0,2,1
45164,2023,8,26,7,3,116,67,12,1,2,2
45164,2023,8,26,7,3,101,60,2,1,2,2
45164,2023,8,26,7,2,429,80,7,0,6,3
45164,2023,8,26,7,3,50,67,12,0,3,2
45164,2023,8,26,7,3,364,1,11,1,2,2
45164,2023,8,26,7,3,155,67,21,1,1,1
45164,2023,8,26,7,3,222,28,4,1,1,1
45164,2023,8,26,7,3,232,52,7,1,2,2
45164,2023,8,26,7,3,393,83,4,0,1,1
45164,2023,8,26,7,3,381,83,20,0,8,2
45164,2023,8,26,7,3,101,1,11,1,2,2
45164,2023,8,26,7,3,408,35,2,0,2,2
45164,2023,8,26,7,2,381,83,4,0,4,1
45164,2023,8,26,7,3,40,15,9,0,2,2
45164,2023,8,26,7,3,116,64,7,1,2,2
45164,2023,8,26,7,3,40,67,3,0,2,1
45164,2023,8,26,7,3,282,13,21,0,2,1
45164,2023,8,26,7,3,163,28,3,1,1,1
45164,2023,8,26,7,3,364,11,20,0,2,1
45164,2023,8,26,7,3,101,52,9,0,3,2
45164,2023,8,26,7,3,316,67,4,0,2,1
45164,2023,8,26,7,3,452,28,20,0,2,1
45164,2023,8,26,7,3,406,67,11,0,3,2
45164,2023,8,26,7,3,262,20,9,0,3,2
45164,2023,8,26,7,3,210,83,4,1,1,1
45164,2023,8,26,7,3,116,49,4,0,1,1
45164,2023,8,26,7,3,230,13,21,0,2,1
45164,2023,8,26,7,3,116,4,20,0,3,2
45164,2023,8,26,7,3,40,11,12,1,3,2
45164,2023,8,26,7,3,60,4,20,0,1,1
45164,2023,8,26,7,3,376,11,12,1,4,3
45164,2023,8,26,7,3,40,64,11,0,2,2
45164,2023,8,26,7,3,470,67,20,0,1,1
45164,2023,8,26,7,3,101,25,11,1,2,2
45164,2023,8,26,7,3,381,15,3,0,2,1
45164,2023,8,26,7,3,101,64,4,1,3,1
45164,2023,8,26,7,3,364,11,12,1,2,2
45164,2023,8,26,7,4,376,81,7,0,2,2
45164,2023,8,26,7,4,101,49,12,0,2,2
45164,2023,8,26,7,4,40,60,2,0,2,2
45164,2023,8,26,7,4,40,15,21,1,2,1
45164,2023,8,26,7,4,365,52,9,0,2,2
45158,2023,8,20,1,1,101,86,20,0,2,1
45164,2023,8,26,7,3,407,80,7,1,2,2
45164,2023,8,26,7,3,70,2,11,1,3,2
45164,2023,8,26,7,4,101,11,4,0,1,1
45164,2023,8,26,7,3,153,49,12,0,3,2
45164,2023,8,26,7,4,101,11,15,1,3,3
45164,2023,8,26,7,4,277,60,2,0,2,2
45164,2023,8,26,7,4,116,85,2,1,2,2
45164,2023,8,26,7,4,101,67,12,0,3,2
45164,2023,8,26,7,4,259,28,18,1,1,1
45164,2023,8,26,7,4,116,80,10,1,2,2
45164,2023,8,26,7,3,316,25,12,0,2,2
45164,2023,8,26,7,3,116,48,2,0,2,2
45164,2023,8,26,7,3,364,1,12,0,3,2
45164,2023,8,26,7,4,101,49,21,0,3,2
45164,2023,8,26,7,4,116,15,20,0,5,1
45164,2023,8,26,7,4,101,67,4,1,1,1
45164,2023,8,26,7,4,226,60,2,1,2,2
45164,2023,8,26,7,4,267,1,11,1,2,2
45164,2023,8,26,7,3,101,49,4,1,3,3
45164,2023,8,26,7,4,101,67,4,1,1,1
45164,2023,8,26,7,4,282,67,12,1,2,2
45164,2023,8,26,7,4,153,51,4,0,1,1
45164,2023,8,26,7,4,369,49,20,0,1,1
45164,2023,8,26,7,4,282,81,20,1,1,1
45164,2023,8,26,7,4,40,16,12,1,1,1
45164,2023,8,26,7,4,232,67,12,0,5,2
45164,2023,8,26,7,4,222,60,2,1,2,2
45164,2023,8,26,7,4,163,15,12,0,3,2
45164,2023,8,26,7,4,30,9,1,0,1,1
45164,2023,8,26,7,4,101,67,20,0,2,1
45164,2023,8,26,7,4,40,49,12,1,3,2
45164,2023,8,26,7,4,101,67,12,1,2,2
45164,2023,8,26,7,4,354,49,4,0,2,1
45164,2023,8,26,7,4,116,49,4,0,2,2
45164,2023,8,26,7,4,116,13,21,0,2,1
45165,2023,8,27,1,1,470,67,12,1,2,2
45164,2023,8,26,7,4,80,12,4,1,1,1
45165,2023,8,27,1,1,381,83,4,0,4,1
45165,2023,8,27,1,1,101,49,12,0,2,2
45165,2023,8,27,1,1,304,49,21,0,2,1
45165,2023,8,27,1,1,116,4,3,0,1,1
45165,2023,8,27,1,1,376,80,7,0,4,2
45165,2023,8,27,1,1,386,49,20,1,1,1
45164,2023,8,26,7,4,367,1,20,1,3,2
45165,2023,8,27,1,1,381,11,21,1,1,1
45165,2023,8,27,1,1,116,83,9,1,4,2
45165,2023,8,27,1,1,116,28,21,0,1,1
45165,2023,8,27,1,1,393,80,10,1,3,3
45165,2023,8,27,1,1,163,83,20,0,1,1
45165,2023,8,27,1,1,101,18,20,0,2,1
45165,2023,8,27,1,1,290,67,20,0,1,1
45165,2023,8,27,1,1,235,80,7,0,3,2
45165,2023,8,27,1,1,50,18,4,1,1,1
45165,2023,8,27,1,2,40,11,20,1,2,1
45165,2023,8,27,1,1,290,67,20,0,1,1
45164,2023,8,26,7,3,324,82,10,0,5,2
45165,2023,8,27,1,1,101,49,20,0,3,1
45165,2023,8,27,1,1,40,67,12,1,3,2
45165,2023,8,27,1,1,290,9,1,0,2,1
45164,2023,8,26,7,3,153,18,20,0,5,1
45165,2023,8,27,1,1,420,11,4,1,1,1
45165,2023,8,27,1,2,381,83,20,1,2,1
45165,2023,8,27,1,2,101,20,9,0,2,2
45165,2023,8,27,1,2,365,15,20,0,1,1
45164,2023,8,26,7,4,40,49,20,0,1,1
45165,2023,8,27,1,2,226,82,7,0,9,2
45165,2023,8,27,1,2,343,52,7,0,2,2
45165,2023,8,27,1,2,101,49,4,1,1,1
45165,2023,8,27,1,2,174,80,10,0,5,2
45165,2023,8,27,1,2,40,15,2,0,2,2
45165,2023,8,27,1,2,480,18,12,0,5,2
45165,2023,8,27,1,2,116,18,4,1,1,1
45165,2023,8,27,1,1,381,67,3,1,1,1
45165,2023,8,27,1,2,381,83,4,1,1,1
45165,2023,8,27,1,2,262,11,21,0,1,1
45165,2023,8,27,1,2,40,15,20,0,2,1
45165,2023,8,27,1,2,376,18,20,0,2,1
45165,2023,8,27,1,2,376,83,4,0,1,1
45165,2023,8,27,1,2,381,15,3,0,1,1
45165,2023,8,27,1,2,230,16,12,1,3,2
45165,2023,8,27,1,2,381,64,20,0,4,1
45165,2023,8,27,1,2,116,64,4,1,1,1
45165,2023,8,27,1,2,230,13,21,0,2,1
45165,2023,8,27,1,2,476,52,11,1,3,2
45165,2023,8,27,1,2,369,49,20,1,1,1
45165,2023,8,27,1,2,116,18,20,0,1,1
45165,2023,8,27,1,2,101,61,2,1,2,2
45165,2023,8,27,1,2,429,67,1,1,2,2
45144,2023,8,6,1,1,381,33,21,0,1,1
45165,2023,8,27,1,2,116,11,4,1,1,1
45165,2023,8,27,1,2,262,64,20,0,1,1
45165,2023,8,27,1,2,60,83,20,0,1,1
45165,2023,8,27,1,2,242,64,21,0,2,1
45165,2023,8,27,1,2,101,52,4,1,1,1
45165,2023,8,27,1,3,381,15,20,0,4,1
45165,2023,8,27,1,2,116,11,2,1,2,2
45165,2023,8,27,1,3,116,52,3,0,1,1
45165,2023,8,27,1,3,101,52,9,0,2,2
45165,2023,8,27,1,2,116,80,7,0,3,2
45165,2023,8,27,1,3,101,61,2,1,3,2
45165,2023,8,27,1,3,459,20,11,0,2,2
45165,2023,8,27,1,3,381,15,4,0,2,1
45165,2023,8,27,1,3,381,83,20,0,1,1
45165,2023,8,27,1,2,277,13,20,1,1,1
45165,2023,8,27,1,3,381,15,20,0,1,1
45165,2023,8,27,1,3,153,11,21,0,2,1
45165,2023,8,27,1,3,386,67,4,0,1,1
45165,2023,8,27,1,3,365,1,11,0,6,2
45165,2023,8,27,1,3,324,20,9,1,3,2
45165,2023,8,27,1,3,267,13,20,0,4,1
45165,2023,8,27,1,3,101,4,3,0,4,2
45165,2023,8,27,1,3,116,83,20,0,6,3
45165,2023,8,27,1,3,232,1,11,0,2,2
45165,2023,8,27,1,3,381,83,20,0,1,1
45165,2023,8,27,1,3,104,80,7,1,3,2
45165,2023,8,27,1,3,381,15,20,0,2,1
45165,2023,8,27,1,3,60,48,20,0,1,1
45165,2023,8,27,1,3,354,83,20,0,2,1
45165,2023,8,27,1,3,101,15,20,0,3,1
45165,2023,8,27,1,3,116,6,4,0,3,1
45165,2023,8,27,1,3,104,13,20,0,1,1
45165,2023,8,27,1,2,153,67,12,0,5,2
45165,2023,8,27,1,3,101,28,21,0,2,1
45165,2023,8,27,1,3,381,15,20,0,2,1
45165,2023,8,27,1,3,373,67,20,0,3,1
45165,2023,8,27,1,3,101,16,15,1,9,4
45165,2023,8,27,1,3,20,33,11,0,3,3
45165,2023,8,27,1,3,369,1,11,0,3,2
45165,2023,8,27,1,3,153,1,11,0,3,2
45165,2023,8,27,1,3,163,72,11,0,5,3
45165,2023,8,27,1,3,40,15,4,1,1,1
45165,2023,8,27,1,3,101,1,11,1,4,2
45165,2023,8,27,1,2,116,83,20,0,2,1
45165,2023,8,27,1,3,40,4,20,0,3,1
45006,2023,3,21,3,2,135,1,11,1,5,3
45165,2023,8,27,1,3,381,15,20,0,4,1
45165,2023,8,27,1,1,280,49,20,0,1,1
45165,2023,8,27,1,3,251,64,20,0,1,1
45165,2023,8,27,1,3,343,1,11,0,2,2
45165,2023,8,27,1,3,40,15,20,0,3,1
45165,2023,8,27,1,3,365,67,7,0,2,2
45164,2023,8,26,7,4,174,11,20,0,1,1
45165,2023,8,27,1,3,116,11,4,0,2,1
45165,2023,8,27,1,3,116,11,4,0,1,1
45165,2023,8,27,1,3,110,67,12,1,2,2
45165,2023,8,27,1,3,393,4,20,0,2,1
45165,2023,8,27,1,3,116,67,9,1,4,2
45165,2023,8,27,1,3,153,49,12,1,2,1
45165,2023,8,27,1,3,70,49,9,0,2,2
45165,2023,8,27,1,3,381,15,20,0,3,1
45165,2023,8,27,1,3,381,15,4,1,2,1
45165,2023,8,27,1,3,277,49,7,1,3,2
45165,2023,8,27,1,3,381,49,11,1,6,3
45165,2023,8,27,1,4,116,67,12,1,6,4
45165,2023,8,27,1,4,116,48,20,1,1,1
45165,2023,8,27,1,3,40,16,12,0,3,2
45165,2023,8,27,1,4,386,60,2,0,2,2
45165,2023,8,27,1,3,153,1,11,1,2,2
45165,2023,8,27,1,4,364,2,11,1,3,2
45165,2023,8,27,1,4,101,85,2,0,4,2
45165,2023,8,27,1,3,163,80,7,0,3,2
45165,2023,8,27,1,4,101,52,9,1,3,3
45165,2023,8,27,1,4,369,49,7,0,2,2
45165,2023,8,27,1,4,20,1,7,0,2,2
45165,2023,8,27,1,3,101,49,11,0,3,2
45165,2023,8,27,1,4,480,49,7,1,4,3
45165,2023,8,27,1,3,40,67,20,0,2,1
45165,2023,8,27,1,4,40,15,9,0,3,2
45165,2023,8,27,1,4,365,15,3,0,3,1
45165,2023,8,27,1,4,60,83,20,1,3,1
45165,2023,8,27,1,4,101,11,12,1,2,2
45165,2023,8,27,1,4,116,48,2,0,3,2
45165,2023,8,27,1,4,277,28,18,1,1,1
45165,2023,8,27,1,4,364,67,9,1,3,2
45165,2023,8,27,1,3,40,67,3,0,7,1
45165,2023,8,27,1,4,116,67,4,0,2,1
45165,2023,8,27,1,4,163,83,21,0,1,1
45165,2023,8,27,1,4,381,28,18,1,2,1
45165,2023,8,27,1,4,116,82,7,0,2,2
45165,2023,8,27,1,4,116,11,12,0,2,2
45165,2023,8,27,1,4,101,33,11,0,2,2
45165,2023,8,27,1,4,153,9,1,1,3,1
45165,2023,8,27,1,4,487,49,12,1,2,2
45079,2023,6,2,6,3,116,9,1,0,1,1
45165,2023,8,27,1,4,163,9,1,0,1,1
45165,2023,8,27,1,4,376,49,21,0,1,1
45165,2023,8,27,1,4,343,1,11,1,2,2
45165,2023,8,27,1,4,163,67,20,0,1,1
45165,2023,8,27,1,4,376,49,12,1,4,2
45165,2023,8,27,1,4,393,49,4,1,1,1
45165,2023,8,27,1,4,153,46,2,0,2,2
45165,2023,8,27,1,4,290,49,20,0,2,1
45165,2023,8,27,1,4,280,20,9,0,2,2
45166,2023,8,28,2,1,101,49,20,1,2,1
45165,2023,8,27,1,4,381,28,18,1,1,1
45165,2023,8,27,1,4,174,49,7,0,2,2
45166,2023,8,28,2,1,40,83,12,1,4,2
45165,2023,8,27,1,4,408,49,4,0,2,1
45166,2023,8,28,2,1,116,67,4,1,1,1
45166,2023,8,28,2,1,290,18,20,0,1,1
45166,2023,8,28,2,1,163,80,7,1,2,2
45166,2023,8,28,2,1,60,49,4,0,3,2
45166,2023,8,28,2,1,101,11,4,0,4,1
45166,2023,8,28,2,1,101,67,4,0,1,1
45166,2023,8,28,2,1,101,4,20,1,2,1
45166,2023,8,28,2,1,414,83,20,0,2,1
45166,2023,8,28,2,2,470,56,21,1,1,1
45166,2023,8,28,2,1,40,16,12,1,2,2
45166,2023,8,28,2,2,116,67,10,0,5,3
45151,2023,8,13,1,4,101,1,11,1,2,2
45166,2023,8,28,2,2,116,15,3,0,1,1
45166,2023,8,28,2,2,277,1,12,0,2,2
45166,2023,8,28,2,2,101,33,2,1,2,2
45166,2023,8,28,2,2,101,20,9,0,2,2
45166,2023,8,28,2,2,110,16,12,1,2,2
45165,2023,8,27,1,2,381,15,4,1,2,1
45166,2023,8,28,2,2,369,52,9,0,5,3
45166,2023,8,28,2,2,153,67,11,0,3,2
45166,2023,8,28,2,2,470,52,20,0,2,1
45166,2023,8,28,2,2,116,18,4,0,2,1
45166,2023,8,28,2,2,277,1,11,1,3,2
45166,2023,8,28,2,2,116,67,12,1,3,2
45166,2023,8,28,2,2,116,1,11,1,2,2
45165,2023,8,27,1,2,116,64,3,0,2,1
45166,2023,8,28,2,2,101,11,12,1,2,2
45166,2023,8,28,2,2,153,2,9,1,2,2
45149,2023,8,11,6,3,163,1,11,1,2,2
45166,2023,8,28,2,2,222,20,11,0,2,2
45166,2023,8,28,2,2,116,81,2,0,2,2
45166,2023,8,28,2,2,116,20,11,0,5,2
45166,2023,8,28,2,2,262,1,11,1,2,2
45166,2023,8,28,2,2,101,16,12,1,2,2
45166,2023,8,28,2,2,369,17,11,1,2,2
45166,2023,8,28,2,2,267,18,20,0,1,1
45166,2023,8,28,2,2,343,1,11,1,2,2
45166,2023,8,28,2,2,116,11,21,0,1,1
45166,2023,8,28,2,2,20,1,12,1,2,2
45166,2023,8,28,2,2,222,16,15,1,4,3
45166,2023,8,28,2,1,163,49,20,0,1,1
45123,2023,7,16,1,2,101,80,7,1,3,2
45166,2023,8,28,2,2,101,16,12,1,2,2
45166,2023,8,28,2,2,316,3,20,1,1,1
45166,2023,8,28,2,2,101,16,12,0,3,3
45166,2023,8,28,2,2,435,82,20,0,2,2
45166,2023,8,28,2,2,174,52,9,1,2,2
45166,2023,8,28,2,2,381,28,4,0,1,1
45166,2023,8,28,2,2,251,64,4,0,4,1
45166,2023,8,28,2,2,369,17,11,1,4,3
45166,2023,8,28,2,2,40,15,4,0,1,1
45166,2023,8,28,2,2,101,55,20,0,2,1
45166,2023,8,28,2,2,369,51,20,1,1,1
45166,2023,8,28,2,2,251,20,12,0,3,2
45166,2023,8,28,2,2,251,82,7,0,4,2
45166,2023,8,28,2,2,153,67,20,0,1,1
45166,2023,8,28,2,2,277,1,11,1,3,2
45166,2023,8,28,2,2,163,67,12,0,3,2
45166,2023,8,28,2,2,101,28,21,1,2,1
45166,2023,8,28,2,2,116,80,7,0,3,2
45166,2023,8,28,2,2,101,11,3,1,1,1
45166,2023,8,28,2,3,116,67,12,1,2,2
45166,2023,8,28,2,2,230,1,11,1,2,2
45166,2023,8,28,2,2,381,18,20,0,1,1
45166,2023,8,28,2,3,364,16,12,0,2,2
45166,2023,8,28,2,3,428,72,11,0,3,2
45166,2023,8,28,2,2,364,11,20,0,1,1
45166,2023,8,28,2,2,369,2,11,0,3,2
44968,2023,2,11,7,2,364,38,12,1,3,2
45166,2023,8,28,2,2,470,1,11,0,3,2
45166,2023,8,28,2,2,262,67,21,1,2,1
45166,2023,8,28,2,2,381,67,21,0,1,1
45124,2023,7,17,2,3,308,64,20,0,2,1
45166,2023,8,28,2,3,153,11,12,1,2,2
45166,2023,8,28,2,3,50,11,20,1,1,1
45166,2023,8,28,2,3,101,11,12,1,2,2
45102,2023,6,25,1,3,381,11,21,0,2,1
45166,2023,8,28,2,3,277,33,11,1,2,2
45166,2023,8,28,2,3,158,1,11,1,3,2
45142,2023,8,4,6,2,316,61,2,1,2,2
45166,2023,8,28,2,3,470,1,11,1,2,2
45166,2023,8,28,2,3,232,67,4,0,2,2
45129,2023,7,22,7,4,110,20,11,1,3,2
45166,2023,8,28,2,3,60,67,21,0,2,2
45166,2023,8,28,2,3,369,11,4,0,2,1
45166,2023,8,28,2,3,324,2,11,1,3,2
45166,2023,8,28,2,3,101,16,12,1,3,2
45154,2023,8,16,4,4,174,9,1,0,3,1
45166,2023,8,28,2,3,262,67,21,1,2,2
45166,2023,8,28,2,3,163,1,11,1,2,2
45159,2023,8,21,2,1,40,67,12,1,4,2
45166,2023,8,28,2,3,356,82,9,1,4,3
45166,2023,8,28,2,3,116,52,9,1,3,2
45166,2023,8,28,2,3,116,18,7,0,5,2
45166,2023,8,28,2,3,163,41,20,0,1,1
45166,2023,8,28,2,3,277,67,4,0,1,1
45166,2023,8,28,2,3,163,80,7,0,2,2
45166,2023,8,28,2,3,280,1,11,1,2,2
45166,2023,8,28,2,3,101,1,11,1,2,2
45166,2023,8,28,2,3,230,1,11,1,2,2
45107,2023,6,30,6,2,304,11,21,0,1,1