id_data,ano,mes,dia,id_dia_semana,periodo,br,id_causa_acidente,id_tipo_acidente,id_uso_solo,pessoas,veiculos
45166,2023,8,28,2,4,101,1,11,0,2,2
45166,2023,8,28,2,4,230,16,12,1,3,2
45154,2023,8,16,4,2,415,67,10,1,2,2
45166,2023,8,28,2,4,101,56,4,0,1,1
45166,2023,8,28,2,4,472,1,21,0,3,2
45122,2023,7,15,7,2,376,78,9,0,4,3
45166,2023,8,28,2,4,116,83,20,0,3,1
45166,2023,8,28,2,3,407,16,12,0,2,2
45166,2023,8,28,2,4,364,9,1,0,2,1
45166,2023,8,28,2,4,376,11,12,1,2,2
45166,2023,8,28,2,4,116,11,4,0,1,1
45166,2023,8,28,2,4,116,9,1,0,1,1
45166,2023,8,28,2,4,116,11,4,1,1,1
45167,2023,8,29,3,2,20,1,11,1,2,2
45167,2023,8,29,3,2,40,67,20,0,1,1
45167,2023,8,29,3,1,70,9,1,1,1,1
45167,2023,8,29,3,2,280,1,12,1,4,2
45167,2023,8,29,3,2,493,83,12,1,2,2
45167,2023,8,29,3,2,470,1,11,0,2,2
45167,2023,8,29,3,2,153,16,11,1,3,2
45167,2023,8,29,3,2,343,1,20,0,2,2
45167,2023,8,29,3,2,324,16,9,0,3,2
45167,2023,8,29,3,2,101,16,12,1,2,2
45167,2023,8,29,3,2,101,80,11,1,2,2
45167,2023,8,29,3,2,282,52,12,1,2,2
45167,2023,8,29,3,2,116,16,12,0,4,3
45167,2023,8,29,3,2,40,15,3,0,3,1
45167,2023,8,29,3,2,304,63,21,0,2,1
45167,2023,8,29,3,2,364,1,9,1,2,2
45038,2023,4,22,7,4,232,13,21,0,2,1
45133,2023,7,26,4,3,226,9,1,1,1,1
45167,2023,8,29,3,2,70,11,9,1,2,2
45167,2023,8,29,3,2,116,20,11,1,3,3
45153,2023,8,15,3,2,135,11,11,1,2,2
45141,2023,8,3,5,3,116,18,20,0,2,1
45166,2023,8,28,2,2,80,44,12,1,4,2
45112,2023,7,5,4,2,280,11,11,1,2,2
45167,2023,8,29,3,2,116,11,21,0,1,1
45147,2023,8,9,4,2,324,1,9,1,3,2
45167,2023,8,29,3,2,222,1,9,1,5,2
45167,2023,8,29,3,2,40,67,4,0,1,1
45136,2023,7,29,7,2,116,67,4,1,1,1
45167,2023,8,29,3,2,262,49,4,1,1,1
45167,2023,8,29,3,2,222,11,12,1,2,2
45154,2023,8,16,4,2,174,18,10,0,2,2
45079,2023,6,2,6,4,406,1,7,1,3,2
45167,2023,8,29,3,2,101,28,21,1,1,1
45048,2023,5,2,3,2,116,16,9,1,3,2
45167,2023,8,29,3,2,293,28,18,0,1,1
45167,2023,8,29,3,2,232,51,4,1,1,1
45167,2023,8,29,3,2,324,16,12,1,2,2
45167,2023,8,29,3,2,60,1,12,0,3,3
45151,2023,8,13,1,3,447,60,2,1,2,2
45167,2023,8,29,3,2,381,67,15,0,4,3
45167,2023,8,29,3,2,319,6,21,1,1,1
45167,2023,8,29,3,2,343,1,11,0,3,3
45167,2023,8,29,3,3,101,1,12,1,2,2
45167,2023,8,29,3,3,101,72,11,1,2,2
45167,2023,8,29,3,2,230,82,9,0,2,2
45167,2023,8,29,3,3,392,67,12,1,2,2
45167,2023,8,29,3,3,153,11,20,0,1,1
45167,2023,8,29,3,2,493,13,21,0,2,1
45167,2023,8,29,3,2,381,11,9,1,2,2
45167,2023,8,29,3,3,116,67,12,0,1,1
45167,2023,8,29,3,3,406,67,12,0,2,2
45167,2023,8,29,3,3,101,11,12,1,2,2
45147,2023,8,9,4,2,116,11,9,1,4,2
45167,2023,8,29,3,3,50,15,21,0,1,1
45167,2023,8,29,3,3,50,1,11,1,2,2
45167,2023,8,29,3,3,316,48,4,1,1,1
45167,2023,8,29,3,3,70,81,11,1,5,2
45167,2023,8,29,3,3,319,1,11,1,3,2
45167,2023,8,29,3,3,324,16,12,1,2,2
45167,2023,8,29,3,3,101,11,10,1,2,2
45167,2023,8,29,3,3,381,83,4,0,4,1
45167,2023,8,29,3,3,116,78,12,0,2,2
45125,2023,7,18,3,3,251,18,20,0,4,1
45167,2023,8,29,3,3,277,18,20,0,1,1
45167,2023,8,29,3,3,222,16,12,1,2,2
45167,2023,8,29,3,3,158,1,11,1,3,2
45167,2023,8,29,3,3,101,16,15,0,3,3
45167,2023,8,29,3,3,20,1,2,1,2,2
45167,2023,8,29,3,3,262,16,9,1,2,2
45167,2023,8,29,3,3,280,20,11,1,2,2
45167,2023,8,29,3,3,116,16,12,0,3,2
45167,2023,8,29,3,3,470,20,11,0,2,2
45167,2023,8,29,3,4,101,1,9,1,2,2
45167,2023,8,29,3,4,116,11,21,1,1,1
45167,2023,8,29,3,4,116,16,12,1,2,2
45167,2023,8,29,3,4,116,11,12,1,2,2
45167,2023,8,29,3,4,101,52,12,0,3,2
45167,2023,8,29,3,3,319,1,11,1,3,2
45167,2023,8,29,3,3,116,11,12,1,3,2
45167,2023,8,29,3,3,116,82,10,0,6,2
45167,2023,8,29,3,4,116,67,9,0,3,3
45167,2023,8,29,3,4,116,1,11,1,3,2
45167,2023,8,29,3,4,116,67,20,1,1,1
45167,2023,8,29,3,4,101,33,11,1,3,2
45167,2023,8,29,3,4,101,52,9,1,2,2
45167,2023,8,29,3,4,101,35,2,0,2,2
45167,2023,8,29,3,4,50,67,12,0,3,2
45167,2023,8,29,3,4,10,25,4,0,3,2
45167,2023,8,29,3,3,153,2,7,0,8,2
45167,2023,8,29,3,4,232,11,21,1,1,1
45167,2023,8,29,3,4,343,11,21,1,1,1
45155,2023,8,17,5,3,230,11,12,0,2,2
45167,2023,8,29,3,4,101,11,12,0,4,2
45167,2023,8,29,3,4,285,11,20,0,1,1
45167,2023,8,29,3,4,290,11,4,1,2,1
45167,2023,8,29,3,4,262,13,20,0,2,1
45168,2023,8,30,4,1,116,83,12,1,2,2
45167,2023,8,29,3,4,376,16,12,0,2,2
45168,2023,8,30,4,1,116,18,3,0,1,1
45168,2023,8,30,4,1,293,9,1,0,2,1
45168,2023,8,30,4,1,70,6,3,1,1,1
45167,2023,8,29,3,4,70,9,1,0,2,1
45168,2023,8,30,4,1,304,9,20,0,1,1
45168,2023,8,30,4,1,101,67,20,1,1,1
45168,2023,8,30,4,1,493,9,1,0,1,1
45163,2023,8,25,6,3,316,72,11,1,2,2
45168,2023,8,30,4,2,153,28,7,0,5,2
45168,2023,8,30,4,1,290,18,7,0,4,2
45151,2023,8,13,1,2,420,28,18,0,1,1
45168,2023,8,30,4,2,101,61,2,1,2,2
45168,2023,8,30,4,2,282,78,21,1,1,1
45168,2023,8,30,4,2,116,11,21,1,1,1
45168,2023,8,30,4,2,116,78,12,1,3,2
45168,2023,8,30,4,2,472,33,11,0,4,2
45168,2023,8,30,4,2,304,16,12,0,2,2
45168,2023,8,30,4,2,101,83,4,0,1,1
45168,2023,8,30,4,2,472,1,7,1,2,2
45167,2023,8,29,3,4,40,1,9,0,3,2
45168,2023,8,30,4,2,232,16,12,0,2,2
45165,2023,8,27,1,1,476,11,12,1,2,2
45168,2023,8,30,4,2,101,67,21,1,1,1
45168,2023,8,30,4,2,101,67,21,0,1,1
45168,2023,8,30,4,1,418,11,4,1,1,1
45149,2023,8,11,6,3,60,28,18,0,1,1
45168,2023,8,30,4,2,316,67,4,0,3,2
45168,2023,8,30,4,2,40,72,11,0,2,2
45096,2023,6,19,2,3,101,33,11,0,1,1
45168,2023,8,30,4,2,393,20,11,1,3,2
45168,2023,8,30,4,2,40,11,3,0,2,1
45155,2023,8,17,5,2,230,1,2,0,2,2
45168,2023,8,30,4,2,60,11,20,0,1,1
45168,2023,8,30,4,2,116,14,4,0,1,1
45168,2023,8,30,4,2,104,2,10,1,2,2
45168,2023,8,30,4,2,101,11,20,0,3,1
45108,2023,7,1,7,3,470,80,7,0,6,4
45168,2023,8,30,4,2,101,1,7,0,2,2
45168,2023,8,30,4,3,101,80,12,1,3,3
45168,2023,8,30,4,3,101,11,9,0,2,2
45168,2023,8,30,4,3,50,9,1,1,1,1
45156,2023,8,18,6,4,356,80,7,1,2,2
45168,2023,8,30,4,3,369,1,11,1,2,2
45168,2023,8,30,4,3,415,2,9,1,2,2
45168,2023,8,30,4,2,364,67,2,1,3,3
45168,2023,8,30,4,3,259,67,12,1,2,2
45168,2023,8,30,4,3,116,13,21,1,2,1
45168,2023,8,30,4,3,232,67,12,1,3,3
45168,2023,8,30,4,2,226,11,3,0,3,1
45165,2023,8,27,1,3,463,67,20,1,3,1
45168,2023,8,30,4,3,470,1,11,0,2,2
45168,2023,8,30,4,3,290,13,21,0,1,1
45168,2023,8,30,4,3,376,1,11,1,2,2
45152,2023,8,14,2,4,470,67,4,1,1,1
45155,2023,8,17,5,2,463,5,20,0,3,1
45168,2023,8,30,4,2,110,1,21,1,2,2
45168,2023,8,30,4,3,386,1,11,1,3,2
45168,2023,8,30,4,3,101,52,15,1,4,3
45168,2023,8,30,4,3,116,1,11,1,3,2
45168,2023,8,30,4,3,40,67,3,0,2,1
45134,2023,7,27,5,4,116,33,11,0,3,3
45168,2023,8,30,4,3,116,11,12,1,2,2
45168,2023,8,30,4,3,230,16,12,1,2,2
45168,2023,8,30,4,3,116,1,11,0,2,2
45168,2023,8,30,4,3,101,78,9,1,1,1
45168,2023,8,30,4,3,101,67,12,1,2,2
45168,2023,8,30,4,3,101,52,7,0,3,3
45168,2023,8,30,4,3,277,67,10,0,3,2
45168,2023,8,30,4,3,163,67,12,0,3,2
45168,2023,8,30,4,3,101,1,11,1,2,2
45168,2023,8,30,4,4,116,16,12,1,2,2
45168,2023,8,30,4,3,262,67,12,0,2,2
45168,2023,8,30,4,3,251,51,20,0,3,3
45168,2023,8,30,4,3,163,11,12,0,2,2
45168,2023,8,30,4,3,230,33,11,1,2,2
45168,2023,8,30,4,3,277,67,3,0,2,1
45168,2023,8,30,4,4,116,67,21,1,1,1
45168,2023,8,30,4,4,104,1,11,0,3,2
45168,2023,8,30,4,3,10,52,20,0,1,1
45168,2023,8,30,4,4,40,16,12,0,2,2
45131,2023,7,24,2,1,116,11,12,1,2,2
45168,2023,8,30,4,4,116,51,4,1,1,1
45168,2023,8,30,4,3,101,83,12,1,2,2
45168,2023,8,30,4,4,381,60,2,0,2,2
45168,2023,8,30,4,4,116,83,10,0,3,3
45168,2023,8,30,4,4,116,60,2,0,4,2
45168,2023,8,30,4,4,465,1,11,0,2,2
45168,2023,8,30,4,4,290,52,7,0,3,2
45168,2023,8,30,4,4,101,51,12,1,2,2
45168,2023,8,30,4,4,116,48,2,1,2,2
45168,2023,8,30,4,4,386,67,20,0,1,1
45168,2023,8,30,4,4,40,9,4,0,2,1
45168,2023,8,30,4,4,135,67,2,1,2,2
45168,2023,8,30,4,4,50,11,4,0,5,1
45169,2023,8,31,5,1,60,2,11,1,2,2
45168,2023,8,30,4,4,364,67,20,0,1,1
45168,2023,8,30,4,4,101,33,7,1,2,2
45169,2023,8,31,5,1,116,35,2,0,2,2
45169,2023,8,31,5,1,116,9,1,1,2,1
45169,2023,8,31,5,1,316,11,12,0,6,2
45169,2023,8,31,5,1,101,11,20,0,1,1
45169,2023,8,31,5,2,116,78,9,1,3,2
45169,2023,8,31,5,2,470,1,7,0,2,2
45168,2023,8,30,4,4,158,16,12,0,2,2
45169,2023,8,31,5,2,287,61,11,1,3,3
45119,2023,7,12,4,2,70,1,11,1,2,2
45168,2023,8,30,4,4,101,56,21,0,1,1
45169,2023,8,31,5,2,40,28,4,0,1,1
45169,2023,8,31,5,2,470,67,20,1,2,1
45169,2023,8,31,5,2,40,52,9,0,2,2
45169,2023,8,31,5,2,101,18,20,0,2,1
45169,2023,8,31,5,2,101,18,20,0,1,1
45168,2023,8,30,4,3,364,45,7,0,2,2
45169,2023,8,31,5,2,101,11,11,1,2,2
45169,2023,8,31,5,2,116,52,9,1,2,2
45169,2023,8,31,5,1,40,11,4,0,1,1
45169,2023,8,31,5,2,101,11,12,1,2,2
45169,2023,8,31,5,2,424,9,1,0,1,1
45169,2023,8,31,5,2,116,16,12,0,2,2
45169,2023,8,31,5,2,60,30,11,1,2,2
45169,2023,8,31,5,2,230,11,12,1,2,2
45169,2023,8,31,5,2,476,28,18,0,1,1
45169,2023,8,31,5,2,101,33,11,1,3,2
45169,2023,8,31,5,2,210,11,12,1,3,2
45169,2023,8,31,5,2,116,16,9,1,3,2
45169,2023,8,31,5,1,40,1,12,0,3,2
45169,2023,8,31,5,2,116,78,12,1,3,2
45169,2023,8,31,5,2,101,67,4,0,1,1
45169,2023,8,31,5,2,116,78,3,0,2,1
45110,2023,7,3,2,1,467,83,20,0,4,1
45161,2023,8,23,4,2,40,1,11,0,2,2
45169,2023,8,31,5,2,230,11,20,0,1,1
45169,2023,8,31,5,2,153,20,9,0,5,2
45162,2023,8,24,5,4,367,1,9,1,2,2
45169,2023,8,31,5,2,116,11,4,1,1,1
45169,2023,8,31,5,2,116,67,21,1,1,1
45169,2023,8,31,5,2,101,51,4,1,1,1
45136,2023,7,29,7,3,104,52,12,1,2,2
45169,2023,8,31,5,2,101,52,9,1,2,2
45169,2023,8,31,5,2,10,82,7,0,4,2
45114,2023,7,7,6,4,226,1,2,1,2,2
45169,2023,8,31,5,2,272,72,11,0,2,2
45169,2023,8,31,5,2,30,52,11,0,3,2
45169,2023,8,31,5,3,101,11,11,0,3,2
45169,2023,8,31,5,2,277,49,7,0,4,2
45169,2023,8,31,5,2,470,11,9,1,2,2
45169,2023,8,31,5,3,356,51,12,0,2,2
45165,2023,8,27,1,3,420,52,7,1,2,2
45169,2023,8,31,5,2,163,1,12,0,2,2
45150,2023,8,12,7,1,376,67,9,1,2,2
45169,2023,8,31,5,2,381,67,7,0,2,2
45169,2023,8,31,5,3,290,16,12,0,3,2
45169,2023,8,31,5,3,163,67,12,1,2,2
45169,2023,8,31,5,3,361,18,7,0,3,2
45169,2023,8,31,5,3,20,28,18,1,1,1
44996,2023,3,11,7,4,116,11,12,0,3,2
45037,2023,4,21,6,4,101,52,10,0,3,2
45015,2023,3,30,5,3,153,35,2,1,3,3
45169,2023,8,31,5,3,163,15,20,0,1,1
45169,2023,8,31,5,3,101,13,4,0,3,1
45169,2023,8,31,5,3,101,33,11,0,4,2
45113,2023,7,6,5,2,470,11,20,1,1,1
45169,2023,8,31,5,3,116,11,3,0,2,1
45133,2023,7,26,4,3,293,67,20,0,1,1
45169,2023,8,31,5,3,104,52,9,1,3,2
45169,2023,8,31,5,3,364,4,20,0,4,1
45169,2023,8,31,5,3,304,12,2,0,2,2
45101,2023,6,24,7,1,493,11,2,0,2,2
45169,2023,8,31,5,3,230,78,11,1,3,2
45169,2023,8,31,5,3,116,52,12,1,3,3
45169,2023,8,31,5,3,324,78,9,0,2,2
45169,2023,8,31,5,3,116,63,20,0,2,1
45169,2023,8,31,5,3,101,1,2,0,3,2
45169,2023,8,31,5,3,316,67,20,0,1,1
45169,2023,8,31,5,3,116,1,11,1,2,2
45169,2023,8,31,5,3,70,61,2,1,2,2
45169,2023,8,31,5,3,423,11,20,0,3,1
45169,2023,8,31,5,3,364,72,11,0,2,2
45169,2023,8,31,5,3,163,52,11,0,2,2
45142,2023,8,4,6,4,163,49,20,1,1,1
45169,2023,8,31,5,3,381,1,11,0,4,2
45169,2023,8,31,5,3,381,60,2,1,3,2
45169,2023,8,31,5,3,104,11,20,0,1,1
45169,2023,8,31,5,3,174,13,20,0,2,1
45169,2023,8,31,5,4,101,12,12,1,2,2
45169,2023,8,31,5,3,153,16,12,1,2,2
45169,2023,8,31,5,3,277,1,11,1,3,3
45169,2023,8,31,5,4,393,33,11,1,2,2
45169,2023,8,31,5,3,277,11,9,1,4,4
45169,2023,8,31,5,4,101,52,9,1,2,2
45169,2023,8,31,5,4,101,51,7,0,2,2
45169,2023,8,31,5,4,163,82,7,0,10,2
45169,2023,8,31,5,2,392,67,12,1,3,2
45169,2023,8,31,5,4,407,2,11,1,2,2
45169,2023,8,31,5,4,101,72,11,0,2,2
45169,2023,8,31,5,4,116,33,9,1,1,1
45169,2023,8,31,5,4,163,83,4,1,1,1
45169,2023,8,31,5,4,101,52,7,1,3,2
45169,2023,8,31,5,4,101,82,9,1,2,2
45169,2023,8,31,5,4,285,1,11,0,3,2
45169,2023,8,31,5,4,101,60,2,1,2,2
45169,2023,8,31,5,4,101,56,4,1,2,1
45169,2023,8,31,5,4,285,81,21,1,1,1
45169,2023,8,31,5,4,287,52,9,1,2,2
45169,2023,8,31,5,4,163,33,11,0,4,2
45169,2023,8,31,5,4,116,2,20,0,1,1
45170,2023,9,1,6,1,101,9,1,1,1,1
45170,2023,9,1,6,1,60,11,20,1,2,1
45170,2023,9,1,6,1,373,83,20,1,1,1
45170,2023,9,1,6,1,116,16,12,1,6,3
45170,2023,9,1,6,1,101,49,4,1,1,1
45170,2023,9,1,6,1,376,11,4,0,1,1
45170,2023,9,1,6,1,304,11,9,0,2,2
45170,2023,9,1,6,2,116,51,20,1,1,1
45170,2023,9,1,6,1,364,12,4,0,1,1
45170,2023,9,1,6,2,163,28,21,1,1,1
45170,2023,9,1,6,2,277,83,12,1,2,2
45170,2023,9,1,6,2,116,17,11,1,2,2
45066,2023,5,20,7,3,262,83,9,0,3,3
45170,2023,9,1,6,2,116,83,12,1,4,2
45170,2023,9,1,6,2,116,11,4,0,1,1
45170,2023,9,1,6,2,101,49,12,0,2,2
45170,2023,9,1,6,2,262,83,9,1,4,2
45170,2023,9,1,6,2,232,49,11,1,5,2
45170,2023,9,1,6,2,116,11,12,1,4,2
45170,2023,9,1,6,1,381,18,4,0,1,1
45170,2023,9,1,6,2,282,51,20,0,1,1
45170,2023,9,1,6,1,60,18,20,0,1,1
45170,2023,9,1,6,2,381,18,20,0,2,1
45170,2023,9,1,6,2,101,67,12,1,4,3
45170,2023,9,1,6,2,40,28,21,0,2,1
45075,2023,5,29,2,3,101,28,18,1,1,1
45170,2023,9,1,6,2,476,67,12,1,2,2
45170,2023,9,1,6,2,230,11,12,0,3,2
45170,2023,9,1,6,2,101,52,9,1,2,2
45170,2023,9,1,6,2,116,11,12,1,3,2
45170,2023,9,1,6,2,364,49,7,0,2,2
45170,2023,9,1,6,2,101,61,2,1,2,2
45170,2023,9,1,6,2,50,11,21,0,1,1
45170,2023,9,1,6,2,282,11,20,0,1,1
45170,2023,9,1,6,2,277,33,11,1,2,2
45166,2023,8,28,2,3,116,82,7,1,2,2
45170,2023,9,1,6,1,316,11,20,0,2,1
45170,2023,9,1,6,2,324,52,9,0,2,2
45163,2023,8,25,6,2,116,16,12,1,2,2
45170,2023,9,1,6,2,290,1,11,0,2,2
45170,2023,9,1,6,2,40,67,15,1,5,4
45170,2023,9,1,6,2,101,28,20,0,2,1
45170,2023,9,1,6,2,235,16,12,1,2,2
45170,2023,9,1,6,2,104,1,9,1,4,4
45170,2023,9,1,6,2,10,16,12,1,2,2
45129,2023,7,22,7,3,116,1,9,1,2,2
45170,2023,9,1,6,2,116,20,11,1,4,2
45170,2023,9,1,6,2,116,51,15,1,4,4
45170,2023,9,1,6,2,158,1,7,1,2,2
45170,2023,9,1,6,2,316,28,20,0,2,1
45170,2023,9,1,6,3,116,11,4,0,1,1
45170,2023,9,1,6,3,277,64,21,1,1,1
45170,2023,9,1,6,2,495,16,12,1,2,2
45137,2023,7,30,1,2,381,67,12,1,2,2
45143,2023,8,5,7,2,381,11,11,1,2,1
45170,2023,9,1,6,3,101,16,12,1,2,2
45170,2023,9,1,6,3,163,1,11,1,2,2
45149,2023,8,11,6,4,472,67,20,0,1,1
45170,2023,9,1,6,3,101,5,21,1,1,1
45170,2023,9,1,6,3,40,16,21,1,2,2
45170,2023,9,1,6,3,414,11,20,0,2,1
45170,2023,9,1,6,3,376,67,20,0,4,1
45143,2023,8,5,7,1,376,67,9,1,3,2
45170,2023,9,1,6,3,259,1,11,0,2,2
45170,2023,9,1,6,3,101,13,20,0,1,1
45170,2023,9,1,6,3,116,78,2,1,3,2
45170,2023,9,1,6,3,101,52,11,1,3,2
45170,2023,9,1,6,2,101,11,12,1,2,2
45170,2023,9,1,6,2,405,20,11,1,1,1
45170,2023,9,1,6,3,101,2,11,0,4,2
45170,2023,9,1,6,3,116,2,2,0,2,2
45170,2023,9,1,6,3,116,11,12,1,5,5
45170,2023,9,1,6,3,101,16,12,1,7,2
45170,2023,9,1,6,2,101,11,9,1,3,2
45170,2023,9,1,6,3,50,60,4,0,2,2
45170,2023,9,1,6,3,20,28,10,0,2,2
45170,2023,9,1,6,3,101,52,2,1,2,2
45170,2023,9,1,6,3,101,61,2,1,2,2
45170,2023,9,1,6,3,101,16,9,0,2,2
45170,2023,9,1,6,3,104,1,9,0,3,2
45170,2023,9,1,6,3,40,81,2,1,2,2
45170,2023,9,1,6,3,146,1,11,0,2,2
45170,2023,9,1,6,3,101,28,15,0,3,3
45163,2023,8,25,6,3,101,11,12,0,1,1
45170,2023,9,1,6,3,116,67,12,1,2,2
45170,2023,9,1,6,3,101,12,12,0,6,5
45170,2023,9,1,6,3,20,16,12,1,5,2
45170,2023,9,1,6,3,407,81,11,1,2,2
45170,2023,9,1,6,3,230,82,9,1,2,2
45170,2023,9,1,6,3,40,78,11,0,2,2
45170,2023,9,1,6,3,470,20,11,0,2,2
45170,2023,9,1,6,3,101,33,11,1,2,2
45170,2023,9,1,6,3,381,11,15,0,3,3
45170,2023,9,1,6,3,414,16,9,1,3,2
45170,2023,9,1,6,2,101,11,12,1,2,2
45170,2023,9,1,6,3,381,67,4,0,2,1
45170,2023,9,1,6,3,356,83,4,1,2,2
45170,2023,9,1,6,3,386,16,12,1,4,2
45170,2023,9,1,6,3,365,1,9,1,3,3
45170,2023,9,1,6,3,101,67,11,1,2,2
45170,2023,9,1,6,3,116,80,7,1,3,2
45170,2023,9,1,6,3,277,52,9,1,2,2
45154,2023,8,16,4,3,465,16,9,1,1,1
45170,2023,9,1,6,3,101,11,12,0,2,2
45170,2023,9,1,6,3,116,9,1,1,1,1
45170,2023,9,1,6,3,101,1,11,1,3,2
45170,2023,9,1,6,3,405,63,21,0,1,1
45170,2023,9,1,6,3,116,80,7,1,2,2
45170,2023,9,1,6,3,407,11,9,1,2,2
45170,2023,9,1,6,3,60,1,11,0,5,2
45170,2023,9,1,6,3,364,16,12,1,2,2
45170,2023,9,1,6,3,101,1,11,1,2,2
45170,2023,9,1,6,4,101,11,21,0,1,1
45170,2023,9,1,6,4,116,2,2,1,6,2
45170,2023,9,1,6,4,393,1,11,1,4,2
45170,2023,9,1,6,4,101,78,9,1,2,2
45170,2023,9,1,6,4,116,11,3,0,1,1
45170,2023,9,1,6,3,472,11,7,0,4,2
45170,2023,9,1,6,3,364,4,12,1,2,2
45170,2023,9,1,6,3,316,10,2,1,2,2
45170,2023,9,1,6,3,101,16,12,0,3,2
45170,2023,9,1,6,4,101,1,10,1,2,2
45170,2023,9,1,6,4,40,18,12,0,2,2
45170,2023,9,1,6,4,116,11,11,1,3,2
45170,2023,9,1,6,4,116,67,12,1,3,2
45170,2023,9,1,6,4,116,49,12,1,2,2
45170,2023,9,1,6,4,381,49,4,1,1,1
45170,2023,9,1,6,4,376,1,11,1,3,2
45170,2023,9,1,6,4,174,9,1,0,2,1
45170,2023,9,1,6,4,116,28,18,0,1,1
45170,2023,9,1,6,4,432,11,20,0,3,1
45170,2023,9,1,6,4,158,11,20,0,2,1
45170,2023,9,1,6,4,153,16,12,1,2,2
45170,2023,9,1,6,4,60,11,20,0,5,1
45068,2023,5,22,2,3,116,18,20,0,1,1
45170,2023,9,1,6,4,153,83,4,0,2,2
45170,2023,9,1,6,4,386,35,2,0,2,2
45170,2023,9,1,6,4,40,83,12,0,4,2
45130,2023,7,23,1,4,40,35,2,1,2,2
45170,2023,9,1,6,4,116,11,12,1,3,2
45170,2023,9,1,6,4,116,52,12,0,2,2
45170,2023,9,1,6,4,101,16,12,0,3,2
45170,2023,9,1,6,4,468,80,11,0,2,2
45171,2023,9,2,7,1,101,49,4,1,1,1
45171,2023,9,2,7,1,470,11,4,0,2,1
45170,2023,9,1,6,4,282,18,20,0,1,1
45171,2023,9,2,7,1,50,51,20,0,1,1
45171,2023,9,2,7,1,101,11,3,0,1,1
45171,2023,9,2,7,1,267,11,12,0,2,2
45170,2023,9,1,6,4,116,16,12,1,2,2
45171,2023,9,2,7,1,70,67,4,0,1,1
45171,2023,9,2,7,1,381,36,12,0,5,2
45171,2023,9,2,7,1,153,18,20,0,4,1
45171,2023,9,2,7,1,101,49,4,0,1,1
45171,2023,9,2,7,1,101,64,21,0,4,1
45171,2023,9,2,7,1,153,11,20,0,4,2
45171,2023,9,2,7,1,163,11,20,0,5,1
45171,2023,9,2,7,1,101,67,21,0,1,1
45171,2023,9,2,7,1,282,49,7,0,36,3
45126,2023,7,19,4,2,493,61,2,1,2,2
45171,2023,9,2,7,1,381,11,12,1,1,1
45171,2023,9,2,7,1,282,49,20,1,1,1
45171,2023,9,2,7,1,80,49,3,0,1,1
45171,2023,9,2,7,1,282,18,20,0,1,1
45171,2023,9,2,7,1,262,49,20,1,1,1
45171,2023,9,2,7,1,277,67,4,0,1,1
45171,2023,9,2,7,1,316,49,12,0,5,3
45171,2023,9,2,7,1,235,9,1,1,2,1
45149,2023,8,11,6,3,116,52,9,1,3,2
45150,2023,8,12,7,4,280,80,7,0,2,2
45171,2023,9,2,7,2,476,18,20,1,1,1
45171,2023,9,2,7,2,282,64,4,0,3,1
45171,2023,9,2,7,2,153,80,10,0,2,2
45171,2023,9,2,7,2,116,78,11,1,4,3
45171,2023,9,2,7,2,116,52,9,1,2,2
45171,2023,9,2,7,2,381,1,11,0,2,2
45151,2023,8,13,1,3,40,67,15,0,6,3
45170,2023,9,1,6,4,163,67,11,0,2,2
45170,2023,9,1,6,3,163,2,11,0,2,2
45171,2023,9,2,7,2,40,67,12,0,2,2
45171,2023,9,2,7,2,304,16,12,0,2,2
45171,2023,9,2,7,2,282,11,4,1,1,1
45171,2023,9,2,7,2,40,67,4,0,3,1
45171,2023,9,2,7,2,282,16,12,1,2,2
45171,2023,9,2,7,2,101,1,11,1,2,2
45171,2023,9,2,7,2,101,67,4,0,1,1
45171,2023,9,2,7,1,116,83,3,0,1,1
45171,2023,9,2,7,2,116,67,21,1,2,2
45171,2023,9,2,7,2,493,11,20,0,2,1
45171,2023,9,2,7,2,364,14,21,1,2,2
45111,2023,7,4,3,4,101,81,9,0,3,3
45171,2023,9,2,7,2,262,51,20,1,1,1
45171,2023,9,2,7,1,251,56,4,0,5,1
45115,2023,7,8,7,4,116,83,20,0,3,1
45171,2023,9,2,7,1,361,9,1,0,1,1
45171,2023,9,2,7,2,376,36,12,1,4,4
45171,2023,9,2,7,2,452,67,20,0,2,1
45171,2023,9,2,7,2,70,52,9,1,4,2
45171,2023,9,2,7,2,116,52,3,1,2,2
45171,2023,9,2,7,2,101,15,4,0,1,1
45171,2023,9,2,7,2,376,11,20,0,1,1
45130,2023,7,23,1,4,290,11,4,1,2,1
45171,2023,9,2,7,2,101,16,12,0,4,2
45171,2023,9,2,7,2,50,67,21,1,1,1
45171,2023,9,2,7,3,101,15,20,1,3,1
45171,2023,9,2,7,2,376,67,20,0,2,1
45171,2023,9,2,7,2,101,67,4,1,3,1
45171,2023,9,2,7,3,282,83,20,0,3,1
45171,2023,9,2,7,3,116,78,9,1,2,2
45171,2023,9,2,7,3,101,52,9,1,2,2
45171,2023,9,2,7,3,376,67,7,0,2,2
45171,2023,9,2,7,3,101,67,4,0,2,1
45171,2023,9,2,7,3,116,4,20,1,4,1
45171,2023,9,2,7,3,101,28,18,1,1,1
45171,2023,9,2,7,3,101,49,4,1,1,1
45171,2023,9,2,7,3,376,15,20,0,2,1
45171,2023,9,2,7,3,163,33,3,1,2,2
45171,2023,9,2,7,3,101,83,20,0,1,1
45171,2023,9,2,7,3,10,52,7,0,4,2
45171,2023,9,2,7,3,277,83,20,0,1,1
45171,2023,9,2,7,2,365,11,20,0,2,1
45171,2023,9,2,7,3,101,51,20,0,2,1
45032,2023,4,16,1,4,386,80,11,0,6,3
45171,2023,9,2,7,3,101,67,15,1,4,3