id_data,ano,mes,dia,id_dia_semana,periodo,br,id_causa_acidente,id_tipo_acidente,id_uso_solo,pessoas,veiculos
45179,2023,9,10,1,3,60,35,2,1,4,2
45179,2023,9,10,1,4,60,16,15,0,9,3
45179,2023,9,10,1,4,116,85,2,0,2,2
45179,2023,9,10,1,3,101,11,21,0,2,1
45179,2023,9,10,1,4,50,1,11,0,9,3
45179,2023,9,10,1,3,116,83,12,1,4,2
45179,2023,9,10,1,3,101,28,18,0,2,1
45179,2023,9,10,1,4,153,49,12,1,2,2
45179,2023,9,10,1,4,101,78,9,1,2,2
45179,2023,9,10,1,3,470,11,20,0,1,1
45179,2023,9,10,1,3,343,67,10,0,2,2
45179,2023,9,10,1,4,343,49,21,1,1,1
45179,2023,9,10,1,4,230,60,2,1,2,2
45179,2023,9,10,1,4,282,49,11,0,3,2
45179,2023,9,10,1,3,230,67,12,0,4,2
45179,2023,9,10,1,4,101,9,1,1,2,2
45179,2023,9,10,1,4,343,11,4,1,1,1
45179,2023,9,10,1,4,101,67,12,1,3,2
45179,2023,9,10,1,4,470,1,11,1,3,2
45179,2023,9,10,1,4,158,52,3,0,1,1
45179,2023,9,10,1,4,70,83,12,1,6,2
45179,2023,9,10,1,3,277,9,20,0,1,1
45179,2023,9,10,1,4,60,83,20,0,1,1
45179,2023,9,10,1,4,376,80,11,1,5,2
45179,2023,9,10,1,4,304,11,21,1,1,1
45179,2023,9,10,1,3,277,11,20,0,3,1
45179,2023,9,10,1,3,40,11,12,0,2,2
45179,2023,9,10,1,4,277,52,20,0,2,2
45179,2023,9,10,1,3,285,11,3,0,3,1
45179,2023,9,10,1,4,343,28,18,0,1,1
45179,2023,9,10,1,4,262,1,2,1,2,2
45179,2023,9,10,1,4,101,1,11,0,2,2
45179,2023,9,10,1,4,304,12,21,1,1,1
45179,2023,9,10,1,4,452,1,2,1,2,2
45179,2023,9,10,1,4,101,1,11,0,6,4
45179,2023,9,10,1,3,242,9,1,1,1,1
45179,2023,9,10,1,4,116,67,4,1,3,1
45179,2023,9,10,1,4,163,1,11,1,2,2
45179,2023,9,10,1,3,373,1,11,0,2,2
45179,2023,9,10,1,4,376,33,11,0,5,2
45179,2023,9,10,1,4,226,12,7,0,5,2
45179,2023,9,10,1,4,343,52,11,1,2,2
45179,2023,9,10,1,4,163,28,21,0,2,1
45179,2023,9,10,1,4,242,67,20,0,1,1
45179,2023,9,10,1,4,373,80,7,0,3,2
45179,2023,9,10,1,3,101,16,12,0,4,2
45179,2023,9,10,1,4,493,20,11,1,2,2
45179,2023,9,10,1,4,153,18,20,0,1,1
45179,2023,9,10,1,4,262,82,12,0,4,2
45179,2023,9,10,1,4,381,11,4,1,1,1
45179,2023,9,10,1,4,369,48,11,1,2,2
45179,2023,9,10,1,4,364,1,12,1,2,2
45179,2023,9,10,1,4,364,35,2,0,4,2
45179,2023,9,10,1,3,493,67,20,1,2,1
45179,2023,9,10,1,4,116,16,12,0,3,2
45179,2023,9,10,1,4,242,49,10,0,2,2
45179,2023,9,10,1,4,40,85,20,1,1,1
45180,2023,9,11,2,1,116,49,9,1,3,3
45180,2023,9,11,2,1,163,67,20,0,1,1
45167,2023,8,29,3,3,116,9,1,0,1,1
45180,2023,9,11,2,1,277,11,20,0,6,1
45180,2023,9,11,2,1,251,18,20,0,47,1
45180,2023,9,11,2,1,20,49,11,0,4,3
45180,2023,9,11,2,1,116,9,1,1,1,1
45180,2023,9,11,2,1,101,20,11,0,2,2
45179,2023,9,10,1,4,230,11,12,1,2,2
45179,2023,9,10,1,4,10,1,11,1,3,2
45180,2023,9,11,2,2,158,63,21,0,1,1
45180,2023,9,11,2,2,324,4,21,0,1,1
45180,2023,9,11,2,2,324,67,15,0,3,3
45180,2023,9,11,2,2,50,67,20,0,12,1
45180,2023,9,11,2,2,116,11,12,0,2,2
45180,2023,9,11,2,2,153,51,10,1,7,3
45180,2023,9,11,2,2,324,6,4,0,1,1
45180,2023,9,11,2,2,251,67,7,0,3,3
45180,2023,9,11,2,2,116,11,12,1,1,1
45180,2023,9,11,2,2,116,49,20,0,1,1
45180,2023,9,11,2,2,101,16,12,1,2,2
45180,2023,9,11,2,2,116,16,12,1,2,2
45180,2023,9,11,2,2,470,1,9,1,2,2
45180,2023,9,11,2,2,101,16,12,0,2,2
45180,2023,9,11,2,2,101,11,12,1,2,2
45180,2023,9,11,2,2,101,67,21,1,2,1
45180,2023,9,11,2,2,230,3,21,0,1,1
45180,2023,9,11,2,1,364,9,1,0,2,2
45180,2023,9,11,2,2,324,16,11,0,6,2
45180,2023,9,11,2,2,381,67,15,0,3,3
45018,2023,4,2,1,2,376,52,9,1,3,2
45180,2023,9,11,2,2,448,6,21,1,1,1
45180,2023,9,11,2,2,153,67,20,1,2,2
45180,2023,9,11,2,2,101,83,20,0,2,1
45180,2023,9,11,2,2,101,12,9,0,2,2
45094,2023,6,17,7,2,476,9,1,1,1,1
45180,2023,9,11,2,2,116,67,12,1,2,2
45180,2023,9,11,2,2,116,1,11,1,3,2
45180,2023,9,11,2,2,101,78,9,0,2,2
45180,2023,9,11,2,2,116,4,20,0,2,1
45180,2023,9,11,2,2,116,1,11,1,3,3
45180,2023,9,11,2,2,101,44,15,1,5,4
45180,2023,9,11,2,2,104,28,20,0,3,1
45180,2023,9,11,2,2,101,52,9,1,2,2
45180,2023,9,11,2,2,468,1,11,0,2,2
45180,2023,9,11,2,2,222,1,11,1,2,2
45180,2023,9,11,2,2,376,11,20,0,1,1
45180,2023,9,11,2,2,259,1,9,1,2,2
45180,2023,9,11,2,2,116,12,12,0,8,7
45180,2023,9,11,2,2,401,11,12,0,2,2
45180,2023,9,11,2,2,364,52,9,1,2,2
45180,2023,9,11,2,2,230,18,10,0,2,2
45171,2023,9,2,7,4,381,82,11,1,2,2
45180,2023,9,11,2,2,376,16,12,1,8,4
45180,2023,9,11,2,2,101,5,21,1,1,1
45180,2023,9,11,2,2,116,16,12,0,2,2
45180,2023,9,11,2,2,316,80,7,0,2,2
45180,2023,9,11,2,2,50,18,20,0,1,1
45180,2023,9,11,2,3,101,33,11,1,3,2
45180,2023,9,11,2,2,101,11,12,1,2,2
45180,2023,9,11,2,2,262,82,21,1,2,1
45168,2023,8,30,4,4,101,11,12,0,2,2
45180,2023,9,11,2,3,285,33,11,0,2,2
45180,2023,9,11,2,3,381,11,20,0,2,1
45180,2023,9,11,2,3,20,11,3,0,1,1
45180,2023,9,11,2,3,101,16,12,0,2,2
45180,2023,9,11,2,3,116,11,12,0,4,3
45180,2023,9,11,2,3,60,18,20,0,1,1
45136,2023,7,29,7,3,470,52,12,0,3,2
45166,2023,8,28,2,2,364,41,20,0,3,1
45180,2023,9,11,2,2,174,9,1,1,1,1
45180,2023,9,11,2,2,364,6,21,1,1,1
45180,2023,9,11,2,2,101,78,9,0,2,2
45180,2023,9,11,2,3,290,11,12,0,2,2
45180,2023,9,11,2,3,116,28,18,1,1,1
45180,2023,9,11,2,3,116,20,11,1,2,2
45180,2023,9,11,2,3,163,67,20,0,1,1
45180,2023,9,11,2,3,116,13,21,1,2,1
45180,2023,9,11,2,3,414,18,20,0,2,1
45172,2023,9,3,1,3,20,67,11,0,3,2
45180,2023,9,11,2,2,319,52,9,1,2,2
45180,2023,9,11,2,3,40,49,4,1,1,1
45180,2023,9,11,2,3,364,16,12,0,2,2
45137,2023,7,30,1,4,116,1,11,1,3,2
45180,2023,9,11,2,3,116,1,11,1,2,2
45180,2023,9,11,2,3,116,35,2,1,2,2
45180,2023,9,11,2,3,153,49,12,0,2,2
45180,2023,9,11,2,3,101,11,20,0,1,1
45180,2023,9,11,2,3,381,11,12,0,2,2
45180,2023,9,11,2,3,60,18,20,0,2,1
45180,2023,9,11,2,3,116,28,21,1,1,1
45180,2023,9,11,2,3,116,60,2,0,3,2
45180,2023,9,11,2,3,101,1,12,1,4,2
45180,2023,9,11,2,3,101,67,12,1,2,2
45180,2023,9,11,2,3,232,83,11,1,4,3
45180,2023,9,11,2,3,116,67,15,1,3,3
45180,2023,9,11,2,3,50,13,21,0,2,1
45180,2023,9,11,2,3,116,1,11,1,5,2
45180,2023,9,11,2,3,153,17,11,1,2,2
45180,2023,9,11,2,3,101,52,9,0,3,2
45180,2023,9,11,2,3,356,20,11,1,2,2
45180,2023,9,11,2,3,277,67,4,0,3,1
45180,2023,9,11,2,3,101,16,12,1,2,2
45180,2023,9,11,2,4,116,67,21,1,2,2
45180,2023,9,11,2,3,116,35,21,1,2,1
45180,2023,9,11,2,3,406,52,11,1,3,2
45180,2023,9,11,2,3,116,67,12,0,2,2
45180,2023,9,11,2,3,408,20,7,1,3,2
45180,2023,9,11,2,4,40,52,11,0,2,2
45180,2023,9,11,2,3,324,1,21,1,2,1
45180,2023,9,11,2,3,101,16,12,0,2,2
45180,2023,9,11,2,4,116,78,12,1,3,2
45180,2023,9,11,2,3,364,82,7,1,2,2
45180,2023,9,11,2,3,373,67,20,0,1,1
45180,2023,9,11,2,3,101,11,15,1,4,3
45180,2023,9,11,2,3,386,67,12,0,3,2
45180,2023,9,11,2,4,110,1,11,1,2,2
45180,2023,9,11,2,4,277,25,9,0,2,2
45180,2023,9,11,2,4,285,11,20,0,1,1
45100,2023,6,23,6,2,476,12,9,1,2,2
45180,2023,9,11,2,4,10,11,12,0,3,2
45180,2023,9,11,2,4,158,52,9,1,4,2
45180,2023,9,11,2,3,262,67,20,0,4,1
45180,2023,9,11,2,4,405,1,7,1,2,2
45180,2023,9,11,2,4,101,1,11,1,2,2
45180,2023,9,11,2,4,174,11,21,0,1,1
45180,2023,9,11,2,4,70,3,20,0,1,1
45180,2023,9,11,2,4,153,28,18,1,1,1
45181,2023,9,12,3,1,40,11,4,0,2,2
45180,2023,9,11,2,4,135,80,11,0,6,2
45181,2023,9,12,3,1,376,18,20,0,1,1
45180,2023,9,11,2,4,376,83,4,0,1,1
45181,2023,9,12,3,2,40,67,12,1,2,2
45181,2023,9,12,3,2,163,11,20,0,1,1
45180,2023,9,11,2,4,232,9,1,0,1,1
45181,2023,9,12,3,2,101,1,11,1,3,2
45181,2023,9,12,3,2,116,16,12,0,2,2
45180,2023,9,11,2,2,324,6,4,0,1,1
45181,2023,9,12,3,2,116,52,9,1,1,1
45181,2023,9,12,3,2,116,11,12,1,3,3
45181,2023,9,12,3,2,277,1,7,1,3,2
45181,2023,9,12,3,2,116,16,12,0,2,2
45181,2023,9,12,3,2,116,78,21,1,2,2
45181,2023,9,12,3,2,101,67,21,1,1,1
45181,2023,9,12,3,2,324,52,21,0,1,1
45181,2023,9,12,3,2,40,11,21,0,1,1
45177,2023,9,8,6,4,101,83,4,1,2,2
45109,2023,7,2,1,3,230,1,11,0,3,2
45143,2023,8,5,7,3,116,11,21,1,2,1
45181,2023,9,12,3,2,369,78,12,0,3,2
45181,2023,9,12,3,2,376,1,9,0,2,2
45181,2023,9,12,3,2,277,72,11,1,2,2
45181,2023,9,12,3,2,153,21,4,0,1,1
45181,2023,9,12,3,2,116,33,11,1,2,2
45181,2023,9,12,3,2,277,67,15,0,13,7
45181,2023,9,12,3,2,163,34,2,1,2,2
45181,2023,9,12,3,2,101,78,9,0,4,3
45180,2023,9,11,2,3,226,28,18,0,2,2
45181,2023,9,12,3,2,101,20,11,0,2,2
45181,2023,9,12,3,2,277,16,12,0,1,1
45181,2023,9,12,3,2,101,16,12,0,2,2
45181,2023,9,12,3,2,116,44,15,0,3,3
45181,2023,9,12,3,2,277,28,18,0,2,1
45181,2023,9,12,3,2,40,11,20,0,2,1
45181,2023,9,12,3,2,376,1,7,1,2,2
45181,2023,9,12,3,2,101,11,21,0,1,1
45146,2023,8,8,3,4,153,80,7,0,3,2
45181,2023,9,12,3,3,407,83,4,0,4,1
45181,2023,9,12,3,2,40,78,12,1,2,2
45181,2023,9,12,3,2,369,56,4,0,1,1
45134,2023,7,27,5,3,158,1,11,1,5,3
45181,2023,9,12,3,3,376,60,2,1,2,2
45181,2023,9,12,3,3,290,4,4,0,3,1
45181,2023,9,12,3,3,101,16,9,1,1,1
45128,2023,7,21,6,3,101,16,9,0,3,2
45181,2023,9,12,3,3,280,34,4,0,1,1
45181,2023,9,12,3,2,472,11,12,0,3,2
45181,2023,9,12,3,3,116,52,9,0,2,2
45181,2023,9,12,3,2,116,52,12,0,4,2
45171,2023,9,2,7,2,116,11,9,0,2,2
45181,2023,9,12,3,2,364,49,9,1,3,2
45181,2023,9,12,3,3,104,11,12,0,3,3
45181,2023,9,12,3,3,381,11,12,1,3,2
45181,2023,9,12,3,3,153,11,12,0,2,2
45181,2023,9,12,3,3,116,67,21,0,1,1
45181,2023,9,12,3,3,60,1,11,1,2,2
45181,2023,9,12,3,3,60,11,11,1,2,2
45164,2023,8,26,7,1,116,11,4,0,1,1
45181,2023,9,12,3,3,226,20,12,1,3,2
45181,2023,9,12,3,3,101,56,21,0,1,1
45181,2023,9,12,3,3,381,28,20,0,1,1
45172,2023,9,3,1,2,381,80,7,0,6,4
45181,2023,9,12,3,3,116,78,9,1,2,2
45181,2023,9,12,3,3,392,49,4,1,1,1
45181,2023,9,12,3,3,70,1,2,0,4,3
45181,2023,9,12,3,3,101,1,9,1,3,2
45181,2023,9,12,3,3,101,1,9,1,2,2
45047,2023,5,1,2,3,153,1,11,0,3,2
45181,2023,9,12,3,3,101,1,2,1,2,2
45181,2023,9,12,3,2,262,11,20,0,1,1
45181,2023,9,12,3,3,101,52,11,1,3,3
45181,2023,9,12,3,3,10,1,11,1,3,2
45181,2023,9,12,3,4,101,20,11,0,2,2
45031,2023,4,15,7,4,101,13,20,0,4,2
45181,2023,9,12,3,3,101,33,11,0,2,2
45181,2023,9,12,3,3,20,82,7,0,4,2
45181,2023,9,12,3,4,116,67,12,1,2,2
45181,2023,9,12,3,3,376,42,11,0,8,2
45181,2023,9,12,3,3,277,16,12,1,3,3
45161,2023,8,23,4,2,101,11,12,1,2,2
45181,2023,9,12,3,3,280,16,12,0,7,3
45181,2023,9,12,3,3,174,63,20,0,5,1
45181,2023,9,12,3,3,470,72,12,1,2,2
45181,2023,9,12,3,4,365,7,21,0,2,1
45181,2023,9,12,3,4,316,82,7,0,3,2
45181,2023,9,12,3,4,101,11,21,1,1,1
45181,2023,9,12,3,4,101,11,4,1,1,1
45181,2023,9,12,3,3,116,60,2,1,2,2
45181,2023,9,12,3,4,304,1,11,1,2,2
45181,2023,9,12,3,3,365,11,20,0,2,1
45181,2023,9,12,3,3,317,9,1,0,2,1
45181,2023,9,12,3,4,101,35,2,1,2,2
45181,2023,9,12,3,4,40,83,4,1,1,1
45181,2023,9,12,3,4,472,1,11,0,3,2
45181,2023,9,12,3,4,470,2,4,0,2,2
45181,2023,9,12,3,4,381,11,21,0,1,1
45181,2023,9,12,3,4,364,35,2,0,2,2
45182,2023,9,13,4,1,50,18,20,0,3,1
45181,2023,9,12,3,3,101,33,11,1,3,2
45182,2023,9,13,4,1,101,67,12,1,2,2
45182,2023,9,13,4,1,101,67,12,0,2,2
45182,2023,9,13,4,1,116,67,9,1,1,1
45182,2023,9,13,4,2,428,16,12,1,2,2
45181,2023,9,12,3,4,101,49,7,1,1,1
45182,2023,9,13,4,2,381,83,3,1,1,1
45182,2023,9,13,4,1,60,82,20,1,1,1
45181,2023,9,12,3,4,222,83,10,1,3,2
45182,2023,9,13,4,2,104,29,20,0,1,1
45182,2023,9,13,4,2,116,78,9,1,3,2
45182,2023,9,13,4,2,116,11,21,0,1,1
45182,2023,9,13,4,2,158,11,20,0,2,1
45182,2023,9,13,4,2,101,16,21,1,1,1
45182,2023,9,13,4,2,101,18,20,0,1,1
45182,2023,9,13,4,2,116,1,11,1,2,2
45075,2023,5,29,2,1,365,67,12,1,3,2
45098,2023,6,21,4,2,101,16,12,0,2,2
45182,2023,9,13,4,2,153,83,7,1,2,2
45182,2023,9,13,4,2,163,82,7,1,3,2
45160,2023,8,22,3,2,101,81,11,0,2,2
45182,2023,9,13,4,2,262,13,21,0,1,1
45182,2023,9,13,4,2,316,1,11,1,2,2
45182,2023,9,13,4,2,364,11,12,1,2,2
45145,2023,8,7,2,2,116,78,9,1,4,2
45182,2023,9,13,4,2,381,67,12,0,2,2
45182,2023,9,13,4,2,116,78,9,1,2,2
45157,2023,8,19,7,4,316,49,10,0,3,3
45158,2023,8,20,1,3,365,4,20,0,2,1
45166,2023,8,28,2,3,101,67,9,0,4,2
45182,2023,9,13,4,2,163,67,21,0,1,1
45182,2023,9,13,4,2,101,52,9,1,2,2
45145,2023,8,7,2,2,386,15,21,0,2,2
45170,2023,9,1,6,3,316,80,7,0,13,2
45182,2023,9,13,4,2,153,83,20,0,1,1
45182,2023,9,13,4,2,364,16,12,0,2,2
45182,2023,9,13,4,2,262,67,12,1,3,2
45182,2023,9,13,4,2,101,52,9,1,3,2
45182,2023,9,13,4,2,282,33,11,1,2,2
45182,2023,9,13,4,2,101,60,2,1,2,2
45179,2023,9,10,1,1,116,9,1,0,1,1
45182,2023,9,13,4,2,101,51,21,1,1,1
45182,2023,9,13,4,3,230,67,20,0,4,1
45182,2023,9,13,4,3,280,1,11,1,2,2
45179,2023,9,10,1,3,282,49,10,0,2,2
45182,2023,9,13,4,3,116,1,9,1,2,2
45182,2023,9,13,4,3,101,83,12,0,2,2
45182,2023,9,13,4,3,104,52,12,1,2,2
45182,2023,9,13,4,3,392,67,20,0,1,1
45175,2023,9,6,4,2,282,33,11,1,2,2
45182,2023,9,13,4,3,40,67,11,1,5,3
45182,2023,9,13,4,2,285,15,20,0,1,1
45182,2023,9,13,4,3,40,16,12,0,4,2
45182,2023,9,13,4,3,116,16,12,1,2,2
45182,2023,9,13,4,3,116,16,12,1,2,2
45182,2023,9,13,4,3,282,1,9,1,2,2
45182,2023,9,13,4,3,101,67,11,1,2,2
45182,2023,9,13,4,3,319,16,12,1,6,2
45182,2023,9,13,4,3,116,11,9,1,2,2
45182,2023,9,13,4,3,153,16,12,1,2,2
45182,2023,9,13,4,3,304,82,7,0,2,2
45182,2023,9,13,4,3,365,1,11,1,2,2
45182,2023,9,13,4,3,116,52,9,1,4,4
45182,2023,9,13,4,3,369,17,7,1,3,3
45182,2023,9,13,4,3,101,16,12,1,2,2
45182,2023,9,13,4,3,116,67,12,1,3,2
45182,2023,9,13,4,3,60,1,11,1,6,2
45182,2023,9,13,4,3,392,63,21,0,1,1
45182,2023,9,13,4,3,116,25,12,0,3,2
45182,2023,9,13,4,2,101,16,9,1,2,2
45182,2023,9,13,4,3,277,11,12,0,2,2
45182,2023,9,13,4,3,285,15,20,0,3,1
45182,2023,9,13,4,3,393,16,12,1,3,3
45182,2023,9,13,4,3,153,67,12,1,2,2
45182,2023,9,13,4,4,116,67,15,1,4,3
45182,2023,9,13,4,4,116,20,9,1,4,3
45149,2023,8,11,6,2,101,17,11,1,3,2
45182,2023,9,13,4,4,153,1,11,1,2,2
45182,2023,9,13,4,4,365,67,11,1,2,2
45182,2023,9,13,4,4,101,1,2,0,3,2
45182,2023,9,13,4,3,174,49,20,0,1,1
45182,2023,9,13,4,4,428,17,11,1,2,2
45182,2023,9,13,4,3,116,11,2,0,3,2
45182,2023,9,13,4,4,381,20,7,1,2,2
45182,2023,9,13,4,4,470,51,20,0,2,1
45182,2023,9,13,4,4,470,16,12,0,2,2
45182,2023,9,13,4,4,290,72,11,0,5,2
45182,2023,9,13,4,4,467,83,21,0,3,1
45182,2023,9,13,4,4,101,78,9,1,3,3
45162,2023,8,24,5,4,101,61,2,0,2,2
45182,2023,9,13,4,2,493,20,11,1,2,2
45182,2023,9,13,4,4,116,13,4,0,3,2
45113,2023,7,6,5,3,116,13,21,0,3,1
45182,2023,9,13,4,4,116,83,12,0,3,2
45183,2023,9,14,5,1,116,85,4,1,2,2
45183,2023,9,14,5,1,50,49,20,0,1,1
45182,2023,9,13,4,4,408,80,7,0,3,3
45182,2023,9,13,4,4,101,11,10,0,2,2
45183,2023,9,14,5,1,60,9,1,0,1,1
45183,2023,9,14,5,1,285,11,20,0,1,1
45183,2023,9,14,5,1,316,83,20,0,4,1
45183,2023,9,14,5,1,60,83,4,0,3,2
45183,2023,9,14,5,1,101,1,9,0,2,2
45143,2023,8,5,7,2,290,11,20,0,1,1
45183,2023,9,14,5,1,158,82,7,0,15,3
45183,2023,9,14,5,1,381,11,20,0,1,1
45182,2023,9,13,4,3,101,60,2,1,2,2
45183,2023,9,14,5,2,101,28,18,1,1,1
45182,2023,9,13,4,4,116,18,20,0,2,1
45182,2023,9,13,4,4,116,28,11,1,2,2
45183,2023,9,14,5,2,153,67,12,1,16,2
45171,2023,9,2,7,1,101,81,2,0,6,2
45183,2023,9,14,5,2,116,78,21,1,1,1
45183,2023,9,14,5,2,101,2,11,0,2,2
45183,2023,9,14,5,2,210,72,12,1,3,2
45183,2023,9,14,5,2,101,28,21,0,2,1
45183,2023,9,14,5,2,259,1,11,1,2,2
45183,2023,9,14,5,2,163,52,12,0,5,2
44949,2023,1,23,2,4,365,80,7,0,3,2
45166,2023,8,28,2,2,116,64,20,0,1,1
45182,2023,9,13,4,2,101,1,11,0,2,2
45183,2023,9,14,5,2,381,83,12,1,2,2
45183,2023,9,14,5,2,116,83,21,0,1,1
45183,2023,9,14,5,2,163,15,20,0,1,1
45183,2023,9,14,5,2,116,12,12,0,3,3
45183,2023,9,14,5,2,343,35,2,1,2,2
45183,2023,9,14,5,2,101,11,20,0,1,1
45183,2023,9,14,5,2,101,67,12,0,2,2
45183,2023,9,14,5,2,343,1,11,1,3,2
45183,2023,9,14,5,2,101,11,4,0,2,1
44989,2023,3,4,7,1,470,11,20,0,1,1
45151,2023,8,13,1,2,277,83,4,0,2,1
45161,2023,8,23,4,3,290,13,21,0,2,1
45180,2023,9,11,2,2,116,63,20,0,2,1
45183,2023,9,14,5,2,153,49,20,0,1,1
45183,2023,9,14,5,2,116,80,7,0,3,2
45183,2023,9,14,5,2,393,1,11,1,2,2
45183,2023,9,14,5,2,280,82,11,1,2,2
45183,2023,9,14,5,2,376,2,9,1,2,2
45183,2023,9,14,5,2,465,61,2,1,3,2
45138,2023,7,31,2,2,277,20,12,1,2,2
45183,2023,9,14,5,2,365,28,21,0,2,1
45183,2023,9,14,5,2,101,67,12,1,2,2
45183,2023,9,14,5,2,116,33,11,0,3,2
45109,2023,7,2,1,3,116,1,9,1,2,2
45183,2023,9,14,5,2,70,52,21,1,1,1
45145,2023,8,7,2,4,280,83,3,0,2,1
45183,2023,9,14,5,3,116,67,9,1,3,2
45183,2023,9,14,5,2,20,1,11,0,3,2
45183,2023,9,14,5,3,343,18,4,0,3,1
45183,2023,9,14,5,3,230,1,11,1,2,2
45183,2023,9,14,5,3,40,11,2,1,2,2
45183,2023,9,14,5,3,153,82,9,1,2,2
45056,2023,5,10,4,1,427,9,1,0,5,1
45183,2023,9,14,5,3,476,16,12,1,2,2
45183,2023,9,14,5,3,364,11,9,1,2,2
45183,2023,9,14,5,2,163,20,11,0,2,2
45160,2023,8,22,3,2,476,81,12,1,2,2
45183,2023,9,14,5,3,158,67,12,1,2,2
45183,2023,9,14,5,3,285,49,11,1,4,2
45183,2023,9,14,5,3,101,1,9,1,2,2
45183,2023,9,14,5,3,324,16,9,1,2,2
45183,2023,9,14,5,3,393,16,11,0,2,2
45183,2023,9,14,5,3,158,11,15,0,5,4
45183,2023,9,14,5,3,235,56,4,0,1,1
45160,2023,8,22,3,3,116,11,20,0,2,1
45159,2023,8,21,2,4,448,83,4,0,2,1
45183,2023,9,14,5,3,116,83,21,1,1,1
45183,2023,9,14,5,3,116,28,21,1,1,1
45183,2023,9,14,5,2,153,13,21,0,4,2
45183,2023,9,14,5,3,116,4,4,0,5,2
45183,2023,9,14,5,3,60,52,12,0,2,2
45183,2023,9,14,5,3,319,1,11,1,2,2
45183,2023,9,14,5,3,364,28,21,1,1,1
45183,2023,9,14,5,3,381,15,20,0,2,1
45183,2023,9,14,5,3,60,11,20,0,1,1
45183,2023,9,14,5,3,376,1,11,1,3,2
45183,2023,9,14,5,3,285,82,7,0,4,2
45183,2023,9,14,5,3,470,20,11,1,2,2
45183,2023,9,14,5,3,116,33,11,1,3,2
45183,2023,9,14,5,3,381,67,20,0,1,1
45183,2023,9,14,5,3,262,13,21,0,1,1
45183,2023,9,14,5,3,50,52,9,1,2,2
45183,2023,9,14,5,3,163,83,20,0,1,1
45183,2023,9,14,5,3,116,11,12,1,2,2
45183,2023,9,14,5,3,376,83,7,1,2,2
45183,2023,9,14,5,3,386,13,21,1,2,1
45183,2023,9,14,5,3,242,28,18,0,1,1
45183,2023,9,14,5,3,116,67,21,1,2,2
45183,2023,9,14,5,3,101,52,9,1,2,2
45183,2023,9,14,5,4,393,52,11,1,2,2
45183,2023,9,14,5,3,101,1,9,1,2,2
45183,2023,9,14,5,3,222,11,9,1,2,2
45183,2023,9,14,5,3,116,67,20,1,3,1
45183,2023,9,14,5,3,343,67,20,0,1,1
45183,2023,9,14,5,4,116,52,9,1,4,3
45183,2023,9,14,5,3,40,11,20,0,1,1
45183,2023,9,14,5,4,381,83,7,1,3,2
45183,2023,9,14,5,4,381,15,15,0,3,3
45183,2023,9,14,5,3,487,80,7,1,2,2
45183,2023,9,14,5,4,418,9,1,0,1,1
45183,2023,9,14,5,4,407,16,12,1,2,2
45165,2023,8,27,1,4,153,9,1,0,2,1
45183,2023,9,14,5,4,40,52,12,1,3,2
45183,2023,9,14,5,4,116,67,20,1,1,1
45183,2023,9,14,5,4,476,1,2,1,2,2
45183,2023,9,14,5,4,116,11,12,1,2,2
45183,2023,9,14,5,3,365,11,21,0,1,1
45183,2023,9,14,5,4,116,52,9,1,3,3
45183,2023,9,14,5,4,369,53,11,1,2,2
45183,2023,9,14,5,4,101,1,11,1,2,2
45183,2023,9,14,5,4,262,9,1,0,1,1
45183,2023,9,14,5,4,101,67,20,1,1,1
45183,2023,9,14,5,4,262,9,20,1,1,1
45183,2023,9,14,5,4,232,9,1,0,2,1
45184,2023,9,15,6,1,285,67,3,0,1,1
45184,2023,9,15,6,1,376,16,12,0,3,2
45184,2023,9,15,6,1,101,1,21,1,1,1
45184,2023,9,15,6,1,101,28,18,0,1,1
45184,2023,9,15,6,1,230,11,20,1,2,1
45184,2023,9,15,6,1,405,80,7,0,5,2
45184,2023,9,15,6,2,116,1,11,1,2,2
45184,2023,9,15,6,2,376,11,9,0,2,2
45184,2023,9,15,6,2,393,11,20,1,1,1
45184,2023,9,15,6,2,116,2,2,0,2,2
45184,2023,9,15,6,2,40,67,12,1,3,2
45184,2023,9,15,6,1,242,83,20,0,1,1
45184,2023,9,15,6,2,116,61,2,1,2,2
45184,2023,9,15,6,2,230,20,11,1,3,2
45184,2023,9,15,6,2,285,33,11,1,2,2
45184,2023,9,15,6,2,376,67,21,0,1,1
45184,2023,9,15,6,2,277,11,11,0,2,2
45184,2023,9,15,6,2,116,67,12,1,2,2
45184,2023,9,15,6,2,101,82,11,0,2,2
45184,2023,9,15,6,2,101,78,9,0,3,2
45156,2023,8,18,6,3,277,44,12,0,2,2
45184,2023,9,15,6,2,316,20,7,0,3,2
45184,2023,9,15,6,2,230,52,9,1,3,3
45184,2023,9,15,6,2,470,1,11,0,2,2
45184,2023,9,15,6,2,40,15,4,0,2,1
45184,2023,9,15,6,2,153,16,12,1,2,2
45183,2023,9,14,5,4,324,49,7,1,5,2
45184,2023,9,15,6,2,232,13,9,1,2,2
45059,2023,5,13,7,3,156,80,7,0,5,2
45184,2023,9,15,6,2,116,16,12,1,2,2
45184,2023,9,15,6,2,116,67,3,0,2,1
45184,2023,9,15,6,2,381,11,21,1,2,1
45184,2023,9,15,6,2,101,67,15,1,5,4
45184,2023,9,15,6,2,262,81,11,1,3,3
45184,2023,9,15,6,2,40,64,11,0,5,3