id_data,ano,mes,dia,id_dia_semana,periodo,br,id_causa_acidente,id_tipo_acidente,id_uso_solo,pessoas,veiculos
45197,2023,9,28,5,2,365,2,7,0,1,1
45165,2023,8,27,1,2,251,1,11,0,3,2
45171,2023,9,2,7,3,20,82,7,0,4,2
45182,2023,9,13,4,4,407,16,12,1,3,2
45197,2023,9,28,5,2,381,11,12,1,2,2
45197,2023,9,28,5,2,282,11,20,0,1,1
45197,2023,9,28,5,2,101,60,2,0,2,2
45197,2023,9,28,5,2,60,52,4,0,3,1
45197,2023,9,28,5,2,163,1,11,1,2,2
45197,2023,9,28,5,2,262,83,20,0,1,1
45197,2023,9,28,5,2,40,11,20,0,1,1
45197,2023,9,28,5,2,20,16,12,0,1,1
45162,2023,8,24,5,2,101,1,11,1,3,2
45197,2023,9,28,5,2,235,13,3,0,1,1
45197,2023,9,28,5,3,163,11,20,0,19,2
45197,2023,9,28,5,2,369,33,21,1,3,2
45195,2023,9,26,3,2,116,67,12,1,4,3
45197,2023,9,28,5,2,116,11,3,1,1,1
45197,2023,9,28,5,2,262,11,12,0,2,2
45197,2023,9,28,5,3,163,1,11,1,2,2
45197,2023,9,28,5,3,101,28,18,0,1,1
45197,2023,9,28,5,3,101,44,12,1,3,2
45197,2023,9,28,5,3,101,12,12,0,2,2
45153,2023,8,15,3,4,163,80,7,0,2,2
45197,2023,9,28,5,3,230,67,20,1,1,1
45197,2023,9,28,5,3,101,13,4,1,1,1
45197,2023,9,28,5,3,116,11,12,0,3,2
45197,2023,9,28,5,3,277,1,11,0,4,2
45197,2023,9,28,5,3,116,14,4,1,2,2
45197,2023,9,28,5,3,50,83,20,0,1,1
45197,2023,9,28,5,3,369,1,11,1,2,2
45197,2023,9,28,5,3,242,29,3,0,3,1
45197,2023,9,28,5,3,101,11,15,0,3,3
45197,2023,9,28,5,3,226,11,20,0,7,1
45197,2023,9,28,5,3,101,52,11,1,2,2
45197,2023,9,28,5,3,116,83,20,0,3,1
45197,2023,9,28,5,3,290,52,9,1,3,3
45197,2023,9,28,5,3,469,1,11,1,3,2
45197,2023,9,28,5,3,101,67,21,1,1,1
45197,2023,9,28,5,3,418,1,11,1,1,1
45197,2023,9,28,5,3,262,83,3,0,5,1
45197,2023,9,28,5,3,101,82,9,1,3,3
45173,2023,9,4,2,2,101,1,12,0,3,2
45197,2023,9,28,5,4,116,33,7,1,4,3
45197,2023,9,28,5,3,101,67,9,1,2,2
45197,2023,9,28,5,3,381,44,12,1,2,2
45173,2023,9,4,2,2,259,1,7,1,2,2
45197,2023,9,28,5,4,50,35,2,1,2,2
45197,2023,9,28,5,3,230,9,1,0,1,1
45197,2023,9,28,5,4,116,52,12,1,2,2
45197,2023,9,28,5,3,70,52,9,0,2,2
45197,2023,9,28,5,4,104,28,18,0,1,1
45186,2023,9,17,1,1,367,80,7,0,2,2
45185,2023,9,16,7,4,40,60,2,0,2,2
45197,2023,9,28,5,3,163,52,10,0,2,2
45197,2023,9,28,5,4,116,51,21,1,1,1
45197,2023,9,28,5,4,386,13,20,0,3,2
45197,2023,9,28,5,3,116,4,20,1,3,1
45197,2023,9,28,5,4,376,35,2,0,2,2
45197,2023,9,28,5,2,70,67,3,0,2,1
45197,2023,9,28,5,4,60,28,21,1,2,1
45197,2023,9,28,5,3,70,16,12,0,2,2
45197,2023,9,28,5,4,158,61,2,0,2,2
45197,2023,9,28,5,4,101,66,4,0,2,1
45197,2023,9,28,5,3,230,2,9,0,3,2
45197,2023,9,28,5,4,285,49,7,0,2,2
45177,2023,9,8,6,3,381,80,7,0,6,3
45197,2023,9,28,5,4,40,11,4,1,1,1
45197,2023,9,28,5,4,163,9,4,0,1,1
45197,2023,9,28,5,4,101,2,11,1,3,2
45197,2023,9,28,5,3,116,1,9,0,3,2
45197,2023,9,28,5,4,262,9,1,0,9,3
45197,2023,9,28,5,4,40,9,1,1,1,1
45197,2023,9,28,5,3,101,1,11,0,2,2
45197,2023,9,28,5,3,364,12,12,0,4,3
45197,2023,9,28,5,4,280,1,11,0,4,3
45197,2023,9,28,5,4,376,67,2,1,2,2
45197,2023,9,28,5,4,280,67,20,0,2,2
45197,2023,9,28,5,3,364,1,12,0,2,2
45197,2023,9,28,5,3,153,82,7,0,5,2
45197,2023,9,28,5,4,319,1,11,1,2,2
45197,2023,9,28,5,4,282,67,4,0,1,1
45197,2023,9,28,5,3,70,20,9,0,3,2
45197,2023,9,28,5,4,116,20,11,0,2,2
45197,2023,9,28,5,4,155,49,12,0,2,2
45197,2023,9,28,5,4,376,33,11,1,2,2
45198,2023,9,29,6,1,101,11,12,1,2,2
45198,2023,9,29,6,1,470,67,20,1,1,1
45198,2023,9,29,6,1,116,67,4,0,1,1
45197,2023,9,28,5,4,10,9,1,0,1,1
45197,2023,9,28,5,3,369,11,9,1,2,2
45198,2023,9,29,6,2,20,78,9,1,4,3
45198,2023,9,29,6,1,40,18,4,0,1,1
45198,2023,9,29,6,2,104,1,11,0,2,2
45198,2023,9,29,6,2,101,17,11,1,2,2
45198,2023,9,29,6,2,230,11,21,1,2,1
45198,2023,9,29,6,1,101,29,20,0,2,1
45198,2023,9,29,6,2,101,78,9,1,2,2
45198,2023,9,29,6,2,222,1,11,1,2,2
45198,2023,9,29,6,2,101,11,21,0,1,1
45198,2023,9,29,6,2,116,16,15,1,6,5
45198,2023,9,29,6,2,101,11,12,1,2,2
45197,2023,9,28,5,4,116,1,11,0,2,2
45198,2023,9,29,6,2,369,11,12,1,2,2
45198,2023,9,29,6,2,316,52,12,1,2,2
44976,2023,2,19,1,1,235,9,1,0,1,1
45198,2023,9,29,6,2,116,1,11,1,2,2
45198,2023,9,29,6,2,116,67,12,1,2,2
45198,2023,9,29,6,2,70,1,11,1,3,2
45198,2023,9,29,6,1,418,80,7,0,5,2
45198,2023,9,29,6,2,470,16,12,1,2,2
45198,2023,9,29,6,2,470,1,11,1,4,2
45194,2023,9,25,2,4,101,11,12,1,3,3
45198,2023,9,29,6,2,50,11,12,1,2,2
44970,2023,2,13,2,3,101,58,21,0,3,3
45198,2023,9,29,6,2,116,67,3,0,4,1
45198,2023,9,29,6,2,40,67,21,1,1,1
45198,2023,9,29,6,2,343,11,21,1,1,1
45198,2023,9,29,6,2,70,1,20,0,2,2
45150,2023,8,12,7,3,101,11,20,0,4,1
45198,2023,9,29,6,2,470,80,7,1,2,2
45198,2023,9,29,6,2,116,4,3,0,2,1
45198,2023,9,29,6,2,316,18,21,1,1,1
45198,2023,9,29,6,2,277,1,7,1,2,2
45198,2023,9,29,6,2,116,67,4,0,2,1
45198,2023,9,29,6,2,101,52,9,0,2,2
45198,2023,9,29,6,2,50,83,4,0,1,1
45189,2023,9,20,4,3,116,1,11,0,5,2
45198,2023,9,29,6,2,101,52,12,1,3,3
45198,2023,9,29,6,2,40,1,12,0,2,2
45198,2023,9,29,6,2,101,67,9,1,3,2
45198,2023,9,29,6,2,262,11,7,0,2,2
45198,2023,9,29,6,2,116,18,20,0,2,1
45184,2023,9,15,6,4,277,80,7,0,3,2
45198,2023,9,29,6,3,101,16,12,1,2,2
45198,2023,9,29,6,2,174,67,20,0,1,1
45198,2023,9,29,6,2,40,21,20,0,1,1
45182,2023,9,13,4,4,493,60,2,1,2,2
45198,2023,9,29,6,3,262,1,9,0,2,2
45198,2023,9,29,6,2,428,5,20,0,5,2
45198,2023,9,29,6,3,101,80,10,0,5,2
45198,2023,9,29,6,3,290,49,12,0,3,2
45196,2023,9,27,4,4,324,28,18,0,1,1
45193,2023,9,24,1,3,163,67,21,0,2,1
45198,2023,9,29,6,3,116,67,12,0,3,2
45198,2023,9,29,6,3,435,4,20,0,1,1
45198,2023,9,29,6,3,101,52,9,1,2,2
45198,2023,9,29,6,3,60,15,20,0,3,1
45171,2023,9,2,7,1,381,49,20,0,1,1
45198,2023,9,29,6,3,101,52,9,1,2,2
45198,2023,9,29,6,3,116,20,9,1,2,2
45198,2023,9,29,6,3,156,1,9,1,2,2
45198,2023,9,29,6,3,280,11,20,1,1,1
45119,2023,7,12,4,3,277,67,12,1,2,2
45174,2023,9,5,3,2,101,67,12,1,4,3
45198,2023,9,29,6,3,392,49,12,0,6,2
45198,2023,9,29,6,3,70,16,9,1,4,4
45198,2023,9,29,6,3,369,33,11,0,2,2
45198,2023,9,29,6,2,232,11,21,1,1,1
45198,2023,9,29,6,3,316,9,1,0,4,2
45198,2023,9,29,6,3,280,83,20,0,1,1
45198,2023,9,29,6,3,381,52,9,1,3,2
45174,2023,9,5,3,3,277,67,3,1,1,1
45198,2023,9,29,6,3,232,83,15,1,5,4
45198,2023,9,29,6,3,267,1,11,1,3,3
45198,2023,9,29,6,3,20,78,2,1,2,2
45198,2023,9,29,6,3,153,67,3,1,6,1
45198,2023,9,29,6,3,101,16,12,1,2,2
45198,2023,9,29,6,2,230,1,11,1,3,2
45198,2023,9,29,6,3,369,49,12,0,3,3
45198,2023,9,29,6,3,116,52,7,1,3,2
45198,2023,9,29,6,3,135,45,12,0,3,2
45198,2023,9,29,6,2,153,51,20,0,3,1
45198,2023,9,29,6,2,101,11,20,1,2,1
45198,2023,9,29,6,3,104,82,7,1,2,2
45198,2023,9,29,6,3,101,5,21,1,2,1
45198,2023,9,29,6,3,381,67,15,1,5,3
45198,2023,9,29,6,3,70,11,12,0,4,3
45198,2023,9,29,6,3,116,33,11,1,2,2
45198,2023,9,29,6,4,116,1,12,0,2,2
45198,2023,9,29,6,4,101,52,9,1,1,1
45198,2023,9,29,6,4,163,1,11,1,3,2
45198,2023,9,29,6,3,116,51,21,1,1,1
45198,2023,9,29,6,4,101,9,1,0,1,1
45198,2023,9,29,6,3,116,67,3,1,1,1
45198,2023,9,29,6,3,116,67,21,1,1,1
45198,2023,9,29,6,4,386,82,7,0,6,3
45198,2023,9,29,6,3,163,15,20,0,4,1
45198,2023,9,29,6,4,116,49,4,0,1,1
45198,2023,9,29,6,4,116,80,7,1,3,2
45198,2023,9,29,6,4,116,49,4,0,1,1
45198,2023,9,29,6,3,30,83,7,0,6,2
45198,2023,9,29,6,4,110,60,2,0,4,3
45198,2023,9,29,6,4,381,11,12,1,2,2
45198,2023,9,29,6,3,230,11,21,0,1,1
45198,2023,9,29,6,3,364,83,15,0,3,3
45198,2023,9,29,6,4,116,9,1,0,2,1
45198,2023,9,29,6,4,316,80,7,0,3,3
45198,2023,9,29,6,4,290,67,12,0,2,2
45198,2023,9,29,6,3,50,9,1,0,2,1
45198,2023,9,29,6,4,101,20,11,0,3,2
45198,2023,9,29,6,4,101,67,20,1,1,1
45186,2023,9,17,1,1,232,18,20,1,3,1
45198,2023,9,29,6,3,163,67,20,0,1,1
45198,2023,9,29,6,4,101,11,3,1,1,1
45198,2023,9,29,6,4,116,1,9,1,2,2
45198,2023,9,29,6,3,101,18,4,0,2,1
45198,2023,9,29,6,4,369,67,12,1,2,2
45198,2023,9,29,6,4,470,82,7,0,3,2
45198,2023,9,29,6,4,262,67,9,0,4,2
45198,2023,9,29,6,4,470,49,11,0,4,2
45198,2023,9,29,6,4,316,11,7,0,2,2
45198,2023,9,29,6,4,364,25,12,0,2,2
45198,2023,9,29,6,4,101,1,11,1,2,2
45198,2023,9,29,6,4,116,80,7,1,2,2
45198,2023,9,29,6,3,493,18,20,0,1,1
45198,2023,9,29,6,4,40,78,21,1,2,1
45198,2023,9,29,6,4,101,16,12,1,2,2
45198,2023,9,29,6,4,10,36,12,1,2,2
45198,2023,9,29,6,4,376,83,20,0,1,1
45198,2023,9,29,6,4,369,11,4,1,1,1
45198,2023,9,29,6,3,364,83,12,0,6,2
45085,2023,6,8,5,1,116,67,9,0,3,2
45198,2023,9,29,6,3,290,28,18,0,1,1
45198,2023,9,29,6,4,101,29,21,1,1,1
45198,2023,9,29,6,4,101,1,11,1,2,2
45199,2023,9,30,7,1,101,1,11,1,2,2
45199,2023,9,30,7,1,116,1,9,1,3,3
45199,2023,9,30,7,1,476,1,7,1,4,3
45199,2023,9,30,7,1,101,83,20,0,1,1
45199,2023,9,30,7,1,392,67,4,1,1,1
45199,2023,9,30,7,1,101,9,1,1,2,2
45199,2023,9,30,7,1,101,67,3,0,2,1
45199,2023,9,30,7,1,101,49,4,1,2,2
45199,2023,9,30,7,1,40,11,20,1,2,2
45199,2023,9,30,7,1,20,48,2,1,4,2
45199,2023,9,30,7,1,101,67,11,0,2,2
45199,2023,9,30,7,1,232,11,12,1,3,2
45199,2023,9,30,7,1,116,11,20,0,1,1
45199,2023,9,30,7,1,153,11,20,0,2,1
45199,2023,9,30,7,1,101,49,20,0,1,1
45199,2023,9,30,7,1,316,56,4,0,1,1
45198,2023,9,29,6,4,242,46,20,1,1,1
45199,2023,9,30,7,1,470,4,3,0,1,1
45199,2023,9,30,7,1,10,16,12,1,2,2
45199,2023,9,30,7,2,343,49,12,1,2,2
45199,2023,9,30,7,1,116,67,12,1,2,2
45199,2023,9,30,7,1,364,18,20,0,1,1
45199,2023,9,30,7,1,101,13,21,1,2,1
45199,2023,9,30,7,1,470,80,7,0,2,2
45199,2023,9,30,7,2,70,67,20,0,1,1
45199,2023,9,30,7,2,116,83,20,0,2,1
45199,2023,9,30,7,1,319,17,11,1,2,2
45199,2023,9,30,7,2,101,49,20,0,2,1
45198,2023,9,29,6,4,364,15,2,0,2,2
45199,2023,9,30,7,2,116,44,21,1,2,1
45199,2023,9,30,7,2,369,51,20,1,1,1
45199,2023,9,30,7,1,408,18,4,1,1,1
45198,2023,9,29,6,4,101,9,1,0,1,1
45199,2023,9,30,7,2,158,63,21,0,1,1
45199,2023,9,30,7,2,101,11,12,1,2,2
45199,2023,9,30,7,2,101,67,12,1,2,2
45199,2023,9,30,7,2,40,83,20,0,3,1
45199,2023,9,30,7,2,101,52,9,1,2,2
45199,2023,9,30,7,2,376,67,20,0,1,1
45199,2023,9,30,7,2,316,44,11,1,3,2
45199,2023,9,30,7,2,163,11,21,1,1,1
45183,2023,9,14,5,2,381,67,15,1,4,4
45199,2023,9,30,7,2,135,1,11,1,2,2
45198,2023,9,29,6,4,163,15,20,0,2,1
45030,2023,4,14,6,3,40,9,2,1,5,2
45199,2023,9,30,7,2,293,18,7,0,3,2
45199,2023,9,30,7,2,101,52,9,0,2,2
45199,2023,9,30,7,2,153,33,11,1,2,2
45199,2023,9,30,7,2,116,49,12,0,2,2
45199,2023,9,30,7,2,470,83,4,0,1,1
45199,2023,9,30,7,2,40,67,21,1,2,1
45199,2023,9,30,7,2,101,3,21,1,2,1
45155,2023,8,17,5,3,277,11,9,1,2,2
45199,2023,9,30,7,2,414,33,11,1,3,2
45199,2023,9,30,7,2,392,67,4,1,1,1
45199,2023,9,30,7,2,153,18,7,1,2,2
45199,2023,9,30,7,2,376,28,20,1,1,1
45199,2023,9,30,7,2,468,1,7,0,4,2
45199,2023,9,30,7,2,116,52,9,1,2,2
45111,2023,7,4,3,2,392,80,7,0,2,2
45199,2023,9,30,7,2,232,49,12,0,2,2
45199,2023,9,30,7,2,116,11,20,0,1,1
45199,2023,9,30,7,2,493,36,12,1,2,2
45199,2023,9,30,7,2,369,16,20,1,1,1
45199,2023,9,30,7,2,40,1,11,1,2,2
45107,2023,6,30,6,3,70,11,12,0,2,2
45199,2023,9,30,7,3,101,83,4,0,1,1
45199,2023,9,30,7,2,101,13,21,0,2,1
45199,2023,9,30,7,3,153,1,7,0,4,2
45099,2023,6,22,5,3,101,28,21,0,1,1
45199,2023,9,30,7,3,226,49,11,1,2,2
45199,2023,9,30,7,3,285,1,11,0,4,2
45199,2023,9,30,7,3,116,1,11,1,2,2
45199,2023,9,30,7,3,267,15,12,0,2,2
45199,2023,9,30,7,3,50,4,21,0,2,2
45199,2023,9,30,7,2,401,52,9,1,5,2
45199,2023,9,30,7,1,116,67,1,0,2,1
45199,2023,9,30,7,3,116,67,20,0,2,1
45199,2023,9,30,7,3,60,11,12,1,2,2
45199,2023,9,30,7,3,282,11,9,1,3,3
45199,2023,9,30,7,3,423,82,7,0,5,2
45199,2023,9,30,7,3,324,18,21,0,2,1
45199,2023,9,30,7,3,316,72,7,0,3,2
45199,2023,9,30,7,3,101,52,9,0,2,2
45199,2023,9,30,7,3,40,9,1,0,1,1
45199,2023,9,30,7,3,101,52,9,1,3,2
45199,2023,9,30,7,3,116,44,4,1,1,1
45143,2023,8,5,7,4,101,16,9,1,4,3
45199,2023,9,30,7,3,282,15,20,0,3,1
45199,2023,9,30,7,3,101,11,12,1,3,3
45199,2023,9,30,7,2,110,83,20,0,2,1
45199,2023,9,30,7,3,364,67,3,0,2,1
45199,2023,9,30,7,3,222,48,2,1,2,2
45199,2023,9,30,7,3,290,13,21,0,1,1
45199,2023,9,30,7,3,153,82,10,0,4,2
45199,2023,9,30,7,3,101,11,2,0,2,2
45199,2023,9,30,7,3,277,15,3,0,1,1
45199,2023,9,30,7,4,116,52,9,1,2,2
45166,2023,8,28,2,1,101,9,1,0,5,4
45199,2023,9,30,7,3,116,1,11,1,2,2
45199,2023,9,30,7,4,277,67,12,0,2,2
45199,2023,9,30,7,4,116,52,12,1,2,2
45199,2023,9,30,7,4,361,1,11,1,3,2
45199,2023,9,30,7,3,262,33,11,1,2,2
45199,2023,9,30,7,3,381,49,20,0,1,1
45199,2023,9,30,7,4,290,49,12,0,2,2
45199,2023,9,30,7,4,70,67,12,1,2,2
45199,2023,9,30,7,4,282,13,20,0,5,1
45199,2023,9,30,7,4,116,9,1,0,1,1
45199,2023,9,30,7,4,101,11,20,0,5,1
45199,2023,9,30,7,4,316,49,11,1,2,2
45199,2023,9,30,7,4,282,15,20,0,2,1
45199,2023,9,30,7,4,153,49,10,0,4,2
45199,2023,9,30,7,4,381,49,20,1,1,1
45199,2023,9,30,7,4,262,35,2,1,2,2
45199,2023,9,30,7,3,153,18,20,0,1,1
45199,2023,9,30,7,4,101,1,9,1,2,2
45199,2023,9,30,7,4,476,67,4,1,1,1
45199,2023,9,30,7,4,40,28,18,0,2,1
45199,2023,9,30,7,3,222,80,10,0,2,2
45199,2023,9,30,7,3,40,28,18,1,1,1
45199,2023,9,30,7,4,280,16,12,1,2,2
45199,2023,9,30,7,4,428,18,4,1,1,1
45199,2023,9,30,7,4,316,1,11,1,4,2
45199,2023,9,30,7,4,369,49,12,1,4,2
45199,2023,9,30,7,4,316,80,10,1,3,2
45199,2023,9,30,7,4,364,11,12,1,3,2
45199,2023,9,30,7,4,369,11,20,0,1,1
45199,2023,9,30,7,3,104,12,12,1,3,2
45199,2023,9,30,7,4,104,49,21,0,1,1
45199,2023,9,30,7,4,476,83,10,0,2,2
45199,2023,9,30,7,4,40,11,4,1,1,1
45199,2023,9,30,7,4,40,9,1,0,1,1
45199,2023,9,30,7,4,369,11,20,0,4,1
45199,2023,9,30,7,4,319,76,3,0,1,1
45199,2023,9,30,7,4,277,80,7,0,2,2
45199,2023,9,30,7,4,40,78,9,1,2,2
45199,2023,9,30,7,4,316,82,10,1,4,2
45199,2023,9,30,7,4,381,1,2,0,3,2
45199,2023,9,30,7,4,101,11,20,0,1,1
45200,2023,10,1,1,1,50,4,20,0,3,1
45199,2023,9,30,7,4,50,15,20,0,1,1
45199,2023,9,30,7,4,153,1,11,0,4,2
45200,2023,10,1,1,1,116,15,4,0,2,2
45200,2023,10,1,1,1,343,49,10,0,2,2
45199,2023,9,30,7,4,116,80,7,0,3,2
45200,2023,10,1,1,1,101,49,12,1,3,2
45200,2023,10,1,1,1,376,49,9,1,2,2
45200,2023,10,1,1,1,376,67,4,0,1,1
45200,2023,10,1,1,1,365,67,7,1,4,2
45200,2023,10,1,1,1,469,46,4,0,1,1
45200,2023,10,1,1,1,343,49,4,0,1,1
45200,2023,10,1,1,1,146,83,20,0,3,1
45200,2023,10,1,1,1,116,52,9,1,2,2
45200,2023,10,1,1,1,343,49,4,1,1,1
45200,2023,10,1,1,1,40,49,4,0,1,1
45200,2023,10,1,1,1,101,67,12,0,2,2
45200,2023,10,1,1,1,470,49,20,0,2,1
45200,2023,10,1,1,1,369,49,20,0,3,1
45200,2023,10,1,1,1,277,67,20,0,1,1
45200,2023,10,1,1,1,101,67,12,0,2,2
45200,2023,10,1,1,1,470,67,3,0,1,1
45200,2023,10,1,1,1,280,11,4,0,3,1
45200,2023,10,1,1,1,40,83,20,0,2,1
45200,2023,10,1,1,1,80,11,12,1,2,2
45200,2023,10,1,1,1,262,67,4,0,1,1
45200,2023,10,1,1,1,230,67,4,1,1,1
45200,2023,10,1,1,2,153,11,20,1,1,1
45200,2023,10,1,1,1,116,11,4,0,3,1
45200,2023,10,1,1,1,10,1,11,1,4,3
45200,2023,10,1,1,1,262,83,4,1,1,1
45199,2023,9,30,7,4,343,11,12,0,2,2
45200,2023,10,1,1,1,376,49,12,1,2,2
45200,2023,10,1,1,1,381,67,21,0,1,1
45200,2023,10,1,1,1,364,44,12,1,2,2
45199,2023,9,30,7,4,364,33,12,1,2,2
45200,2023,10,1,1,2,116,4,9,0,2,2
45200,2023,10,1,1,2,60,11,20,1,2,1
45200,2023,10,1,1,1,116,49,3,1,1,1
45200,2023,10,1,1,2,116,60,2,0,2,2
45200,2023,10,1,1,1,381,11,4,0,7,1
45200,2023,10,1,1,2,101,11,4,1,2,1
45200,2023,10,1,1,1,472,11,20,0,2,1
45200,2023,10,1,1,2,427,1,11,0,2,2
45200,2023,10,1,1,2,262,28,21,1,2,1
45200,2023,10,1,1,2,408,11,20,0,1,1
45200,2023,10,1,1,2,232,28,21,1,1,1
45200,2023,10,1,1,2,324,67,20,1,3,1
45200,2023,10,1,1,2,40,67,21,0,1,1
45200,2023,10,1,1,2,364,16,9,1,2,2
45056,2023,5,10,4,3,272,33,11,1,3,2
45200,2023,10,1,1,2,376,11,20,0,2,1
45200,2023,10,1,1,2,470,49,7,0,3,3
45200,2023,10,1,1,2,116,11,4,0,1,1
45199,2023,9,30,7,3,364,11,20,0,1,1
45200,2023,10,1,1,2,116,11,20,1,1,1
45200,2023,10,1,1,2,392,13,20,0,2,1
45200,2023,10,1,1,2,163,1,11,1,2,2
45200,2023,10,1,1,2,20,52,9,0,4,2
45200,2023,10,1,1,2,235,33,20,1,1,1
45200,2023,10,1,1,2,116,67,4,0,2,1
45200,2023,10,1,1,2,101,61,2,0,2,2
45200,2023,10,1,1,2,402,3,3,0,1,1
45200,2023,10,1,1,2,470,1,9,0,2,2
45200,2023,10,1,1,2,101,28,18,0,1,1
45200,2023,10,1,1,2,381,83,20,0,1,1
45200,2023,10,1,1,2,116,13,4,0,2,1
45200,2023,10,1,1,2,376,18,20,0,1,1
45200,2023,10,1,1,2,101,9,1,0,2,1
45200,2023,10,1,1,2,153,67,21,1,2,1
45200,2023,10,1,1,2,163,1,11,0,2,2
45200,2023,10,1,1,2,242,52,7,0,4,2
45200,2023,10,1,1,2,232,11,20,0,4,1
45200,2023,10,1,1,2,369,52,9,0,2,2
45200,2023,10,1,1,2,277,83,12,1,2,2
45200,2023,10,1,1,2,116,83,4,0,2,1
45200,2023,10,1,1,2,116,15,20,1,2,1
45200,2023,10,1,1,2,407,20,11,1,6,2
45200,2023,10,1,1,2,116,28,4,0,3,1
45192,2023,9,23,7,4,60,49,21,0,1,1
45200,2023,10,1,1,2,262,15,20,0,2,1
45200,2023,10,1,1,2,381,67,20,0,1,1
45200,2023,10,1,1,1,476,11,20,0,3,1
45200,2023,10,1,1,2,476,49,20,0,1,1
45200,2023,10,1,1,2,40,15,20,1,4,1
45200,2023,10,1,1,2,116,80,7,0,3,2
45200,2023,10,1,1,2,381,13,4,1,4,3
45200,2023,10,1,1,2,40,15,20,0,2,1
45200,2023,10,1,1,2,386,67,20,0,2,2
45200,2023,10,1,1,2,50,11,20,0,1,1
45200,2023,10,1,1,3,116,1,11,0,2,2
45200,2023,10,1,1,2,262,83,20,0,1,1
45200,2023,10,1,1,2,282,67,12,1,2,2
45200,2023,10,1,1,3,40,83,4,0,2,1
45200,2023,10,1,1,2,20,67,12,0,2,2
45200,2023,10,1,1,3,116,15,21,0,1,1
45200,2023,10,1,1,2,386,18,20,0,2,1
45200,2023,10,1,1,3,40,4,4,0,2,1
45200,2023,10,1,1,3,381,83,3,0,3,1
45200,2023,10,1,1,3,285,33,11,1,2,2
45146,2023,8,8,3,3,242,63,20,0,4,1
45200,2023,10,1,1,3,40,15,9,0,3,2
45200,2023,10,1,1,3,381,11,20,1,2,1
45200,2023,10,1,1,3,101,11,9,0,3,2
45200,2023,10,1,1,3,381,11,4,1,1,1
45200,2023,10,1,1,2,40,83,4,1,3,1
45200,2023,10,1,1,2,381,67,4,0,2,1
45200,2023,10,1,1,2,40,52,12,0,3,2
45200,2023,10,1,1,2,381,67,20,0,4,1
45200,2023,10,1,1,3,101,15,21,0,2,1
45200,2023,10,1,1,3,393,83,4,1,1,1
45200,2023,10,1,1,3,285,18,20,0,1,1
45200,2023,10,1,1,3,153,16,12,1,4,4
45200,2023,10,1,1,3,324,6,20,1,1,1
45200,2023,10,1,1,3,324,6,20,1,3,1
45200,2023,10,1,1,3,40,15,4,1,4,1
45200,2023,10,1,1,3,393,83,20,1,1,1
45200,2023,10,1,1,3,116,49,20,1,1,1
45200,2023,10,1,1,3,116,67,20,0,3,1
45200,2023,10,1,1,3,364,52,7,0,7,2
45200,2023,10,1,1,3,381,83,3,0,1,1
45200,2023,10,1,1,3,40,83,20,0,1,1
45200,2023,10,1,1,2,262,15,20,0,1,1
45200,2023,10,1,1,3,376,14,21,0,1,1
45200,2023,10,1,1,3,101,7,21,0,2,2
45200,2023,10,1,1,3,282,6,21,0,1,1
45200,2023,10,1,1,3,101,82,9,1,2,2
45200,2023,10,1,1,3,163,67,12,1,4,2
45200,2023,10,1,1,3,230,11,20,0,4,1
45200,2023,10,1,1,3,235,16,12,0,2,2
45200,2023,10,1,1,3,116,52,9,0,2,2
45200,2023,10,1,1,3,365,4,12,0,5,3
45200,2023,10,1,1,4,285,49,12,1,2,2
45200,2023,10,1,1,4,262,11,20,0,4,1
45200,2023,10,1,1,3,407,52,7,0,2,2
45200,2023,10,1,1,4,153,11,1,1,1,1
45200,2023,10,1,1,3,277,16,12,0,6,2
45200,2023,10,1,1,3,104,49,10,1,4,4
45200,2023,10,1,1,4,101,11,21,0,1,1
45200,2023,10,1,1,3,153,64,20,0,1,1
45200,2023,10,1,1,3,423,80,7,0,3,2
45200,2023,10,1,1,3,316,9,1,0,5,1
45200,2023,10,1,1,4,104,49,2,0,2,2
45200,2023,10,1,1,4,104,25,4,0,2,2
45200,2023,10,1,1,3,40,67,20,0,1,1
45200,2023,10,1,1,4,60,64,20,1,1,1
45200,2023,10,1,1,4,116,83,21,0,1,1
45200,2023,10,1,1,3,428,9,1,0,5,1
45200,2023,10,1,1,4,50,15,4,0,2,1
45200,2023,10,1,1,4,235,81,2,1,3,2
45200,2023,10,1,1,3,101,45,15,0,3,3
45200,2023,10,1,1,3,40,83,20,0,2,1
45200,2023,10,1,1,4,381,83,20,0,2,1
45200,2023,10,1,1,4,104,49,4,1,5,2
45200,2023,10,1,1,3,470,20,9,1,2,2
45200,2023,10,1,1,1,407,67,20,0,1,1
45200,2023,10,1,1,4,222,16,12,1,3,2
45200,2023,10,1,1,3,232,9,21,1,1,1
45200,2023,10,1,1,3,381,4,20,0,1,1
45200,2023,10,1,1,4,116,15,20,0,1,1
45200,2023,10,1,1,3,104,67,10,1,3,2
45200,2023,10,1,1,4,40,15,4,0,1,1
45200,2023,10,1,1,3,116,83,3,0,1,1
45200,2023,10,1,1,4,405,49,4,1,3,3
45200,2023,10,1,1,4,101,80,7,1,3,2
45200,2023,10,1,1,4,101,9,1,0,1,1
45200,2023,10,1,1,4,116,1,11,0,3,2
45200,2023,10,1,1,3,10,52,7,0,3,2
45200,2023,10,1,1,4,116,67,4,0,1,1
45180,2023,9,11,2,4,116,52,12,0,2,2
45200,2023,10,1,1,4,20,16,12,1,3,2