id_data,ano,mes,dia,id_dia_semana,periodo,br,id_causa_acidente,id_tipo_acidente,id_uso_solo,pessoas,veiculos
45205,2023,10,6,6,3,282,16,21,0,1,1
45205,2023,10,6,6,3,381,11,15,1,4,3
45205,2023,10,6,6,3,116,33,11,0,2,2
45205,2023,10,6,6,3,381,15,20,0,1,1
45205,2023,10,6,6,3,153,28,21,0,2,1
45205,2023,10,6,6,3,101,28,18,0,1,1
45205,2023,10,6,6,3,376,1,11,1,4,2
45205,2023,10,6,6,3,116,52,12,1,3,2
45205,2023,10,6,6,3,459,11,20,0,1,1
45205,2023,10,6,6,3,116,33,11,0,6,2
45205,2023,10,6,6,3,222,27,2,1,2,2
45205,2023,10,6,6,3,381,61,2,1,2,2
45205,2023,10,6,6,4,101,67,10,1,2,2
45205,2023,10,6,6,4,116,1,2,0,3,2
45205,2023,10,6,6,3,40,1,11,1,2,2
45205,2023,10,6,6,4,277,51,21,1,1,1
45201,2023,10,2,2,4,101,16,12,1,2,1
45205,2023,10,6,6,4,386,61,2,1,2,2
45205,2023,10,6,6,3,116,29,9,0,2,2
45205,2023,10,6,6,3,110,35,2,0,2,2
45205,2023,10,6,6,4,408,35,2,1,4,2
45205,2023,10,6,6,2,343,72,9,1,2,2
45205,2023,10,6,6,3,174,67,12,0,5,2
45205,2023,10,6,6,3,101,13,21,1,2,1
45205,2023,10,6,6,3,116,82,9,0,2,2
45205,2023,10,6,6,4,316,11,12,0,4,2
45205,2023,10,6,6,4,116,52,9,1,2,2
45205,2023,10,6,6,4,282,80,7,0,5,3
45205,2023,10,6,6,3,465,1,11,1,3,2
45205,2023,10,6,6,4,287,1,11,1,2,2
45205,2023,10,6,6,4,116,52,3,1,4,1
45205,2023,10,6,6,3,317,67,7,0,3,2
45205,2023,10,6,6,4,40,53,21,1,2,2
45205,2023,10,6,6,3,343,9,1,1,2,1
45205,2023,10,6,6,3,116,16,12,1,3,2
45205,2023,10,6,6,3,116,16,12,1,4,2
45205,2023,10,6,6,4,381,11,20,1,1,1
45205,2023,10,6,6,3,373,46,2,1,2,2
45205,2023,10,6,6,3,116,67,12,0,2,1
45205,2023,10,6,6,4,116,78,11,0,2,2
45205,2023,10,6,6,4,282,1,11,1,2,2
45205,2023,10,6,6,4,163,15,21,1,1,1
45205,2023,10,6,6,4,401,1,11,1,2,2
45205,2023,10,6,6,4,480,1,11,1,2,2
45205,2023,10,6,6,4,376,28,20,0,1,1
45205,2023,10,6,6,4,50,67,12,1,1,1
45205,2023,10,6,6,4,376,83,4,0,1,1
45205,2023,10,6,6,3,316,28,18,0,1,1
45205,2023,10,6,6,4,50,67,4,0,2,1
45205,2023,10,6,6,4,60,56,4,1,2,1
45205,2023,10,6,6,2,116,78,12,0,3,2
45205,2023,10,6,6,4,470,67,20,0,1,1
45205,2023,10,6,6,4,101,52,12,1,2,2
45205,2023,10,6,6,4,470,49,12,0,2,2
45205,2023,10,6,6,4,381,16,15,1,4,3
45205,2023,10,6,6,4,471,11,12,0,5,2
45205,2023,10,6,6,4,465,1,11,1,2,2
45205,2023,10,6,6,4,386,15,20,0,5,1
45205,2023,10,6,6,4,163,67,3,0,2,1
45205,2023,10,6,6,4,101,82,7,0,8,2
45205,2023,10,6,6,4,116,49,7,1,3,2
45206,2023,10,7,7,1,116,67,12,1,2,2
45206,2023,10,7,7,1,101,28,21,1,2,1
45206,2023,10,7,7,1,101,49,20,0,1,1
45205,2023,10,6,6,4,163,49,20,0,1,1
45206,2023,10,7,7,1,163,11,20,0,1,1
45205,2023,10,6,6,4,116,67,2,1,3,2
45206,2023,10,7,7,1,116,49,12,0,4,2
45206,2023,10,7,7,1,158,67,4,0,3,1
45206,2023,10,7,7,1,386,49,20,0,1,1
45206,2023,10,7,7,1,101,1,12,1,2,2
45206,2023,10,7,7,1,280,49,20,0,1,1
45206,2023,10,7,7,1,381,18,20,0,3,1
45206,2023,10,7,7,1,290,11,20,0,1,1
45206,2023,10,7,7,1,277,52,11,0,3,2
45206,2023,10,7,7,1,101,82,7,1,4,3
45206,2023,10,7,7,1,101,67,20,1,1,1
45206,2023,10,7,7,1,386,49,12,1,5,2
45206,2023,10,7,7,1,381,80,10,0,2,2
45206,2023,10,7,7,1,376,49,4,0,1,1
45205,2023,10,6,6,4,101,60,2,0,3,2
45206,2023,10,7,7,1,101,29,4,1,2,1
45206,2023,10,7,7,1,376,11,4,1,9,4
45206,2023,10,7,7,1,381,83,3,0,4,1
45206,2023,10,7,7,2,40,18,20,1,1,1
45206,2023,10,7,7,1,50,83,3,0,1,1
45206,2023,10,7,7,2,101,20,11,0,2,2
45206,2023,10,7,7,1,101,48,20,0,1,1
45206,2023,10,7,7,1,386,49,9,0,1,1
45206,2023,10,7,7,1,40,25,12,0,2,2
45205,2023,10,6,6,4,10,80,7,0,5,2
45206,2023,10,7,7,1,163,11,7,0,2,2
45205,2023,10,6,6,3,153,15,20,0,1,1
45206,2023,10,7,7,1,230,67,4,1,1,1
45205,2023,10,6,6,4,364,49,4,0,1,1
45206,2023,10,7,7,2,101,52,9,1,2,2
45206,2023,10,7,7,2,40,41,20,0,4,1
45206,2023,10,7,7,1,20,11,7,1,3,2
45206,2023,10,7,7,2,101,49,12,1,2,2
45206,2023,10,7,7,1,361,18,4,0,2,1
45206,2023,10,7,7,1,470,49,7,0,5,2
45170,2023,9,1,6,4,381,6,21,1,1,1
45206,2023,10,7,7,1,316,81,2,0,3,2
45205,2023,10,6,6,4,116,11,12,0,3,2
45205,2023,10,6,6,3,116,28,4,0,1,1
45206,2023,10,7,7,2,116,80,10,1,6,4
45206,2023,10,7,7,2,70,49,12,0,2,2
45206,2023,10,7,7,1,60,67,21,0,4,1
45206,2023,10,7,7,2,277,67,20,1,3,1
45205,2023,10,6,6,3,163,83,20,0,1,1
45206,2023,10,7,7,2,222,1,11,0,3,2
45206,2023,10,7,7,1,20,11,2,1,3,2
45206,2023,10,7,7,2,343,11,11,1,2,2
45206,2023,10,7,7,1,402,13,20,0,2,1
45206,2023,10,7,7,2,365,67,3,0,1,1
45206,2023,10,7,7,2,116,1,12,0,3,3
45206,2023,10,7,7,2,101,52,12,1,3,2
45206,2023,10,7,7,2,174,51,20,0,1,1
45206,2023,10,7,7,2,232,52,20,0,1,1
45206,2023,10,7,7,2,364,1,11,1,2,2
45206,2023,10,7,7,2,40,67,12,1,3,3
45206,2023,10,7,7,2,235,11,12,0,4,4
45206,2023,10,7,7,2,242,1,11,0,3,3
45206,2023,10,7,7,1,364,67,20,0,1,1
45206,2023,10,7,7,1,364,11,1,0,2,1
45206,2023,10,7,7,2,116,11,12,0,2,2
45206,2023,10,7,7,2,235,52,9,1,2,2
45206,2023,10,7,7,2,277,19,12,1,2,2
45206,2023,10,7,7,2,277,13,21,1,2,1
45206,2023,10,7,7,2,163,16,12,0,2,2
45206,2023,10,7,7,2,406,1,11,1,3,2
45206,2023,10,7,7,2,232,11,11,1,2,2
45206,2023,10,7,7,2,50,9,20,0,1,1
45206,2023,10,7,7,2,101,16,12,0,6,2
45206,2023,10,7,7,2,101,83,4,1,1,1
45206,2023,10,7,7,3,381,11,20,0,3,2
45206,2023,10,7,7,2,232,67,3,1,2,1
45206,2023,10,7,7,3,116,52,12,1,3,2
45206,2023,10,7,7,3,116,2,11,0,4,2
45206,2023,10,7,7,3,50,28,20,0,4,1
45206,2023,10,7,7,2,365,11,20,0,1,1
45182,2023,9,13,4,2,277,67,9,1,2,2
45206,2023,10,7,7,3,101,13,12,0,3,2
45206,2023,10,7,7,3,116,28,18,0,3,1
45206,2023,10,7,7,2,116,80,7,1,4,3
45206,2023,10,7,7,2,232,52,11,0,2,2
45206,2023,10,7,7,3,40,1,11,0,2,2
45206,2023,10,7,7,3,376,4,4,0,4,1
45206,2023,10,7,7,2,116,1,11,1,2,2
45206,2023,10,7,7,3,381,4,4,0,2,1
45170,2023,9,1,6,2,393,1,11,0,4,2
45206,2023,10,7,7,3,158,7,12,0,5,2
45206,2023,10,7,7,3,40,83,21,0,1,1
45206,2023,10,7,7,3,393,1,9,1,2,2
45206,2023,10,7,7,3,230,11,21,1,1,1
45206,2023,10,7,7,3,470,11,20,1,3,1
45206,2023,10,7,7,3,230,52,20,0,1,1
45206,2023,10,7,7,3,40,28,18,0,1,1
45206,2023,10,7,7,3,293,1,21,0,2,2
45206,2023,10,7,7,3,277,80,7,1,2,2
45206,2023,10,7,7,3,324,13,21,1,2,1
45206,2023,10,7,7,3,282,16,12,0,3,2
45206,2023,10,7,7,3,381,18,20,0,1,1
45206,2023,10,7,7,3,101,28,21,1,1,1
45206,2023,10,7,7,3,101,61,2,1,2,2
45206,2023,10,7,7,3,101,52,9,1,2,2
45205,2023,10,6,6,4,262,67,20,0,1,1
45206,2023,10,7,7,3,153,1,11,1,5,2
45206,2023,10,7,7,3,50,11,20,1,1,1
45206,2023,10,7,7,3,230,49,12,1,2,2
45206,2023,10,7,7,4,470,1,11,0,2,2
45206,2023,10,7,7,3,282,13,7,1,2,2
45206,2023,10,7,7,4,153,1,11,0,5,2
45206,2023,10,7,7,3,282,49,9,0,2,2
45206,2023,10,7,7,4,40,1,11,0,3,2
45206,2023,10,7,7,4,470,1,11,1,2,2
45206,2023,10,7,7,4,135,1,2,1,2,2
45206,2023,10,7,7,4,381,67,20,0,2,1
45206,2023,10,7,7,4,230,67,9,0,2,2
45206,2023,10,7,7,3,101,83,12,1,6,3
45206,2023,10,7,7,4,116,4,3,1,2,1
45206,2023,10,7,7,4,116,11,11,0,3,2
45206,2023,10,7,7,3,381,15,3,0,1,1
45206,2023,10,7,7,4,101,48,2,1,2,2
45206,2023,10,7,7,4,232,67,4,1,1,1
45206,2023,10,7,7,4,381,11,4,1,1,1
45207,2023,10,8,1,1,116,11,20,0,1,1
45206,2023,10,7,7,4,116,49,2,0,3,2
45206,2023,10,7,7,3,376,15,3,0,1,1
45206,2023,10,7,7,3,40,19,12,0,3,2
45206,2023,10,7,7,4,116,9,1,1,3,3
45206,2023,10,7,7,4,116,11,12,0,3,3
45206,2023,10,7,7,4,493,83,20,0,5,1
45206,2023,10,7,7,4,163,11,20,0,3,1
45206,2023,10,7,7,4,381,80,10,0,6,2
45206,2023,10,7,7,4,316,1,7,0,2,2
45206,2023,10,7,7,4,282,63,21,1,1,1
45206,2023,10,7,7,4,101,11,21,1,2,1
45206,2023,10,7,7,4,101,11,11,1,3,2
45206,2023,10,7,7,4,402,11,4,1,1,1
45206,2023,10,7,7,4,230,11,4,0,1,1
45206,2023,10,7,7,4,116,83,4,0,1,1
45206,2023,10,7,7,4,470,49,20,1,1,1
45206,2023,10,7,7,4,40,28,18,1,2,1
45206,2023,10,7,7,4,10,12,7,0,9,4
45206,2023,10,7,7,4,10,16,12,1,2,2
45206,2023,10,7,7,4,116,60,2,1,2,2
45206,2023,10,7,7,4,259,67,12,0,4,3
45207,2023,10,8,1,1,101,60,2,1,2,2
45207,2023,10,8,1,1,392,49,11,0,8,2
45207,2023,10,8,1,1,101,49,20,1,1,1
45207,2023,10,8,1,1,101,80,12,1,6,3
45207,2023,10,8,1,1,376,1,12,1,3,2
45206,2023,10,7,7,4,364,49,11,1,3,2
45207,2023,10,8,1,1,101,3,21,0,1,1
45207,2023,10,8,1,1,101,49,20,0,2,1
45206,2023,10,7,7,4,40,80,7,0,3,2
45206,2023,10,7,7,3,116,34,9,0,2,2
45207,2023,10,8,1,1,101,49,20,1,1,1
45207,2023,10,8,1,1,20,49,2,1,2,2
45207,2023,10,8,1,1,376,15,20,1,1,1
45207,2023,10,8,1,1,293,11,12,0,2,2
45207,2023,10,8,1,1,116,11,20,0,1,1
45207,2023,10,8,1,1,364,67,20,0,1,1
45207,2023,10,8,1,1,116,11,21,0,1,1
45207,2023,10,8,1,1,230,49,4,1,2,1
45207,2023,10,8,1,1,20,67,12,1,2,2
45207,2023,10,8,1,1,116,67,12,1,2,2
45207,2023,10,8,1,1,101,49,20,1,2,1
45207,2023,10,8,1,1,116,11,20,0,1,1
45207,2023,10,8,1,1,101,49,12,1,2,2
45207,2023,10,8,1,1,471,49,20,0,1,1
45207,2023,10,8,1,1,153,67,20,0,1,1
45207,2023,10,8,1,1,116,15,21,0,1,1
45207,2023,10,8,1,1,60,16,12,0,2,2
45207,2023,10,8,1,1,116,52,4,1,4,1
45207,2023,10,8,1,1,116,67,4,1,1,1
45206,2023,10,7,7,3,364,11,20,0,2,1
45207,2023,10,8,1,1,277,49,7,0,2,2
45207,2023,10,8,1,1,40,18,20,0,1,1
45206,2023,10,7,7,4,470,60,2,1,2,2
45207,2023,10,8,1,2,50,18,20,0,1,1
45207,2023,10,8,1,1,101,15,20,0,1,1
45207,2023,10,8,1,2,153,28,9,1,2,2
45207,2023,10,8,1,2,116,4,4,0,1,1
45207,2023,10,8,1,1,285,49,20,0,2,1
45206,2023,10,7,7,4,101,15,3,0,1,1
45207,2023,10,8,1,1,101,15,21,0,1,1
45207,2023,10,8,1,2,116,67,20,0,2,1
45207,2023,10,8,1,2,101,15,4,0,2,2
45206,2023,10,7,7,4,262,11,20,0,1,1
45207,2023,10,8,1,1,381,11,4,1,1,1
45206,2023,10,7,7,3,116,1,11,1,3,2
45206,2023,10,7,7,4,101,28,18,0,1,1
45207,2023,10,8,1,2,277,67,20,0,3,1
45207,2023,10,8,1,2,156,49,11,1,4,2
45207,2023,10,8,1,1,40,28,18,0,2,2
45206,2023,10,7,7,4,381,60,2,0,3,2
45207,2023,10,8,1,2,40,28,20,0,1,1
45207,2023,10,8,1,2,116,15,4,0,1,1
45207,2023,10,8,1,1,153,18,12,0,5,2
45207,2023,10,8,1,2,427,67,20,0,1,1
45207,2023,10,8,1,2,60,51,20,0,2,2
45207,2023,10,8,1,2,232,13,9,1,2,2
45207,2023,10,8,1,2,262,83,20,0,1,1
45207,2023,10,8,1,2,101,11,12,0,2,2
45207,2023,10,8,1,2,369,15,4,0,3,1
45207,2023,10,8,1,2,242,11,20,0,2,1
45207,2023,10,8,1,2,40,28,18,0,4,2
45207,2023,10,8,1,2,101,4,3,0,1,1
45207,2023,10,8,1,2,386,1,11,0,2,2
45207,2023,10,8,1,2,381,83,21,0,2,1
45207,2023,10,8,1,2,101,78,21,1,1,1
45207,2023,10,8,1,2,262,13,21,0,1,1
45207,2023,10,8,1,2,376,13,20,0,1,1
45207,2023,10,8,1,1,163,18,20,0,1,1
45207,2023,10,8,1,2,232,82,20,0,2,1
45182,2023,9,13,4,2,116,11,9,1,4,4
45207,2023,10,8,1,3,277,15,4,0,1,1
45194,2023,9,25,2,4,376,67,9,1,2,2
45207,2023,10,8,1,3,101,11,3,0,4,2
45207,2023,10,8,1,2,135,63,4,0,2,1
45207,2023,10,8,1,3,365,28,20,0,1,1
45207,2023,10,8,1,2,163,7,20,0,2,1
45207,2023,10,8,1,2,116,11,12,1,2,2
45207,2023,10,8,1,3,101,11,20,0,1,1
45207,2023,10,8,1,2,101,49,20,1,1,1
45207,2023,10,8,1,3,290,82,7,0,5,2
45207,2023,10,8,1,3,60,4,3,0,3,1
45207,2023,10,8,1,3,259,1,11,1,2,2
45207,2023,10,8,1,2,70,49,20,1,1,1
45207,2023,10,8,1,3,277,15,3,0,5,1
45207,2023,10,8,1,3,386,49,10,0,3,2
45207,2023,10,8,1,2,369,15,20,0,1,1
45207,2023,10,8,1,3,116,44,9,1,3,2
45207,2023,10,8,1,3,262,13,20,0,4,1
45207,2023,10,8,1,3,101,52,9,1,2,2
45207,2023,10,8,1,3,40,11,20,0,1,1
45207,2023,10,8,1,3,116,2,4,1,1,1
45207,2023,10,8,1,3,101,4,4,0,2,1
45207,2023,10,8,1,2,367,83,20,0,2,1
45207,2023,10,8,1,3,40,11,20,0,1,1
45207,2023,10,8,1,3,343,49,12,1,2,2
45207,2023,10,8,1,3,262,83,3,0,3,1
45207,2023,10,8,1,3,20,67,12,1,3,2
45207,2023,10,8,1,3,116,67,2,1,2,2
45207,2023,10,8,1,3,116,11,9,0,2,2
45207,2023,10,8,1,3,376,4,11,0,5,2
45207,2023,10,8,1,3,230,49,20,1,1,1
45207,2023,10,8,1,3,116,60,2,1,2,2
45207,2023,10,8,1,3,40,51,20,0,4,1
45207,2023,10,8,1,3,146,49,20,0,1,1
45207,2023,10,8,1,3,222,61,2,1,2,2
45207,2023,10,8,1,3,116,16,12,1,2,1
45207,2023,10,8,1,3,116,67,12,0,2,2
45207,2023,10,8,1,3,386,20,12,0,3,2
45207,2023,10,8,1,3,153,9,1,1,3,1
45207,2023,10,8,1,3,101,1,11,1,2,2
45207,2023,10,8,1,1,386,15,20,0,1,1
45207,2023,10,8,1,3,163,64,21,1,2,1
45207,2023,10,8,1,3,101,52,9,1,2,2
45207,2023,10,8,1,3,101,67,21,0,1,1
45207,2023,10,8,1,3,316,9,1,0,2,1
45207,2023,10,8,1,3,101,67,12,1,2,2
45207,2023,10,8,1,3,101,1,21,0,3,2
45207,2023,10,8,1,3,415,82,7,0,2,2
45207,2023,10,8,1,3,406,80,7,0,3,2
45207,2023,10,8,1,4,232,49,10,1,2,2
45207,2023,10,8,1,3,70,49,9,1,2,2
45207,2023,10,8,1,4,50,9,1,0,1,1
45207,2023,10,8,1,4,304,67,4,0,1,1
45207,2023,10,8,1,4,386,36,11,0,5,2
45207,2023,10,8,1,4,235,48,20,0,2,1
45207,2023,10,8,1,4,277,49,11,1,2,2
45207,2023,10,8,1,4,381,15,20,0,3,1
45207,2023,10,8,1,4,480,67,12,1,4,2
45207,2023,10,8,1,4,393,11,21,0,1,1
45207,2023,10,8,1,4,153,1,11,0,2,2
45207,2023,10,8,1,3,324,35,2,1,5,3
45207,2023,10,8,1,4,330,80,7,0,5,2
45207,2023,10,8,1,3,163,49,12,1,3,2
45207,2023,10,8,1,4,324,82,11,1,2,2
45207,2023,10,8,1,3,381,28,18,0,1,1
45207,2023,10,8,1,4,101,1,9,1,2,2
45207,2023,10,8,1,4,262,67,4,0,2,1
45207,2023,10,8,1,4,116,20,11,1,3,2
45207,2023,10,8,1,4,232,82,10,0,3,3
45200,2023,10,1,1,1,101,67,12,1,5,2
45207,2023,10,8,1,3,364,28,18,0,1,1
45207,2023,10,8,1,4,116,11,12,0,2,2
45207,2023,10,8,1,4,40,67,20,0,4,2
45207,2023,10,8,1,4,364,67,20,0,1,1
45207,2023,10,8,1,4,267,67,7,0,2,2
45207,2023,10,8,1,4,10,2,11,1,2,2
45207,2023,10,8,1,3,364,16,12,0,5,2
45207,2023,10,8,1,4,393,1,11,1,2,2
45207,2023,10,8,1,3,135,11,7,0,2,2
45207,2023,10,8,1,4,304,66,20,0,21,1
45207,2023,10,8,1,4,386,1,9,0,5,2
45207,2023,10,8,1,4,101,67,21,0,1,1
45207,2023,10,8,1,4,381,83,3,0,1,1
45207,2023,10,8,1,4,290,18,20,0,1,1
45207,2023,10,8,1,4,153,4,3,1,4,1
45207,2023,10,8,1,4,285,49,20,0,1,1
45207,2023,10,8,1,4,101,2,4,1,4,2
45207,2023,10,8,1,4,235,11,12,0,2,2
45207,2023,10,8,1,4,174,67,2,0,3,2
45207,2023,10,8,1,4,104,18,20,1,1,1
45207,2023,10,8,1,4,101,11,9,0,2,1
45207,2023,10,8,1,4,381,83,20,1,1,1
45207,2023,10,8,1,4,116,83,20,0,1,1
45207,2023,10,8,1,4,470,61,2,1,2,2
45207,2023,10,8,1,4,282,18,20,1,1,1
45207,2023,10,8,1,4,376,15,4,0,1,1
45208,2023,10,9,2,1,116,67,20,0,1,1
45207,2023,10,8,1,4,101,49,20,0,1,1
45207,2023,10,8,1,4,373,49,10,0,2,2
45208,2023,10,9,2,1,116,28,18,0,2,1
45208,2023,10,9,2,1,116,83,20,0,1,1
45208,2023,10,9,2,1,459,28,18,1,1,1
45208,2023,10,9,2,1,493,20,7,1,2,2
45208,2023,10,9,2,1,116,11,20,1,2,1
45208,2023,10,9,2,1,282,49,4,1,1,1
45208,2023,10,9,2,1,116,11,2,0,3,2
45208,2023,10,9,2,1,356,80,7,0,3,2
45208,2023,10,9,2,1,101,11,4,0,1,1
45208,2023,10,9,2,1,376,25,12,0,2,2
45208,2023,10,9,2,1,40,9,1,1,1,1
45208,2023,10,9,2,2,40,78,9,1,2,2
45208,2023,10,9,2,1,40,9,1,0,2,1
45207,2023,10,8,1,4,280,1,2,0,2,2
45208,2023,10,9,2,1,386,15,4,0,1,1
45208,2023,10,9,2,1,163,67,20,0,4,1
45207,2023,10,8,1,3,116,1,11,0,2,2
45208,2023,10,9,2,1,262,28,20,0,1,1
45208,2023,10,9,2,2,381,83,4,0,2,1
45208,2023,10,9,2,1,101,83,20,1,1,1
45208,2023,10,9,2,2,232,67,20,1,2,2
45208,2023,10,9,2,2,153,49,20,0,2,2
45140,2023,8,2,4,3,110,20,11,1,2,2
45208,2023,10,9,2,2,153,16,12,0,2,2
45208,2023,10,9,2,1,381,67,4,0,1,1
45207,2023,10,8,1,4,381,67,3,0,3,1
45208,2023,10,9,2,2,101,64,21,0,10,1
45208,2023,10,9,2,2,386,1,11,1,2,2
45208,2023,10,9,2,2,116,11,2,1,2,2
45208,2023,10,9,2,2,163,33,11,1,7,3
45208,2023,10,9,2,2,373,1,11,0,2,2
45208,2023,10,9,2,2,428,20,11,0,3,2
45208,2023,10,9,2,2,230,11,21,1,1,1
45208,2023,10,9,2,2,116,78,9,1,2,1
45128,2023,7,21,6,3,476,16,12,0,2,2
45208,2023,10,9,2,2,101,11,12,1,2,2
45208,2023,10,9,2,2,101,5,21,1,2,1
45208,2023,10,9,2,2,381,4,21,0,1,1
45188,2023,9,19,3,4,230,67,2,1,2,2
45208,2023,10,9,2,2,319,33,11,1,3,2
45117,2023,7,10,2,2,242,1,11,0,5,2
45208,2023,10,9,2,2,405,1,11,1,2,2
45208,2023,10,9,2,2,116,67,21,1,1,1
45208,2023,10,9,2,2,232,52,9,0,2,2
45208,2023,10,9,2,2,101,52,9,0,2,2
45208,2023,10,9,2,1,364,9,1,0,1,1
45208,2023,10,9,2,2,230,67,7,0,6,3
45199,2023,9,30,7,2,116,67,12,1,6,3
45208,2023,10,9,2,2,324,67,12,1,3,2
45208,2023,10,9,2,2,316,16,12,0,2,2
45207,2023,10,8,1,4,163,67,12,0,2,2
45208,2023,10,9,2,2,50,67,4,0,1,1
45208,2023,10,9,2,2,153,7,21,0,1,1
45208,2023,10,9,2,2,40,1,11,0,3,2
45208,2023,10,9,2,2,423,35,2,0,2,2
45208,2023,10,9,2,2,424,20,12,0,3,3
45208,2023,10,9,2,2,158,63,20,0,1,1
45192,2023,9,23,7,3,280,11,20,0,3,1
45208,2023,10,9,2,2,364,1,12,0,2,2
45208,2023,10,9,2,2,277,2,11,1,2,2
45208,2023,10,9,2,2,262,11,21,1,1,1
45208,2023,10,9,2,2,401,83,20,0,1,1
45208,2023,10,9,2,3,116,2,9,1,3,2
45208,2023,10,9,2,2,381,21,3,0,2,1
45205,2023,10,6,6,3,135,82,9,0,3,2
45208,2023,10,9,2,2,116,1,11,1,3,2
45108,2023,7,1,7,2,392,67,20,0,1,1
45208,2023,10,9,2,3,230,11,4,1,1,1
45208,2023,10,9,2,3,101,28,18,1,1,1
45208,2023,10,9,2,3,290,11,15,0,3,3
45208,2023,10,9,2,3,262,18,20,0,5,1
45208,2023,10,9,2,3,364,20,11,1,5,2
45156,2023,8,18,6,3,116,1,9,1,3,2
45208,2023,10,9,2,2,163,16,12,1,3,2
45208,2023,10,9,2,3,20,15,20,1,1,1
45208,2023,10,9,2,3,116,2,11,1,2,2
45136,2023,7,29,7,4,316,82,7,0,2,2
45208,2023,10,9,2,3,381,11,12,1,3,2
45208,2023,10,9,2,3,116,67,21,1,1,1
45208,2023,10,9,2,2,277,2,9,0,3,2
45208,2023,10,9,2,3,101,15,21,0,2,1
45208,2023,10,9,2,3,116,33,11,1,2,2
45208,2023,10,9,2,3,70,29,20,0,2,1
45208,2023,10,9,2,3,116,52,9,1,2,2
45208,2023,10,9,2,3,267,67,20,0,3,1
45208,2023,10,9,2,3,101,11,12,1,3,2
45208,2023,10,9,2,3,101,61,2,1,2,2
45208,2023,10,9,2,3,101,61,2,1,2,2
45208,2023,10,9,2,3,465,81,2,0,4,2
45208,2023,10,9,2,3,101,52,9,1,2,2
45208,2023,10,9,2,3,386,16,12,1,2,2
45208,2023,10,9,2,3,60,61,2,1,2,2
45208,2023,10,9,2,3,116,11,12,0,2,2
45208,2023,10,9,2,3,280,33,11,1,3,2
45208,2023,10,9,2,3,158,1,11,1,3,2
45208,2023,10,9,2,3,163,13,4,0,2,1
45208,2023,10,9,2,3,364,16,9,0,3,2
45208,2023,10,9,2,3,232,16,12,1,2,2
45208,2023,10,9,2,3,116,11,2,1,2,2
45208,2023,10,9,2,3,381,52,9,1,4,4
45208,2023,10,9,2,3,101,52,9,1,2,2
45208,2023,10,9,2,3,324,16,15,0,5,5
45208,2023,10,9,2,2,70,11,12,1,2,2
45208,2023,10,9,2,3,381,67,12,1,3,2
45208,2023,10,9,2,3,153,83,20,0,1,1
45208,2023,10,9,2,4,222,35,2,1,2,2
45208,2023,10,9,2,3,285,20,9,1,2,2
45208,2023,10,9,2,4,116,67,15,0,3,3
45208,2023,10,9,2,2,101,11,20,0,2,1
45208,2023,10,9,2,3,230,2,11,1,2,2
45208,2023,10,9,2,4,369,11,12,0,3,2
45208,2023,10,9,2,4,280,49,10,1,2,2
45208,2023,10,9,2,4,20,25,3,0,3,1
45208,2023,10,9,2,3,60,67,9,1,2,2
45208,2023,10,9,2,4,101,80,7,0,2,2
45208,2023,10,9,2,4,101,20,11,1,3,2
45208,2023,10,9,2,4,277,63,21,1,2,2
45208,2023,10,9,2,4,376,67,12,0,4,2
45208,2023,10,9,2,4,116,25,11,1,2,2
45208,2023,10,9,2,4,101,49,7,0,1,1
45208,2023,10,9,2,4,116,59,12,0,2,2
45208,2023,10,9,2,4,381,12,12,0,2,2
45208,2023,10,9,2,3,401,9,1,0,5,1
45208,2023,10,9,2,4,101,51,4,1,1,1
45208,2023,10,9,2,4,70,11,20,0,3,1
45208,2023,10,9,2,4,470,20,7,1,2,2
45208,2023,10,9,2,4,158,67,20,0,1,1
45208,2023,10,9,2,4,381,11,15,1,3,3
45208,2023,10,9,2,4,116,35,2,1,2,2
45208,2023,10,9,2,4,101,67,20,1,1,1
45208,2023,10,9,2,3,70,83,11,1,2,2
45208,2023,10,9,2,4,316,48,2,0,2,2
45208,2023,10,9,2,4,101,15,20,1,1,1
45208,2023,10,9,2,4,376,82,7,0,2,2
45208,2023,10,9,2,4,101,1,9,1,3,2
45208,2023,10,9,2,4,40,11,4,0,1,1
45208,2023,10,9,2,4,369,60,2,1,2,2
45209,2023,10,10,3,1,40,67,20,0,42,1
45208,2023,10,9,2,4,116,67,20,0,2,1
45209,2023,10,10,3,1,376,49,20,0,1,1
45209,2023,10,10,3,1,277,83,20,1,1,1
45208,2023,10,9,2,2,235,67,12,1,5,2
45209,2023,10,10,3,1,101,1,11,0,2,2
45209,2023,10,10,3,1,116,5,4,1,1,1
45209,2023,10,10,3,1,392,11,20,0,1,1
45209,2023,10,10,3,1,70,67,20,0,2,1
45209,2023,10,10,3,1,116,15,4,0,1,1
45209,2023,10,10,3,2,381,11,12,1,2,2
45209,2023,10,10,3,1,463,20,9,0,2,2
45209,2023,10,10,3,2,470,20,9,1,2,2
45209,2023,10,10,3,2,101,33,11,1,2,2
45209,2023,10,10,3,2,101,13,4,0,1,1
45209,2023,10,10,3,2,116,11,20,0,1,1
45209,2023,10,10,3,2,280,52,9,1,2,2
45209,2023,10,10,3,2,153,67,12,0,2,2
45209,2023,10,10,3,2,232,16,12,0,4,4
45209,2023,10,10,3,2,40,16,12,1,2,2