id_data,ano,mes,dia,id_dia_semana,periodo,br,id_causa_acidente,id_tipo_acidente,id_uso_solo,pessoas,veiculos
45209,2023,10,10,3,2,376,11,12,1,2,2
45209,2023,10,10,3,2,101,11,20,1,1,1
45209,2023,10,10,3,2,470,1,11,1,2,2
45209,2023,10,10,3,2,40,16,12,0,2,2
45209,2023,10,10,3,2,230,35,2,1,3,3
45209,2023,10,10,3,2,210,20,11,1,3,2
45197,2023,9,28,5,4,381,12,12,0,3,3
45207,2023,10,8,1,1,210,11,20,0,1,1
45209,2023,10,10,3,2,101,67,21,1,1,1
45209,2023,10,10,3,2,392,67,20,0,3,2
45209,2023,10,10,3,2,316,16,12,1,3,2
45209,2023,10,10,3,2,232,11,9,1,2,2
45209,2023,10,10,3,2,242,1,9,0,2,2
45209,2023,10,10,3,2,101,16,12,1,3,2
45209,2023,10,10,3,2,376,52,9,1,3,3
45209,2023,10,10,3,2,232,16,12,1,3,3
45209,2023,10,10,3,2,101,67,15,1,3,3
45209,2023,10,10,3,2,101,16,12,1,3,3
45209,2023,10,10,3,2,277,16,20,1,1,1
45209,2023,10,10,3,2,60,11,9,0,2,2
45209,2023,10,10,3,2,230,1,11,1,2,2
45197,2023,9,28,5,3,116,2,11,0,1,1
45209,2023,10,10,3,2,230,11,15,0,4,3
45209,2023,10,10,3,2,101,52,12,1,2,2
45209,2023,10,10,3,2,101,33,11,1,2,2
45209,2023,10,10,3,2,116,78,9,1,3,3
45209,2023,10,10,3,2,101,1,9,1,4,3
45208,2023,10,9,2,3,316,48,2,1,2,2
45208,2023,10,9,2,2,470,16,12,1,3,2
45195,2023,9,26,3,4,116,67,20,0,2,1
45209,2023,10,10,3,2,364,2,4,0,2,2
45209,2023,10,10,3,3,40,1,11,0,2,2
45205,2023,10,6,6,1,101,15,20,1,2,1
45209,2023,10,10,3,2,116,78,12,1,3,3
45198,2023,9,29,6,2,282,67,9,0,2,2
45209,2023,10,10,3,2,40,16,12,1,2,2
45209,2023,10,10,3,3,116,52,9,1,3,2
45209,2023,10,10,3,2,210,67,11,1,2,2
45209,2023,10,10,3,3,101,81,2,1,2,2
45199,2023,9,30,7,3,20,11,12,1,2,2
45209,2023,10,10,3,3,116,22,4,1,2,1
45209,2023,10,10,3,2,465,20,9,0,2,2
45209,2023,10,10,3,3,101,16,12,1,4,4
45209,2023,10,10,3,3,101,81,11,1,3,3
45209,2023,10,10,3,3,324,28,21,1,2,1
45209,2023,10,10,3,3,60,67,20,0,6,2
45209,2023,10,10,3,3,386,49,20,0,1,1
45209,2023,10,10,3,3,40,67,20,0,2,1
45209,2023,10,10,3,3,153,1,11,1,2,2
45186,2023,9,17,1,1,470,80,7,1,4,2
45209,2023,10,10,3,3,365,60,2,1,4,2
45209,2023,10,10,3,3,364,16,12,1,2,2
45209,2023,10,10,3,3,420,56,4,0,2,2
45209,2023,10,10,3,3,116,81,2,1,4,2
45209,2023,10,10,3,3,70,3,20,0,3,2
45209,2023,10,10,3,3,116,52,9,1,4,2
45209,2023,10,10,3,3,101,16,12,1,2,2
45209,2023,10,10,3,3,20,11,12,1,2,2
45209,2023,10,10,3,3,116,16,15,1,6,3
45209,2023,10,10,3,3,222,16,12,1,2,2
45209,2023,10,10,3,2,40,60,2,0,2,2
45209,2023,10,10,3,3,101,1,11,1,3,2
45209,2023,10,10,3,3,376,28,20,0,1,1
45209,2023,10,10,3,3,304,16,12,1,4,3
45209,2023,10,10,3,3,290,11,12,1,3,3
45209,2023,10,10,3,3,354,13,21,0,2,1
45192,2023,9,23,7,3,282,83,7,0,6,3
45178,2023,9,9,7,3,163,67,7,0,3,2
45209,2023,10,10,3,3,116,67,20,0,1,1
45209,2023,10,10,3,3,116,67,10,0,2,2
45209,2023,10,10,3,3,20,4,3,0,5,1
45209,2023,10,10,3,3,259,1,11,1,2,2
45209,2023,10,10,3,3,392,52,9,0,2,2
45209,2023,10,10,3,4,20,83,20,0,1,1
45209,2023,10,10,3,4,470,1,9,1,3,2
45209,2023,10,10,3,3,230,11,3,0,3,1
45209,2023,10,10,3,3,435,1,11,1,3,2
45209,2023,10,10,3,3,381,11,9,1,2,2
45209,2023,10,10,3,4,290,44,12,0,3,3
45209,2023,10,10,3,4,287,16,12,0,2,2
45209,2023,10,10,3,3,101,49,9,0,2,2
45209,2023,10,10,3,4,386,1,11,1,2,2
45209,2023,10,10,3,3,419,9,1,0,2,1
45209,2023,10,10,3,4,110,9,1,1,1,1
45209,2023,10,10,3,4,40,61,2,0,2,2
45209,2023,10,10,3,3,110,9,1,0,3,1
45209,2023,10,10,3,4,343,11,21,0,2,2
45209,2023,10,10,3,4,163,49,20,0,1,1
45209,2023,10,10,3,4,364,52,9,0,2,2
45209,2023,10,10,3,4,20,35,2,1,2,2
45209,2023,10,10,3,4,343,33,11,0,2,1
45209,2023,10,10,3,4,101,49,4,1,1,1
45209,2023,10,10,3,4,101,61,11,1,2,2
45209,2023,10,10,3,3,158,83,20,0,1,1
45209,2023,10,10,3,4,116,12,12,1,3,2
45209,2023,10,10,3,3,343,67,9,1,3,2
45209,2023,10,10,3,4,356,82,10,0,4,2
45209,2023,10,10,3,4,40,11,20,0,2,1
45209,2023,10,10,3,4,116,1,11,0,3,2
45209,2023,10,10,3,3,20,35,2,1,2,2
45209,2023,10,10,3,3,163,1,9,0,2,2
45209,2023,10,10,3,4,392,49,7,0,5,3
45209,2023,10,10,3,4,381,60,2,0,2,2
45209,2023,10,10,3,4,158,67,21,0,3,1
45209,2023,10,10,3,4,364,11,9,1,3,2
45210,2023,10,11,4,1,282,67,4,0,1,1
45210,2023,10,11,4,1,153,82,7,0,4,2
45210,2023,10,11,4,2,101,67,21,0,1,1
45210,2023,10,11,4,2,116,67,9,1,2,2
45210,2023,10,11,4,2,116,11,20,0,1,1
45210,2023,10,11,4,2,116,78,9,1,2,2
45210,2023,10,11,4,2,116,52,12,0,2,2
45210,2023,10,11,4,2,10,60,2,1,2,2
45210,2023,10,11,4,2,101,17,11,1,2,2
45210,2023,10,11,4,2,153,11,12,0,3,2
45210,2023,10,11,4,2,153,78,9,1,2,2
45209,2023,10,10,3,3,465,83,12,1,3,2
45210,2023,10,11,4,2,101,15,7,0,5,3
45210,2023,10,11,4,2,101,1,11,1,2,2
45210,2023,10,11,4,2,116,11,9,1,2,2
45210,2023,10,11,4,2,116,52,9,1,2,2
45210,2023,10,11,4,2,116,52,2,1,2,2
45210,2023,10,11,4,2,101,67,9,1,2,2
45210,2023,10,11,4,2,116,16,9,0,3,2
45210,2023,10,11,4,2,381,67,12,1,2,2
45210,2023,10,11,4,2,367,12,11,1,6,2
45210,2023,10,11,4,2,163,28,21,0,2,1
45210,2023,10,11,4,2,101,67,21,0,1,1
45210,2023,10,11,4,2,428,16,12,0,3,2
45210,2023,10,11,4,2,470,56,4,0,1,1
45210,2023,10,11,4,2,381,18,20,0,1,1
45210,2023,10,11,4,2,364,52,9,0,2,2
45210,2023,10,11,4,2,343,11,9,1,3,2
45210,2023,10,11,4,2,116,52,9,1,3,2
45210,2023,10,11,4,2,262,1,10,1,2,2
45210,2023,10,11,4,2,101,2,4,1,1,1
45210,2023,10,11,4,2,101,52,11,1,2,2
45210,2023,10,11,4,2,226,1,11,0,3,2
45174,2023,9,5,3,2,226,1,11,1,2,2
45207,2023,10,8,1,1,282,45,18,0,1,1
45210,2023,10,11,4,2,153,19,20,0,1,1
45210,2023,10,11,4,2,153,52,4,1,4,2
45195,2023,9,26,3,2,101,4,20,0,1,1
45210,2023,10,11,4,2,230,16,12,1,2,2
45210,2023,10,11,4,2,282,1,20,0,2,2
45057,2023,5,11,5,3,226,83,20,0,1,1
45210,2023,10,11,4,2,376,1,2,0,3,2
45210,2023,10,11,4,2,101,16,9,1,2,2
45210,2023,10,11,4,2,116,67,12,1,2,2
45210,2023,10,11,4,2,324,1,11,1,2,2
45174,2023,9,5,3,4,423,9,1,0,1,1
45210,2023,10,11,4,3,381,83,20,0,2,1
45188,2023,9,19,3,3,467,83,20,0,3,3
45210,2023,10,11,4,3,40,20,11,1,6,3
45197,2023,9,28,5,1,101,11,3,0,3,2
45210,2023,10,11,4,2,230,63,21,1,1,1
45210,2023,10,11,4,3,262,11,4,1,1,1
45210,2023,10,11,4,3,381,11,12,1,1,1
45210,2023,10,11,4,3,101,44,12,1,3,3
45210,2023,10,11,4,3,465,78,9,0,2,2
45210,2023,10,11,4,2,381,1,9,0,3,2
45210,2023,10,11,4,3,153,67,12,1,2,2
45210,2023,10,11,4,3,101,67,9,1,2,2
45210,2023,10,11,4,3,101,67,12,1,2,2
45210,2023,10,11,4,3,470,1,11,1,3,2
45210,2023,10,11,4,3,116,52,9,0,2,2
45210,2023,10,11,4,3,262,80,7,0,2,2
45210,2023,10,11,4,3,40,20,12,0,3,2
45210,2023,10,11,4,3,386,4,11,0,4,2
45210,2023,10,11,4,3,381,83,3,0,4,1
45210,2023,10,11,4,3,267,1,11,0,5,2
45210,2023,10,11,4,3,116,16,9,0,2,2
45210,2023,10,11,4,3,101,1,7,1,3,3
45210,2023,10,11,4,3,101,14,12,0,2,2
45092,2023,6,15,5,2,324,11,9,1,5,2
45210,2023,10,11,4,3,40,67,9,0,3,2
45210,2023,10,11,4,3,101,1,9,0,2,2
45210,2023,10,11,4,3,153,1,11,1,14,2
45210,2023,10,11,4,3,235,1,2,1,2,2
45210,2023,10,11,4,3,101,16,12,0,2,2
45210,2023,10,11,4,3,101,16,12,1,3,2
45210,2023,10,11,4,3,222,9,1,0,2,1
45210,2023,10,11,4,3,470,72,11,1,2,2
45210,2023,10,11,4,3,101,16,12,1,2,2
45210,2023,10,11,4,3,423,67,7,0,3,2
45210,2023,10,11,4,3,414,9,1,0,2,1
45210,2023,10,11,4,3,153,12,9,1,4,2
45210,2023,10,11,4,3,50,16,12,1,3,2
45198,2023,9,29,6,1,20,80,7,0,9,3
45190,2023,9,21,5,2,476,82,9,1,2,2
45210,2023,10,11,4,3,235,81,2,0,2,2
45210,2023,10,11,4,3,101,56,4,0,1,1
45210,2023,10,11,4,4,163,49,20,0,1,1
45210,2023,10,11,4,3,163,11,12,1,9,4
45210,2023,10,11,4,3,116,67,12,1,2,2
45210,2023,10,11,4,4,235,9,1,0,2,1
45210,2023,10,11,4,4,60,1,9,1,3,3
45210,2023,10,11,4,3,101,11,12,0,4,3
45210,2023,10,11,4,3,116,11,12,1,2,2
45210,2023,10,11,4,3,101,1,11,1,2,2
45210,2023,10,11,4,3,80,11,20,1,4,1
45210,2023,10,11,4,4,20,49,12,1,3,3
45210,2023,10,11,4,3,282,83,7,0,5,2
45210,2023,10,11,4,4,293,67,15,1,3,3
45210,2023,10,11,4,3,153,83,20,0,1,1
45210,2023,10,11,4,3,101,7,21,0,1,1
45210,2023,10,11,4,3,116,67,21,1,1,1
45210,2023,10,11,4,3,393,67,20,0,2,1
45210,2023,10,11,4,3,232,1,11,1,2,2
45210,2023,10,11,4,4,364,11,9,1,2,2
45210,2023,10,11,4,3,158,11,15,1,5,4
45210,2023,10,11,4,4,40,78,9,0,3,2
45210,2023,10,11,4,3,153,83,20,0,1,1
45210,2023,10,11,4,4,10,11,2,1,2,2
45210,2023,10,11,4,4,116,49,9,1,2,2
45210,2023,10,11,4,4,40,65,21,0,1,1
45210,2023,10,11,4,4,232,52,7,1,3,2
45210,2023,10,11,4,3,40,28,21,0,1,1
45210,2023,10,11,4,4,381,48,20,0,1,1
45210,2023,10,11,4,4,40,1,11,0,5,2
45205,2023,10,6,6,2,230,63,20,0,3,1
45210,2023,10,11,4,3,116,60,2,0,2,2
45210,2023,10,11,4,4,343,81,7,0,2,2
45210,2023,10,11,4,4,381,11,12,1,1,1
45171,2023,9,2,7,2,60,11,20,0,1,1
45207,2023,10,8,1,3,230,16,12,1,3,2
45210,2023,10,11,4,4,376,67,12,1,4,4
45210,2023,10,11,4,4,101,29,4,1,1,1
45210,2023,10,11,4,4,60,9,1,0,4,3
45210,2023,10,11,4,4,40,52,2,0,2,2
45210,2023,10,11,4,4,116,13,9,1,2,2
45210,2023,10,11,4,4,365,11,12,1,3,2
45210,2023,10,11,4,4,415,51,20,0,3,1
45210,2023,10,11,4,4,40,1,11,1,2,2
45210,2023,10,11,4,4,40,11,2,1,2,2
45211,2023,10,12,5,1,153,9,1,0,2,1
45211,2023,10,12,5,1,232,9,1,0,3,1
45211,2023,10,12,5,1,232,44,20,0,5,2
45210,2023,10,11,4,4,230,11,20,0,1,1
45211,2023,10,12,5,1,277,67,20,0,2,1
45211,2023,10,12,5,1,163,11,12,0,2,2
45211,2023,10,12,5,1,116,49,21,0,1,1
45211,2023,10,12,5,1,116,52,9,1,2,2
45211,2023,10,12,5,1,116,1,9,1,1,1
45211,2023,10,12,5,1,282,83,20,0,3,1
45211,2023,10,12,5,1,369,33,11,1,8,3
45211,2023,10,12,5,1,116,35,2,1,2,2
45211,2023,10,12,5,1,381,56,21,1,1,1
45211,2023,10,12,5,1,316,49,21,1,1,1
45211,2023,10,12,5,1,101,11,20,1,1,1
45211,2023,10,12,5,1,471,49,20,0,1,1
45211,2023,10,12,5,1,277,61,2,1,2,2
45210,2023,10,11,4,1,226,83,4,0,6,1
45211,2023,10,12,5,1,470,49,20,1,1,1
45211,2023,10,12,5,1,163,11,12,0,3,2
45210,2023,10,11,4,4,40,28,18,1,1,1
45211,2023,10,12,5,1,163,64,20,0,3,2
45211,2023,10,12,5,1,40,60,2,1,2,2
45211,2023,10,12,5,1,316,9,1,0,2,1
45211,2023,10,12,5,1,376,11,4,0,1,1
45211,2023,10,12,5,1,116,11,9,0,2,2
45211,2023,10,12,5,2,116,67,15,0,7,3
45211,2023,10,12,5,2,448,11,20,0,1,1
45211,2023,10,12,5,1,230,51,20,0,40,1
45211,2023,10,12,5,1,116,2,7,0,4,3
45211,2023,10,12,5,1,277,15,20,0,3,1
45211,2023,10,12,5,2,101,11,4,1,2,2
45211,2023,10,12,5,2,277,67,4,0,5,1
45211,2023,10,12,5,2,116,67,21,1,1,1
45137,2023,7,30,1,2,287,52,9,0,4,2
45211,2023,10,12,5,1,158,11,20,0,27,1
45177,2023,9,8,6,4,316,52,4,1,1,1
45192,2023,9,23,7,4,343,17,11,1,4,3
45211,2023,10,12,5,2,153,28,20,0,2,1
45211,2023,10,12,5,2,116,83,20,0,2,1
45211,2023,10,12,5,2,381,1,9,0,2,2
45211,2023,10,12,5,2,364,60,2,0,2,2
45211,2023,10,12,5,2,153,1,11,0,3,3
45211,2023,10,12,5,2,101,12,11,0,3,2
45211,2023,10,12,5,2,153,1,11,0,3,2
45211,2023,10,12,5,2,60,1,4,1,2,2
45211,2023,10,12,5,2,116,78,9,0,3,2
45210,2023,10,11,4,2,116,82,11,1,2,2
45211,2023,10,12,5,1,10,61,2,1,2,2
45211,2023,10,12,5,2,101,1,11,1,7,4
45210,2023,10,11,4,3,163,72,11,0,2,2
45191,2023,9,22,6,4,364,49,10,0,4,4
45211,2023,10,12,5,2,230,16,12,1,3,2
45211,2023,10,12,5,2,376,15,12,0,3,2
45210,2023,10,11,4,4,163,13,20,0,1,1
45211,2023,10,12,5,2,101,52,12,1,2,2
45211,2023,10,12,5,2,116,33,11,1,2,2
45211,2023,10,12,5,2,101,11,3,0,2,1
45211,2023,10,12,5,2,10,52,9,1,4,2
45211,2023,10,12,5,2,174,2,9,1,3,1
45211,2023,10,12,5,2,101,1,9,0,3,2
45211,2023,10,12,5,2,222,83,12,1,2,2
45211,2023,10,12,5,2,262,13,20,0,5,1
45211,2023,10,12,5,2,381,83,12,0,3,3
45211,2023,10,12,5,2,101,1,9,0,2,2
45211,2023,10,12,5,2,40,13,21,0,2,1
45211,2023,10,12,5,3,116,52,12,1,3,3
45211,2023,10,12,5,2,116,11,12,1,4,3
45211,2023,10,12,5,3,153,67,20,0,3,1
45211,2023,10,12,5,3,60,83,3,0,1,1
45211,2023,10,12,5,3,476,1,11,1,2,2
45211,2023,10,12,5,3,470,1,11,1,3,2
45211,2023,10,12,5,2,476,4,3,0,1,1
45211,2023,10,12,5,3,101,1,11,0,6,3
45211,2023,10,12,5,3,101,56,12,0,2,2
45211,2023,10,12,5,3,285,16,12,0,2,2
45211,2023,10,12,5,3,101,13,21,0,1,1
45211,2023,10,12,5,3,101,20,11,0,8,3
45211,2023,10,12,5,3,230,2,11,1,2,2
45211,2023,10,12,5,3,116,11,4,0,1,1
45211,2023,10,12,5,3,424,1,11,1,5,3
45211,2023,10,12,5,3,280,2,11,1,3,2
45211,2023,10,12,5,3,381,11,20,1,2,1
45211,2023,10,12,5,3,116,15,20,0,1,1
45211,2023,10,12,5,3,230,1,11,1,3,2
45211,2023,10,12,5,3,381,67,3,0,2,1
45211,2023,10,12,5,2,153,15,3,0,1,1
45211,2023,10,12,5,3,408,9,1,0,2,1
45211,2023,10,12,5,2,40,67,21,1,2,1
45211,2023,10,12,5,3,267,67,20,0,1,1
45211,2023,10,12,5,3,343,82,9,0,3,3
45211,2023,10,12,5,3,230,49,12,1,2,2
45211,2023,10,12,5,3,316,11,12,1,2,2
45211,2023,10,12,5,3,277,67,20,0,3,1
45202,2023,10,3,3,2,101,2,11,1,2,2
45211,2023,10,12,5,3,116,1,11,1,2,2
45211,2023,10,12,5,3,40,1,3,0,1,1
45211,2023,10,12,5,3,50,18,20,0,2,1
45211,2023,10,12,5,3,116,64,20,0,2,1
45211,2023,10,12,5,3,60,67,20,0,5,1
45211,2023,10,12,5,3,101,11,20,0,1,1
45211,2023,10,12,5,3,277,19,4,0,2,1
45211,2023,10,12,5,4,101,1,11,1,3,2
45211,2023,10,12,5,4,488,11,11,1,2,2
45211,2023,10,12,5,3,280,1,11,1,3,2
45122,2023,7,15,7,4,30,9,1,0,5,2
45211,2023,10,12,5,4,70,48,2,1,3,3
45211,2023,10,12,5,3,354,83,21,0,1,1
45211,2023,10,12,5,3,101,35,2,0,4,2
45211,2023,10,12,5,3,101,11,4,0,1,1
45211,2023,10,12,5,3,376,83,20,0,2,1
45211,2023,10,12,5,2,282,67,20,0,1,1
45211,2023,10,12,5,4,376,52,9,1,2,2
45211,2023,10,12,5,4,406,11,10,0,5,2
45211,2023,10,12,5,4,381,80,11,0,2,2
45211,2023,10,12,5,4,324,67,20,0,3,1
45211,2023,10,12,5,4,251,29,7,0,2,2
45211,2023,10,12,5,3,230,20,11,1,2,2
45211,2023,10,12,5,4,414,35,2,0,2,2
45211,2023,10,12,5,4,356,67,20,0,1,1
45211,2023,10,12,5,4,277,67,3,0,1,1
45211,2023,10,12,5,4,364,46,2,1,3,2
45211,2023,10,12,5,3,262,80,7,0,4,3
45211,2023,10,12,5,4,70,16,11,1,2,2
45115,2023,7,8,7,1,343,49,12,1,3,2
45211,2023,10,12,5,4,116,49,11,1,2,2
45211,2023,10,12,5,3,465,80,7,1,3,2
45211,2023,10,12,5,4,163,67,20,0,1,1
45211,2023,10,12,5,4,116,67,12,1,3,2
45211,2023,10,12,5,3,230,67,4,1,2,1
45211,2023,10,12,5,4,174,9,1,0,1,1
45211,2023,10,12,5,4,153,9,1,0,1,1
45211,2023,10,12,5,4,153,35,2,0,2,2
45211,2023,10,12,5,4,101,18,4,1,1,1
45211,2023,10,12,5,4,230,9,1,1,1,1
45211,2023,10,12,5,4,381,67,4,0,2,1
45211,2023,10,12,5,4,116,15,12,0,2,2
45211,2023,10,12,5,4,277,80,7,0,8,2
45211,2023,10,12,5,4,163,67,4,0,2,1
45211,2023,10,12,5,3,70,13,20,0,4,1
45212,2023,10,13,6,1,259,49,4,1,1,1
45212,2023,10,13,6,1,116,9,1,1,4,1
45211,2023,10,12,5,4,116,18,4,0,1,1
45212,2023,10,13,6,1,290,49,12,0,2,2
45212,2023,10,13,6,1,316,49,7,0,3,2
45212,2023,10,13,6,1,101,11,4,1,1,1
45200,2023,10,1,1,1,101,81,7,1,2,2
45212,2023,10,13,6,1,101,9,1,0,1,1
45211,2023,10,12,5,4,101,67,20,0,1,1
45212,2023,10,13,6,1,290,11,20,0,5,1
45212,2023,10,13,6,1,116,18,4,1,1,1
45211,2023,10,12,5,4,163,16,15,0,3,3
45212,2023,10,13,6,2,101,13,3,0,2,1
45211,2023,10,12,5,4,386,52,7,0,4,2
45211,2023,10,12,5,3,242,11,20,0,2,1
45212,2023,10,13,6,2,101,83,4,0,4,2
45212,2023,10,13,6,2,230,18,20,0,1,1
45212,2023,10,13,6,1,343,67,4,1,1,1
45212,2023,10,13,6,2,282,15,20,0,1,1
45212,2023,10,13,6,2,262,2,12,0,2,2
45128,2023,7,21,6,4,101,60,2,0,2,2
45212,2023,10,13,6,2,116,49,4,1,2,2
45211,2023,10,12,5,3,101,83,12,0,2,2
45205,2023,10,6,6,2,365,52,21,0,1,1
45212,2023,10,13,6,2,116,21,20,0,2,1
45210,2023,10,11,4,4,116,44,12,1,3,2
45212,2023,10,13,6,2,116,49,12,1,3,2
45212,2023,10,13,6,2,153,83,20,0,1,1
45181,2023,9,12,3,4,467,1,11,0,2,2
45212,2023,10,13,6,2,381,1,11,1,5,2
45212,2023,10,13,6,2,386,1,11,1,2,2
45212,2023,10,13,6,2,40,2,21,1,1,1
45212,2023,10,13,6,2,423,52,7,0,2,2
45212,2023,10,13,6,2,393,67,9,1,2,2
45212,2023,10,13,6,2,392,80,10,0,4,3
45212,2023,10,13,6,2,230,1,11,1,2,2
45192,2023,9,23,7,2,104,64,21,0,2,1
45212,2023,10,13,6,2,158,83,3,0,1,1
45212,2023,10,13,6,2,101,5,21,1,1,1
45212,2023,10,13,6,2,376,15,4,0,1,1
45212,2023,10,13,6,2,101,67,9,0,2,2
45212,2023,10,13,6,2,232,11,9,1,3,2
45212,2023,10,13,6,2,101,11,4,0,1,1
45212,2023,10,13,6,2,116,61,2,1,2,2
45212,2023,10,13,6,2,381,83,4,0,4,2
45212,2023,10,13,6,2,471,83,12,0,3,2
45212,2023,10,13,6,2,470,67,12,0,2,2
45212,2023,10,13,6,2,232,33,11,1,3,2
45212,2023,10,13,6,3,104,13,20,0,1,1
45212,2023,10,13,6,3,70,82,9,1,2,2
45212,2023,10,13,6,3,116,1,9,1,2,2
45212,2023,10,13,6,2,470,9,1,0,1,1
45212,2023,10,13,6,3,116,28,18,0,2,1
45212,2023,10,13,6,2,116,67,3,0,2,1
45212,2023,10,13,6,3,116,18,20,1,3,1
45212,2023,10,13,6,2,364,13,21,0,2,1
45212,2023,10,13,6,3,493,13,20,0,1,1
45212,2023,10,13,6,2,316,67,20,0,2,1
45212,2023,10,13,6,2,116,67,4,1,1,1
45212,2023,10,13,6,3,493,13,15,0,4,3
45212,2023,10,13,6,3,60,9,20,0,1,1
45212,2023,10,13,6,3,470,80,11,0,2,2
45212,2023,10,13,6,3,153,1,7,0,2,2
45211,2023,10,12,5,4,386,67,20,0,1,1
45212,2023,10,13,6,3,116,52,9,0,2,2
45118,2023,7,11,3,2,349,7,3,0,2,1
45212,2023,10,13,6,3,116,52,9,1,2,2
45212,2023,10,13,6,3,101,52,7,0,5,2
45212,2023,10,13,6,3,343,1,11,1,2,2
45212,2023,10,13,6,3,101,67,20,0,2,1
45212,2023,10,13,6,3,230,52,11,1,2,2
45212,2023,10,13,6,3,116,67,15,1,3,2
45212,2023,10,13,6,3,316,67,12,0,5,2
45212,2023,10,13,6,3,392,67,21,1,2,1
45212,2023,10,13,6,3,392,52,9,1,2,2
45212,2023,10,13,6,3,101,52,11,1,3,2
45212,2023,10,13,6,3,116,49,11,1,2,2
45180,2023,9,11,2,2,381,35,2,0,2,2
45212,2023,10,13,6,3,116,25,12,0,3,2
45212,2023,10,13,6,3,381,83,20,1,3,1
45212,2023,10,13,6,3,101,35,2,1,2,2
45212,2023,10,13,6,3,262,11,20,0,1,1
45212,2023,10,13,6,3,235,60,2,0,2,2
45212,2023,10,13,6,4,101,6,21,1,2,1
45084,2023,6,7,4,4,101,35,2,1,3,2
45212,2023,10,13,6,4,116,67,9,1,3,2
45212,2023,10,13,6,4,40,60,2,0,2,2
45212,2023,10,13,6,4,101,16,12,0,3,2
45212,2023,10,13,6,3,104,33,2,1,2,2
45212,2023,10,13,6,3,116,80,7,0,2,2
45212,2023,10,13,6,4,101,67,21,1,1,1
45212,2023,10,13,6,4,116,28,18,0,1,1
45212,2023,10,13,6,3,153,1,12,0,3,2
45207,2023,10,8,1,1,381,67,1,0,2,1
45212,2023,10,13,6,4,40,49,12,0,4,2
45212,2023,10,13,6,4,116,78,9,1,2,2
45212,2023,10,13,6,2,319,1,9,0,5,2
45211,2023,10,12,5,4,163,28,21,0,1,1
45212,2023,10,13,6,3,316,4,10,0,5,2
45212,2023,10,13,6,4,101,52,9,0,3,2
45212,2023,10,13,6,4,364,1,11,0,3,2
45212,2023,10,13,6,4,110,80,7,0,2,1
45212,2023,10,13,6,4,343,2,7,1,4,2
45212,2023,10,13,6,4,101,52,11,1,3,2
45212,2023,10,13,6,4,392,83,12,0,3,3
45212,2023,10,13,6,4,101,67,20,0,1,1
45212,2023,10,13,6,4,101,67,21,0,2,1
45212,2023,10,13,6,4,287,28,18,0,4,1
45212,2023,10,13,6,4,381,46,2,1,2,2
45212,2023,10,13,6,4,116,46,2,0,2,2
45212,2023,10,13,6,3,163,67,7,1,3,2
45212,2023,10,13,6,4,101,11,12,0,2,2
45212,2023,10,13,6,4,101,49,12,1,2,2
45212,2023,10,13,6,4,277,44,3,0,4,1
45212,2023,10,13,6,4,70,1,11,1,2,2
45212,2023,10,13,6,4,381,11,4,1,1,1
45212,2023,10,13,6,4,376,49,7,1,5,2
45212,2023,10,13,6,4,282,48,3,0,1,1
45213,2023,10,14,7,1,424,1,11,0,2,2
45213,2023,10,14,7,1,40,11,20,1,1,1
45212,2023,10,13,6,4,282,83,3,0,1,1
45213,2023,10,14,7,1,381,9,1,1,3,2
45213,2023,10,14,7,1,381,11,21,0,1,1
45213,2023,10,14,7,1,116,11,4,0,1,1
45213,2023,10,14,7,1,101,67,3,1,1,1
45213,2023,10,14,7,1,277,67,4,1,2,2
45213,2023,10,14,7,1,381,11,4,1,2,1
45213,2023,10,14,7,1,116,11,3,1,2,1
45213,2023,10,14,7,1,104,46,2,0,2,2
45213,2023,10,14,7,1,282,1,9,1,2,2
45213,2023,10,14,7,1,280,67,20,0,1,1
45213,2023,10,14,7,1,101,49,20,0,1,1
45213,2023,10,14,7,1,70,11,20,0,1,1
45213,2023,10,14,7,1,101,11,7,0,7,3
45213,2023,10,14,7,2,116,17,11,1,2,2
45212,2023,10,13,6,3,277,67,9,1,3,3
45213,2023,10,14,7,2,40,28,21,1,2,1
45213,2023,10,14,7,2,364,67,20,1,1,1
45213,2023,10,14,7,2,101,11,12,1,2,2
45213,2023,10,14,7,2,101,11,12,1,3,3
45213,2023,10,14,7,1,280,16,12,0,2,2
45212,2023,10,13,6,2,262,11,20,0,5,1
45131,2023,7,24,2,2,174,11,20,0,4,1
45213,2023,10,14,7,2,376,18,4,0,4,1
45189,2023,9,20,4,4,324,16,12,1,2,2
45213,2023,10,14,7,2,470,33,7,1,2,2
45185,2023,9,16,7,3,101,82,9,1,2,2
45213,2023,10,14,7,2,116,18,20,0,3,1