id_data,ano,mes,dia,id_dia_semana,periodo,br,id_causa_acidente,id_tipo_acidente,id_uso_solo,pessoas,veiculos
45213,2023,10,14,7,2,163,67,3,0,1,1
45213,2023,10,14,7,2,381,52,9,0,3,2
45213,2023,10,14,7,2,308,67,20,1,2,1
45213,2023,10,14,7,2,101,15,4,0,1,1
45213,2023,10,14,7,2,40,15,20,0,1,1
45213,2023,10,14,7,2,135,67,12,1,2,2
45150,2023,8,12,7,1,50,60,2,0,2,2
45203,2023,10,4,4,4,40,16,12,1,2,2
45213,2023,10,14,7,2,101,64,20,0,2,1
45213,2023,10,14,7,2,428,67,20,0,5,1
45213,2023,10,14,7,2,101,11,20,0,1,1
45181,2023,9,12,3,2,101,1,11,0,2,2
45213,2023,10,14,7,2,101,16,12,1,2,2
45081,2023,6,4,1,4,50,67,20,0,1,1
45213,2023,10,14,7,2,153,28,18,0,1,1
45213,2023,10,14,7,2,277,67,21,0,1,1
45213,2023,10,14,7,2,101,1,12,1,2,2
45213,2023,10,14,7,2,40,52,12,1,4,3
45213,2023,10,14,7,2,60,29,11,1,5,2
45213,2023,10,14,7,2,262,1,9,1,5,3
45213,2023,10,14,7,2,101,82,7,0,6,2
45213,2023,10,14,7,2,40,83,4,1,1,1
45213,2023,10,14,7,2,101,82,12,1,2,2
45213,2023,10,14,7,2,381,52,9,0,3,2
45213,2023,10,14,7,2,40,11,21,1,1,1
45213,2023,10,14,7,2,235,1,11,1,2,2
45182,2023,9,13,4,3,407,20,11,0,2,2
45213,2023,10,14,7,2,163,52,9,1,2,2
45213,2023,10,14,7,3,101,11,12,1,3,2
45213,2023,10,14,7,3,280,11,21,1,1,1
45213,2023,10,14,7,3,116,61,2,1,3,2
45213,2023,10,14,7,2,101,13,21,0,2,1
45213,2023,10,14,7,3,60,9,20,0,3,1
45213,2023,10,14,7,2,324,52,9,1,2,2
45213,2023,10,14,7,3,116,80,10,0,3,3
45213,2023,10,14,7,3,163,67,12,0,3,1
45179,2023,9,10,1,1,402,80,7,0,3,2
45213,2023,10,14,7,3,153,15,12,0,3,2
45213,2023,10,14,7,2,10,67,20,0,1,1
45213,2023,10,14,7,3,408,33,7,0,2,2
45213,2023,10,14,7,3,290,13,21,0,2,1
45213,2023,10,14,7,3,101,33,11,1,2,2
45213,2023,10,14,7,3,468,11,20,0,3,3
45213,2023,10,14,7,3,104,1,12,1,2,2
45213,2023,10,14,7,2,116,64,21,0,1,1
45213,2023,10,14,7,3,60,4,20,0,1,1
45213,2023,10,14,7,3,470,11,7,0,3,3
45213,2023,10,14,7,3,476,9,12,0,2,2
45213,2023,10,14,7,3,50,4,20,0,3,1
45213,2023,10,14,7,3,116,83,20,0,1,1
45213,2023,10,14,7,3,40,67,20,0,2,1
45213,2023,10,14,7,3,101,49,9,0,2,2
45213,2023,10,14,7,3,101,11,20,0,1,1
45213,2023,10,14,7,3,70,11,15,0,3,3
45213,2023,10,14,7,3,116,1,7,1,3,2
45213,2023,10,14,7,3,40,52,12,1,2,2
45213,2023,10,14,7,3,116,52,4,0,1,1
45213,2023,10,14,7,3,116,64,20,0,1,1
45213,2023,10,14,7,3,101,52,9,1,2,2
45213,2023,10,14,7,3,232,52,9,0,3,2
45213,2023,10,14,7,3,40,11,4,1,1,1
45213,2023,10,14,7,3,277,72,11,1,4,2
45213,2023,10,14,7,3,163,18,20,0,2,1
45213,2023,10,14,7,3,153,49,11,1,2,2
45213,2023,10,14,7,3,480,49,20,0,1,1
45213,2023,10,14,7,3,101,11,21,0,2,2
45213,2023,10,14,7,3,101,49,7,0,4,2
45213,2023,10,14,7,4,116,67,12,1,3,2
45213,2023,10,14,7,2,116,83,20,0,2,1
45213,2023,10,14,7,3,110,63,20,0,1,1
45213,2023,10,14,7,3,101,52,12,1,2,2
45213,2023,10,14,7,3,101,11,3,0,1,1
45186,2023,9,17,1,2,101,80,7,0,7,3
45213,2023,10,14,7,3,408,83,7,0,2,2
45213,2023,10,14,7,3,365,67,11,0,3,2
45213,2023,10,14,7,4,290,52,4,0,3,3
45213,2023,10,14,7,4,153,49,20,0,1,1
45213,2023,10,14,7,3,116,28,3,0,1,1
45213,2023,10,14,7,4,40,67,4,0,1,1
45213,2023,10,14,7,3,262,28,18,0,1,1
45213,2023,10,14,7,4,40,28,18,0,1,1
45213,2023,10,14,7,4,40,1,9,1,3,2
45213,2023,10,14,7,4,277,67,20,1,1,1
45213,2023,10,14,7,4,101,13,21,0,2,1
45213,2023,10,14,7,3,40,6,20,0,1,1
45213,2023,10,14,7,4,153,13,21,0,3,2
45213,2023,10,14,7,4,101,67,21,0,1,1
45213,2023,10,14,7,3,393,11,20,1,1,1
45213,2023,10,14,7,4,146,5,20,0,4,1
45213,2023,10,14,7,4,101,49,20,1,1,1
45213,2023,10,14,7,3,10,52,4,0,4,1
45213,2023,10,14,7,4,386,80,7,0,20,2
45213,2023,10,14,7,4,104,49,11,0,2,2
45213,2023,10,14,7,4,290,11,20,0,1,1
45213,2023,10,14,7,4,50,83,4,0,5,4
45213,2023,10,14,7,3,308,49,12,0,2,2
45213,2023,10,14,7,4,369,49,12,1,2,2
45213,2023,10,14,7,4,376,83,4,0,1,1
45213,2023,10,14,7,3,277,33,11,0,3,3
45213,2023,10,14,7,4,376,67,20,0,1,1
45213,2023,10,14,7,4,280,82,10,0,4,2
45213,2023,10,14,7,4,343,9,1,1,2,1
45213,2023,10,14,7,4,116,67,12,1,4,2
45213,2023,10,14,7,4,373,67,3,1,2,1
45213,2023,10,14,7,4,393,1,2,0,2,2
45213,2023,10,14,7,4,116,61,2,1,2,2
45213,2023,10,14,7,3,230,35,2,0,5,2
45213,2023,10,14,7,4,163,9,1,0,1,1
45213,2023,10,14,7,4,230,18,21,0,2,1
45213,2023,10,14,7,4,163,11,12,0,2,2
45213,2023,10,14,7,4,365,82,7,0,4,2
45214,2023,10,15,1,1,163,49,21,0,1,1
45214,2023,10,15,1,1,116,11,20,1,1,1
45214,2023,10,15,1,1,230,11,12,0,2,2
45214,2023,10,15,1,1,158,80,7,0,2,2
45214,2023,10,15,1,1,116,60,2,0,2,2
45214,2023,10,15,1,1,116,11,4,1,1,1
45214,2023,10,15,1,1,277,80,7,0,7,2
45214,2023,10,15,1,1,116,11,9,1,2,1
45214,2023,10,15,1,1,428,49,11,1,3,2
45214,2023,10,15,1,1,392,11,4,0,1,1
45214,2023,10,15,1,1,392,11,20,0,1,1
45214,2023,10,15,1,1,101,4,4,1,1,1
45214,2023,10,15,1,1,101,49,4,0,1,1
45214,2023,10,15,1,1,153,81,2,1,3,2
45214,2023,10,15,1,1,101,67,21,1,1,1
45214,2023,10,15,1,1,405,49,20,0,2,1
45214,2023,10,15,1,1,116,16,9,1,2,2
45214,2023,10,15,1,1,392,11,4,0,1,1
45214,2023,10,15,1,1,369,49,7,1,3,2
45214,2023,10,15,1,1,101,67,4,1,5,1
45214,2023,10,15,1,1,364,49,12,1,2,2
45214,2023,10,15,1,1,101,11,20,0,1,1
45214,2023,10,15,1,2,222,18,20,0,1,1
45214,2023,10,15,1,1,308,67,7,1,2,2
45214,2023,10,15,1,1,282,18,20,0,1,1
45214,2023,10,15,1,1,104,67,12,1,3,2
45213,2023,10,14,7,3,277,16,12,0,6,3
45214,2023,10,15,1,2,316,11,12,0,3,3
45214,2023,10,15,1,1,364,80,10,1,4,2
45214,2023,10,15,1,1,343,11,20,0,1,1
45213,2023,10,14,7,4,463,49,10,0,3,2
45214,2023,10,15,1,2,101,67,4,1,1,1
45214,2023,10,15,1,2,101,13,4,1,1,1
45214,2023,10,15,1,2,476,49,10,0,4,3
45214,2023,10,15,1,2,116,11,20,0,1,1
45214,2023,10,15,1,2,116,18,21,1,1,1
45214,2023,10,15,1,2,367,81,9,1,4,3
45214,2023,10,15,1,1,407,80,7,0,2,2
45214,2023,10,15,1,2,116,67,9,0,3,2
45214,2023,10,15,1,2,101,67,11,1,2,2
45214,2023,10,15,1,2,465,80,7,1,4,2
45213,2023,10,14,7,4,381,49,7,1,3,2
45214,2023,10,15,1,2,343,2,9,1,4,2
45214,2023,10,15,1,2,262,67,3,0,3,1
45214,2023,10,15,1,2,101,1,11,1,2,2
45214,2023,10,15,1,2,40,49,9,1,4,2
45214,2023,10,15,1,2,230,1,11,1,2,2
45214,2023,10,15,1,2,376,16,12,0,7,2
45214,2023,10,15,1,2,101,67,4,1,1,1
45214,2023,10,15,1,2,277,67,20,0,3,1
45214,2023,10,15,1,2,116,11,21,0,1,1
45214,2023,10,15,1,2,452,82,10,0,6,3
45214,2023,10,15,1,2,343,33,11,1,3,2
45210,2023,10,11,4,2,101,28,21,0,1,1
45214,2023,10,15,1,2,354,16,12,0,4,3
45214,2023,10,15,1,2,381,28,18,0,1,1
45214,2023,10,15,1,2,135,67,3,0,1,1
45214,2023,10,15,1,2,40,15,20,1,3,1
45214,2023,10,15,1,2,308,52,10,1,4,2
45214,2023,10,15,1,2,381,20,9,0,3,2
45214,2023,10,15,1,2,101,78,9,0,4,3
45214,2023,10,15,1,2,40,67,3,0,4,1
45214,2023,10,15,1,2,116,1,11,0,6,2
45214,2023,10,15,1,2,116,16,12,0,2,2
45214,2023,10,15,1,2,369,33,11,0,5,2
45214,2023,10,15,1,2,381,83,12,0,4,2
45214,2023,10,15,1,3,20,16,12,0,7,2
45214,2023,10,15,1,3,116,15,21,0,1,1
45214,2023,10,15,1,3,469,21,21,1,1,1
45214,2023,10,15,1,3,471,9,1,1,1,1
45214,2023,10,15,1,3,101,12,7,1,3,2
45214,2023,10,15,1,3,101,1,2,0,3,2
45214,2023,10,15,1,3,364,12,10,1,4,2
45214,2023,10,15,1,3,158,16,12,0,2,2
45214,2023,10,15,1,3,116,16,15,0,7,3
45214,2023,10,15,1,3,153,49,9,1,2,2
45214,2023,10,15,1,3,101,1,11,1,4,2
45214,2023,10,15,1,3,282,1,12,0,7,3
45214,2023,10,15,1,3,116,67,21,1,1,1
45214,2023,10,15,1,3,116,1,11,0,2,2
45214,2023,10,15,1,3,40,18,20,1,1,1
45214,2023,10,15,1,3,376,11,20,1,1,1
45214,2023,10,15,1,3,163,11,20,0,2,1
45214,2023,10,15,1,3,324,67,12,0,3,2
45214,2023,10,15,1,2,267,1,11,0,3,2
45214,2023,10,15,1,3,101,83,12,0,12,4
45214,2023,10,15,1,3,40,16,12,0,2,2
45214,2023,10,15,1,3,40,11,12,0,5,2
45214,2023,10,15,1,3,316,11,20,0,3,2
45214,2023,10,15,1,3,282,67,15,1,8,3
45214,2023,10,15,1,3,414,67,9,0,2,2
45214,2023,10,15,1,3,470,67,20,0,5,1
45214,2023,10,15,1,3,101,9,1,0,2,1
45214,2023,10,15,1,3,101,15,21,0,2,1
45214,2023,10,15,1,3,116,6,20,0,2,1
45214,2023,10,15,1,3,392,1,12,1,2,2
45214,2023,10,15,1,3,235,19,12,1,2,2
45214,2023,10,15,1,3,369,67,20,0,1,1
45214,2023,10,15,1,3,424,83,20,0,2,1
45214,2023,10,15,1,2,10,11,12,1,7,2
45214,2023,10,15,1,3,367,67,11,0,4,2
45214,2023,10,15,1,3,343,20,11,1,2,2
45214,2023,10,15,1,3,262,18,20,0,3,1
45214,2023,10,15,1,3,376,11,12,0,3,2
45165,2023,8,27,1,1,232,11,4,0,1,1
45214,2023,10,15,1,3,60,61,2,1,2,2
45214,2023,10,15,1,3,423,52,7,0,2,2
45214,2023,10,15,1,3,163,11,15,0,6,4
45214,2023,10,15,1,4,262,29,21,0,2,1
45214,2023,10,15,1,4,116,49,4,1,1,1
45214,2023,10,15,1,3,280,29,21,1,2,1
45214,2023,10,15,1,3,50,49,20,1,1,1
45214,2023,10,15,1,3,116,33,11,1,3,2
45214,2023,10,15,1,4,40,49,12,1,7,2
45214,2023,10,15,1,4,20,49,4,0,1,1
45214,2023,10,15,1,4,316,1,11,1,3,2
45214,2023,10,15,1,4,20,80,7,0,3,2
45214,2023,10,15,1,3,424,1,11,0,3,2
45214,2023,10,15,1,4,40,83,4,1,1,1
45214,2023,10,15,1,3,427,11,4,1,1,1
45214,2023,10,15,1,3,116,49,12,1,7,2
45214,2023,10,15,1,4,369,2,12,1,7,3
45214,2023,10,15,1,3,343,16,15,1,4,3
45214,2023,10,15,1,4,381,16,12,0,2,2
45214,2023,10,15,1,4,101,28,21,1,2,1
45214,2023,10,15,1,4,116,67,21,0,2,1
45214,2023,10,15,1,4,393,35,2,1,2,2
45214,2023,10,15,1,4,116,41,20,1,6,2
45214,2023,10,15,1,4,174,80,7,1,2,2
45214,2023,10,15,1,4,101,1,11,1,2,2
45214,2023,10,15,1,3,101,1,2,0,2,2
45214,2023,10,15,1,4,282,1,11,0,8,2
45214,2023,10,15,1,4,476,83,4,0,1,1
45214,2023,10,15,1,4,465,46,2,0,3,2
45214,2023,10,15,1,3,40,50,7,1,9,3
45214,2023,10,15,1,4,174,29,20,0,2,1
45214,2023,10,15,1,3,287,11,20,0,2,1
45214,2023,10,15,1,3,40,9,1,0,2,2
45214,2023,10,15,1,4,10,28,21,1,1,1
45214,2023,10,15,1,4,493,1,11,0,2,2
45214,2023,10,15,1,4,40,1,11,1,6,2
45214,2023,10,15,1,4,153,80,7,0,2,2
45214,2023,10,15,1,4,101,4,3,1,1,1
45214,2023,10,15,1,4,316,16,12,0,2,2
45214,2023,10,15,1,4,101,11,12,1,2,2
45214,2023,10,15,1,4,316,28,18,0,1,1
45214,2023,10,15,1,4,493,11,12,0,4,3
45214,2023,10,15,1,4,317,9,1,0,1,1
45214,2023,10,15,1,4,364,2,7,0,2,2
45214,2023,10,15,1,4,242,67,9,0,2,2
45215,2023,10,16,2,1,493,46,1,0,3,1
45214,2023,10,15,1,4,101,11,12,0,2,2
45214,2023,10,15,1,4,230,9,1,1,1,1
45214,2023,10,15,1,4,101,83,20,1,3,1
45214,2023,10,15,1,4,324,67,20,0,1,1
45215,2023,10,16,2,1,153,18,4,1,1,1
45214,2023,10,15,1,4,262,11,20,0,3,1
45215,2023,10,16,2,1,101,18,20,0,1,1
45215,2023,10,16,2,1,116,11,3,1,2,1
45215,2023,10,16,2,1,116,35,2,0,2,2
45214,2023,10,15,1,4,435,67,20,0,1,1
45215,2023,10,16,2,1,116,9,1,0,2,1
45215,2023,10,16,2,1,153,67,20,0,2,1
45215,2023,10,16,2,1,116,18,20,0,1,1
45215,2023,10,16,2,1,101,51,21,1,1,1
45214,2023,10,15,1,4,158,83,7,0,2,2
45214,2023,10,15,1,4,470,52,7,0,3,2
45215,2023,10,16,2,1,232,28,18,0,1,1
45215,2023,10,16,2,1,101,15,20,0,1,1
45214,2023,10,15,1,4,163,33,11,0,5,2
45214,2023,10,15,1,4,101,67,7,0,2,2
45215,2023,10,16,2,2,232,16,12,1,3,2
45215,2023,10,16,2,2,406,67,12,0,3,2
45215,2023,10,16,2,2,277,33,11,0,2,2
45215,2023,10,16,2,2,60,16,15,1,3,3
45215,2023,10,16,2,1,101,18,20,1,1,1
45215,2023,10,16,2,2,324,67,15,0,3,3
45215,2023,10,16,2,2,369,67,12,1,4,3
45215,2023,10,16,2,2,60,11,15,1,5,3
45215,2023,10,16,2,2,285,82,10,0,2,2
45215,2023,10,16,2,1,316,9,1,0,2,1
45215,2023,10,16,2,2,116,67,12,1,2,2
45215,2023,10,16,2,2,381,16,12,1,2,2
45215,2023,10,16,2,2,364,64,21,0,2,1
45215,2023,10,16,2,2,277,61,2,1,3,2
45215,2023,10,16,2,2,381,1,11,1,2,2
45179,2023,9,10,1,3,40,12,4,0,1,1
45215,2023,10,16,2,2,60,67,4,0,1,1
45215,2023,10,16,2,2,116,11,12,1,2,2
45215,2023,10,16,2,2,364,1,11,1,2,2
45215,2023,10,16,2,2,153,49,11,0,3,2
45215,2023,10,16,2,2,232,1,9,0,3,2
45215,2023,10,16,2,1,230,11,20,1,7,2
45215,2023,10,16,2,2,262,1,11,0,2,2
45215,2023,10,16,2,2,386,13,7,0,5,2
45215,2023,10,16,2,2,116,78,21,0,1,1
45215,2023,10,16,2,2,116,1,2,1,2,2
45215,2023,10,16,2,2,343,1,11,1,2,2
45215,2023,10,16,2,2,282,67,12,1,2,2
45215,2023,10,16,2,2,364,67,9,1,2,2
45203,2023,10,4,4,3,376,20,11,1,2,2
45215,2023,10,16,2,2,414,67,4,0,3,1
45215,2023,10,16,2,2,116,16,12,1,2,2
45215,2023,10,16,2,3,146,9,20,0,1,1
45185,2023,9,16,7,3,40,83,20,1,1,1
45215,2023,10,16,2,2,317,67,20,0,1,1
45215,2023,10,16,2,2,290,4,20,0,4,1
45215,2023,10,16,2,3,242,1,9,1,2,2
45215,2023,10,16,2,2,230,2,7,1,3,2
45215,2023,10,16,2,3,262,9,1,0,1,1
45215,2023,10,16,2,3,230,61,2,1,2,2
45215,2023,10,16,2,3,163,11,21,0,1,1
45200,2023,10,1,1,3,60,64,12,1,2,2
45159,2023,8,21,2,4,381,60,2,0,3,2
45215,2023,10,16,2,2,364,33,11,1,2,2
45215,2023,10,16,2,3,163,11,12,0,4,2
45215,2023,10,16,2,3,116,11,21,1,2,1
45215,2023,10,16,2,2,101,33,11,0,2,2
45215,2023,10,16,2,3,381,1,11,1,3,2
45215,2023,10,16,2,3,116,52,9,1,1,1
45215,2023,10,16,2,3,277,17,11,0,2,2
45167,2023,8,29,3,3,324,1,11,0,3,2
45191,2023,9,22,6,1,424,28,3,0,1,1
45215,2023,10,16,2,3,116,78,12,0,2,2
45215,2023,10,16,2,3,116,13,21,0,2,1
45215,2023,10,16,2,3,381,11,12,1,3,3
45215,2023,10,16,2,2,415,83,7,0,3,2
45215,2023,10,16,2,3,101,67,12,1,2,2
45215,2023,10,16,2,3,116,78,9,1,2,2
45187,2023,9,18,2,2,101,51,3,0,2,1
45215,2023,10,16,2,3,104,1,9,1,2,2
45215,2023,10,16,2,3,153,1,11,1,2,2
45215,2023,10,16,2,2,316,11,20,0,1,1
45215,2023,10,16,2,3,101,28,21,0,2,1
45215,2023,10,16,2,3,365,63,20,0,2,1
45215,2023,10,16,2,3,116,78,9,1,4,4
45215,2023,10,16,2,3,101,52,9,0,2,2
45215,2023,10,16,2,3,277,33,11,1,2,2
45215,2023,10,16,2,3,101,83,15,1,6,6
45215,2023,10,16,2,3,277,52,12,1,2,2
45215,2023,10,16,2,3,60,67,2,1,5,2
45215,2023,10,16,2,3,101,78,9,1,4,4
45215,2023,10,16,2,3,40,82,7,0,3,2
45215,2023,10,16,2,3,324,72,12,1,3,2
45215,2023,10,16,2,3,116,83,4,0,3,1
45215,2023,10,16,2,3,316,4,20,0,1,1
45215,2023,10,16,2,3,230,52,9,1,2,2
45215,2023,10,16,2,4,343,9,1,0,1,1
45215,2023,10,16,2,3,470,1,11,1,3,3
45117,2023,7,10,2,2,293,55,20,0,2,1
45215,2023,10,16,2,4,101,52,9,1,1,1
45211,2023,10,12,5,2,101,28,18,1,1,1
45215,2023,10,16,2,4,365,82,10,0,2,2
45215,2023,10,16,2,4,101,83,21,0,1,1
45215,2023,10,16,2,4,101,60,2,0,2,2
45215,2023,10,16,2,3,116,52,7,0,2,2
45215,2023,10,16,2,4,381,83,20,0,1,1
45215,2023,10,16,2,4,386,13,20,0,2,1
45215,2023,10,16,2,3,262,9,1,0,3,2
45215,2023,10,16,2,4,116,11,4,0,2,1
45215,2023,10,16,2,4,470,15,7,0,3,2
45215,2023,10,16,2,4,290,4,20,0,2,1
45215,2023,10,16,2,3,319,11,20,0,1,1
45215,2023,10,16,2,4,277,67,20,0,2,1
45215,2023,10,16,2,3,415,82,7,0,4,3
45215,2023,10,16,2,4,101,33,11,0,2,2
45215,2023,10,16,2,4,364,33,11,1,2,2
45215,2023,10,16,2,4,101,67,20,1,3,1
45215,2023,10,16,2,4,153,9,1,1,3,1
45215,2023,10,16,2,4,293,9,1,0,1,1
45215,2023,10,16,2,3,376,11,15,1,3,3
45216,2023,10,17,3,1,153,9,20,0,1,1
45216,2023,10,17,3,1,163,11,20,0,3,1
45216,2023,10,17,3,1,116,28,18,0,1,1
45216,2023,10,17,3,1,40,35,2,0,2,2
45216,2023,10,17,3,1,116,67,20,0,1,1
45216,2023,10,17,3,1,381,4,20,1,2,1
45216,2023,10,17,3,2,364,1,11,0,2,2
45216,2023,10,17,3,2,304,67,20,0,1,1
45216,2023,10,17,3,2,101,33,11,1,2,2
45216,2023,10,17,3,2,116,78,9,1,3,2
45216,2023,10,17,3,2,101,81,2,1,3,2
45205,2023,10,6,6,3,135,82,7,0,6,3
45216,2023,10,17,3,2,381,67,3,0,5,1
45215,2023,10,16,2,3,116,28,18,0,1,1
45216,2023,10,17,3,2,116,11,21,0,2,1
45216,2023,10,17,3,2,40,13,4,0,1,1
45216,2023,10,17,3,2,364,16,9,1,2,2
45216,2023,10,17,3,2,290,20,12,1,2,2
45216,2023,10,17,3,2,153,13,20,0,2,1
45215,2023,10,16,2,3,40,16,12,1,2,2
45216,2023,10,17,3,2,373,4,20,0,1,1
45216,2023,10,17,3,2,222,33,11,1,2,2
45216,2023,10,17,3,2,116,13,20,0,2,1
45216,2023,10,17,3,2,386,4,20,0,2,1
45216,2023,10,17,3,2,282,52,9,1,2,2
45216,2023,10,17,3,2,381,1,11,1,2,2
45216,2023,10,17,3,2,116,17,11,1,2,2
45207,2023,10,8,1,4,20,16,12,1,3,2
45216,2023,10,17,3,2,101,78,9,1,2,2
45216,2023,10,17,3,2,101,67,15,1,4,3
45216,2023,10,17,3,2,277,49,12,1,2,2
45216,2023,10,17,3,2,116,67,9,0,3,2
45216,2023,10,17,3,2,116,82,9,0,1,1
45216,2023,10,17,3,2,20,81,9,1,3,2
45216,2023,10,17,3,3,101,1,9,1,4,3
45216,2023,10,17,3,2,376,78,9,1,2,2
45216,2023,10,17,3,2,40,51,21,1,1,1
45216,2023,10,17,3,2,101,72,9,1,2,2
45216,2023,10,17,3,3,101,11,4,1,2,2
45216,2023,10,17,3,2,376,28,3,1,2,1
45216,2023,10,17,3,2,470,16,12,1,2,2
45216,2023,10,17,3,3,163,18,20,0,1,1
45216,2023,10,17,3,3,393,2,11,1,2,2
45216,2023,10,17,3,3,282,67,12,1,1,1
45216,2023,10,17,3,3,369,82,7,0,2,2
45216,2023,10,17,3,3,101,50,20,1,1,1
45216,2023,10,17,3,3,101,25,12,0,2,2
45172,2023,9,3,1,3,60,4,20,0,2,1
45216,2023,10,17,3,3,386,11,15,1,3,3
45216,2023,10,17,3,3,116,67,20,0,1,1
45216,2023,10,17,3,3,101,83,21,1,1,1
45216,2023,10,17,3,3,70,67,12,1,3,2
45216,2023,10,17,3,3,101,16,12,1,2,2
45137,2023,7,30,1,3,153,20,11,1,2,2
45216,2023,10,17,3,3,493,51,20,0,2,1
45216,2023,10,17,3,3,493,14,20,0,1,1
45216,2023,10,17,3,2,407,67,20,0,2,1
45216,2023,10,17,3,3,376,35,2,1,2,2
45216,2023,10,17,3,3,101,33,11,1,2,2
45216,2023,10,17,3,3,116,83,20,0,2,1
45216,2023,10,17,3,3,277,28,18,0,1,1
45216,2023,10,17,3,3,116,1,10,1,2,2
45197,2023,9,28,5,1,277,1,2,1,2,2
45171,2023,9,2,7,4,423,9,1,0,5,1
45216,2023,10,17,3,3,158,28,21,0,1,1
45216,2023,10,17,3,3,116,11,15,0,4,3
45216,2023,10,17,3,3,101,67,21,1,1,1
45216,2023,10,17,3,4,101,52,12,1,2,2
45216,2023,10,17,3,3,101,67,9,1,2,2
45216,2023,10,17,3,3,116,67,20,1,1,1
45216,2023,10,17,3,4,408,61,2,1,2,2
45216,2023,10,17,3,3,101,60,2,1,2,2
45216,2023,10,17,3,3,470,11,9,0,2,2
45216,2023,10,17,3,3,262,80,7,0,6,2
45216,2023,10,17,3,3,101,67,11,1,2,2
45216,2023,10,17,3,3,116,33,11,0,3,2
45216,2023,10,17,3,4,70,9,1,0,2,1
45216,2023,10,17,3,3,153,67,12,1,2,2
45216,2023,10,17,3,4,376,78,12,0,4,4
45216,2023,10,17,3,3,230,67,12,0,2,2
45216,2023,10,17,3,4,110,60,2,0,2,2
45216,2023,10,17,3,4,369,9,1,0,3,1
45216,2023,10,17,3,4,101,83,20,0,1,1
45216,2023,10,17,3,3,153,15,7,0,3,2
45216,2023,10,17,3,4,101,33,11,1,2,2
45216,2023,10,17,3,4,343,11,12,1,3,3
45216,2023,10,17,3,4,277,33,11,1,2,2
45216,2023,10,17,3,3,230,16,12,1,2,2
45216,2023,10,17,3,4,277,11,4,0,2,1
45174,2023,9,5,3,4,163,61,2,1,4,2
45216,2023,10,17,3,4,40,60,2,1,2,2
45208,2023,10,9,2,2,356,16,12,0,3,3
45216,2023,10,17,3,4,40,1,11,1,2,2
45216,2023,10,17,3,4,153,16,12,0,3,3
45216,2023,10,17,3,4,101,33,11,1,2,2
45216,2023,10,17,3,4,277,33,11,1,3,2
45216,2023,10,17,3,4,406,35,2,1,3,2
45216,2023,10,17,3,4,230,9,1,1,1,1
45216,2023,10,17,3,4,116,67,20,0,1,1
45216,2023,10,17,3,4,116,67,12,0,3,2
45216,2023,10,17,3,3,153,15,4,0,2,1
45216,2023,10,17,3,4,116,28,12,0,6,5
45216,2023,10,17,3,4,230,49,12,1,2,2
45216,2023,10,17,3,4,356,13,4,0,3,1
45217,2023,10,18,4,1,153,49,20,0,1,1
45217,2023,10,18,4,1,277,11,20,0,4,1
45217,2023,10,18,4,1,163,11,20,0,1,1
45217,2023,10,18,4,1,386,11,4,0,2,1
45217,2023,10,18,4,1,463,67,4,0,1,1
45217,2023,10,18,4,1,262,18,20,0,3,1
45217,2023,10,18,4,2,153,18,20,1,1,1
45217,2023,10,18,4,2,116,16,12,1,2,2
45217,2023,10,18,4,2,116,11,21,1,1,1
45217,2023,10,18,4,2,324,78,9,1,2,2
45217,2023,10,18,4,2,277,52,9,1,3,2
45217,2023,10,18,4,2,101,67,21,0,1,1
45217,2023,10,18,4,2,324,1,9,1,2,2
45217,2023,10,18,4,2,60,1,11,0,3,2
45217,2023,10,18,4,2,40,11,12,1,3,2
45216,2023,10,17,3,3,364,20,11,0,2,2
45217,2023,10,18,4,2,470,20,9,1,2,2
45217,2023,10,18,4,2,406,11,12,0,2,2
45217,2023,10,18,4,2,364,2,11,1,3,2
45217,2023,10,18,4,2,153,19,20,0,1,1
45217,2023,10,18,4,2,40,1,9,1,3,2
45217,2023,10,18,4,1,282,28,18,0,1,1
45217,2023,10,18,4,2,153,11,15,1,3,3
45217,2023,10,18,4,2,381,11,12,1,2,2
45217,2023,10,18,4,2,262,1,7,1,2,2
45209,2023,10,10,3,3,282,28,18,0,1,1
45217,2023,10,18,4,2,459,52,9,1,2,2
45177,2023,9,8,6,4,324,16,9,1,2,2
45210,2023,10,11,4,4,232,11,12,0,2,2
45217,2023,10,18,4,2,230,1,11,1,3,2
45217,2023,10,18,4,2,101,1,11,1,2,2
45217,2023,10,18,4,2,116,33,11,1,3,2
45217,2023,10,18,4,2,101,16,12,1,5,4
45217,2023,10,18,4,2,163,52,9,1,2,2
45217,2023,10,18,4,2,230,67,12,1,3,2
45217,2023,10,18,4,2,116,67,12,1,3,2