id_data,ano,mes,dia,id_dia_semana,periodo,br,id_causa_acidente,id_tipo_acidente,id_uso_solo,pessoas,veiculos
45217,2023,10,18,4,2,60,67,20,0,1,1
45217,2023,10,18,4,2,40,67,20,0,1,1
45217,2023,10,18,4,2,316,2,9,1,2,2
45217,2023,10,18,4,2,110,67,11,1,2,2
45217,2023,10,18,4,2,101,52,12,1,3,3
45217,2023,10,18,4,2,242,67,12,0,2,2
45217,2023,10,18,4,2,116,51,12,1,3,3
45217,2023,10,18,4,2,40,67,20,0,1,1
45217,2023,10,18,4,2,116,18,4,0,1,1
45217,2023,10,18,4,2,101,1,11,1,2,2
45217,2023,10,18,4,2,116,67,20,0,3,1
45217,2023,10,18,4,3,324,16,12,1,2,2
45164,2023,8,26,7,1,304,11,7,0,4,2
45205,2023,10,6,6,2,304,49,12,0,2,2
45217,2023,10,18,4,3,465,82,11,0,2,2
45217,2023,10,18,4,3,101,11,15,0,7,5
45217,2023,10,18,4,3,116,11,21,1,1,1
45217,2023,10,18,4,1,324,11,20,0,2,1
45217,2023,10,18,4,2,365,11,20,0,2,1
45217,2023,10,18,4,2,116,82,9,1,4,2
45212,2023,10,13,6,2,262,1,11,0,2,2
45204,2023,10,5,5,3,116,33,11,1,2,2
45217,2023,10,18,4,3,101,67,15,1,4,3
45217,2023,10,18,4,3,101,56,4,1,1,1
45217,2023,10,18,4,3,153,80,7,0,3,2
45217,2023,10,18,4,3,101,28,18,1,2,1
45187,2023,9,18,2,2,376,67,15,1,9,7
45217,2023,10,18,4,3,101,52,9,0,1,1
45217,2023,10,18,4,3,232,16,12,1,3,2
45217,2023,10,18,4,3,116,11,20,1,1,1
45217,2023,10,18,4,3,393,81,11,1,3,2
45217,2023,10,18,4,3,153,11,12,1,3,2
45217,2023,10,18,4,3,290,11,12,1,2,2
45217,2023,10,18,4,3,101,16,12,1,3,2
45217,2023,10,18,4,3,232,52,9,0,3,2
45217,2023,10,18,4,3,101,13,21,0,2,1
45217,2023,10,18,4,3,101,13,21,0,1,1
45217,2023,10,18,4,3,116,78,9,1,2,2
45217,2023,10,18,4,3,101,11,12,1,2,2
45217,2023,10,18,4,3,158,82,7,1,2,2
45217,2023,10,18,4,3,40,52,12,1,3,2
45217,2023,10,18,4,4,324,28,18,1,1,1
45217,2023,10,18,4,3,101,33,11,1,3,3
45217,2023,10,18,4,4,158,80,10,0,2,2
45217,2023,10,18,4,4,316,81,2,0,2,2
45217,2023,10,18,4,3,40,11,12,0,3,3
45217,2023,10,18,4,4,50,14,4,0,8,3
45217,2023,10,18,4,4,116,35,2,0,3,2
45217,2023,10,18,4,4,116,67,21,1,1,1
45198,2023,9,29,6,4,476,49,7,0,3,3
45217,2023,10,18,4,4,293,9,1,0,2,2
45209,2023,10,10,3,4,262,9,1,0,6,1
45217,2023,10,18,4,4,101,67,15,1,5,4
45217,2023,10,18,4,4,116,67,20,0,2,1
45217,2023,10,18,4,4,101,67,20,1,1,1
45217,2023,10,18,4,4,116,16,12,0,2,2
45218,2023,10,19,5,1,282,2,11,0,3,2
45218,2023,10,19,5,1,381,18,4,0,1,1
45217,2023,10,18,4,3,343,1,11,0,2,2
45218,2023,10,19,5,1,226,28,18,1,1,1
45218,2023,10,19,5,1,290,67,1,1,1,1
45218,2023,10,19,5,1,463,72,9,1,5,2
45218,2023,10,19,5,2,20,10,2,1,2,2
45218,2023,10,19,5,2,101,64,21,0,1,1
45218,2023,10,19,5,1,116,60,2,0,2,2
45218,2023,10,19,5,2,40,21,21,0,1,1
45218,2023,10,19,5,2,70,52,9,0,5,2
45218,2023,10,19,5,2,153,16,15,1,10,4
45218,2023,10,19,5,2,116,1,9,1,2,2
45217,2023,10,18,4,4,465,1,11,0,3,2
45218,2023,10,19,5,2,381,67,12,1,4,2
45218,2023,10,19,5,2,101,52,9,0,2,2
45218,2023,10,19,5,2,222,33,11,1,2,2
45218,2023,10,19,5,2,116,67,20,0,1,1
45218,2023,10,19,5,2,116,18,20,0,1,1
45218,2023,10,19,5,2,101,16,12,1,4,4
45218,2023,10,19,5,2,381,83,3,0,5,1
45218,2023,10,19,5,2,116,67,15,0,8,4
45218,2023,10,19,5,2,319,16,12,1,2,2
45218,2023,10,19,5,2,222,52,9,0,3,2
45218,2023,10,19,5,2,101,16,12,1,2,2
45218,2023,10,19,5,2,101,67,12,0,1,1
45218,2023,10,19,5,2,343,11,12,1,7,2
45202,2023,10,3,3,3,423,25,12,0,3,2
45218,2023,10,19,5,2,40,28,18,0,2,1
45218,2023,10,19,5,2,277,11,20,0,1,1
45178,2023,9,9,7,1,70,11,3,0,5,1
45182,2023,9,13,4,4,101,52,20,0,1,1
45218,2023,10,19,5,2,232,60,2,1,2,2
45218,2023,10,19,5,2,101,18,4,0,1,1
45142,2023,8,4,6,3,135,67,20,0,7,1
45218,2023,10,19,5,2,116,82,4,1,1,1
45218,2023,10,19,5,2,116,78,9,0,3,2
45197,2023,9,28,5,4,174,9,7,0,2,1
45218,2023,10,19,5,2,280,33,11,0,3,2
45218,2023,10,19,5,3,470,33,11,1,2,2
45218,2023,10,19,5,2,116,17,11,1,6,3
45218,2023,10,19,5,2,40,52,9,1,2,2
45218,2023,10,19,5,2,282,61,2,1,3,2
45218,2023,10,19,5,2,354,83,20,0,1,1
45218,2023,10,19,5,3,153,1,11,1,2,2
45218,2023,10,19,5,3,116,60,2,1,2,2
45218,2023,10,19,5,3,267,18,4,0,2,1
45218,2023,10,19,5,3,101,67,12,0,2,2
45207,2023,10,8,1,3,470,33,11,1,7,2
45218,2023,10,19,5,3,116,21,20,0,1,1
45218,2023,10,19,5,3,101,11,12,1,2,2
45218,2023,10,19,5,3,364,1,10,1,2,2
45218,2023,10,19,5,3,146,1,11,0,7,2
45218,2023,10,19,5,2,153,11,12,1,3,2
45218,2023,10,19,5,3,324,52,15,0,3,3
45218,2023,10,19,5,3,116,11,15,1,5,4
45150,2023,8,12,7,2,101,11,2,1,3,3
45218,2023,10,19,5,3,230,52,9,0,5,2
45218,2023,10,19,5,3,277,13,4,0,2,1
45218,2023,10,19,5,3,163,61,2,1,2,2
45182,2023,9,13,4,3,116,6,21,1,2,2
45218,2023,10,19,5,3,101,16,21,0,2,1
45218,2023,10,19,5,3,365,82,20,0,1,1
45218,2023,10,19,5,3,116,11,7,1,2,2
45218,2023,10,19,5,3,40,52,9,1,2,2
45218,2023,10,19,5,3,163,33,11,0,3,2
45218,2023,10,19,5,3,480,67,20,1,1,1
45218,2023,10,19,5,3,116,52,9,1,2,1
45218,2023,10,19,5,3,116,81,12,1,2,2
45218,2023,10,19,5,3,459,2,11,0,2,2
45218,2023,10,19,5,3,153,1,11,1,2,2
45218,2023,10,19,5,3,153,35,2,1,2,2
45218,2023,10,19,5,3,153,11,20,0,1,1
45218,2023,10,19,5,3,116,83,12,1,3,2
45218,2023,10,19,5,3,116,67,21,1,3,3
45218,2023,10,19,5,3,470,20,11,1,3,3
45218,2023,10,19,5,4,70,2,10,0,2,2
45202,2023,10,3,3,3,116,16,12,0,3,3
45218,2023,10,19,5,3,287,67,7,0,5,2
45218,2023,10,19,5,4,116,16,12,1,2,2
45218,2023,10,19,5,4,469,15,20,0,1,1
45218,2023,10,19,5,2,158,1,11,0,2,2
45218,2023,10,19,5,4,343,81,21,0,2,2
45218,2023,10,19,5,3,50,15,3,0,1,1
45218,2023,10,19,5,4,304,1,11,0,1,1
45218,2023,10,19,5,4,101,16,12,0,2,2
45218,2023,10,19,5,3,116,28,18,1,1,1
45218,2023,10,19,5,4,470,67,20,0,1,1
45218,2023,10,19,5,4,116,13,21,1,1,1
45218,2023,10,19,5,4,230,49,4,1,1,1
45218,2023,10,19,5,4,116,15,3,0,1,1
45218,2023,10,19,5,4,376,11,20,0,1,1
45218,2023,10,19,5,4,40,9,1,1,4,1
45218,2023,10,19,5,4,230,11,20,0,1,1
45218,2023,10,19,5,4,116,67,2,1,2,2
45218,2023,10,19,5,4,369,1,2,1,2,2
45218,2023,10,19,5,4,116,11,12,1,2,2
45218,2023,10,19,5,4,163,15,21,0,1,1
45218,2023,10,19,5,4,230,25,12,0,2,2
45218,2023,10,19,5,4,116,49,12,1,2,2
45218,2023,10,19,5,3,153,72,11,1,2,2
45219,2023,10,20,6,1,116,11,12,1,3,2
45219,2023,10,20,6,1,280,11,4,0,1,1
45218,2023,10,19,5,4,101,49,20,0,1,1
45219,2023,10,20,6,1,364,12,12,0,2,2
45219,2023,10,20,6,1,101,80,10,0,2,2
45218,2023,10,19,5,4,101,16,12,1,2,2
45219,2023,10,20,6,1,153,11,4,0,2,1
45219,2023,10,20,6,1,116,11,4,0,1,1
45219,2023,10,20,6,2,369,64,21,0,1,1
45218,2023,10,19,5,4,101,11,7,0,2,2
45219,2023,10,20,6,1,316,82,7,0,5,2
45219,2023,10,20,6,2,50,11,21,1,1,1
45219,2023,10,20,6,2,280,1,11,1,2,2
45219,2023,10,20,6,2,116,78,9,1,2,2
45219,2023,10,20,6,2,470,1,11,1,2,2
45219,2023,10,20,6,2,235,52,9,1,4,2
45219,2023,10,20,6,2,101,64,21,1,1,1
45219,2023,10,20,6,2,40,83,12,1,4,3
45219,2023,10,20,6,2,40,16,21,1,2,2
45219,2023,10,20,6,2,407,16,12,1,2,2
45219,2023,10,20,6,1,230,80,7,0,2,2
45201,2023,10,2,2,4,428,46,1,1,1,1
45219,2023,10,20,6,2,116,52,12,1,2,2
45219,2023,10,20,6,2,381,61,4,1,2,2
45219,2023,10,20,6,2,116,33,11,1,2,2
45219,2023,10,20,6,2,356,20,11,1,2,2
45219,2023,10,20,6,2,116,19,12,0,2,2
45204,2023,10,5,5,2,101,67,11,1,3,3
45219,2023,10,20,6,2,381,13,21,0,1,1
45219,2023,10,20,6,2,101,35,2,0,3,2
45219,2023,10,20,6,2,364,16,12,1,2,2
45219,2023,10,20,6,2,324,82,11,1,3,2
45219,2023,10,20,6,2,101,64,21,1,1,1
45219,2023,10,20,6,1,10,1,11,1,2,2
45209,2023,10,10,3,3,262,82,9,0,3,2
45181,2023,9,12,3,2,232,72,12,0,2,2
45219,2023,10,20,6,2,376,28,20,1,2,1
45208,2023,10,9,2,1,376,15,20,0,1,1
45201,2023,10,2,2,4,369,11,12,1,1,1
45211,2023,10,12,5,3,267,33,11,0,6,2
45219,2023,10,20,6,2,381,16,12,1,2,2
45219,2023,10,20,6,2,392,83,4,0,1,1
45219,2023,10,20,6,2,369,1,11,1,2,2
45219,2023,10,20,6,2,343,1,11,1,3,2
45219,2023,10,20,6,2,415,67,12,1,4,3
45219,2023,10,20,6,2,153,28,21,0,1,1
45219,2023,10,20,6,2,153,16,21,1,1,1
45219,2023,10,20,6,2,153,67,10,0,3,2
45219,2023,10,20,6,2,40,28,18,1,30,1
45219,2023,10,20,6,2,101,20,11,1,2,2
45219,2023,10,20,6,2,101,52,11,0,2,2
45219,2023,10,20,6,2,364,16,9,1,2,2
45219,2023,10,20,6,2,116,16,12,1,2,2
45219,2023,10,20,6,3,277,60,21,1,1,1
45219,2023,10,20,6,2,153,7,20,0,1,1
45219,2023,10,20,6,3,316,20,11,0,2,2
45219,2023,10,20,6,3,230,18,20,0,1,1
45219,2023,10,20,6,2,432,83,20,0,4,1
45195,2023,9,26,3,3,50,67,12,0,3,2
45219,2023,10,20,6,3,60,16,9,1,2,2
45219,2023,10,20,6,3,381,11,21,1,2,1
45219,2023,10,20,6,3,153,11,20,1,3,2
45219,2023,10,20,6,3,174,67,12,1,2,2
45219,2023,10,20,6,3,381,67,12,1,2,2
45219,2023,10,20,6,3,101,35,2,1,2,2
45219,2023,10,20,6,3,50,1,11,0,4,2
45219,2023,10,20,6,3,70,52,9,1,3,2
45219,2023,10,20,6,3,381,11,12,1,5,4
45219,2023,10,20,6,3,222,61,2,1,3,2
45219,2023,10,20,6,3,277,16,12,1,2,2
45219,2023,10,20,6,3,40,52,9,0,2,2
45219,2023,10,20,6,3,116,28,18,0,1,1
45207,2023,10,8,1,4,116,11,20,0,1,1
45219,2023,10,20,6,3,381,11,21,1,1,1
45219,2023,10,20,6,3,60,67,20,0,2,1
45219,2023,10,20,6,3,70,67,9,1,3,2
45219,2023,10,20,6,3,285,1,11,1,2,2
45212,2023,10,13,6,4,101,61,2,1,2,2
45219,2023,10,20,6,3,280,1,11,1,2,2
45219,2023,10,20,6,3,488,80,7,1,2,2
45219,2023,10,20,6,3,386,1,11,0,3,2
45219,2023,10,20,6,3,476,33,11,1,2,2
45219,2023,10,20,6,3,285,16,12,1,2,2
45219,2023,10,20,6,3,267,80,7,0,2,2
45219,2023,10,20,6,3,116,52,9,0,3,3
45219,2023,10,20,6,3,40,20,11,1,2,2
45219,2023,10,20,6,3,116,13,21,0,2,1
45219,2023,10,20,6,3,101,52,9,0,2,2
45219,2023,10,20,6,2,20,67,9,0,2,2
45219,2023,10,20,6,3,381,15,20,1,2,1
45219,2023,10,20,6,3,101,1,9,1,4,3
45219,2023,10,20,6,3,116,16,12,1,2,2
45219,2023,10,20,6,4,101,78,9,1,2,2
45219,2023,10,20,6,3,116,20,11,1,3,2
45215,2023,10,16,2,3,470,52,11,0,2,2
45219,2023,10,20,6,4,277,52,12,1,3,3
45219,2023,10,20,6,4,101,35,2,1,2,2
45219,2023,10,20,6,3,381,83,3,0,4,1
45219,2023,10,20,6,4,495,16,12,1,2,2
45219,2023,10,20,6,3,60,46,12,1,2,2
45219,2023,10,20,6,3,135,2,11,1,1,1
45219,2023,10,20,6,3,101,15,3,0,3,1
45173,2023,9,4,2,1,116,11,20,0,1,1
45219,2023,10,20,6,4,116,83,12,1,6,2
45219,2023,10,20,6,4,277,1,11,0,2,2
45219,2023,10,20,6,3,324,11,12,1,2,2
45219,2023,10,20,6,4,101,49,12,0,2,2
45219,2023,10,20,6,4,290,16,12,1,5,2
45219,2023,10,20,6,4,80,67,20,0,1,1
45219,2023,10,20,6,4,40,11,4,1,1,1
45219,2023,10,20,6,4,101,52,9,1,2,2
45219,2023,10,20,6,4,158,9,1,0,1,1
45219,2023,10,20,6,4,163,33,11,1,2,2
45219,2023,10,20,6,4,101,52,9,1,2,2
45219,2023,10,20,6,3,470,52,12,0,2,2
45219,2023,10,20,6,4,401,49,21,1,1,1
45219,2023,10,20,6,4,116,15,3,0,1,1
45219,2023,10,20,6,4,230,9,20,0,1,1
45219,2023,10,20,6,4,463,27,11,1,3,3
45190,2023,9,21,5,4,101,6,20,0,2,1
45219,2023,10,20,6,3,226,80,11,0,2,2
45219,2023,10,20,6,4,316,11,20,1,2,1
45220,2023,10,21,7,1,230,16,12,1,2,2
45219,2023,10,20,6,4,316,11,20,0,2,1
45220,2023,10,21,7,1,116,52,11,1,3,2
45220,2023,10,21,7,1,116,67,4,1,1,1
45220,2023,10,21,7,1,153,36,12,0,2,2
45220,2023,10,21,7,1,101,67,21,0,1,1
45220,2023,10,21,7,1,163,49,20,0,1,1
45220,2023,10,21,7,1,101,11,20,0,1,1
45220,2023,10,21,7,1,116,11,9,1,2,2
45220,2023,10,21,7,1,116,67,3,0,6,1
45220,2023,10,21,7,1,262,11,3,0,1,1
45220,2023,10,21,7,1,101,49,21,1,1,1
45220,2023,10,21,7,1,153,49,21,0,1,1
45220,2023,10,21,7,1,470,67,4,1,2,1
45217,2023,10,18,4,4,222,11,20,1,1,1
45220,2023,10,21,7,1,101,49,12,1,3,2
45219,2023,10,20,6,4,381,15,12,0,7,3
45220,2023,10,21,7,1,470,52,11,0,2,2
45220,2023,10,21,7,1,101,52,9,0,2,2
45220,2023,10,21,7,1,386,49,4,1,1,1
45220,2023,10,21,7,1,376,1,9,1,2,2
45220,2023,10,21,7,1,364,11,4,1,2,1
45220,2023,10,21,7,1,116,11,4,0,1,1
45220,2023,10,21,7,1,393,11,4,0,1,1
45220,2023,10,21,7,2,343,49,9,1,2,2
45220,2023,10,21,7,1,163,60,2,0,2,2
45219,2023,10,20,6,4,174,5,4,1,3,1
45220,2023,10,21,7,1,163,41,20,0,1,1
45220,2023,10,21,7,2,210,52,9,0,3,2
45220,2023,10,21,7,2,101,11,20,1,2,1
45220,2023,10,21,7,1,153,18,12,0,2,2
45220,2023,10,21,7,1,116,18,7,0,3,2
45220,2023,10,21,7,2,116,83,9,0,2,2
45220,2023,10,21,7,1,277,67,4,0,1,1
45220,2023,10,21,7,2,381,67,21,0,1,1
45220,2023,10,21,7,2,101,83,21,0,1,1
45180,2023,9,11,2,1,364,51,20,0,2,1
45220,2023,10,21,7,2,242,83,20,0,1,1
45220,2023,10,21,7,2,116,11,12,1,3,2
45220,2023,10,21,7,2,70,52,12,0,2,2
45192,2023,9,23,7,1,116,80,7,1,2,2
45220,2023,10,21,7,2,101,56,4,1,3,3
45220,2023,10,21,7,2,153,1,11,1,1,1
45220,2023,10,21,7,2,316,1,11,1,5,3
45220,2023,10,21,7,2,101,11,21,1,2,1
45220,2023,10,21,7,2,324,1,11,1,3,2
45220,2023,10,21,7,2,101,67,21,0,1,1
45220,2023,10,21,7,2,116,16,11,1,3,3
45220,2023,10,21,7,2,101,1,11,1,3,2
45220,2023,10,21,7,2,476,78,21,1,1,1
45220,2023,10,21,7,2,364,11,9,1,2,2
45220,2023,10,21,7,2,116,1,11,1,2,2
45220,2023,10,21,7,2,365,1,11,0,2,2
45220,2023,10,21,7,2,80,1,11,1,5,2
45220,2023,10,21,7,2,116,67,21,1,1,1
45220,2023,10,21,7,2,50,16,21,0,1,1
45220,2023,10,21,7,2,70,67,15,0,1,1
45220,2023,10,21,7,3,262,18,21,0,1,1
45220,2023,10,21,7,2,364,17,10,1,3,2
45220,2023,10,21,7,2,369,1,11,1,2,2
45220,2023,10,21,7,2,428,52,12,0,2,2
45220,2023,10,21,7,3,101,11,12,0,3,2
45220,2023,10,21,7,3,101,67,12,1,3,2
45220,2023,10,21,7,3,386,33,11,1,2,2
45220,2023,10,21,7,2,222,11,20,1,1,1
45220,2023,10,21,7,3,116,11,20,0,2,1
45220,2023,10,21,7,3,101,72,12,0,2,2
45220,2023,10,21,7,2,101,45,12,0,3,3
45220,2023,10,21,7,2,262,15,20,0,3,1
45220,2023,10,21,7,3,381,11,20,1,1,1
45220,2023,10,21,7,2,158,67,20,0,1,1
45220,2023,10,21,7,3,40,52,9,1,2,2
45220,2023,10,21,7,3,153,13,20,0,1,1
45220,2023,10,21,7,2,101,67,3,0,1,1
45220,2023,10,21,7,3,277,67,4,0,1,1
45220,2023,10,21,7,3,101,11,4,0,1,1
45220,2023,10,21,7,3,343,16,12,0,2,2
45220,2023,10,21,7,3,116,1,9,1,12,2
45220,2023,10,21,7,3,116,52,3,0,2,1
45220,2023,10,21,7,3,116,80,7,0,2,2
45213,2023,10,14,7,3,480,49,2,1,3,2
45170,2023,9,1,6,1,70,18,2,0,2,2
45220,2023,10,21,7,3,364,81,21,0,2,1
45220,2023,10,21,7,2,316,28,18,0,1,1
45220,2023,10,21,7,3,116,49,11,1,6,3
45217,2023,10,18,4,2,381,11,12,1,2,2
45220,2023,10,21,7,3,110,1,11,1,4,2
45220,2023,10,21,7,3,365,49,4,0,1,1
45220,2023,10,21,7,3,40,16,12,1,2,2
45220,2023,10,21,7,3,381,28,18,0,1,1
45220,2023,10,21,7,3,40,11,20,0,1,1
45220,2023,10,21,7,3,60,11,20,0,1,1
45220,2023,10,21,7,2,101,18,11,1,3,2
45220,2023,10,21,7,3,262,83,3,0,1,1
45220,2023,10,21,7,3,470,67,20,0,5,1
45220,2023,10,21,7,3,470,83,4,0,1,1
45220,2023,10,21,7,3,222,2,11,0,1,1
45220,2023,10,21,7,3,470,19,9,0,2,2
45220,2023,10,21,7,3,226,9,1,0,1,1
45220,2023,10,21,7,4,60,49,4,1,2,2
45220,2023,10,21,7,3,163,67,10,0,6,2
45217,2023,10,18,4,3,381,80,7,0,3,2
45220,2023,10,21,7,4,381,11,9,1,2,2
45220,2023,10,21,7,4,146,13,21,0,3,2
45220,2023,10,21,7,3,116,61,2,1,2,2
45220,2023,10,21,7,3,101,49,20,1,1,1
45220,2023,10,21,7,4,20,33,11,0,6,2
45220,2023,10,21,7,4,262,11,4,0,1,1
45220,2023,10,21,7,4,369,80,10,1,2,2
45220,2023,10,21,7,4,376,67,20,0,4,1
45220,2023,10,21,7,4,116,11,15,1,3,3
45220,2023,10,21,7,3,101,11,12,0,2,2
45220,2023,10,21,7,4,285,1,11,1,4,2
45220,2023,10,21,7,4,230,11,4,1,2,2
45220,2023,10,21,7,4,282,49,7,1,2,2
45220,2023,10,21,7,4,304,67,12,0,2,2
45220,2023,10,21,7,4,116,1,11,1,2,2
45220,2023,10,21,7,4,470,27,12,0,2,2
45220,2023,10,21,7,3,470,83,20,0,3,1
45220,2023,10,21,7,4,230,11,21,0,1,1
45220,2023,10,21,7,4,285,28,18,0,3,1
45220,2023,10,21,7,4,116,49,4,0,1,1
45220,2023,10,21,7,4,163,28,18,1,2,1
45220,2023,10,21,7,4,116,67,12,0,3,2
45220,2023,10,21,7,4,50,83,12,0,3,2
45220,2023,10,21,7,4,40,28,18,0,1,1
45220,2023,10,21,7,4,116,61,2,1,3,2
45220,2023,10,21,7,4,40,49,11,1,5,2
45220,2023,10,21,7,4,470,33,11,1,2,2
45220,2023,10,21,7,4,101,15,20,0,1,1
45220,2023,10,21,7,4,101,11,20,0,1,1
45220,2023,10,21,7,4,116,67,20,0,2,1
45220,2023,10,21,7,4,277,83,12,1,3,2
45220,2023,10,21,7,4,116,46,2,0,2,2
45220,2023,10,21,7,4,393,80,7,1,2,2
45221,2023,10,22,1,1,369,49,4,0,2,1
45221,2023,10,22,1,1,101,18,7,0,5,2
45221,2023,10,22,1,1,116,11,3,1,1,1
45221,2023,10,22,1,1,116,67,15,0,3,3
45221,2023,10,22,1,1,448,67,4,0,1,1
45221,2023,10,22,1,1,101,4,4,0,1,1
45221,2023,10,22,1,1,163,1,11,1,2,2
45221,2023,10,22,1,1,116,28,18,1,1,1
45220,2023,10,21,7,4,101,49,4,1,1,1
45221,2023,10,22,1,1,277,67,20,0,1,1
45221,2023,10,22,1,1,459,83,20,0,1,1
45221,2023,10,22,1,1,60,49,4,1,2,1
45221,2023,10,22,1,1,163,67,20,0,2,1
45221,2023,10,22,1,1,101,48,20,0,1,1
45221,2023,10,22,1,1,232,29,21,0,2,1
45221,2023,10,22,1,1,116,82,7,0,3,2
45221,2023,10,22,1,1,262,67,20,1,1,1
45221,2023,10,22,1,1,476,80,7,0,2,2
45220,2023,10,21,7,4,262,9,1,0,3,1
45221,2023,10,22,1,1,280,67,20,0,1,1
45221,2023,10,22,1,1,101,18,3,0,2,1
45221,2023,10,22,1,1,20,35,2,0,4,2
45221,2023,10,22,1,1,476,18,10,0,2,2
45221,2023,10,22,1,1,324,52,9,0,4,4
45221,2023,10,22,1,1,476,11,4,1,2,1
45221,2023,10,22,1,1,116,83,20,0,4,1
45220,2023,10,21,7,4,463,46,20,0,3,1
45221,2023,10,22,1,1,369,67,20,1,2,1
45221,2023,10,22,1,1,163,18,20,0,1,1
45221,2023,10,22,1,1,101,49,4,1,2,1
45221,2023,10,22,1,1,470,48,4,1,1,1
45221,2023,10,22,1,2,40,83,4,0,2,1
45221,2023,10,22,1,1,20,80,20,0,2,2
45221,2023,10,22,1,1,104,18,20,0,1,1
45221,2023,10,22,1,1,365,49,12,0,1,1
45220,2023,10,21,7,4,230,67,2,0,5,5
45221,2023,10,22,1,2,155,11,20,0,1,1
45221,2023,10,22,1,2,262,1,11,1,2,2
45221,2023,10,22,1,1,262,49,7,1,3,2
45221,2023,10,22,1,1,367,18,12,0,2,2
45220,2023,10,21,7,3,70,16,20,1,27,2
45221,2023,10,22,1,2,116,67,12,1,4,2
45221,2023,10,22,1,1,40,49,20,1,1,1
45221,2023,10,22,1,2,381,18,4,0,2,1
45221,2023,10,22,1,1,262,76,4,0,2,1
45221,2023,10,22,1,2,40,11,9,0,1,1
45221,2023,10,22,1,2,153,49,20,0,2,1
45221,2023,10,22,1,1,230,18,20,0,1,1
45221,2023,10,22,1,2,376,11,12,0,2,2
45221,2023,10,22,1,1,50,11,20,0,1,1
45221,2023,10,22,1,2,472,11,20,0,1,1
45209,2023,10,10,3,2,101,78,9,1,2,2
45221,2023,10,22,1,2,381,83,4,0,2,1
45221,2023,10,22,1,2,262,67,12,0,3,2
45221,2023,10,22,1,2,414,83,4,0,2,2
45221,2023,10,22,1,2,230,67,21,1,2,1
45221,2023,10,22,1,2,465,1,10,0,2,2
45221,2023,10,22,1,2,459,83,20,0,2,1
45221,2023,10,22,1,2,381,83,4,1,1,1
45221,2023,10,22,1,2,101,60,2,1,2,2
45221,2023,10,22,1,2,414,67,20,0,2,1
45221,2023,10,22,1,2,226,16,12,0,3,2
45221,2023,10,22,1,2,376,49,9,0,3,2
45221,2023,10,22,1,2,232,67,21,0,1,1
45213,2023,10,14,7,4,163,60,7,1,3,2
45221,2023,10,22,1,2,60,67,20,0,1,1
45221,2023,10,22,1,2,293,15,20,0,3,1
45221,2023,10,22,1,2,101,67,12,1,5,2
45221,2023,10,22,1,2,101,1,11,1,2,2
45221,2023,10,22,1,2,487,11,11,0,3,2
45221,2023,10,22,1,2,235,3,21,1,2,1
45221,2023,10,22,1,3,101,52,9,1,3,3
45221,2023,10,22,1,2,116,67,4,0,2,2
45221,2023,10,22,1,2,101,67,4,1,1,1
45221,2023,10,22,1,2,476,35,2,0,2,2
45221,2023,10,22,1,2,101,35,2,0,3,2
45221,2023,10,22,1,2,101,16,4,1,1,1
45221,2023,10,22,1,2,110,28,20,0,3,1
45221,2023,10,22,1,3,101,1,9,0,3,2
45220,2023,10,21,7,2,493,11,4,1,2,1
45221,2023,10,22,1,3,230,1,11,1,3,2
45176,2023,9,7,5,3,285,1,11,0,4,2
45221,2023,10,22,1,3,116,67,21,0,1,1
45221,2023,10,22,1,2,101,2,11,1,5,3
45221,2023,10,22,1,3,235,11,20,0,2,1
45221,2023,10,22,1,3,174,52,9,0,3,2
45221,2023,10,22,1,3,116,52,9,1,2,2
45221,2023,10,22,1,3,393,82,9,1,4,3
45221,2023,10,22,1,3,116,67,12,1,2,2
45221,2023,10,22,1,3,116,2,11,0,4,2
45221,2023,10,22,1,3,381,67,3,0,3,1
45221,2023,10,22,1,3,146,1,11,0,3,2
45221,2023,10,22,1,3,381,52,9,1,2,2
45221,2023,10,22,1,3,101,67,20,1,1,1
45221,2023,10,22,1,3,101,28,18,0,1,1
45221,2023,10,22,1,3,101,28,21,0,2,1
45221,2023,10,22,1,3,470,11,11,1,4,2
45221,2023,10,22,1,3,60,67,4,0,2,1
45221,2023,10,22,1,3,369,83,20,0,1,1
45221,2023,10,22,1,3,116,28,21,0,2,1
45221,2023,10,22,1,3,40,72,11,1,2,2
45221,2023,10,22,1,3,251,9,20,0,2,2
45221,2023,10,22,1,3,40,35,2,1,2,2
45221,2023,10,22,1,3,293,83,20,0,2,1
45221,2023,10,22,1,3,163,49,12,0,3,2
45221,2023,10,22,1,3,153,52,12,1,2,2