id_data,ano,mes,dia,id_dia_semana,periodo,br,id_causa_acidente,id_tipo_acidente,id_uso_solo,pessoas,veiculos
45221,2023,10,22,1,3,116,16,21,0,2,1
45221,2023,10,22,1,3,232,52,11,1,3,2
45221,2023,10,22,1,3,364,67,12,1,4,2
45221,2023,10,22,1,3,262,52,11,0,3,2
45221,2023,10,22,1,3,101,49,3,0,1,1
45221,2023,10,22,1,3,116,16,9,1,2,2
45221,2023,10,22,1,2,153,11,20,0,3,1
45221,2023,10,22,1,3,381,16,9,1,2,2
45221,2023,10,22,1,3,101,61,2,1,2,2
45221,2023,10,22,1,3,324,52,9,1,2,2
45221,2023,10,22,1,3,116,67,20,0,1,1
45221,2023,10,22,1,3,101,83,9,1,3,2
45221,2023,10,22,1,3,116,16,12,1,4,4
45221,2023,10,22,1,3,277,49,9,1,2,2
45221,2023,10,22,1,3,324,67,20,0,1,1
45221,2023,10,22,1,3,70,11,20,1,1,1
45221,2023,10,22,1,4,364,72,11,1,2,2
45221,2023,10,22,1,3,101,67,20,1,1,1
45221,2023,10,22,1,3,101,11,20,0,1,1
45221,2023,10,22,1,4,20,1,11,1,2,2
45221,2023,10,22,1,3,463,82,12,0,3,3
45221,2023,10,22,1,4,116,11,12,0,2,2
45221,2023,10,22,1,4,104,20,11,0,2,2
45221,2023,10,22,1,3,277,28,18,0,4,1
45221,2023,10,22,1,4,226,11,20,0,2,2
45221,2023,10,22,1,4,116,49,4,0,2,1
45221,2023,10,22,1,4,153,67,21,0,2,1
45221,2023,10,22,1,4,316,82,7,0,3,2
45221,2023,10,22,1,3,316,67,3,0,2,1
45221,2023,10,22,1,4,101,20,11,0,3,2
45221,2023,10,22,1,4,470,11,21,0,1,1
45221,2023,10,22,1,4,104,52,9,1,2,2
45192,2023,9,23,7,4,407,1,7,1,2,2
45221,2023,10,22,1,4,101,11,12,1,3,3
45221,2023,10,22,1,4,101,33,11,1,3,2
45221,2023,10,22,1,3,282,16,12,0,2,2
45221,2023,10,22,1,4,40,52,9,1,4,2
45221,2023,10,22,1,4,116,11,11,0,2,2
45221,2023,10,22,1,4,158,83,20,0,1,1
45221,2023,10,22,1,4,116,11,20,0,1,1
45221,2023,10,22,1,4,101,48,2,1,2,2
45221,2023,10,22,1,4,459,83,7,0,3,2
45221,2023,10,22,1,4,10,49,11,1,4,2
45221,2023,10,22,1,4,116,28,18,0,1,1
45221,2023,10,22,1,4,316,67,20,0,1,1
45221,2023,10,22,1,4,480,11,4,0,1,1
45221,2023,10,22,1,4,316,35,2,1,2,2
45221,2023,10,22,1,2,356,67,20,1,2,1
45221,2023,10,22,1,4,101,83,4,0,2,1
45221,2023,10,22,1,4,364,49,7,0,2,2
45221,2023,10,22,1,4,356,17,11,1,2,2
45221,2023,10,22,1,4,381,28,21,0,2,2
45222,2023,10,23,2,1,101,67,20,1,2,1
45221,2023,10,22,1,4,116,11,20,0,1,1
45221,2023,10,22,1,4,343,11,4,1,1,1
45221,2023,10,22,1,4,116,1,11,1,2,2
45222,2023,10,23,2,1,40,60,20,0,2,2
45222,2023,10,23,2,1,101,67,4,1,1,1
45222,2023,10,23,2,1,376,9,20,1,1,1
45222,2023,10,23,2,1,60,9,1,0,5,1
45222,2023,10,23,2,1,365,67,20,0,1,1
45222,2023,10,23,2,1,40,18,4,0,1,1
45222,2023,10,23,2,1,406,9,20,0,2,2
45222,2023,10,23,2,1,153,56,12,1,2,2
45222,2023,10,23,2,1,40,11,2,0,2,2
45222,2023,10,23,2,1,282,67,10,0,3,2
45222,2023,10,23,2,2,40,83,3,0,5,1
45221,2023,10,22,1,1,116,11,4,0,1,1
45221,2023,10,22,1,4,476,49,7,1,3,2
45222,2023,10,23,2,1,262,83,3,0,1,1
45221,2023,10,22,1,4,153,67,20,0,1,1
45221,2023,10,22,1,4,70,82,10,0,4,2
45222,2023,10,23,2,2,469,11,12,1,3,2
45222,2023,10,23,2,1,70,9,1,0,1,1
45222,2023,10,23,2,2,116,11,12,0,2,2
45222,2023,10,23,2,2,101,35,2,1,2,2
45222,2023,10,23,2,2,116,52,12,1,6,2
45168,2023,8,30,4,2,251,11,21,0,1,1
45222,2023,10,23,2,2,369,17,11,1,2,2
45202,2023,10,3,3,2,174,9,20,0,1,1
45222,2023,10,23,2,2,280,52,9,1,2,2
45222,2023,10,23,2,2,280,20,9,1,2,2
45222,2023,10,23,2,2,101,52,9,0,4,3
45222,2023,10,23,2,2,40,35,2,1,2,2
45222,2023,10,23,2,2,324,28,21,1,2,1
45222,2023,10,23,2,1,316,67,20,1,1,1
45222,2023,10,23,2,2,381,52,9,1,2,2
45222,2023,10,23,2,2,116,11,12,0,2,2
45222,2023,10,23,2,2,101,11,2,1,2,2
45222,2023,10,23,2,2,116,11,12,0,2,2
45222,2023,10,23,2,2,116,33,11,0,2,2
45222,2023,10,23,2,2,364,11,12,0,5,3
45204,2023,10,5,5,3,174,67,21,1,2,2
45222,2023,10,23,2,2,116,65,21,0,3,3
45222,2023,10,23,2,2,324,15,21,0,3,2
45172,2023,9,3,1,3,174,11,21,0,2,1
45222,2023,10,23,2,2,428,1,11,1,2,2
45184,2023,9,15,6,3,101,11,20,0,2,1
45205,2023,10,6,6,4,319,52,7,0,2,2
45219,2023,10,20,6,2,101,20,11,1,3,2
45222,2023,10,23,2,2,60,13,20,0,1,1
45054,2023,5,8,2,2,101,11,21,1,2,1
45222,2023,10,23,2,2,101,67,12,0,2,2
45222,2023,10,23,2,2,381,11,21,1,1,1
45222,2023,10,23,2,2,262,80,7,0,4,3
45222,2023,10,23,2,2,101,67,12,0,4,2
45222,2023,10,23,2,2,101,52,12,0,2,2
45222,2023,10,23,2,2,343,1,11,1,2,2
45222,2023,10,23,2,2,116,11,12,1,3,2
45222,2023,10,23,2,2,116,52,9,1,2,2
45222,2023,10,23,2,2,369,82,7,0,6,2
45222,2023,10,23,2,2,232,67,3,0,1,1
45222,2023,10,23,2,2,226,18,3,0,2,1
45222,2023,10,23,2,3,459,2,12,0,3,2
45202,2023,10,3,3,4,101,76,3,0,2,1
45172,2023,9,3,1,3,116,1,11,0,2,2
45222,2023,10,23,2,2,330,1,7,0,3,3
45182,2023,9,13,4,3,116,64,3,1,1,1
45173,2023,9,4,2,2,290,67,9,1,2,2
45222,2023,10,23,2,2,116,48,2,0,3,2
45186,2023,9,17,1,4,116,61,2,1,5,2
45222,2023,10,23,2,3,101,78,12,1,2,2
45206,2023,10,7,7,2,60,81,7,0,4,2
45222,2023,10,23,2,3,226,80,10,0,14,2
45222,2023,10,23,2,3,280,1,11,0,2,2
45222,2023,10,23,2,3,316,5,21,1,1,1
45222,2023,10,23,2,2,50,11,20,0,2,1
45222,2023,10,23,2,3,101,16,12,1,2,2
44991,2023,3,6,2,3,376,68,11,1,1,1
45222,2023,10,23,2,3,386,28,20,0,2,1
45222,2023,10,23,2,3,116,52,12,1,3,2
45222,2023,10,23,2,3,356,78,9,1,2,2
45222,2023,10,23,2,3,101,11,18,0,1,1
45222,2023,10,23,2,3,101,82,7,0,2,2
45222,2023,10,23,2,2,70,1,2,1,2,2
45222,2023,10,23,2,3,469,51,12,0,2,2
45222,2023,10,23,2,3,116,1,11,0,2,2
45222,2023,10,23,2,3,232,52,9,1,2,2
45222,2023,10,23,2,3,343,11,12,0,3,2
45094,2023,6,17,7,4,343,2,11,0,2,2
45222,2023,10,23,2,3,116,11,12,1,3,2
45222,2023,10,23,2,3,116,52,9,1,2,2
45222,2023,10,23,2,3,277,11,12,1,2,2
45222,2023,10,23,2,3,381,83,20,0,5,1
45222,2023,10,23,2,3,163,33,11,1,2,2
45222,2023,10,23,2,3,259,33,11,1,2,2
45170,2023,9,1,6,3,290,67,21,1,2,1
45222,2023,10,23,2,3,101,11,12,0,2,2
45222,2023,10,23,2,3,277,52,9,1,3,3
45222,2023,10,23,2,4,381,11,12,1,2,2
45222,2023,10,23,2,4,116,11,11,1,2,2
45222,2023,10,23,2,3,364,2,10,1,2,2
45222,2023,10,23,2,3,101,11,9,1,4,3
45222,2023,10,23,2,4,116,78,12,0,2,2
45214,2023,10,15,1,3,70,3,3,0,4,1
45222,2023,10,23,2,4,40,11,21,0,1,1
45222,2023,10,23,2,3,369,11,20,0,1,1
45222,2023,10,23,2,3,60,9,1,1,1,1
45222,2023,10,23,2,4,20,9,1,1,1,1
45178,2023,9,9,7,3,470,11,21,0,1,1
45183,2023,9,14,5,1,470,1,11,0,2,2
45222,2023,10,23,2,2,116,44,12,0,2,2
45222,2023,10,23,2,4,381,52,4,1,1,1
45222,2023,10,23,2,4,101,5,21,1,1,1
45222,2023,10,23,2,4,376,1,11,0,2,2
45222,2023,10,23,2,4,316,49,12,0,4,2
45222,2023,10,23,2,3,262,11,12,1,2,2
45222,2023,10,23,2,4,101,5,21,1,1,1
45222,2023,10,23,2,4,40,67,20,1,1,1
45222,2023,10,23,2,4,116,11,12,0,2,2
45218,2023,10,19,5,3,116,67,4,1,1,1
45222,2023,10,23,2,4,116,28,18,0,1,1
45174,2023,9,5,3,2,153,86,9,0,2,2
45223,2023,10,24,3,1,226,11,20,0,1,1
45223,2023,10,24,3,1,101,11,20,0,2,1
45222,2023,10,23,2,4,101,60,2,1,2,2
45223,2023,10,24,3,1,116,83,2,1,2,2
45223,2023,10,24,3,1,364,9,1,0,1,1
45207,2023,10,8,1,2,230,67,11,0,2,2
45222,2023,10,23,2,4,70,80,7,0,2,2
45223,2023,10,24,3,2,393,1,11,1,2,2
45222,2023,10,23,2,4,356,67,2,0,2,2
45223,2023,10,24,3,2,101,56,21,1,1,1
45223,2023,10,24,3,2,376,13,20,0,3,1
45223,2023,10,24,3,2,232,41,20,0,1,1
45223,2023,10,24,3,2,343,11,12,1,2,2
45223,2023,10,24,3,2,70,1,7,0,2,2
45223,2023,10,24,3,2,304,11,9,0,3,2
45223,2023,10,24,3,2,469,85,7,0,8,3
45223,2023,10,24,3,2,163,16,12,1,3,2
45223,2023,10,24,3,2,116,11,15,0,4,4
45158,2023,8,20,1,2,381,83,20,0,5,1
45223,2023,10,24,3,2,381,16,12,0,2,2
45187,2023,9,18,2,2,116,78,12,1,2,2
45223,2023,10,24,3,2,381,52,12,1,2,2
45223,2023,10,24,3,2,280,67,10,0,2,2
45223,2023,10,24,3,2,135,16,12,0,2,2
45223,2023,10,24,3,2,116,67,21,1,2,1
45223,2023,10,24,3,2,101,1,9,0,3,2
45223,2023,10,24,3,2,242,20,9,0,2,2
45223,2023,10,24,3,2,101,11,12,0,4,2
45223,2023,10,24,3,2,101,67,21,1,1,1
45223,2023,10,24,3,2,470,1,7,1,3,2
45223,2023,10,24,3,2,116,67,9,1,3,3
45223,2023,10,24,3,2,364,67,12,0,2,2
45223,2023,10,24,3,2,232,1,11,1,2,2
45223,2023,10,24,3,2,277,51,4,0,1,1
45223,2023,10,24,3,2,40,11,12,1,3,2
45220,2023,10,21,7,2,210,67,4,1,2,1
45186,2023,9,17,1,4,361,83,12,1,3,2
45223,2023,10,24,3,2,101,67,21,0,1,1
45223,2023,10,24,3,2,163,16,12,0,2,2
45223,2023,10,24,3,2,101,19,20,0,1,1
45220,2023,10,21,7,1,163,81,2,1,3,2
45223,2023,10,24,3,2,369,64,20,0,1,1
45223,2023,10,24,3,2,101,11,12,1,2,2
45223,2023,10,24,3,3,163,1,11,0,3,2
45223,2023,10,24,3,3,50,4,20,0,1,1
45223,2023,10,24,3,3,468,33,11,0,2,2
45223,2023,10,24,3,3,277,1,11,1,2,2
45223,2023,10,24,3,2,101,11,20,1,1,1
45223,2023,10,24,3,2,364,1,11,1,2,2
45223,2023,10,24,3,3,251,80,10,0,3,2
45223,2023,10,24,3,3,116,28,18,0,1,1
45004,2023,3,19,1,1,343,49,4,1,1,1
45223,2023,10,24,3,3,381,14,14,0,2,2
45223,2023,10,24,3,3,101,18,20,0,1,1
45223,2023,10,24,3,3,101,16,15,1,3,3
45213,2023,10,14,7,4,392,1,11,0,3,2
45223,2023,10,24,3,3,282,82,20,0,2,1
45223,2023,10,24,3,3,101,16,12,1,2,2
45223,2023,10,24,3,3,101,16,12,1,2,2
45223,2023,10,24,3,3,116,28,18,0,2,1
45223,2023,10,24,3,3,369,67,12,1,1,1
45223,2023,10,24,3,3,116,67,12,1,3,2
45223,2023,10,24,3,3,163,1,11,1,4,2
45223,2023,10,24,3,3,104,11,12,1,2,2
45223,2023,10,24,3,3,101,52,9,1,3,2
45223,2023,10,24,3,3,101,28,18,0,1,1
45223,2023,10,24,3,3,101,67,12,1,2,2
45223,2023,10,24,3,3,101,61,2,0,2,2
45223,2023,10,24,3,3,101,82,10,0,3,2
45223,2023,10,24,3,3,10,5,21,1,1,1
45223,2023,10,24,3,3,158,1,11,0,2,2
45223,2023,10,24,3,3,407,82,9,0,2,1
45223,2023,10,24,3,3,40,18,12,1,2,2
45223,2023,10,24,3,3,116,67,4,0,1,1
45223,2023,10,24,3,3,116,52,12,0,2,2
45223,2023,10,24,3,3,101,18,20,0,1,1
45222,2023,10,23,2,4,135,67,20,0,2,2
45223,2023,10,24,3,4,116,61,2,0,3,2
45223,2023,10,24,3,3,290,11,12,0,3,2
45223,2023,10,24,3,4,290,11,21,1,1,1
45223,2023,10,24,3,3,116,11,20,1,1,1
45223,2023,10,24,3,3,364,16,12,1,2,2
45223,2023,10,24,3,4,470,49,20,1,1,1
45223,2023,10,24,3,4,365,64,12,1,2,2
45223,2023,10,24,3,3,101,16,15,1,3,3
45223,2023,10,24,3,4,277,1,11,0,2,2
45223,2023,10,24,3,4,414,1,11,1,2,2
45223,2023,10,24,3,3,101,52,12,1,2,2
45223,2023,10,24,3,3,101,11,12,1,2,2
45223,2023,10,24,3,4,101,28,18,0,1,1
45223,2023,10,24,3,4,101,20,11,0,3,3
45223,2023,10,24,3,4,101,16,12,1,2,2
45223,2023,10,24,3,4,153,15,21,1,2,2
45223,2023,10,24,3,4,163,11,11,1,3,2
45171,2023,9,2,7,2,230,67,21,0,1,1
45223,2023,10,24,3,4,116,61,2,1,5,2
45223,2023,10,24,3,4,393,56,4,1,1,1
45211,2023,10,12,5,3,101,1,9,0,3,2
45223,2023,10,24,3,4,406,1,11,1,3,2
45223,2023,10,24,3,4,101,13,21,0,1,1
45223,2023,10,24,3,4,405,9,1,0,1,1
45223,2023,10,24,3,4,116,67,12,1,2,2
45223,2023,10,24,3,4,163,83,20,0,2,1
45223,2023,10,24,3,4,381,67,21,0,1,1
45223,2023,10,24,3,4,230,11,12,0,2,2
45223,2023,10,24,3,3,50,83,3,0,1,1
45223,2023,10,24,3,3,381,67,4,0,1,1
45224,2023,10,25,4,1,116,35,2,0,2,2
45223,2023,10,24,3,4,232,2,11,1,2,2
45223,2023,10,24,3,3,285,19,4,0,4,1
45224,2023,10,25,4,1,50,11,20,0,1,1
45224,2023,10,25,4,1,365,60,2,0,2,2
45224,2023,10,25,4,1,242,64,9,0,6,2
45224,2023,10,25,4,2,230,11,12,1,3,2
45224,2023,10,25,4,2,40,67,21,1,2,2
45224,2023,10,25,4,2,101,28,4,0,1,1
45224,2023,10,25,4,2,50,7,20,1,1,1
45224,2023,10,25,4,1,251,18,20,0,1,1
45224,2023,10,25,4,2,101,52,9,1,2,2
45224,2023,10,25,4,2,116,78,9,0,4,2
45224,2023,10,25,4,2,104,52,9,1,3,2
45224,2023,10,25,4,2,116,78,9,0,2,2
45224,2023,10,25,4,2,324,52,9,0,4,2
45224,2023,10,25,4,2,153,82,9,1,4,2
45224,2023,10,25,4,2,101,11,9,1,2,2
45224,2023,10,25,4,2,101,33,7,1,2,2
45224,2023,10,25,4,2,104,16,12,0,2,2
45224,2023,10,25,4,1,230,18,20,1,1,1
45224,2023,10,25,4,2,381,15,3,0,1,1
45224,2023,10,25,4,2,364,16,15,1,5,5
45224,2023,10,25,4,2,101,63,21,1,1,1
45224,2023,10,25,4,2,448,52,9,1,3,3
45224,2023,10,25,4,2,495,1,7,1,3,2
45224,2023,10,25,4,2,40,15,3,0,3,1
45224,2023,10,25,4,2,40,15,21,0,1,1
45172,2023,9,3,1,3,448,64,4,1,1,1
45224,2023,10,25,4,2,222,11,12,0,3,2
45224,2023,10,25,4,2,251,82,20,0,1,1
45224,2023,10,25,4,2,282,78,9,0,2,2
45224,2023,10,25,4,2,262,18,20,0,2,1
45224,2023,10,25,4,2,116,67,21,0,2,1
45224,2023,10,25,4,2,493,35,2,1,3,2
45224,2023,10,25,4,2,376,80,3,0,2,2
44999,2023,3,14,3,2,60,16,12,1,4,2
45224,2023,10,25,4,2,40,78,12,1,3,2
45224,2023,10,25,4,2,280,1,11,0,2,2
45222,2023,10,23,2,3,324,16,9,0,2,2
45224,2023,10,25,4,2,10,1,7,1,2,2
45224,2023,10,25,4,2,381,83,20,0,1,1
45224,2023,10,25,4,2,101,28,20,1,1,1
45224,2023,10,25,4,3,101,2,11,1,2,2
45224,2023,10,25,4,2,277,83,20,0,1,1
45157,2023,8,19,7,4,262,80,7,0,2,2
45224,2023,10,25,4,2,262,52,9,1,2,2
45224,2023,10,25,4,3,153,1,11,1,4,3
45174,2023,9,5,3,2,282,28,18,0,1,1
45224,2023,10,25,4,3,373,1,2,0,3,2
45224,2023,10,25,4,3,470,67,20,0,1,1
45224,2023,10,25,4,3,476,33,11,1,2,2
45224,2023,10,25,4,3,282,20,9,1,2,2
45224,2023,10,25,4,3,163,67,12,1,2,2
45224,2023,10,25,4,3,116,78,12,1,2,2
45180,2023,9,11,2,2,282,33,11,1,3,2
45172,2023,9,3,1,4,262,49,12,1,5,2
45224,2023,10,25,4,3,20,83,20,0,1,1
45224,2023,10,25,4,3,376,33,11,1,3,3
45224,2023,10,25,4,3,469,4,21,1,1,1
45224,2023,10,25,4,3,392,28,21,0,1,1
45095,2023,6,18,1,4,428,1,11,0,2,1
45224,2023,10,25,4,3,116,28,18,0,1,1
45172,2023,9,3,1,1,448,49,4,1,1,1
45224,2023,10,25,4,3,116,1,9,1,2,2
45224,2023,10,25,4,3,101,9,21,0,1,1
45224,2023,10,25,4,3,101,78,9,1,1,1
45224,2023,10,25,4,3,277,1,20,1,2,2
45176,2023,9,7,5,3,386,11,12,0,3,2
45224,2023,10,25,4,3,101,1,9,1,2,2
45224,2023,10,25,4,3,116,67,21,1,1,1
45224,2023,10,25,4,3,280,52,9,0,3,3
45224,2023,10,25,4,3,101,41,20,0,4,1
45224,2023,10,25,4,3,70,67,9,1,4,2
45224,2023,10,25,4,3,40,19,12,1,3,2
45224,2023,10,25,4,3,116,51,4,1,1,1
45224,2023,10,25,4,3,153,33,11,0,4,2
45224,2023,10,25,4,3,116,1,11,1,2,2
45220,2023,10,21,7,4,262,18,20,0,2,1
45224,2023,10,25,4,3,101,9,1,0,1,1
45224,2023,10,25,4,4,470,2,11,1,2,2
45224,2023,10,25,4,4,60,67,4,0,2,1
45224,2023,10,25,4,4,10,16,12,1,2,2
45224,2023,10,25,4,4,116,61,2,1,2,2
45224,2023,10,25,4,4,316,11,2,0,2,2
45224,2023,10,25,4,3,324,33,12,1,2,2
45224,2023,10,25,4,3,70,11,12,1,2,2
45224,2023,10,25,4,4,101,67,9,1,3,3
45224,2023,10,25,4,4,364,11,12,1,2,2
45224,2023,10,25,4,3,316,52,11,1,2,2
45224,2023,10,25,4,4,427,67,3,0,1,1
45224,2023,10,25,4,3,468,80,7,0,3,2
45224,2023,10,25,4,4,40,28,18,0,1,1
45224,2023,10,25,4,2,158,1,11,1,2,2
45224,2023,10,25,4,4,369,20,11,1,2,2
45224,2023,10,25,4,4,163,19,20,1,1,1
45224,2023,10,25,4,4,101,80,7,1,2,2
45199,2023,9,30,7,4,104,80,20,1,2,2
45224,2023,10,25,4,4,116,60,2,1,2,2
45068,2023,5,22,2,3,343,52,4,1,1,1
45225,2023,10,26,5,1,116,9,1,0,1,1
45224,2023,10,25,4,4,60,49,20,0,2,1
45224,2023,10,25,4,4,116,67,20,0,4,2
45224,2023,10,25,4,4,153,83,4,0,4,2
45224,2023,10,25,4,4,435,49,20,0,2,2
45225,2023,10,26,5,1,116,67,20,1,1,1
45225,2023,10,26,5,2,116,16,9,1,3,2
45225,2023,10,26,5,1,373,1,11,0,58,2
45225,2023,10,26,5,2,20,81,2,1,2,2
45225,2023,10,26,5,2,116,67,20,1,2,1
45225,2023,10,26,5,2,116,33,12,1,2,2
45225,2023,10,26,5,1,369,82,7,0,6,3
45224,2023,10,25,4,3,356,21,3,0,1,1
45225,2023,10,26,5,1,423,11,7,0,3,2
45225,2023,10,26,5,2,364,16,12,1,2,2
45225,2023,10,26,5,2,163,52,9,0,2,2
45225,2023,10,26,5,2,40,16,15,0,6,6
45225,2023,10,26,5,1,381,11,4,0,3,1
45225,2023,10,26,5,2,316,52,11,1,2,2
45225,2023,10,26,5,2,40,1,11,1,2,2
45225,2023,10,26,5,2,153,1,11,1,7,2
45225,2023,10,26,5,2,116,67,21,1,1,1
45225,2023,10,26,5,2,230,13,20,0,1,1
45224,2023,10,25,4,3,226,18,20,0,1,1
45225,2023,10,26,5,2,101,33,9,0,2,2
45225,2023,10,26,5,2,222,52,12,1,3,2
45225,2023,10,26,5,2,101,52,9,1,2,2
45225,2023,10,26,5,2,232,2,9,0,2,2
45225,2023,10,26,5,2,40,67,12,1,2,2
45225,2023,10,26,5,2,381,83,20,0,1,1
45113,2023,7,6,5,3,20,78,9,1,3,2
45225,2023,10,26,5,2,158,11,4,1,2,2
45091,2023,6,14,4,3,343,78,11,1,3,3
45225,2023,10,26,5,2,116,67,21,1,3,2
45225,2023,10,26,5,2,364,83,9,1,4,3
45225,2023,10,26,5,2,262,67,20,0,1,1
45225,2023,10,26,5,2,40,64,7,1,2,2
45225,2023,10,26,5,2,364,1,9,1,2,2
45225,2023,10,26,5,2,230,2,9,0,2,2
45225,2023,10,26,5,2,470,16,9,1,2,2
45225,2023,10,26,5,2,365,52,9,0,2,2
45225,2023,10,26,5,2,493,81,9,1,2,2
45225,2023,10,26,5,2,101,52,9,1,2,2
45225,2023,10,26,5,2,116,67,15,1,4,4
45225,2023,10,26,5,2,324,20,11,1,2,2
45225,2023,10,26,5,2,116,67,12,0,2,2
45225,2023,10,26,5,3,101,80,7,1,3,2
45225,2023,10,26,5,3,381,15,20,0,1,1
45225,2023,10,26,5,3,116,67,4,0,1,1
45225,2023,10,26,5,3,381,80,10,0,3,2
45222,2023,10,23,2,4,116,27,11,0,2,2
45225,2023,10,26,5,2,376,11,20,0,1,1
45225,2023,10,26,5,3,50,11,21,1,2,2
45100,2023,6,23,6,3,364,2,9,1,2,2
45161,2023,8,23,4,3,116,61,2,1,3,2
45225,2023,10,26,5,2,280,1,11,0,3,2
45225,2023,10,26,5,3,101,67,12,1,2,2
45217,2023,10,18,4,3,116,83,7,0,3,2
45174,2023,9,5,3,2,316,35,2,1,3,2
45193,2023,9,24,1,2,280,1,9,1,3,2
45225,2023,10,26,5,3,364,4,20,0,2,1
45225,2023,10,26,5,3,290,52,9,0,2,2
45225,2023,10,26,5,3,230,52,9,1,4,3
45225,2023,10,26,5,3,324,20,11,1,2,2
45225,2023,10,26,5,3,365,1,11,0,2,2
45225,2023,10,26,5,3,70,67,20,0,1,1
45225,2023,10,26,5,3,153,4,4,0,1,1
45225,2023,10,26,5,3,60,52,9,1,3,2
45225,2023,10,26,5,3,230,16,12,0,2,2
45225,2023,10,26,5,3,116,1,11,1,2,2
45225,2023,10,26,5,3,381,11,3,0,1,1
45157,2023,8,19,7,3,174,12,7,1,2,2
45225,2023,10,26,5,3,251,16,12,0,2,2
45225,2023,10,26,5,3,40,56,4,1,2,1
45161,2023,8,23,4,4,381,11,11,1,4,3
45225,2023,10,26,5,3,316,67,20,0,3,2
45225,2023,10,26,5,3,101,67,21,1,1,1
45225,2023,10,26,5,3,101,67,21,1,1,1
45217,2023,10,18,4,2,10,2,11,1,2,2
45225,2023,10,26,5,3,163,29,21,1,1,1
45225,2023,10,26,5,3,364,67,20,0,3,1
45225,2023,10,26,5,3,101,9,1,0,1,1
45225,2023,10,26,5,3,280,78,11,1,2,2
45225,2023,10,26,5,3,116,11,12,1,2,2
45225,2023,10,26,5,3,381,83,20,0,4,1
45225,2023,10,26,5,3,226,11,21,1,2,2
45225,2023,10,26,5,3,40,78,9,0,3,2
45225,2023,10,26,5,3,369,60,2,1,2,2
45225,2023,10,26,5,3,101,9,1,0,1,1
45225,2023,10,26,5,3,316,1,7,1,3,2
45225,2023,10,26,5,3,330,67,20,0,1,1
45225,2023,10,26,5,3,116,13,21,0,2,1
45225,2023,10,26,5,4,381,52,9,1,2,2
45225,2023,10,26,5,3,101,67,12,1,2,2
45225,2023,10,26,5,3,316,67,12,0,2,2
45225,2023,10,26,5,3,282,33,11,1,3,3
45225,2023,10,26,5,3,153,67,20,0,1,1
45225,2023,10,26,5,4,365,16,12,1,3,2
45225,2023,10,26,5,3,470,16,12,0,3,2
45225,2023,10,26,5,4,50,28,20,0,1,1
45143,2023,8,5,7,3,324,18,20,0,3,1
45225,2023,10,26,5,4,381,60,2,1,2,2
45225,2023,10,26,5,3,116,11,11,1,4,2
45225,2023,10,26,5,4,324,28,18,0,3,1
45225,2023,10,26,5,3,222,67,9,0,6,3
45225,2023,10,26,5,3,116,33,11,1,4,3
45225,2023,10,26,5,3,386,80,11,1,2,2
45225,2023,10,26,5,4,40,11,11,1,2,2
45225,2023,10,26,5,3,163,21,20,0,1,1
45225,2023,10,26,5,4,60,1,9,1,2,2
45225,2023,10,26,5,4,116,1,21,1,5,5
45225,2023,10,26,5,4,356,81,7,0,3,2
45225,2023,10,26,5,4,101,67,20,0,1,1
45225,2023,10,26,5,4,116,83,21,1,2,2
45225,2023,10,26,5,4,80,67,20,1,1,1
45223,2023,10,24,3,2,419,67,3,0,1,1
45225,2023,10,26,5,4,101,28,18,1,1,1
45225,2023,10,26,5,4,135,11,4,1,1,1
45225,2023,10,26,5,4,153,30,4,0,1,1
45226,2023,10,27,6,1,101,33,11,1,2,2
45225,2023,10,26,5,4,116,49,12,1,2,2
45226,2023,10,27,6,1,116,28,18,1,1,1
45226,2023,10,27,6,1,104,1,11,1,3,2
45226,2023,10,27,6,1,116,17,11,1,3,2
45226,2023,10,27,6,1,116,67,3,1,4,1
45226,2023,10,27,6,1,101,18,20,0,3,1
45225,2023,10,26,5,3,463,20,9,0,2,2
45226,2023,10,27,6,1,101,11,3,1,3,1
45226,2023,10,27,6,1,267,82,10,0,5,2
45226,2023,10,27,6,1,101,16,9,0,2,2
45226,2023,10,27,6,1,376,67,3,0,1,1
45226,2023,10,27,6,1,251,15,4,0,3,1
45226,2023,10,27,6,2,282,67,3,1,1,1
45226,2023,10,27,6,1,163,18,20,0,2,2
45226,2023,10,27,6,2,304,3,21,0,1,1
45226,2023,10,27,6,2,101,11,21,0,1,1
45226,2023,10,27,6,2,222,16,21,0,1,1
45226,2023,10,27,6,2,116,9,1,1,1,1
45226,2023,10,27,6,2,60,9,1,0,1,1
45226,2023,10,27,6,2,116,52,9,0,2,2
45226,2023,10,27,6,2,153,11,20,0,1,1
45226,2023,10,27,6,2,116,28,18,0,1,1