id_data,ano,mes,dia,id_dia_semana,periodo,br,id_causa_acidente,id_tipo_acidente,id_uso_solo,pessoas,veiculos
45226,2023,10,27,6,2,101,16,12,1,2,2
45226,2023,10,27,6,2,101,16,12,1,2,2
45178,2023,9,9,7,2,158,7,21,0,1,1
45226,2023,10,27,6,2,101,16,12,0,3,2
45226,2023,10,27,6,2,101,83,20,0,2,1
45226,2023,10,27,6,2,40,67,20,0,3,1
45226,2023,10,27,6,2,381,83,7,0,3,3
45226,2023,10,27,6,1,232,28,18,0,1,1
45226,2023,10,27,6,2,101,67,9,1,2,2
45214,2023,10,15,1,3,101,13,21,0,2,1
45213,2023,10,14,7,4,376,16,12,1,2,2
45226,2023,10,27,6,2,116,51,12,1,2,2
45226,2023,10,27,6,2,163,15,20,0,4,1
45226,2023,10,27,6,2,40,11,12,1,2,2
45226,2023,10,27,6,2,101,44,12,0,3,2
45226,2023,10,27,6,2,488,67,20,1,1,1
45226,2023,10,27,6,2,158,41,20,0,3,1
45226,2023,10,27,6,2,232,1,11,0,2,2
45226,2023,10,27,6,2,50,67,20,0,1,1
45226,2023,10,27,6,2,40,11,2,1,2,2
45226,2023,10,27,6,3,381,16,12,1,2,2
45226,2023,10,27,6,3,116,67,12,0,4,2
45226,2023,10,27,6,3,392,11,4,0,4,1
45226,2023,10,27,6,2,163,72,11,1,2,2
45226,2023,10,27,6,3,101,67,20,0,2,1
45226,2023,10,27,6,2,101,28,21,0,2,1
45226,2023,10,27,6,2,470,1,12,1,2,2
45226,2023,10,27,6,3,381,67,20,0,5,1
45226,2023,10,27,6,2,364,63,12,0,3,2
45226,2023,10,27,6,3,230,13,21,1,3,1
45226,2023,10,27,6,3,20,15,4,1,1,1
45226,2023,10,27,6,3,230,3,21,0,1,1
45226,2023,10,27,6,3,101,16,12,1,2,2
45226,2023,10,27,6,3,435,16,12,1,2,2
45226,2023,10,27,6,3,50,18,20,0,2,1
45226,2023,10,27,6,3,116,15,4,0,2,1
45226,2023,10,27,6,3,222,67,20,0,2,1
45226,2023,10,27,6,3,316,80,10,0,3,3
45226,2023,10,27,6,3,116,11,12,1,2,2
45226,2023,10,27,6,3,20,15,3,0,1,1
45226,2023,10,27,6,3,272,83,20,0,2,1
45189,2023,9,20,4,3,101,81,7,1,4,3
45226,2023,10,27,6,2,163,15,9,0,3,2
45226,2023,10,27,6,3,421,1,11,1,2,2
45226,2023,10,27,6,3,408,52,9,0,2,2
45226,2023,10,27,6,2,364,11,4,1,1,1
45067,2023,5,21,1,4,324,49,4,1,1,1
45226,2023,10,27,6,3,476,4,7,0,2,2
45106,2023,6,29,5,2,465,16,12,1,3,2
45226,2023,10,27,6,3,163,11,20,0,2,1
45210,2023,10,11,4,3,280,1,11,0,3,3
45226,2023,10,27,6,3,364,1,11,1,2,2
45226,2023,10,27,6,3,101,67,21,1,1,1
45226,2023,10,27,6,3,60,33,11,1,5,2
45226,2023,10,27,6,3,153,51,20,0,1,1
45226,2023,10,27,6,3,277,11,20,0,3,1
45226,2023,10,27,6,3,277,1,11,1,7,3
45226,2023,10,27,6,3,101,52,12,0,3,2
45226,2023,10,27,6,3,101,1,2,0,2,2
45226,2023,10,27,6,3,381,67,15,1,3,3
45226,2023,10,27,6,3,364,11,12,0,2,2
45226,2023,10,27,6,3,222,16,12,1,3,3
45226,2023,10,27,6,3,101,78,9,1,2,2
45226,2023,10,27,6,3,277,1,11,1,3,3
45226,2023,10,27,6,3,153,4,20,0,1,1
45226,2023,10,27,6,3,101,1,11,1,2,2
45226,2023,10,27,6,3,101,16,15,0,6,4
45226,2023,10,27,6,3,226,80,7,0,2,2
45226,2023,10,27,6,4,365,11,2,0,2,2
45226,2023,10,27,6,3,408,1,11,1,2,2
45226,2023,10,27,6,3,376,1,9,0,2,2
45226,2023,10,27,6,4,386,20,12,1,4,2
45226,2023,10,27,6,3,465,16,11,1,3,3
45226,2023,10,27,6,4,110,11,2,1,2,2
45226,2023,10,27,6,3,277,67,12,0,2,2
45226,2023,10,27,6,4,386,1,12,1,6,3
45226,2023,10,27,6,3,470,61,2,1,2,2
45226,2023,10,27,6,3,222,67,21,0,1,1
45226,2023,10,27,6,3,282,33,11,1,5,2
45226,2023,10,27,6,4,376,15,12,1,4,1
45226,2023,10,27,6,3,101,78,9,1,2,2
45226,2023,10,27,6,4,101,83,21,0,1,1
45226,2023,10,27,6,4,40,28,18,0,1,1
45226,2023,10,27,6,4,424,80,7,0,2,2
45226,2023,10,27,6,4,101,1,9,0,4,3
45226,2023,10,27,6,4,285,82,7,0,3,3
45226,2023,10,27,6,4,364,52,10,0,3,2
45226,2023,10,27,6,4,50,63,21,0,1,1
45226,2023,10,27,6,4,101,50,20,0,1,1
45226,2023,10,27,6,4,40,9,1,0,1,1
45226,2023,10,27,6,4,101,15,20,1,1,1
45226,2023,10,27,6,4,364,60,2,0,4,3
45226,2023,10,27,6,4,101,60,2,1,3,2
45226,2023,10,27,6,4,101,19,20,1,1,1
45226,2023,10,27,6,4,101,9,1,0,1,1
45226,2023,10,27,6,4,365,15,20,0,1,1
45226,2023,10,27,6,4,116,11,11,0,2,2
45226,2023,10,27,6,4,116,80,7,1,2,2
45226,2023,10,27,6,4,470,49,20,1,1,1
45226,2023,10,27,6,4,158,67,20,0,4,1
45226,2023,10,27,6,4,401,67,20,0,1,1
45226,2023,10,27,6,4,116,67,12,1,2,2
45226,2023,10,27,6,4,364,83,12,1,2,2
45226,2023,10,27,6,4,153,13,10,0,2,2
45226,2023,10,27,6,4,101,49,4,0,2,1
45226,2023,10,27,6,4,116,11,20,0,1,1
45226,2023,10,27,6,4,101,49,4,0,1,1
45226,2023,10,27,6,4,364,1,7,0,4,2
45227,2023,10,28,7,1,277,80,10,1,3,3
45217,2023,10,18,4,3,381,52,9,1,2,2
45227,2023,10,28,7,1,116,15,3,0,3,3
45227,2023,10,28,7,1,101,49,9,1,3,2
45227,2023,10,28,7,1,470,11,20,0,1,1
45227,2023,10,28,7,1,116,72,11,1,3,2
45227,2023,10,28,7,1,277,11,12,1,3,2
45227,2023,10,28,7,1,101,49,20,1,1,1
45227,2023,10,28,7,1,116,61,2,1,2,2
45227,2023,10,28,7,1,116,11,7,0,2,2
45227,2023,10,28,7,1,116,13,20,0,1,1
45226,2023,10,27,6,4,343,56,21,0,1,1
45227,2023,10,28,7,1,101,18,20,0,2,1
45227,2023,10,28,7,1,101,18,20,1,3,1
45227,2023,10,28,7,2,324,44,9,0,7,2
45226,2023,10,27,6,3,282,82,7,0,6,2
45227,2023,10,28,7,2,116,67,20,0,1,1
45226,2023,10,27,6,4,40,67,20,0,1,1
45227,2023,10,28,7,1,407,49,12,1,3,2
45227,2023,10,28,7,1,386,11,20,0,1,1
45227,2023,10,28,7,2,40,16,12,1,5,2
45227,2023,10,28,7,2,116,80,7,0,2,2
45227,2023,10,28,7,2,116,67,9,1,2,2
45226,2023,10,27,6,4,116,11,20,0,1,1
45227,2023,10,28,7,2,324,16,11,1,2,2
45227,2023,10,28,7,2,381,67,3,0,3,1
45227,2023,10,28,7,2,101,51,4,1,1,1
45227,2023,10,28,7,1,364,1,11,1,2,2
45227,2023,10,28,7,2,365,18,20,0,2,1
45227,2023,10,28,7,2,116,78,9,1,5,3
45227,2023,10,28,7,2,259,67,21,0,1,1
45227,2023,10,28,7,2,101,67,15,1,6,5
45212,2023,10,13,6,2,101,16,12,1,2,2
45227,2023,10,28,7,2,381,67,20,0,1,1
45215,2023,10,16,2,3,40,1,11,1,2,2
45227,2023,10,28,7,2,316,1,11,1,2,2
45227,2023,10,28,7,2,222,67,21,1,1,1
45227,2023,10,28,7,2,101,67,12,1,2,2
45227,2023,10,28,7,2,163,60,2,0,3,2
45227,2023,10,28,7,2,282,52,4,0,3,2
45227,2023,10,28,7,2,116,82,9,1,2,2
45227,2023,10,28,7,2,285,3,20,0,2,1
45227,2023,10,28,7,2,101,16,12,1,3,2
45227,2023,10,28,7,2,386,28,18,0,1,1
45227,2023,10,28,7,2,116,11,12,1,2,2
45227,2023,10,28,7,2,101,16,12,1,2,2
45144,2023,8,6,1,4,116,11,21,0,2,1
45187,2023,9,18,2,1,70,28,3,1,1,1
45227,2023,10,28,7,2,365,28,18,0,1,1
45227,2023,10,28,7,3,324,65,12,1,3,2
45227,2023,10,28,7,2,470,80,7,1,2,2
45227,2023,10,28,7,2,153,15,3,0,1,1
45227,2023,10,28,7,3,116,83,20,0,1,1
45227,2023,10,28,7,3,232,11,12,1,2,2
45227,2023,10,28,7,3,101,49,3,1,1,1
45227,2023,10,28,7,3,101,67,12,0,2,2
45227,2023,10,28,7,2,40,4,20,0,1,1
45227,2023,10,28,7,2,230,49,12,1,3,3
45227,2023,10,28,7,3,488,67,9,1,3,3
45227,2023,10,28,7,2,101,21,18,0,1,1
45227,2023,10,28,7,3,282,49,4,0,1,1
45227,2023,10,28,7,3,101,4,20,1,1,1
45227,2023,10,28,7,2,470,4,4,0,1,1
45227,2023,10,28,7,3,101,1,11,0,4,2
45223,2023,10,24,3,3,116,85,2,0,2,2
45227,2023,10,28,7,3,262,21,20,0,3,1
45227,2023,10,28,7,3,210,1,11,1,2,2
45227,2023,10,28,7,3,116,67,9,1,6,2
45227,2023,10,28,7,3,163,4,4,0,1,1
45227,2023,10,28,7,3,277,15,20,0,4,1
45227,2023,10,28,7,3,470,41,20,0,1,1
45227,2023,10,28,7,3,116,83,12,1,6,3
45227,2023,10,28,7,3,163,49,20,0,2,1
45227,2023,10,28,7,3,373,64,20,0,1,1
45227,2023,10,28,7,3,365,1,11,0,3,3
45227,2023,10,28,7,2,101,81,2,1,3,3
45227,2023,10,28,7,3,40,67,20,0,2,1
45227,2023,10,28,7,2,101,67,4,0,1,1
45227,2023,10,28,7,3,316,11,4,1,1,1
45227,2023,10,28,7,3,20,35,2,0,2,2
45227,2023,10,28,7,3,364,11,20,0,1,1
45227,2023,10,28,7,3,222,51,20,1,1,1
45227,2023,10,28,7,3,116,11,21,1,1,1
45227,2023,10,28,7,3,364,11,11,0,4,3
45227,2023,10,28,7,3,304,49,20,1,1,1
45227,2023,10,28,7,2,101,83,20,0,1,1
45227,2023,10,28,7,3,116,11,9,0,4,2
45227,2023,10,28,7,4,60,60,2,1,3,2
45227,2023,10,28,7,3,343,49,3,0,1,1
45227,2023,10,28,7,3,104,67,12,1,5,3
45227,2023,10,28,7,4,40,38,2,1,2,2
45227,2023,10,28,7,2,10,5,21,1,1,1
45227,2023,10,28,7,3,101,16,12,1,3,3
45227,2023,10,28,7,4,101,49,12,0,3,3
45227,2023,10,28,7,4,290,11,12,0,3,2
45227,2023,10,28,7,4,163,11,20,1,1,1
45227,2023,10,28,7,4,101,48,4,1,1,1
45227,2023,10,28,7,4,369,1,9,1,5,3
45227,2023,10,28,7,3,316,1,7,1,2,2
45227,2023,10,28,7,4,364,64,21,1,2,1
45227,2023,10,28,7,4,222,1,11,0,2,2
45227,2023,10,28,7,3,316,11,7,0,2,2
45227,2023,10,28,7,4,381,11,12,1,4,2
45227,2023,10,28,7,3,10,15,12,0,3,2
45227,2023,10,28,7,3,116,16,9,0,2,2
45227,2023,10,28,7,4,210,49,20,1,1,1
45227,2023,10,28,7,4,153,82,9,0,2,1
45227,2023,10,28,7,4,163,16,12,1,2,2
45227,2023,10,28,7,4,230,11,21,1,1,1
45227,2023,10,28,7,4,280,49,7,0,9,4
45227,2023,10,28,7,4,381,61,2,0,3,2
45227,2023,10,28,7,4,470,49,4,1,1,1
45227,2023,10,28,7,3,470,15,2,0,2,2
45227,2023,10,28,7,4,493,1,12,1,3,2
45227,2023,10,28,7,4,116,11,21,1,1,1
45227,2023,10,28,7,4,101,9,1,0,2,2
45227,2023,10,28,7,4,230,11,9,1,2,2
45227,2023,10,28,7,4,101,80,7,0,3,2
45227,2023,10,28,7,4,470,11,21,1,1,1
45227,2023,10,28,7,4,153,83,4,0,1,1
45227,2023,10,28,7,4,262,35,2,1,2,2
45227,2023,10,28,7,3,222,60,2,0,4,3
45227,2023,10,28,7,4,364,67,20,0,1,1
45227,2023,10,28,7,4,116,11,12,1,2,2
45227,2023,10,28,7,4,174,11,12,0,3,2
45227,2023,10,28,7,4,364,67,21,1,1,1
45227,2023,10,28,7,4,316,67,12,1,3,3
45227,2023,10,28,7,4,277,17,11,1,2,2
45227,2023,10,28,7,4,287,49,20,0,1,1
45227,2023,10,28,7,4,459,49,20,0,1,1
45227,2023,10,28,7,4,376,67,4,1,2,1
45227,2023,10,28,7,4,343,49,9,1,2,2
45227,2023,10,28,7,4,116,67,20,1,1,1
45227,2023,10,28,7,4,135,80,7,0,2,2
45228,2023,10,29,1,1,101,83,3,0,1,1
45227,2023,10,28,7,4,280,83,20,0,3,1
45227,2023,10,28,7,4,163,82,9,1,2,2
45100,2023,6,23,6,4,343,33,11,1,6,3
45227,2023,10,28,7,4,153,67,20,0,2,1
45195,2023,9,26,3,2,343,11,12,0,2,2
45227,2023,10,28,7,4,153,49,20,0,1,1
45227,2023,10,28,7,4,405,80,7,1,2,2
45228,2023,10,29,1,1,60,83,20,0,1,1
45228,2023,10,29,1,1,101,9,1,1,2,1
45228,2023,10,29,1,1,101,49,12,0,4,2
45228,2023,10,29,1,1,153,9,1,0,1,1
45228,2023,10,29,1,1,50,80,11,1,4,2
45228,2023,10,29,1,1,116,83,20,0,2,1
45228,2023,10,29,1,1,153,46,12,0,2,2
45228,2023,10,29,1,1,116,11,2,0,2,2
45228,2023,10,29,1,1,425,49,4,1,1,1
45228,2023,10,29,1,1,116,67,12,1,2,2
45228,2023,10,29,1,1,369,11,4,0,1,1
45228,2023,10,29,1,1,101,67,12,0,2,2
45228,2023,10,29,1,1,407,49,10,0,2,2
45228,2023,10,29,1,1,407,11,21,0,1,1
45228,2023,10,29,1,1,116,11,4,1,1,1
45228,2023,10,29,1,1,40,11,21,0,1,1
45228,2023,10,29,1,1,116,9,1,0,3,3
45228,2023,10,29,1,1,40,49,12,1,2,2
45227,2023,10,28,7,3,101,60,2,1,2,2
45228,2023,10,29,1,2,101,11,21,0,2,1
45228,2023,10,29,1,1,226,49,20,0,1,1
45228,2023,10,29,1,1,70,83,12,1,3,2
45228,2023,10,29,1,2,277,49,20,0,2,1
45228,2023,10,29,1,1,101,80,10,1,2,2
45228,2023,10,29,1,1,319,1,11,1,4,2
45228,2023,10,29,1,2,376,11,20,0,2,1
45228,2023,10,29,1,2,116,11,4,0,1,1
45228,2023,10,29,1,1,230,13,20,0,4,1
45228,2023,10,29,1,1,282,48,20,0,4,1
45228,2023,10,29,1,1,376,1,12,1,4,2
45228,2023,10,29,1,2,101,52,9,0,2,2
45228,2023,10,29,1,2,304,67,12,0,2,2
45228,2023,10,29,1,1,153,49,20,0,1,1
45228,2023,10,29,1,2,101,64,21,1,1,1
45228,2023,10,29,1,2,101,67,3,0,1,1
45171,2023,9,2,7,3,290,67,4,0,1,1
45228,2023,10,29,1,2,101,19,4,0,1,1
45216,2023,10,17,3,3,364,11,12,0,3,2
45228,2023,10,29,1,2,40,11,20,0,1,1
45228,2023,10,29,1,2,364,49,11,1,4,2
45228,2023,10,29,1,2,40,18,4,0,5,1
45228,2023,10,29,1,2,101,67,20,1,2,1
45228,2023,10,29,1,2,262,67,20,0,1,1
45228,2023,10,29,1,2,101,33,11,1,3,2
45228,2023,10,29,1,2,60,67,20,0,1,1
45228,2023,10,29,1,2,116,67,3,0,2,1
45227,2023,10,28,7,3,381,49,20,0,1,1
45227,2023,10,28,7,4,116,11,4,0,1,1
45228,2023,10,29,1,2,381,11,20,0,1,1
45117,2023,7,10,2,1,381,83,21,0,1,1
45228,2023,10,29,1,2,262,11,20,0,1,1
45221,2023,10,22,1,1,158,28,4,0,1,1
45228,2023,10,29,1,2,116,83,7,0,3,3
45228,2023,10,29,1,2,60,33,11,1,2,2
45228,2023,10,29,1,2,476,52,20,1,1,1
45228,2023,10,29,1,2,381,56,4,1,2,1
45228,2023,10,29,1,2,163,28,21,0,2,1
45228,2023,10,29,1,2,101,67,20,0,1,1
45228,2023,10,29,1,3,101,52,12,1,4,3
45228,2023,10,29,1,2,277,67,20,0,2,1
45228,2023,10,29,1,3,376,83,4,1,1,1
45228,2023,10,29,1,2,376,16,12,1,5,2
45228,2023,10,29,1,3,116,67,10,0,2,2
45228,2023,10,29,1,2,40,67,3,1,2,1
45228,2023,10,29,1,2,470,1,11,0,5,2
45228,2023,10,29,1,3,10,83,20,0,2,1
45228,2023,10,29,1,2,153,1,11,1,2,2
45228,2023,10,29,1,3,381,67,20,0,2,1
45228,2023,10,29,1,2,470,83,20,0,2,1
45228,2023,10,29,1,3,116,67,21,1,2,1
45228,2023,10,29,1,3,163,49,12,0,3,2
45228,2023,10,29,1,3,101,11,12,1,2,2
45228,2023,10,29,1,3,116,1,11,1,3,3
45228,2023,10,29,1,3,60,67,20,0,1,1
45228,2023,10,29,1,3,364,49,4,1,2,2
45228,2023,10,29,1,3,101,11,21,1,2,1
45228,2023,10,29,1,3,116,67,12,1,3,2
45228,2023,10,29,1,3,116,1,9,1,2,2
45228,2023,10,29,1,3,101,49,20,0,1,1
45228,2023,10,29,1,3,414,1,11,0,3,2
45228,2023,10,29,1,3,364,28,20,0,1,1
45228,2023,10,29,1,3,423,67,21,0,1,1
45228,2023,10,29,1,3,153,49,12,1,2,2
45228,2023,10,29,1,3,423,1,11,0,4,2
45228,2023,10,29,1,3,101,33,11,1,2,2
45228,2023,10,29,1,3,101,2,12,0,4,3
45228,2023,10,29,1,3,381,83,3,0,3,1
45228,2023,10,29,1,3,40,78,12,1,3,2
45228,2023,10,29,1,3,365,83,3,0,2,2
45228,2023,10,29,1,3,101,18,20,0,3,1
45228,2023,10,29,1,3,287,1,11,1,3,2
45228,2023,10,29,1,2,376,15,20,0,2,1
45228,2023,10,29,1,4,222,82,11,1,2,2
45228,2023,10,29,1,3,116,81,12,1,5,3
45228,2023,10,29,1,3,116,15,9,0,2,1
45228,2023,10,29,1,3,174,80,7,1,5,2
45228,2023,10,29,1,4,40,78,12,0,2,2
45228,2023,10,29,1,4,101,81,2,0,2,2
45228,2023,10,29,1,3,101,67,4,1,2,1
45228,2023,10,29,1,3,222,1,11,1,2,2
45228,2023,10,29,1,4,381,11,4,0,1,1
45228,2023,10,29,1,3,242,82,7,0,2,2
45228,2023,10,29,1,4,381,35,2,1,5,2
45228,2023,10,29,1,4,116,16,15,1,4,3
45228,2023,10,29,1,3,386,11,12,0,3,2
45223,2023,10,24,3,4,116,9,1,0,1,1
45228,2023,10,29,1,4,116,2,11,1,5,3
45228,2023,10,29,1,4,40,80,7,1,5,2
45228,2023,10,29,1,4,407,11,12,0,2,2
45228,2023,10,29,1,4,386,7,21,1,3,3
45228,2023,10,29,1,4,343,49,10,0,2,2
45228,2023,10,29,1,3,153,67,20,1,2,1
45228,2023,10,29,1,3,485,48,2,1,2,2
45228,2023,10,29,1,4,116,11,9,1,2,1
45228,2023,10,29,1,3,116,83,12,1,3,3
45228,2023,10,29,1,3,101,49,12,0,2,2
45228,2023,10,29,1,4,262,60,2,0,2,2
45228,2023,10,29,1,4,316,25,12,0,4,2
45228,2023,10,29,1,4,376,1,2,1,3,2
45228,2023,10,29,1,3,163,44,12,0,6,2
45228,2023,10,29,1,4,40,4,12,1,2,2
45228,2023,10,29,1,4,290,80,7,0,3,2
45228,2023,10,29,1,4,381,4,20,0,2,1
45228,2023,10,29,1,4,60,49,12,1,6,2
45228,2023,10,29,1,3,153,83,20,0,3,1
45228,2023,10,29,1,4,364,67,21,0,1,1
45228,2023,10,29,1,4,116,67,20,0,2,1
45228,2023,10,29,1,4,20,52,12,1,2,2
45228,2023,10,29,1,4,316,67,20,1,2,2
45228,2023,10,29,1,4,101,16,12,0,3,2
45228,2023,10,29,1,4,267,80,7,1,3,2
45228,2023,10,29,1,4,116,49,20,1,1,1
45228,2023,10,29,1,4,364,49,12,1,4,3
45228,2023,10,29,1,4,101,82,9,1,2,2
45228,2023,10,29,1,4,116,83,4,1,1,1
45228,2023,10,29,1,4,393,83,4,0,1,1
45228,2023,10,29,1,4,40,15,20,1,1,1
45229,2023,10,30,2,1,277,67,20,0,1,1
45229,2023,10,30,2,1,101,64,20,0,1,1
45228,2023,10,29,1,4,282,49,4,1,1,1
45229,2023,10,30,2,1,423,9,1,0,2,2
45229,2023,10,30,2,1,101,83,4,0,3,1
45229,2023,10,30,2,1,40,18,4,0,1,1
45229,2023,10,30,2,1,163,49,20,0,6,1
45229,2023,10,30,2,1,470,49,20,1,1,1
45229,2023,10,30,2,1,70,67,3,1,3,1
45229,2023,10,30,2,1,101,11,20,1,1,1
45229,2023,10,30,2,2,101,67,9,0,2,2
45229,2023,10,30,2,2,230,82,9,0,3,2
45229,2023,10,30,2,2,290,49,10,0,5,2
45229,2023,10,30,2,2,101,16,12,1,4,2
45229,2023,10,30,2,2,60,11,20,1,1,1
45229,2023,10,30,2,2,153,11,12,1,3,2
45229,2023,10,30,2,2,470,1,11,1,2,2
45229,2023,10,30,2,2,70,52,9,1,3,3
45229,2023,10,30,2,2,116,48,4,0,1,1
45229,2023,10,30,2,2,324,16,12,1,2,2
45225,2023,10,26,5,2,488,35,2,1,2,2
44996,2023,3,11,7,3,316,1,11,1,2,2
45229,2023,10,30,2,2,267,11,20,0,1,1
45229,2023,10,30,2,2,376,11,12,1,2,2
44954,2023,1,28,7,1,174,9,1,0,2,1
45229,2023,10,30,2,2,277,82,9,1,2,2
45228,2023,10,29,1,3,317,72,11,0,2,2
45229,2023,10,30,2,2,163,67,12,1,3,2
45229,2023,10,30,2,2,251,1,11,0,2,2
45229,2023,10,30,2,2,290,11,12,0,2,2
45229,2023,10,30,2,2,163,11,20,0,1,1
45229,2023,10,30,2,2,70,28,20,0,6,2
45229,2023,10,30,2,2,101,52,9,1,2,2
45205,2023,10,6,6,4,101,28,18,0,1,1
45229,2023,10,30,2,2,230,67,9,1,7,4
45229,2023,10,30,2,2,285,15,20,0,1,1
45229,2023,10,30,2,2,285,15,20,0,2,1
45229,2023,10,30,2,2,60,11,2,0,2,2
45229,2023,10,30,2,2,101,17,11,1,4,3
45229,2023,10,30,2,2,381,11,20,0,1,1
45229,2023,10,30,2,2,343,16,12,0,5,2
45229,2023,10,30,2,2,230,1,11,1,2,2
45229,2023,10,30,2,2,40,16,12,1,2,2
45227,2023,10,28,7,3,304,1,11,1,3,2
45229,2023,10,30,2,2,116,67,20,0,1,1
45229,2023,10,30,2,2,381,11,15,0,4,4
45229,2023,10,30,2,2,70,17,11,1,2,2
45224,2023,10,25,4,2,232,1,11,1,7,2
45229,2023,10,30,2,2,70,80,11,0,4,2
45229,2023,10,30,2,2,364,1,11,1,2,2
45229,2023,10,30,2,3,381,11,20,0,1,1
45141,2023,8,3,5,2,356,1,7,0,2,2
45229,2023,10,30,2,2,101,2,11,1,2,2
45229,2023,10,30,2,2,163,28,20,0,1,1
45229,2023,10,30,2,2,163,82,11,1,3,2
45229,2023,10,30,2,3,60,13,20,0,3,1
45220,2023,10,21,7,1,60,13,21,0,2,1
45229,2023,10,30,2,3,381,11,20,0,3,1
45229,2023,10,30,2,3,282,78,11,1,3,2
45229,2023,10,30,2,2,153,11,12,0,3,2
45229,2023,10,30,2,2,10,20,11,1,2,2
45229,2023,10,30,2,2,40,78,9,1,2,2
45229,2023,10,30,2,3,282,29,9,0,2,2
45205,2023,10,6,6,2,101,67,7,1,2,2
45229,2023,10,30,2,3,116,16,12,1,2,2
45229,2023,10,30,2,3,20,20,11,0,3,2
45229,2023,10,30,2,3,230,1,11,0,2,2
44930,2023,1,4,4,2,343,52,11,1,3,3
45229,2023,10,30,2,3,343,11,12,1,3,2
45139,2023,8,1,3,2,116,16,15,1,5,5
45229,2023,10,30,2,3,262,18,20,0,2,1
45229,2023,10,30,2,3,381,16,12,1,2,2
45229,2023,10,30,2,3,381,11,15,1,3,3
45225,2023,10,26,5,3,60,11,11,1,2,2
45229,2023,10,30,2,2,282,12,9,0,4,3
45229,2023,10,30,2,3,101,64,9,0,2,2
45229,2023,10,30,2,3,290,52,12,1,2,2
45229,2023,10,30,2,3,365,19,20,1,1,1
45229,2023,10,30,2,3,277,11,4,0,2,1
45229,2023,10,30,2,2,163,1,9,1,2,2
45081,2023,6,4,1,1,70,49,20,1,1,1
45229,2023,10,30,2,3,471,16,12,0,28,2
45229,2023,10,30,2,3,232,11,12,1,3,2
45229,2023,10,30,2,3,392,52,9,1,3,2
45229,2023,10,30,2,3,163,33,11,1,2,2
45229,2023,10,30,2,3,262,18,20,0,1,1
45229,2023,10,30,2,3,343,52,9,1,2,2
45229,2023,10,30,2,3,101,11,12,0,3,2
45229,2023,10,30,2,3,101,83,11,1,2,2
45229,2023,10,30,2,3,174,15,20,0,4,1
45229,2023,10,30,2,3,101,28,18,0,1,1
45229,2023,10,30,2,3,163,11,21,1,1,1
45229,2023,10,30,2,3,158,1,11,1,3,2
45229,2023,10,30,2,3,330,67,20,0,2,1
45229,2023,10,30,2,4,392,1,11,1,2,2
45228,2023,10,29,1,2,470,67,12,1,3,2
45229,2023,10,30,2,4,116,16,9,1,2,2
45229,2023,10,30,2,4,101,78,12,0,4,2
45229,2023,10,30,2,4,40,1,11,0,2,2
45229,2023,10,30,2,4,381,76,20,0,2,1
45229,2023,10,30,2,4,116,6,21,0,1,1
45229,2023,10,30,2,4,104,9,1,0,2,1
45229,2023,10,30,2,3,316,1,7,1,1,1
45229,2023,10,30,2,4,101,60,2,0,2,2
45229,2023,10,30,2,4,381,16,21,1,1,1
45229,2023,10,30,2,3,367,49,12,1,2,2
45229,2023,10,30,2,4,116,18,7,1,2,2
45229,2023,10,30,2,4,101,1,9,1,3,2
45229,2023,10,30,2,2,316,1,9,0,3,2
45229,2023,10,30,2,4,60,11,20,0,1,1
45229,2023,10,30,2,3,495,72,11,1,3,2
45229,2023,10,30,2,4,101,82,9,0,2,2
45229,2023,10,30,2,4,101,11,21,1,1,1
45229,2023,10,30,2,4,20,5,21,0,1,1
45229,2023,10,30,2,4,116,15,20,0,1,1
45229,2023,10,30,2,4,116,67,4,0,1,1
45207,2023,10,8,1,2,163,2,11,1,2,2
45229,2023,10,30,2,4,364,16,15,0,5,3
45229,2023,10,30,2,4,116,49,4,1,1,1
45229,2023,10,30,2,4,262,83,3,0,1,1
45229,2023,10,30,2,4,277,12,20,0,4,4
45229,2023,10,30,2,3,101,67,2,1,2,2
45230,2023,10,31,3,1,158,33,11,1,3,2
45229,2023,10,30,2,4,373,4,20,0,3,1
45230,2023,10,31,3,1,101,1,11,1,3,2
45229,2023,10,30,2,3,101,2,9,1,2,2
45230,2023,10,31,3,1,469,83,4,1,1,1
45230,2023,10,31,3,1,101,18,4,0,2,1
45230,2023,10,31,3,1,376,4,20,0,1,1
45230,2023,10,31,3,2,10,67,9,1,2,2
45230,2023,10,31,3,2,101,16,12,1,2,2
45230,2023,10,31,3,2,116,4,20,1,1,1
45227,2023,10,28,7,4,116,28,18,0,1,1
45230,2023,10,31,3,2,101,28,21,0,2,1