id_data,ano,mes,dia,id_dia_semana,periodo,br,id_causa_acidente,id_tipo_acidente,id_uso_solo,pessoas,veiculos
45229,2023,10,30,2,4,40,67,12,1,3,3
45230,2023,10,31,3,2,381,67,20,0,1,1
45230,2023,10,31,3,2,40,1,2,1,3,2
45230,2023,10,31,3,2,101,67,9,1,4,3
45230,2023,10,31,3,2,259,67,10,0,5,3
45230,2023,10,31,3,2,116,78,9,1,4,2
45230,2023,10,31,3,2,262,11,20,1,1,1
45230,2023,10,31,3,2,101,20,9,0,2,2
45230,2023,10,31,3,1,40,28,18,1,1,1
45229,2023,10,30,2,4,116,28,18,0,1,1
45230,2023,10,31,3,2,101,20,9,1,2,2
45230,2023,10,31,3,2,20,83,9,0,2,2
45230,2023,10,31,3,2,101,52,11,0,2,2
45230,2023,10,31,3,2,280,1,11,1,2,2
45230,2023,10,31,3,2,40,11,9,1,2,2
45230,2023,10,31,3,2,282,78,9,1,3,2
45230,2023,10,31,3,2,116,67,20,0,1,1
45230,2023,10,31,3,2,153,49,3,0,1,1
45230,2023,10,31,3,2,116,67,9,1,4,2
45230,2023,10,31,3,2,135,11,12,1,3,2
45230,2023,10,31,3,2,262,1,11,1,6,2
45186,2023,9,17,1,3,80,18,3,0,1,1
45230,2023,10,31,3,2,70,67,12,1,4,4
45230,2023,10,31,3,2,101,11,21,0,1,1
45167,2023,8,29,3,3,222,67,11,1,2,2
45230,2023,10,31,3,2,101,16,15,0,6,4
45230,2023,10,31,3,2,101,11,12,1,5,2
45230,2023,10,31,3,2,40,18,20,0,1,1
45230,2023,10,31,3,2,101,11,20,1,1,1
45230,2023,10,31,3,2,116,83,12,1,3,2
45230,2023,10,31,3,2,222,67,2,1,2,2
45230,2023,10,31,3,2,480,67,7,1,3,2
45194,2023,9,25,2,3,277,67,10,0,3,3
45230,2023,10,31,3,3,285,83,20,0,2,1
45210,2023,10,11,4,4,101,29,21,0,1,1
45226,2023,10,27,6,3,101,11,3,0,2,1
45230,2023,10,31,3,3,493,16,12,0,4,3
45230,2023,10,31,3,2,316,35,2,1,3,2
45230,2023,10,31,3,3,101,56,21,0,1,1
45230,2023,10,31,3,3,174,1,11,0,2,2
45230,2023,10,31,3,3,470,1,11,1,2,2
45230,2023,10,31,3,2,101,52,7,0,5,2
45230,2023,10,31,3,3,232,1,11,1,2,2
45102,2023,6,25,1,3,277,82,20,0,6,2
45230,2023,10,31,3,2,20,82,20,0,2,2
45161,2023,8,23,4,3,493,11,21,1,2,2
45230,2023,10,31,3,3,116,28,4,1,1,1
45230,2023,10,31,3,3,101,72,11,1,2,2
45230,2023,10,31,3,3,386,18,20,0,4,1
45170,2023,9,1,6,4,116,11,12,0,2,2
45230,2023,10,31,3,3,116,83,4,0,3,1
45230,2023,10,31,3,3,381,13,4,0,6,1
45230,2023,10,31,3,3,280,21,11,1,3,2
45230,2023,10,31,3,3,101,11,2,0,2,2
45230,2023,10,31,3,3,40,11,21,0,1,1
45230,2023,10,31,3,3,232,81,9,1,3,2
45230,2023,10,31,3,3,116,52,12,1,4,3
45230,2023,10,31,3,3,101,67,15,1,3,3
45230,2023,10,31,3,3,101,13,12,1,2,2
45230,2023,10,31,3,3,101,51,21,1,1,1
45230,2023,10,31,3,3,262,11,12,0,3,2
45230,2023,10,31,3,3,381,11,4,0,2,1
45230,2023,10,31,3,3,116,78,9,1,3,2
45230,2023,10,31,3,3,470,11,9,1,2,2
45186,2023,9,17,1,3,60,83,20,1,2,1
45230,2023,10,31,3,3,381,1,9,1,1,1
45230,2023,10,31,3,3,101,11,21,1,1,1
45178,2023,9,9,7,3,116,1,11,0,3,2
45230,2023,10,31,3,3,135,33,11,1,2,2
45230,2023,10,31,3,3,367,33,10,1,2,2
45230,2023,10,31,3,4,116,64,12,0,4,3
45230,2023,10,31,3,3,364,52,9,1,3,2
45230,2023,10,31,3,4,40,4,4,0,1,1
45230,2023,10,31,3,3,153,11,9,0,2,2
45230,2023,10,31,3,4,101,11,20,1,1,1
45230,2023,10,31,3,4,116,9,1,1,1,1
45217,2023,10,18,4,2,386,11,4,0,2,1
45230,2023,10,31,3,4,116,12,4,1,1,1
45230,2023,10,31,3,4,10,1,9,0,2,2
45230,2023,10,31,3,3,277,28,18,0,1,1
45230,2023,10,31,3,4,381,83,4,0,2,1
45230,2023,10,31,3,3,101,85,2,0,2,2
45230,2023,10,31,3,3,405,49,12,0,2,2
45230,2023,10,31,3,4,435,9,1,0,1,1
45230,2023,10,31,3,4,116,17,11,1,3,3
45230,2023,10,31,3,2,116,64,20,0,2,1
45230,2023,10,31,3,4,232,9,1,1,3,1
45231,2023,11,1,4,1,101,67,3,1,1,1
45231,2023,11,1,4,1,116,44,12,1,4,3
45231,2023,11,1,4,1,364,2,4,1,1,1
45231,2023,11,1,4,1,277,83,20,0,1,1
45231,2023,11,1,4,1,428,49,3,0,1,1
45231,2023,11,1,4,1,116,67,3,0,4,1
45231,2023,11,1,4,2,471,67,20,0,2,1
45231,2023,11,1,4,1,60,18,20,0,3,1
45231,2023,11,1,4,2,101,66,7,0,2,2
45231,2023,11,1,4,1,101,81,7,0,2,2
45231,2023,11,1,4,2,280,82,11,1,2,2
45226,2023,10,27,6,3,116,67,2,0,2,2
45231,2023,11,1,4,2,20,78,9,1,2,2
45231,2023,11,1,4,1,116,11,20,0,1,1
45231,2023,11,1,4,2,277,52,12,1,2,2
45231,2023,11,1,4,2,116,52,9,1,2,2
45231,2023,11,1,4,2,381,64,21,1,2,1
45231,2023,11,1,4,2,493,13,20,0,1,1
45231,2023,11,1,4,2,324,78,9,0,4,4
45231,2023,11,1,4,2,163,20,11,0,3,2
45160,2023,8,22,3,4,163,80,7,0,2,2
45231,2023,11,1,4,2,153,33,11,1,2,2
45231,2023,11,1,4,2,393,67,9,1,2,2
45231,2023,11,1,4,2,470,1,11,1,2,2
45229,2023,10,30,2,4,324,9,20,0,1,1
45207,2023,10,8,1,4,405,16,12,0,5,3
45231,2023,11,1,4,2,428,67,12,0,3,3
45231,2023,11,1,4,2,50,56,12,1,3,3
45231,2023,11,1,4,2,290,28,18,0,2,1
45231,2023,11,1,4,2,20,67,12,0,6,3
45072,2023,5,26,6,3,101,78,12,1,3,3
45217,2023,10,18,4,2,50,1,11,1,3,2
45231,2023,11,1,4,3,290,11,12,0,2,2
45231,2023,11,1,4,3,381,18,20,0,4,1
45231,2023,11,1,4,2,116,28,18,0,4,1
45231,2023,11,1,4,3,101,16,12,1,4,2
45231,2023,11,1,4,3,232,67,12,0,2,2
45231,2023,11,1,4,3,280,1,11,1,2,2
45231,2023,11,1,4,3,101,11,12,1,2,2
45231,2023,11,1,4,3,101,78,12,1,3,2
45156,2023,8,18,6,3,476,16,12,1,2,2
45231,2023,11,1,4,2,376,1,12,1,2,2
45231,2023,11,1,4,3,116,78,12,1,2,2
45231,2023,11,1,4,3,392,11,11,0,2,2
45231,2023,11,1,4,3,324,16,12,0,3,2
45231,2023,11,1,4,3,381,82,9,1,3,2
45231,2023,11,1,4,3,116,81,12,1,5,2
45231,2023,11,1,4,1,282,83,20,0,1,1
45231,2023,11,1,4,3,343,1,11,0,2,2
45231,2023,11,1,4,3,116,67,12,0,2,2
45231,2023,11,1,4,3,101,28,20,0,1,1
45231,2023,11,1,4,3,116,2,7,1,2,2
45231,2023,11,1,4,3,304,1,11,0,3,2
45231,2023,11,1,4,3,365,83,12,0,2,2
45231,2023,11,1,4,3,230,16,12,1,3,2
45231,2023,11,1,4,3,101,56,21,1,2,1
45231,2023,11,1,4,3,230,67,20,0,2,1
45231,2023,11,1,4,3,116,16,12,1,2,2
45231,2023,11,1,4,3,40,78,12,1,2,2
45231,2023,11,1,4,3,116,72,11,0,5,2
45231,2023,11,1,4,3,116,78,9,1,4,3
45231,2023,11,1,4,3,101,11,12,0,4,2
45231,2023,11,1,4,3,101,16,12,0,3,2
45231,2023,11,1,4,3,116,11,12,1,2,2
45231,2023,11,1,4,2,116,1,11,1,2,2
45231,2023,11,1,4,3,381,5,3,0,4,1
45103,2023,6,26,2,3,230,52,11,0,2,2
45231,2023,11,1,4,3,277,1,11,1,4,2
45231,2023,11,1,4,3,116,35,2,1,3,2
45231,2023,11,1,4,3,230,61,2,1,3,2
45231,2023,11,1,4,3,116,15,7,0,1,1
45231,2023,11,1,4,3,40,10,2,1,3,2
45231,2023,11,1,4,3,116,16,12,0,3,2
45231,2023,11,1,4,3,116,11,21,0,1,1
45231,2023,11,1,4,3,101,78,9,1,2,2
45231,2023,11,1,4,3,232,44,12,0,2,2
45231,2023,11,1,4,3,153,67,12,1,2,2
45231,2023,11,1,4,3,174,67,21,0,2,2
45231,2023,11,1,4,3,282,11,12,1,2,2
45231,2023,11,1,4,3,110,1,11,1,2,2
45231,2023,11,1,4,3,480,16,12,1,2,2
45231,2023,11,1,4,3,470,1,11,0,3,2
45231,2023,11,1,4,3,226,16,12,0,2,2
45231,2023,11,1,4,3,163,16,12,1,2,2
45231,2023,11,1,4,4,101,1,12,1,3,3
45220,2023,10,21,7,3,230,11,12,1,2,2
45231,2023,11,1,4,4,70,11,11,1,2,2
45231,2023,11,1,4,3,262,15,20,0,1,1
45231,2023,11,1,4,4,70,48,3,1,2,2
45231,2023,11,1,4,4,101,78,12,1,3,2
45231,2023,11,1,4,3,232,33,11,1,3,3
45231,2023,11,1,4,3,163,1,11,1,2,2
45231,2023,11,1,4,3,174,38,20,0,2,1
45231,2023,11,1,4,4,116,33,11,1,4,2
45226,2023,10,27,6,4,262,1,11,1,2,2
45231,2023,11,1,4,3,324,67,12,0,2,2
45231,2023,11,1,4,3,364,67,12,0,2,2
45231,2023,11,1,4,4,50,1,9,0,2,2
45231,2023,11,1,4,3,163,11,4,1,2,1
45231,2023,11,1,4,3,324,5,21,1,1,1
45231,2023,11,1,4,3,480,52,11,0,2,2
45231,2023,11,1,4,4,40,83,11,1,3,2
45231,2023,11,1,4,3,356,1,11,1,4,2
45231,2023,11,1,4,3,135,9,1,0,2,1
45231,2023,11,1,4,4,116,52,9,1,2,2
45219,2023,10,20,6,3,101,16,15,1,3,3
45231,2023,11,1,4,3,230,11,9,1,2,2
45227,2023,10,28,7,3,10,56,20,1,1,1
45231,2023,11,1,4,4,101,1,11,1,2,2
45231,2023,11,1,4,3,101,28,20,0,4,1
45231,2023,11,1,4,4,282,83,3,0,4,1
45231,2023,11,1,4,4,163,1,11,1,2,2
45231,2023,11,1,4,4,472,82,10,0,2,2
45175,2023,9,6,4,4,470,27,11,1,2,2
45231,2023,11,1,4,4,20,1,7,0,2,2
45231,2023,11,1,4,4,116,44,12,0,2,2
45231,2023,11,1,4,4,40,67,20,0,3,1
45189,2023,9,20,4,3,369,11,21,0,2,1
45231,2023,11,1,4,4,116,67,2,0,2,2
45231,2023,11,1,4,4,163,25,12,0,2,2
45231,2023,11,1,4,4,435,1,11,1,2,2
45231,2023,11,1,4,4,101,67,20,0,2,1
45231,2023,11,1,4,4,393,1,10,0,2,2
45231,2023,11,1,4,4,101,52,9,1,3,2
45231,2023,11,1,4,3,470,1,11,0,2,2
45231,2023,11,1,4,4,414,15,20,0,1,1
45231,2023,11,1,4,4,153,49,20,0,1,1
45231,2023,11,1,4,4,364,1,11,1,2,2
45231,2023,11,1,4,4,230,9,1,0,1,1
45231,2023,11,1,4,4,116,1,12,0,2,1
45231,2023,11,1,4,4,163,11,20,0,1,1
45231,2023,11,1,4,4,116,11,20,0,2,1
45232,2023,11,2,5,1,40,83,21,1,6,2
45231,2023,11,1,4,4,70,80,7,0,4,2
45231,2023,11,1,4,4,476,13,21,1,1,1
45232,2023,11,2,5,1,60,67,20,0,1,1
45232,2023,11,2,5,1,116,67,20,0,4,1
45232,2023,11,2,5,1,116,67,9,1,3,3
45232,2023,11,2,5,1,70,1,11,1,2,2
45231,2023,11,1,4,4,415,1,9,0,2,2
45232,2023,11,2,5,1,101,1,11,1,2,2
45232,2023,11,2,5,1,60,13,20,0,1,1
45232,2023,11,2,5,1,287,11,4,1,1,1
45232,2023,11,2,5,1,50,49,20,0,1,1
45232,2023,11,2,5,1,116,81,12,0,6,3
45232,2023,11,2,5,1,116,11,4,1,3,2
45232,2023,11,2,5,1,386,49,7,1,7,2
45232,2023,11,2,5,1,277,16,12,1,3,2
45232,2023,11,2,5,1,116,18,4,0,1,1
45232,2023,11,2,5,1,405,80,7,0,1,1
45232,2023,11,2,5,1,493,67,12,1,3,2
45232,2023,11,2,5,1,369,18,4,0,1,1
45232,2023,11,2,5,2,262,72,11,0,2,2
45232,2023,11,2,5,2,40,49,4,1,1,1
45232,2023,11,2,5,2,153,33,11,0,2,2
45210,2023,10,11,4,3,110,82,7,0,3,2
45232,2023,11,2,5,2,60,83,20,1,1,1
45207,2023,10,8,1,4,392,2,11,1,2,2
45228,2023,10,29,1,3,101,67,15,1,3,3
45188,2023,9,19,3,3,101,16,12,1,2,2
45232,2023,11,2,5,2,116,11,9,0,1,1
45232,2023,11,2,5,2,104,16,12,1,6,2
45232,2023,11,2,5,2,101,67,12,0,3,2
45232,2023,11,2,5,2,316,1,11,1,3,2
45232,2023,11,2,5,2,293,83,3,0,1,1
45232,2023,11,2,5,2,262,11,9,1,2,2
45232,2023,11,2,5,2,116,13,21,1,2,1
45232,2023,11,2,5,2,316,11,12,0,4,2
45232,2023,11,2,5,2,376,83,20,0,2,1
45232,2023,11,2,5,2,60,13,20,0,2,1
45232,2023,11,2,5,2,101,11,12,0,3,2
45232,2023,11,2,5,2,40,67,15,0,18,6
45232,2023,11,2,5,2,116,16,15,1,5,4
45232,2023,11,2,5,2,101,67,12,1,3,2
45232,2023,11,2,5,2,428,16,9,0,2,2
45232,2023,11,2,5,2,101,16,15,1,5,4
45232,2023,11,2,5,2,116,78,12,1,2,2
45232,2023,11,2,5,2,365,16,12,1,3,2
45232,2023,11,2,5,2,262,18,10,0,5,2
45232,2023,11,2,5,2,282,67,21,0,2,2
45232,2023,11,2,5,2,101,67,12,1,2,2
45232,2023,11,2,5,2,282,67,21,0,1,1
45232,2023,11,2,5,2,282,67,20,0,2,1
45232,2023,11,2,5,2,101,28,21,0,2,1
45184,2023,9,15,6,3,365,7,21,0,2,1
45232,2023,11,2,5,2,470,67,20,0,1,1
45232,2023,11,2,5,2,20,11,12,1,3,2
45232,2023,11,2,5,2,101,67,9,1,2,2
45232,2023,11,2,5,2,40,14,3,0,2,1
45232,2023,11,2,5,3,101,67,7,1,3,3
45232,2023,11,2,5,2,60,67,20,1,1,1
45222,2023,10,23,2,1,267,11,20,0,2,1
45232,2023,11,2,5,2,470,7,7,0,2,2
45232,2023,11,2,5,2,376,67,9,1,4,2
45232,2023,11,2,5,3,101,49,21,1,1,1
45232,2023,11,2,5,3,40,67,4,1,2,1
45232,2023,11,2,5,3,381,4,20,0,1,1
45232,2023,11,2,5,3,153,4,3,0,2,1
45232,2023,11,2,5,3,40,52,9,0,2,2
45232,2023,11,2,5,3,101,67,4,0,1,1
45232,2023,11,2,5,2,316,18,20,0,4,1
45232,2023,11,2,5,3,262,15,20,0,2,2
45232,2023,11,2,5,3,381,4,20,0,2,2
45232,2023,11,2,5,3,414,13,4,0,2,1
45232,2023,11,2,5,3,116,18,12,0,3,2
45232,2023,11,2,5,3,50,4,20,0,1,1
45232,2023,11,2,5,3,116,1,11,1,2,2
45232,2023,11,2,5,3,101,67,20,0,3,1
45232,2023,11,2,5,3,369,33,11,1,4,2
45232,2023,11,2,5,3,262,20,12,1,4,3
45232,2023,11,2,5,3,365,15,20,0,2,1
45232,2023,11,2,5,3,116,67,9,0,2,2
45232,2023,11,2,5,3,365,11,12,0,2,2
45232,2023,11,2,5,3,230,1,11,1,3,2
45232,2023,11,2,5,3,101,16,12,1,2,2
45232,2023,11,2,5,3,101,49,12,1,6,2
45232,2023,11,2,5,3,402,1,2,0,2,2
45232,2023,11,2,5,2,392,67,20,0,2,1
45172,2023,9,3,1,3,386,11,4,0,5,1
45232,2023,11,2,5,4,101,83,12,0,2,2
45232,2023,11,2,5,4,116,60,2,1,2,2
45232,2023,11,2,5,4,222,64,21,0,1,1
45232,2023,11,2,5,3,232,49,12,1,2,2
45232,2023,11,2,5,4,116,2,20,0,1,1
45232,2023,11,2,5,3,465,11,2,1,4,3
45232,2023,11,2,5,4,158,46,4,1,1,1
45232,2023,11,2,5,4,101,67,12,1,2,2
45232,2023,11,2,5,4,280,1,11,1,4,2
45232,2023,11,2,5,4,470,67,3,0,1,1
45232,2023,11,2,5,4,230,16,12,1,2,2
45232,2023,11,2,5,4,40,60,2,0,2,2
45232,2023,11,2,5,4,316,83,4,0,1,1
45232,2023,11,2,5,4,116,15,20,0,1,1
45232,2023,11,2,5,4,163,1,10,0,3,2
45232,2023,11,2,5,4,282,56,4,0,1,1
45232,2023,11,2,5,4,101,49,7,0,4,2
45233,2023,11,3,6,1,101,18,4,0,1,1
45233,2023,11,3,6,1,319,33,11,1,5,3
45233,2023,11,3,6,1,282,83,20,1,1,1
45233,2023,11,3,6,1,40,67,20,1,1,1
45233,2023,11,3,6,1,101,83,4,1,1,1
45233,2023,11,3,6,1,101,4,20,1,1,1
45233,2023,11,3,6,2,153,56,4,0,1,1
45233,2023,11,3,6,2,116,67,12,0,4,3
45233,2023,11,3,6,1,50,28,18,0,1,1
45233,2023,11,3,6,2,470,51,4,1,1,1
45233,2023,11,3,6,2,304,1,9,1,2,2
45233,2023,11,3,6,1,116,11,4,1,1,1
45232,2023,11,2,5,4,476,15,2,0,2,2
45233,2023,11,3,6,2,163,13,20,0,2,1
45233,2023,11,3,6,2,116,11,4,0,1,1
45233,2023,11,3,6,2,235,2,11,1,2,2
45233,2023,11,3,6,2,415,2,11,0,2,2
45233,2023,11,3,6,2,101,15,21,0,1,1
45233,2023,11,3,6,2,116,11,20,0,3,1
45233,2023,11,3,6,2,40,52,9,1,2,1
45233,2023,11,3,6,2,163,1,11,1,2,2
45233,2023,11,3,6,2,116,16,12,1,2,2
45233,2023,11,3,6,1,163,11,4,1,1,1
45233,2023,11,3,6,2,101,67,4,0,4,1
45233,2023,11,3,6,2,101,28,21,0,1,1
45233,2023,11,3,6,2,381,16,12,0,3,2
45233,2023,11,3,6,1,158,82,7,0,4,2
45233,2023,11,3,6,2,101,20,12,1,3,2
45233,2023,11,3,6,2,406,1,12,1,3,2
45233,2023,11,3,6,2,153,33,11,0,3,2
45233,2023,11,3,6,2,365,28,20,0,1,1
45233,2023,11,3,6,2,222,82,7,1,3,2
45233,2023,11,3,6,2,101,11,20,0,1,1
45233,2023,11,3,6,2,40,28,18,1,1,1
45233,2023,11,3,6,2,163,15,20,0,1,1
45233,2023,11,3,6,2,386,4,4,0,3,1
45233,2023,11,3,6,2,376,16,12,1,2,2
45233,2023,11,3,6,2,365,13,20,0,3,1
45233,2023,11,3,6,2,101,52,9,0,2,2
45233,2023,11,3,6,2,116,28,20,0,4,1
45211,2023,10,12,5,2,116,15,4,0,4,1
45233,2023,11,3,6,3,290,4,9,1,2,2
45220,2023,10,21,7,2,324,11,12,1,2,2
45233,2023,11,3,6,3,376,33,11,1,2,2
45233,2023,11,3,6,3,50,11,20,0,4,1
45233,2023,11,3,6,2,40,52,9,0,2,2
45233,2023,11,3,6,3,381,83,3,0,3,1
45233,2023,11,3,6,2,262,11,12,0,3,2
45233,2023,11,3,6,3,101,16,12,1,3,2
45233,2023,11,3,6,3,282,78,10,1,2,2
45233,2023,11,3,6,3,467,83,21,0,1,1
45233,2023,11,3,6,3,408,18,20,0,1,1
45233,2023,11,3,6,3,116,15,4,0,5,2
45233,2023,11,3,6,3,367,78,11,1,2,2
45233,2023,11,3,6,3,101,11,9,0,7,5
45233,2023,11,3,6,3,60,67,20,0,3,1
45233,2023,11,3,6,3,459,83,7,0,5,2
45229,2023,10,30,2,4,469,49,11,1,2,2
45233,2023,11,3,6,3,235,21,20,0,1,1
45233,2023,11,3,6,3,101,67,9,1,2,2
45233,2023,11,3,6,3,116,16,12,0,2,2
45233,2023,11,3,6,3,110,2,10,1,3,2
45233,2023,11,3,6,3,101,11,12,0,2,2
45233,2023,11,3,6,3,319,16,12,1,3,3
45233,2023,11,3,6,3,116,64,20,0,1,1
45233,2023,11,3,6,3,222,11,12,1,2,2
45233,2023,11,3,6,3,230,67,21,1,1,1
45233,2023,11,3,6,3,40,82,9,0,2,2
45233,2023,11,3,6,3,381,15,3,0,4,1
45233,2023,11,3,6,3,50,28,20,0,2,1
45233,2023,11,3,6,3,290,52,9,0,2,2
45233,2023,11,3,6,3,110,83,3,1,1,1
45233,2023,11,3,6,3,116,16,12,1,4,3
45233,2023,11,3,6,3,70,15,20,0,2,1
45233,2023,11,3,6,3,262,18,21,0,1,1
45233,2023,11,3,6,3,101,61,2,0,3,2
45233,2023,11,3,6,3,116,67,12,1,2,2
45233,2023,11,3,6,4,40,67,12,1,2,2
45233,2023,11,3,6,4,381,83,20,0,1,1
45233,2023,11,3,6,2,367,1,11,0,2,2
45233,2023,11,3,6,3,316,1,11,1,3,3
45233,2023,11,3,6,3,262,67,12,1,2,2
45233,2023,11,3,6,3,364,13,20,0,1,1
45233,2023,11,3,6,4,101,18,20,1,1,1
45233,2023,11,3,6,4,101,78,9,1,2,2
45233,2023,11,3,6,4,101,1,9,0,5,2
45233,2023,11,3,6,4,153,49,10,0,4,2
45233,2023,11,3,6,4,101,56,4,1,2,2
45233,2023,11,3,6,3,116,72,11,1,2,2
45233,2023,11,3,6,4,408,82,10,0,1,1
45233,2023,11,3,6,3,110,16,9,1,4,2
45233,2023,11,3,6,4,232,9,1,1,1,1
45233,2023,11,3,6,3,421,52,10,1,3,2
45233,2023,11,3,6,4,153,13,20,0,1,1
45233,2023,11,3,6,3,364,60,2,0,5,2
45233,2023,11,3,6,4,101,33,9,1,5,2
45233,2023,11,3,6,4,232,60,2,1,4,2
45233,2023,11,3,6,4,369,49,12,1,4,4
45233,2023,11,3,6,4,40,61,2,1,3,2
45233,2023,11,3,6,3,40,82,7,0,4,2
45233,2023,11,3,6,4,163,4,20,0,1,1
45219,2023,10,20,6,4,153,83,12,0,2,2
45233,2023,11,3,6,3,116,11,11,0,4,2
45233,2023,11,3,6,4,282,38,2,0,2,2
45233,2023,11,3,6,4,290,11,4,0,1,1
45233,2023,11,3,6,4,116,61,2,1,2,2
45233,2023,11,3,6,4,290,18,4,0,2,1
45222,2023,10,23,2,1,101,49,12,0,6,2
45233,2023,11,3,6,4,153,49,4,0,1,1
45233,2023,11,3,6,4,116,80,7,1,2,2
45233,2023,11,3,6,4,365,15,21,0,1,1
45192,2023,9,23,7,2,476,67,11,0,2,2
45233,2023,11,3,6,4,116,61,2,1,2,2
45234,2023,11,4,7,1,40,15,4,0,3,1
45234,2023,11,4,7,1,277,18,20,0,2,1
45234,2023,11,4,7,1,381,28,20,0,2,1
45234,2023,11,4,7,1,277,83,20,1,1,1
45234,2023,11,4,7,1,174,80,7,0,4,2
45234,2023,11,4,7,1,287,9,1,0,19,1
45234,2023,11,4,7,1,40,83,20,0,1,1
45234,2023,11,4,7,1,116,11,20,0,2,1
45234,2023,11,4,7,1,104,9,1,0,4,2
45234,2023,11,4,7,1,277,49,11,0,2,2
45234,2023,11,4,7,2,101,48,4,0,2,1
45234,2023,11,4,7,1,376,83,20,1,2,1
45233,2023,11,3,6,4,163,63,21,0,1,1
45234,2023,11,4,7,1,470,67,20,1,1,1
45234,2023,11,4,7,2,101,17,11,1,2,2
45234,2023,11,4,7,2,277,30,18,0,1,1
45234,2023,11,4,7,2,174,80,7,1,2,2
45234,2023,11,4,7,1,101,13,20,1,1,1
45234,2023,11,4,7,2,376,63,21,1,2,1
45205,2023,10,6,6,2,116,1,2,1,2,2
45234,2023,11,4,7,2,476,7,7,0,3,2
45206,2023,10,7,7,3,282,83,4,1,1,1
45234,2023,11,4,7,1,116,67,4,1,1,1
45194,2023,9,25,2,3,405,11,20,0,2,1
45234,2023,11,4,7,2,290,49,4,0,4,3
45234,2023,11,4,7,2,10,13,21,0,2,1
45234,2023,11,4,7,2,381,83,20,0,2,1
45234,2023,11,4,7,1,70,11,12,0,2,2
45116,2023,7,9,1,3,381,11,12,0,2,2
45234,2023,11,4,7,2,364,2,20,0,1,1
45112,2023,7,5,4,2,381,11,20,0,2,1
45210,2023,10,11,4,3,282,1,11,0,2,2
45234,2023,11,4,7,2,135,67,3,0,2,1
45234,2023,11,4,7,2,163,33,7,1,2,2
45234,2023,11,4,7,2,465,1,11,1,3,2
45234,2023,11,4,7,2,116,67,12,1,2,2
45234,2023,11,4,7,2,10,1,11,0,2,2
45234,2023,11,4,7,2,135,61,2,1,2,2
45234,2023,11,4,7,2,116,11,20,0,2,1
45234,2023,11,4,7,2,116,33,11,1,3,2
45234,2023,11,4,7,2,101,52,12,1,2,2
45234,2023,11,4,7,2,267,33,11,1,2,2
45234,2023,11,4,7,2,262,67,20,0,1,1
45234,2023,11,4,7,2,386,11,12,1,3,2
45234,2023,11,4,7,2,10,1,11,1,2,2
45234,2023,11,4,7,2,230,81,9,1,2,2
45194,2023,9,25,2,4,448,67,3,0,2,1
45234,2023,11,4,7,2,101,52,11,0,6,4
45234,2023,11,4,7,2,262,80,7,0,3,2
45234,2023,11,4,7,2,280,72,12,1,5,2
45234,2023,11,4,7,2,316,11,20,0,2,1
45216,2023,10,17,3,2,364,6,21,0,1,1
45234,2023,11,4,7,2,381,52,9,1,3,2
45234,2023,11,4,7,2,116,67,3,0,1,1
45234,2023,11,4,7,2,101,16,15,1,3,3
45234,2023,11,4,7,2,428,1,11,0,4,2
45234,2023,11,4,7,3,405,66,3,0,1,1
45234,2023,11,4,7,3,101,67,20,1,1,1
45234,2023,11,4,7,3,116,49,2,0,4,2
45234,2023,11,4,7,3,10,28,4,0,3,1
45234,2023,11,4,7,3,116,52,9,1,2,2
45234,2023,11,4,7,3,40,83,3,0,1,1
45234,2023,11,4,7,3,210,11,20,0,1,1
45234,2023,11,4,7,3,116,67,15,1,10,3
45234,2023,11,4,7,3,282,4,20,0,1,1
45234,2023,11,4,7,3,101,52,9,1,2,2
45234,2023,11,4,7,3,376,49,11,0,2,2
45234,2023,11,4,7,3,101,67,11,1,3,2
45234,2023,11,4,7,3,285,1,11,1,4,3
45234,2023,11,4,7,3,101,52,20,1,2,2
45234,2023,11,4,7,3,262,67,20,0,2,1
45234,2023,11,4,7,3,470,67,12,1,3,2
45234,2023,11,4,7,3,101,52,9,1,4,3
45234,2023,11,4,7,2,116,72,11,1,2,2
45234,2023,11,4,7,3,116,48,15,1,3,3
45234,2023,11,4,7,3,259,1,9,0,2,2
45234,2023,11,4,7,3,101,49,20,0,1,1
45234,2023,11,4,7,3,424,1,7,0,4,2
45234,2023,11,4,7,3,470,11,10,1,2,2
45234,2023,11,4,7,3,116,67,12,0,2,2
45234,2023,11,4,7,3,101,1,11,1,2,2
45234,2023,11,4,7,3,116,15,21,0,2,1
45234,2023,11,4,7,3,101,11,15,1,5,4
45234,2023,11,4,7,3,101,49,10,0,2,2
45234,2023,11,4,7,3,381,16,3,0,5,1
45234,2023,11,4,7,3,20,52,12,1,3,2
45234,2023,11,4,7,4,381,11,7,0,9,2
45234,2023,11,4,7,4,101,11,12,1,5,3
45234,2023,11,4,7,4,153,35,2,1,2,2
45234,2023,11,4,7,4,381,49,3,0,3,1
45234,2023,11,4,7,4,40,60,2,0,3,2
45234,2023,11,4,7,3,101,67,21,1,2,1
45234,2023,11,4,7,4,381,28,21,1,2,1
45234,2023,11,4,7,3,101,82,10,0,2,2
45234,2023,11,4,7,3,230,11,12,0,3,3
45234,2023,11,4,7,4,101,20,11,1,2,2