id_data,ano,mes,dia,id_dia_semana,periodo,br,id_causa_acidente,id_tipo_acidente,id_uso_solo,pessoas,veiculos
45238,2023,11,8,4,3,158,12,9,1,4,2
45238,2023,11,8,4,3,101,67,20,0,1,1
45238,2023,11,8,4,3,116,52,9,1,2,2
45238,2023,11,8,4,3,316,13,20,0,5,1
45238,2023,11,8,4,3,230,9,1,0,1,1
45238,2023,11,8,4,3,280,49,12,1,2,2
45238,2023,11,8,4,3,381,28,18,1,1,1
45238,2023,11,8,4,3,280,11,11,1,2,2
45238,2023,11,8,4,3,392,11,20,0,3,2
45238,2023,11,8,4,3,101,11,9,1,2,2
45238,2023,11,8,4,3,116,28,18,0,1,1
45238,2023,11,8,4,3,116,48,2,1,2,2
45238,2023,11,8,4,3,476,67,12,0,6,2
45238,2023,11,8,4,4,60,56,4,1,1,1
45238,2023,11,8,4,3,101,52,9,1,3,2
45238,2023,11,8,4,4,101,85,2,1,2,2
45226,2023,10,27,6,3,277,15,4,0,1,1
45238,2023,11,8,4,4,304,35,2,1,2,2
45238,2023,11,8,4,4,470,80,10,0,2,2
45238,2023,11,8,4,3,408,52,11,0,2,2
45238,2023,11,8,4,4,367,60,2,1,2,2
45238,2023,11,8,4,3,285,81,21,0,1,1
45235,2023,11,5,1,3,470,1,11,1,5,2
45238,2023,11,8,4,4,116,83,4,1,5,4
45206,2023,10,7,7,2,316,1,11,1,2,2
45238,2023,11,8,4,4,285,3,20,0,4,2
45238,2023,11,8,4,4,101,67,4,0,3,1
45238,2023,11,8,4,4,101,52,9,1,2,2
45238,2023,11,8,4,4,277,67,21,1,3,1
45238,2023,11,8,4,3,174,18,20,0,2,1
45238,2023,11,8,4,4,469,67,4,0,1,1
45238,2023,11,8,4,4,101,33,11,1,2,2
45238,2023,11,8,4,3,40,16,12,1,2,2
45238,2023,11,8,4,4,40,11,21,1,1,1
45238,2023,11,8,4,4,376,33,11,1,2,2
45238,2023,11,8,4,4,356,16,12,0,2,2
45238,2023,11,8,4,4,116,1,11,0,4,2
45238,2023,11,8,4,4,285,16,20,1,1,1
45238,2023,11,8,4,4,116,51,4,0,1,1
45238,2023,11,8,4,4,101,52,9,1,2,2
45238,2023,11,8,4,4,465,67,2,1,2,2
45239,2023,11,9,5,1,232,67,12,1,3,2
45238,2023,11,8,4,3,381,49,4,0,2,1
45239,2023,11,9,5,1,101,7,21,1,1,1
45238,2023,11,8,4,4,230,9,1,1,2,1
45239,2023,11,9,5,1,40,9,1,1,1,1
45033,2023,4,17,2,2,101,22,12,1,2,2
45239,2023,11,9,5,2,40,35,2,0,3,2
45239,2023,11,9,5,1,116,60,2,1,2,2
45239,2023,11,9,5,2,381,11,21,1,1,1
45239,2023,11,9,5,2,470,1,11,0,3,2
45239,2023,11,9,5,2,101,78,9,0,2,2
45239,2023,11,9,5,2,40,1,11,1,2,2
45239,2023,11,9,5,2,40,16,12,1,2,2
45239,2023,11,9,5,2,101,1,9,1,3,2
45239,2023,11,9,5,2,277,52,9,1,2,2
45239,2023,11,9,5,2,116,52,9,1,2,2
45239,2023,11,9,5,2,116,33,11,1,6,2
44987,2023,3,2,5,2,101,11,21,1,2,1
45239,2023,11,9,5,2,230,16,15,1,3,3
45239,2023,11,9,5,2,232,52,11,1,2,2
45239,2023,11,9,5,2,116,67,15,1,4,4
45239,2023,11,9,5,2,116,16,12,1,2,2
45239,2023,11,9,5,2,101,1,9,0,2,2
45227,2023,10,28,7,3,101,11,12,1,2,2
45147,2023,8,9,4,4,365,11,9,0,2,1
45239,2023,11,9,5,2,428,1,7,1,2,2
45239,2023,11,9,5,2,423,67,15,0,3,3
45239,2023,11,9,5,2,116,11,12,0,2,2
45239,2023,11,9,5,2,364,33,11,0,2,2
45239,2023,11,9,5,2,293,28,18,0,3,1
45171,2023,9,2,7,4,407,49,11,1,4,3
45239,2023,11,9,5,2,101,67,12,0,2,2
45239,2023,11,9,5,2,304,36,15,0,3,3
45239,2023,11,9,5,2,376,11,12,0,2,2
45239,2023,11,9,5,2,10,13,21,1,1,1
45203,2023,10,4,4,3,116,13,12,0,2,2
45239,2023,11,9,5,2,116,67,4,0,1,1
45238,2023,11,8,4,4,232,17,11,1,3,2
45239,2023,11,9,5,3,101,11,12,1,7,4
45239,2023,11,9,5,3,101,78,11,1,2,2
45239,2023,11,9,5,3,280,1,12,1,3,3
45239,2023,11,9,5,3,280,14,4,1,2,1
45239,2023,11,9,5,3,70,29,20,0,2,1
45239,2023,11,9,5,3,101,78,9,0,2,2
45239,2023,11,9,5,2,470,4,12,1,3,3
45239,2023,11,9,5,2,349,7,20,0,3,1
45239,2023,11,9,5,3,101,60,12,1,3,3
45209,2023,10,10,3,4,116,67,9,1,4,4
45239,2023,11,9,5,3,116,78,12,1,4,3
45171,2023,9,2,7,3,364,82,9,0,22,1
45239,2023,11,9,5,3,101,67,9,1,2,2
45239,2023,11,9,5,3,304,11,12,1,3,2
45239,2023,11,9,5,3,222,11,12,1,2,2
45239,2023,11,9,5,3,381,78,9,1,3,3
45239,2023,11,9,5,3,116,61,2,1,2,2
45239,2023,11,9,5,3,101,16,11,1,3,2
45239,2023,11,9,5,3,354,1,11,0,3,2
45239,2023,11,9,5,3,101,52,9,1,2,2
45239,2023,11,9,5,3,163,1,11,1,2,2
45239,2023,11,9,5,3,158,56,4,0,1,1
45239,2023,11,9,5,3,40,1,11,1,2,2
45239,2023,11,9,5,3,116,78,9,0,2,2
45239,2023,11,9,5,3,116,52,9,1,3,2
45239,2023,11,9,5,3,30,67,10,0,4,2
45239,2023,11,9,5,3,262,33,11,0,4,2
45215,2023,10,16,2,2,393,1,11,0,2,2
45239,2023,11,9,5,3,316,67,12,0,3,2
45239,2023,11,9,5,4,262,11,21,0,1,1
45239,2023,11,9,5,3,226,49,12,1,2,2
45202,2023,10,3,3,3,232,11,11,1,2,2
45239,2023,11,9,5,4,70,49,20,1,1,1
45239,2023,11,9,5,3,230,67,3,0,9,1
45239,2023,11,9,5,4,116,10,7,0,2,2
45239,2023,11,9,5,4,116,52,4,1,2,2
45239,2023,11,9,5,4,116,81,2,0,2,2
45239,2023,11,9,5,3,116,61,2,1,3,2
45239,2023,11,9,5,4,101,1,11,1,2,2
45239,2023,11,9,5,4,104,9,1,1,1,1
45152,2023,8,14,2,1,369,67,12,1,2,2
45239,2023,11,9,5,4,381,83,9,1,3,3
45239,2023,11,9,5,4,116,11,12,1,2,2
45239,2023,11,9,5,4,272,15,20,0,1,1
45239,2023,11,9,5,4,116,10,2,1,2,2
45239,2023,11,9,5,4,116,49,11,1,3,2
45239,2023,11,9,5,4,116,35,2,0,2,2
45239,2023,11,9,5,4,116,11,21,0,1,1
45239,2023,11,9,5,4,230,9,1,1,1,1
45239,2023,11,9,5,4,230,9,1,0,1,1
45239,2023,11,9,5,4,262,11,3,0,2,1
45239,2023,11,9,5,4,267,49,21,0,1,1
45239,2023,11,9,5,3,116,52,9,0,2,2
45239,2023,11,9,5,4,101,80,7,0,4,2
45239,2023,11,9,5,4,153,49,9,0,2,2
45240,2023,11,10,6,1,386,49,4,1,1,1
45240,2023,11,10,6,1,40,28,18,0,2,1
45240,2023,11,10,6,1,381,11,12,0,2,2
45240,2023,11,10,6,1,262,67,20,0,2,1
45240,2023,11,10,6,1,101,28,18,0,1,1
45240,2023,11,10,6,1,470,67,20,0,1,1
45240,2023,11,10,6,1,116,18,20,1,1,1
45240,2023,11,10,6,1,135,52,11,1,2,2
45240,2023,11,10,6,1,282,49,20,1,1,1
45240,2023,11,10,6,1,116,83,9,0,2,2
45240,2023,11,10,6,1,101,80,20,0,1,1
45240,2023,11,10,6,1,290,49,20,0,1,1
45240,2023,11,10,6,1,163,80,4,1,1,1
45240,2023,11,10,6,1,376,52,9,1,3,2
45240,2023,11,10,6,2,235,9,1,1,1,1
45239,2023,11,9,5,4,155,80,7,0,3,2
45240,2023,11,10,6,2,116,11,12,1,2,2
45240,2023,11,10,6,2,60,83,11,0,3,2
45240,2023,11,10,6,2,230,9,20,0,1,1
45240,2023,11,10,6,2,116,67,12,0,2,2
45240,2023,11,10,6,2,230,67,12,1,3,2
45240,2023,11,10,6,2,235,67,12,1,3,2
45100,2023,6,23,6,3,40,11,12,0,3,3
45240,2023,11,10,6,2,116,80,11,1,2,2
45224,2023,10,25,4,4,163,9,1,0,2,1
45239,2023,11,9,5,4,101,18,20,1,1,1
45200,2023,10,1,1,4,116,11,7,1,2,2
45240,2023,11,10,6,2,365,61,2,1,3,2
45240,2023,11,10,6,2,365,16,9,1,3,2
45240,2023,11,10,6,2,116,16,12,1,2,2
45240,2023,11,10,6,2,116,52,9,1,2,2
45240,2023,11,10,6,2,343,80,7,1,3,2
45240,2023,11,10,6,2,101,78,9,0,5,2
45240,2023,11,10,6,2,116,5,21,1,1,1
45240,2023,11,10,6,2,40,11,11,1,3,2
45240,2023,11,10,6,2,251,16,21,1,1,1
45240,2023,11,10,6,2,262,1,11,0,2,2
45236,2023,11,6,2,2,242,83,3,0,3,1
45240,2023,11,10,6,2,101,67,15,1,5,4
45240,2023,11,10,6,2,40,16,12,1,2,2
45240,2023,11,10,6,2,101,78,10,1,2,2
45240,2023,11,10,6,2,116,13,21,1,2,1
45240,2023,11,10,6,2,40,11,20,0,1,1
45220,2023,10,21,7,2,101,9,20,1,5,1
45240,2023,11,10,6,2,101,1,11,0,2,2
45210,2023,10,11,4,3,376,1,11,1,2,2
45240,2023,11,10,6,2,222,16,15,1,4,3
45240,2023,11,10,6,2,104,83,12,0,4,2
45240,2023,11,10,6,2,101,16,12,0,3,2
45240,2023,11,10,6,2,101,1,11,1,2,2
45240,2023,11,10,6,2,282,67,4,1,2,1
45240,2023,11,10,6,2,230,9,1,0,6,2
45240,2023,11,10,6,2,163,49,12,0,8,2
45240,2023,11,10,6,2,116,60,2,1,3,2
45240,2023,11,10,6,2,262,1,12,0,2,2
45240,2023,11,10,6,2,101,1,11,1,2,2
45240,2023,11,10,6,2,262,1,11,0,2,2
45240,2023,11,10,6,2,373,11,12,1,2,2
45240,2023,11,10,6,2,277,11,12,0,3,3
45240,2023,11,10,6,2,101,61,2,1,2,2
45240,2023,11,10,6,2,480,11,20,1,1,1
45240,2023,11,10,6,2,381,16,12,1,2,2
45230,2023,10,31,3,3,101,52,9,1,3,2
45240,2023,11,10,6,2,116,1,9,0,2,2
45220,2023,10,21,7,3,222,35,2,1,2,2
45240,2023,11,10,6,2,116,13,21,1,2,1
45240,2023,11,10,6,3,116,67,12,1,7,4
45228,2023,10,29,1,4,101,60,2,1,2,2
45240,2023,11,10,6,3,60,83,4,0,2,1
45240,2023,11,10,6,2,364,67,12,1,2,2
45240,2023,11,10,6,3,381,19,20,1,1,1
45240,2023,11,10,6,1,324,67,20,1,1,1
45240,2023,11,10,6,2,405,67,2,1,2,2
45240,2023,11,10,6,3,280,1,11,1,5,2
45240,2023,11,10,6,1,222,52,7,0,3,2
45240,2023,11,10,6,2,230,33,11,0,3,2
45240,2023,11,10,6,3,393,20,11,1,2,2
45237,2023,11,7,3,1,116,67,12,0,3,2
45240,2023,11,10,6,3,230,67,12,1,2,2
45240,2023,11,10,6,3,364,18,20,0,1,1
45240,2023,11,10,6,3,369,1,11,1,2,2
45240,2023,11,10,6,3,163,33,11,1,2,2
45240,2023,11,10,6,3,163,49,9,0,1,1
45115,2023,7,8,7,2,116,67,21,0,1,1
45220,2023,10,21,7,3,476,52,12,1,3,2
45240,2023,11,10,6,2,101,11,21,1,1,1
45240,2023,11,10,6,3,101,52,9,1,2,2
45240,2023,11,10,6,3,158,11,21,0,1,1
45174,2023,9,5,3,4,316,1,11,1,2,2
45240,2023,11,10,6,3,116,67,12,0,2,2
45240,2023,11,10,6,3,153,78,9,1,2,2
45240,2023,11,10,6,3,116,11,2,0,2,2
45240,2023,11,10,6,3,40,11,9,0,2,2
45240,2023,11,10,6,3,406,82,12,0,2,2
45240,2023,11,10,6,3,116,67,15,0,3,3
45240,2023,11,10,6,3,60,67,20,0,1,1
45239,2023,11,9,5,3,10,5,3,0,1,1
45240,2023,11,10,6,3,415,80,7,1,5,2
45240,2023,11,10,6,3,282,67,9,0,2,2
45240,2023,11,10,6,3,153,1,11,0,3,2
45240,2023,11,10,6,3,470,1,11,1,2,2
45240,2023,11,10,6,3,101,52,9,0,2,2
45240,2023,11,10,6,3,101,67,12,1,7,3
45240,2023,11,10,6,3,116,33,11,1,5,2
45240,2023,11,10,6,3,364,16,9,1,3,2
45240,2023,11,10,6,3,277,1,11,1,3,2
45235,2023,11,5,1,4,277,80,7,1,3,2
45240,2023,11,10,6,3,251,11,12,0,2,2
45240,2023,11,10,6,3,232,52,12,1,3,2
45240,2023,11,10,6,3,101,11,3,0,4,1
45193,2023,9,24,1,1,381,9,1,0,3,2
45240,2023,11,10,6,3,116,1,12,0,2,2
45240,2023,11,10,6,3,493,2,11,1,2,2
45240,2023,11,10,6,3,101,13,21,0,1,1
45240,2023,11,10,6,3,376,67,21,0,2,1
45240,2023,11,10,6,3,116,1,11,1,3,2
45240,2023,11,10,6,3,282,28,18,0,1,1
45240,2023,11,10,6,2,343,16,12,1,2,2
45240,2023,11,10,6,3,116,11,12,1,2,2
45240,2023,11,10,6,3,343,13,20,0,1,1
45240,2023,11,10,6,3,376,16,12,1,3,2
45240,2023,11,10,6,4,153,1,9,1,2,2
45240,2023,11,10,6,3,304,1,11,1,3,3
45240,2023,11,10,6,4,101,11,11,0,2,2
45240,2023,11,10,6,4,230,67,21,1,2,1
45240,2023,11,10,6,4,381,78,9,1,2,2
45240,2023,11,10,6,4,365,80,7,0,5,2
45240,2023,11,10,6,4,282,72,21,1,2,2
45240,2023,11,10,6,4,116,80,7,0,7,2
45240,2023,11,10,6,4,116,20,10,1,8,3
45240,2023,11,10,6,4,158,35,2,1,2,2
45240,2023,11,10,6,4,116,9,1,1,1,1
45240,2023,11,10,6,3,101,1,11,1,3,2
45240,2023,11,10,6,3,163,1,11,1,3,2
45240,2023,11,10,6,4,232,67,9,0,2,2
45240,2023,11,10,6,4,116,78,9,1,2,2
45240,2023,11,10,6,4,376,16,12,1,3,2
45240,2023,11,10,6,4,40,1,9,1,2,2
45240,2023,11,10,6,3,369,49,12,1,2,2
45240,2023,11,10,6,4,10,25,12,0,3,3
45240,2023,11,10,6,2,116,6,21,1,1,1
45240,2023,11,10,6,4,104,49,20,0,1,1
45240,2023,11,10,6,4,101,11,9,1,2,2
45240,2023,11,10,6,4,470,51,7,0,2,2
45240,2023,11,10,6,4,116,11,4,0,1,1
45236,2023,11,6,2,3,116,11,12,0,2,2
45240,2023,11,10,6,4,364,11,11,1,2,2
45240,2023,11,10,6,4,232,67,20,0,2,1
45240,2023,11,10,6,4,40,16,12,1,3,2
45240,2023,11,10,6,4,116,81,12,1,3,3
45240,2023,11,10,6,4,116,83,20,0,1,1
45240,2023,11,10,6,4,272,1,11,1,2,2
45240,2023,11,10,6,4,163,67,10,0,2,2
45240,2023,11,10,6,4,316,1,12,1,2,2
45240,2023,11,10,6,4,116,67,21,1,1,1
45240,2023,11,10,6,4,104,49,12,0,2,2
45241,2023,11,11,7,1,50,11,12,0,5,2
45240,2023,11,10,6,4,153,67,20,0,3,1
45240,2023,11,10,6,4,174,80,7,0,2,2
45241,2023,11,11,7,1,101,11,21,1,1,1
45241,2023,11,11,7,1,282,49,20,0,2,1
45241,2023,11,11,7,1,101,67,4,1,1,1
45241,2023,11,11,7,1,116,18,20,0,1,1
45240,2023,11,10,6,4,163,11,21,0,1,1
45241,2023,11,11,7,1,40,11,4,1,1,1
45241,2023,11,11,7,1,101,11,12,0,2,2
45241,2023,11,11,7,1,70,9,1,0,1,1
45241,2023,11,11,7,1,116,9,2,0,1,1
45241,2023,11,11,7,1,60,61,2,1,4,2
45241,2023,11,11,7,1,40,11,4,1,1,1
45241,2023,11,11,7,1,290,49,20,1,1,1
45241,2023,11,11,7,1,470,1,11,1,3,2
45240,2023,11,10,6,4,80,67,4,0,1,1
45241,2023,11,11,7,1,101,28,21,0,1,1
45241,2023,11,11,7,1,50,18,20,0,2,1
45241,2023,11,11,7,1,116,80,7,1,3,2
45241,2023,11,11,7,1,116,80,7,0,3,2
45241,2023,11,11,7,1,369,11,4,1,6,1
45241,2023,11,11,7,1,381,50,15,1,3,3
45241,2023,11,11,7,1,230,49,4,1,1,1
45241,2023,11,11,7,1,163,49,20,1,1,1
45241,2023,11,11,7,2,116,13,21,1,1,1
45241,2023,11,11,7,2,277,67,7,0,5,2
45241,2023,11,11,7,1,135,11,7,1,5,3
45241,2023,11,11,7,2,290,11,21,0,2,1
45241,2023,11,11,7,2,116,49,20,1,3,1
45241,2023,11,11,7,2,116,49,20,0,1,1
45241,2023,11,11,7,1,356,80,11,1,3,2
45241,2023,11,11,7,2,158,11,12,0,2,2
45241,2023,11,11,7,2,116,67,4,1,1,1
45241,2023,11,11,7,2,101,67,12,1,2,2
45240,2023,11,10,6,4,10,46,3,0,1,1
45241,2023,11,11,7,2,40,5,21,1,2,2
45241,2023,11,11,7,2,174,1,11,1,3,2
45241,2023,11,11,7,2,290,52,4,0,1,1
45241,2023,11,11,7,2,402,1,11,1,2,2
45241,2023,11,11,7,2,101,1,12,0,2,2
45241,2023,11,11,7,2,116,67,11,1,2,2
45241,2023,11,11,7,2,476,11,20,0,2,1
45241,2023,11,11,7,2,40,11,12,1,2,2
45241,2023,11,11,7,2,40,82,9,1,3,2
45241,2023,11,11,7,2,40,1,11,1,2,2
45241,2023,11,11,7,2,381,5,21,1,1,1
45241,2023,11,11,7,2,277,51,20,1,1,1
45241,2023,11,11,7,2,343,1,9,0,3,2
45241,2023,11,11,7,2,364,67,12,0,4,2
45241,2023,11,11,7,2,104,80,11,1,3,2
45241,2023,11,11,7,2,101,11,9,1,2,2
45241,2023,11,11,7,2,472,1,11,1,3,2
45241,2023,11,11,7,2,101,67,12,1,2,2
45241,2023,11,11,7,2,364,1,11,1,2,2
45241,2023,11,11,7,2,116,35,2,1,2,2
45241,2023,11,11,7,2,101,11,21,0,1,1
45241,2023,11,11,7,2,153,16,15,0,3,3
45241,2023,11,11,7,2,101,52,3,1,2,2
45204,2023,10,5,5,2,476,52,9,1,3,3
45241,2023,11,11,7,2,116,16,12,0,3,2
45241,2023,11,11,7,2,324,2,11,1,2,2
45241,2023,11,11,7,2,230,1,12,1,3,2
45241,2023,11,11,7,2,153,11,21,1,2,1
45241,2023,11,11,7,2,116,13,21,0,1,1
45240,2023,11,10,6,3,304,3,21,1,1,1
45241,2023,11,11,7,2,282,28,21,0,2,1
45241,2023,11,11,7,2,60,67,12,0,2,2
45240,2023,11,10,6,2,101,83,20,0,1,1
45241,2023,11,11,7,2,116,16,12,0,2,2
45241,2023,11,11,7,2,101,67,12,0,3,2
45241,2023,11,11,7,2,40,16,20,1,2,1
45197,2023,9,28,5,4,406,16,12,1,4,2
45241,2023,11,11,7,2,116,67,20,0,1,1
45045,2023,4,29,7,4,232,80,10,1,3,2
45241,2023,11,11,7,2,232,16,9,1,2,2
45241,2023,11,11,7,2,101,11,15,1,6,3
45241,2023,11,11,7,2,163,1,12,0,3,2
45241,2023,11,11,7,2,316,1,21,1,2,2
45241,2023,11,11,7,2,381,28,18,1,1,1
45241,2023,11,11,7,2,376,67,21,0,1,1
45241,2023,11,11,7,3,282,20,9,1,3,2
45241,2023,11,11,7,3,40,82,7,0,3,3
45241,2023,11,11,7,2,392,11,20,0,4,1
45207,2023,10,8,1,2,290,18,20,1,1,1
45241,2023,11,11,7,2,356,67,15,0,5,3
45241,2023,11,11,7,3,110,18,20,0,2,1
45241,2023,11,11,7,2,424,52,11,0,4,2
45241,2023,11,11,7,3,163,52,9,1,5,4
45241,2023,11,11,7,3,101,67,12,0,2,2
45215,2023,10,16,2,4,50,1,11,1,2,2
45241,2023,11,11,7,3,101,11,9,0,2,2
45241,2023,11,11,7,3,10,1,11,0,2,2
45241,2023,11,11,7,3,101,49,12,0,3,2
45241,2023,11,11,7,3,376,78,21,0,2,2
45241,2023,11,11,7,3,448,4,4,0,1,1
45241,2023,11,11,7,3,153,82,7,0,3,2
45241,2023,11,11,7,3,101,56,21,0,2,1
45241,2023,11,11,7,3,101,67,12,1,3,3
45231,2023,11,1,4,3,364,7,3,0,4,1
45241,2023,11,11,7,3,101,1,9,1,2,2
45241,2023,11,11,7,2,364,1,7,0,4,2
45241,2023,11,11,7,3,381,67,12,1,2,2
45241,2023,11,11,7,3,101,1,9,1,3,3
45241,2023,11,11,7,3,290,4,20,0,1,1
45241,2023,11,11,7,2,116,11,12,0,6,2
45241,2023,11,11,7,3,101,1,11,1,2,2
45241,2023,11,11,7,3,101,13,21,0,1,1
45241,2023,11,11,7,3,222,11,3,0,1,1
45241,2023,11,11,7,3,60,11,20,0,1,1
45241,2023,11,11,7,2,163,1,9,1,3,3
45241,2023,11,11,7,3,262,33,11,0,2,2
45241,2023,11,11,7,3,163,20,11,0,2,2
45241,2023,11,11,7,3,101,28,21,1,1,1
45241,2023,11,11,7,3,101,67,12,0,2,2
45241,2023,11,11,7,3,101,11,12,1,3,2
45241,2023,11,11,7,3,369,11,20,0,1,1
45241,2023,11,11,7,3,101,82,9,0,3,2
45241,2023,11,11,7,3,116,67,10,1,2,2
45241,2023,11,11,7,3,70,21,20,0,3,1
45241,2023,11,11,7,3,262,20,11,1,3,2
45241,2023,11,11,7,3,316,1,11,1,2,2
45241,2023,11,11,7,3,262,83,20,0,1,1
45241,2023,11,11,7,3,472,11,20,0,1,1
45241,2023,11,11,7,3,304,28,20,1,2,1
45241,2023,11,11,7,3,226,44,9,0,4,2
45241,2023,11,11,7,1,376,49,20,1,1,1
45205,2023,10,6,6,4,116,52,12,1,2,2
45241,2023,11,11,7,3,153,15,20,0,4,2
45241,2023,11,11,7,4,101,11,20,0,1,1
45241,2023,11,11,7,4,101,16,15,1,4,3
45241,2023,11,11,7,3,163,67,20,0,1,1
45241,2023,11,11,7,4,405,16,12,1,2,2
45241,2023,11,11,7,4,116,1,11,0,4,2
45241,2023,11,11,7,4,101,34,10,0,3,2
45241,2023,11,11,7,4,364,52,11,1,5,2
45241,2023,11,11,7,4,60,16,12,1,2,2
45241,2023,11,11,7,4,135,60,2,0,2,2
45241,2023,11,11,7,3,101,81,11,0,2,2
45241,2023,11,11,7,3,262,52,9,0,3,2
45241,2023,11,11,7,4,356,83,20,0,1,1
45241,2023,11,11,7,3,70,67,20,1,2,1
45241,2023,11,11,7,3,70,52,7,0,2,2
45241,2023,11,11,7,4,381,60,2,1,2,2
45241,2023,11,11,7,4,101,2,11,1,2,2
45241,2023,11,11,7,4,386,49,20,0,1,1
45241,2023,11,11,7,4,393,20,7,1,2,2
45241,2023,11,11,7,4,101,67,20,1,2,1
45241,2023,11,11,7,4,116,16,12,1,2,2
45241,2023,11,11,7,4,101,11,20,0,3,1
45241,2023,11,11,7,4,343,1,11,1,3,2
45241,2023,11,11,7,4,101,16,12,1,4,2
45241,2023,11,11,7,4,101,67,12,1,5,2
45241,2023,11,11,7,4,262,9,1,0,2,1
45241,2023,11,11,7,4,116,67,20,1,2,1
45241,2023,11,11,7,4,282,80,7,0,5,2
45241,2023,11,11,7,4,369,17,11,1,2,2
45241,2023,11,11,7,3,135,52,7,0,2,2
45241,2023,11,11,7,4,230,49,12,1,2,2
45241,2023,11,11,7,4,381,67,12,0,2,2
45241,2023,11,11,7,4,428,11,12,1,2,2
45241,2023,11,11,7,4,40,67,12,1,3,2
45241,2023,11,11,7,4,424,11,4,0,1,1
45241,2023,11,11,7,4,116,33,11,0,3,2
45241,2023,11,11,7,4,343,11,4,1,1,1
45242,2023,11,12,1,1,232,49,3,0,2,2
45242,2023,11,12,1,1,40,83,20,1,2,1
45241,2023,11,11,7,4,101,11,20,0,1,1
45242,2023,11,12,1,1,393,49,20,0,2,1
45242,2023,11,12,1,1,262,49,12,1,1,1
45242,2023,11,12,1,1,116,18,12,0,6,3
45242,2023,11,12,1,1,304,1,12,0,2,2
45242,2023,11,12,1,1,287,67,9,1,5,2
45242,2023,11,12,1,1,101,49,4,0,2,1
45242,2023,11,12,1,1,356,9,1,0,1,1
45241,2023,11,11,7,4,163,56,20,0,1,1
45242,2023,11,12,1,1,116,60,2,1,2,2
45241,2023,11,11,7,4,282,29,21,0,2,1
45242,2023,11,12,1,1,408,80,7,0,2,2
45242,2023,11,12,1,1,376,83,20,0,1,1
45242,2023,11,12,1,1,364,67,20,0,3,1
45241,2023,11,11,7,4,116,28,20,0,1,1
45242,2023,11,12,1,1,116,83,20,0,1,1
45242,2023,11,12,1,1,153,11,21,1,1,1
45242,2023,11,12,1,1,101,83,12,1,2,2
45242,2023,11,12,1,1,316,49,21,0,1,1
45242,2023,11,12,1,2,50,83,20,0,3,1
45242,2023,11,12,1,2,116,83,4,1,4,1
45242,2023,11,12,1,2,70,20,11,1,3,2
45241,2023,11,11,7,4,367,1,11,0,3,2
45242,2023,11,12,1,1,373,67,20,0,2,1
45242,2023,11,12,1,1,222,67,20,0,2,1
45242,2023,11,12,1,2,146,80,7,0,2,2
45215,2023,10,16,2,2,476,67,21,1,1,1
45242,2023,11,12,1,1,110,11,20,0,3,1
45242,2023,11,12,1,1,116,67,20,1,1,1
45242,2023,11,12,1,2,101,11,20,0,1,1
45242,2023,11,12,1,2,110,83,20,0,2,1
45242,2023,11,12,1,2,381,11,4,0,1,1
45230,2023,10,31,3,2,364,28,18,0,1,1
45242,2023,11,12,1,2,20,1,9,0,4,2
45242,2023,11,12,1,2,40,52,9,0,2,2
45242,2023,11,12,1,2,101,28,9,0,2,1
45242,2023,11,12,1,2,290,13,20,0,1,1
45242,2023,11,12,1,1,222,25,12,0,5,2
45242,2023,11,12,1,2,101,16,12,1,2,2
45242,2023,11,12,1,2,476,11,9,1,2,2
45242,2023,11,12,1,2,280,67,20,0,1,1
45242,2023,11,12,1,2,153,18,7,0,4,2
45242,2023,11,12,1,2,101,11,20,0,1,1
45234,2023,11,4,7,3,116,67,21,0,1,1
45242,2023,11,12,1,2,153,11,20,0,1,1
45242,2023,11,12,1,2,40,52,9,0,1,1
45242,2023,11,12,1,2,40,83,21,0,2,1
45242,2023,11,12,1,2,277,18,12,1,2,2
45242,2023,11,12,1,2,163,19,20,0,1,1
45242,2023,11,12,1,2,40,83,20,1,1,1
45242,2023,11,12,1,2,376,67,20,0,1,1
45242,2023,11,12,1,2,101,11,21,0,1,1
45242,2023,11,12,1,2,101,16,12,1,2,2
45242,2023,11,12,1,1,452,11,20,0,1,1
45242,2023,11,12,1,2,101,11,21,0,1,1
45242,2023,11,12,1,2,101,16,12,0,5,4
45242,2023,11,12,1,2,470,1,11,0,5,2
45242,2023,11,12,1,2,465,35,2,1,2,2
45242,2023,11,12,1,3,381,67,20,0,2,1
45242,2023,11,12,1,3,356,2,11,0,2,2
45242,2023,11,12,1,2,232,16,9,0,2,2
45242,2023,11,12,1,3,40,67,12,1,2,2
45242,2023,11,12,1,2,287,4,20,0,3,1
45242,2023,11,12,1,3,222,1,11,1,2,2
45242,2023,11,12,1,3,262,9,1,0,1,1
45242,2023,11,12,1,3,116,11,12,1,2,2
45242,2023,11,12,1,3,116,52,9,1,2,2
45242,2023,11,12,1,3,230,11,12,0,2,2