id_data,ano,mes,dia,id_dia_semana,periodo,br,id_causa_acidente,id_tipo_acidente,id_uso_solo,pessoas,veiculos
45242,2023,11,12,1,3,116,67,4,1,3,2
45242,2023,11,12,1,3,324,49,7,1,2,2
45242,2023,11,12,1,2,163,20,12,0,2,2
45242,2023,11,12,1,3,282,78,11,1,2,2
45242,2023,11,12,1,3,101,67,15,1,6,5
45242,2023,11,12,1,2,60,65,3,0,1,1
45242,2023,11,12,1,3,381,67,12,1,3,2
45242,2023,11,12,1,3,376,28,18,0,4,1
45242,2023,11,12,1,3,101,33,11,1,9,2
45242,2023,11,12,1,3,230,67,10,0,2,2
45242,2023,11,12,1,3,163,16,12,1,2,2
45242,2023,11,12,1,3,316,16,12,0,2,2
45242,2023,11,12,1,3,101,1,11,1,2,2
45242,2023,11,12,1,3,116,11,12,0,2,2
45242,2023,11,12,1,3,116,83,4,1,1,1
45242,2023,11,12,1,3,101,16,12,1,2,2
45242,2023,11,12,1,3,40,19,3,0,1,1
45242,2023,11,12,1,3,101,16,21,1,1,1
45242,2023,11,12,1,3,101,82,9,0,2,2
45242,2023,11,12,1,3,116,67,15,0,5,5
45242,2023,11,12,1,3,116,28,18,0,1,1
45242,2023,11,12,1,3,116,67,12,0,7,2
45242,2023,11,12,1,3,153,49,10,0,3,2
45242,2023,11,12,1,3,381,56,21,1,1,1
45242,2023,11,12,1,3,210,49,11,1,3,2
45242,2023,11,12,1,3,230,11,20,0,1,1
45242,2023,11,12,1,3,101,67,11,1,2,2
45242,2023,11,12,1,3,423,49,12,0,6,2
45242,2023,11,12,1,3,101,52,9,1,2,2
45242,2023,11,12,1,3,376,83,21,1,1,1
45242,2023,11,12,1,3,101,83,20,0,1,1
45242,2023,11,12,1,3,116,16,12,1,3,2
45242,2023,11,12,1,3,60,16,9,1,3,3
45242,2023,11,12,1,3,101,16,12,1,2,2
45242,2023,11,12,1,3,101,1,11,0,2,2
45242,2023,11,12,1,3,153,67,20,0,1,1
45242,2023,11,12,1,3,153,52,7,0,5,2
45242,2023,11,12,1,3,116,1,11,1,2,2
45242,2023,11,12,1,3,116,1,12,0,4,2
45242,2023,11,12,1,3,277,52,20,0,5,1
45242,2023,11,12,1,3,116,16,12,1,4,3
45242,2023,11,12,1,3,230,60,2,0,3,2
45242,2023,11,12,1,3,407,18,20,0,1,1
45242,2023,11,12,1,3,470,18,20,0,1,1
45242,2023,11,12,1,4,472,1,11,1,2,2
45242,2023,11,12,1,3,163,49,20,1,2,1
45242,2023,11,12,1,3,40,16,12,1,3,3
45242,2023,11,12,1,4,153,61,2,1,3,2
45242,2023,11,12,1,4,101,16,12,1,2,2
45242,2023,11,12,1,4,277,11,2,1,2,2
45242,2023,11,12,1,4,381,67,12,0,2,2
45242,2023,11,12,1,4,116,82,4,0,2,1
45242,2023,11,12,1,4,101,20,9,1,2,2
45242,2023,11,12,1,4,10,49,12,1,5,2
45242,2023,11,12,1,4,365,1,9,1,2,2
45242,2023,11,12,1,3,232,67,21,1,2,1
45207,2023,10,8,1,4,343,9,1,1,1,1
45242,2023,11,12,1,3,40,16,10,0,4,2
45242,2023,11,12,1,4,290,16,12,1,4,2
45242,2023,11,12,1,3,232,60,2,0,3,2
45242,2023,11,12,1,4,470,67,20,0,1,1
45242,2023,11,12,1,4,101,83,20,0,1,1
45242,2023,11,12,1,4,146,18,20,0,1,1
45242,2023,11,12,1,4,101,52,12,1,2,2
45242,2023,11,12,1,4,101,1,12,1,2,2
45242,2023,11,12,1,4,101,67,4,0,1,1
45242,2023,11,12,1,4,262,80,7,0,3,2
45242,2023,11,12,1,4,116,42,20,0,1,1
45242,2023,11,12,1,4,365,83,20,1,4,1
45242,2023,11,12,1,4,316,16,12,0,2,2
45242,2023,11,12,1,4,101,82,9,1,2,2
45242,2023,11,12,1,3,282,11,20,0,4,1
45242,2023,11,12,1,4,50,11,12,1,3,2
45242,2023,11,12,1,4,369,16,12,1,3,3
45242,2023,11,12,1,4,232,52,20,1,3,2
45242,2023,11,12,1,4,369,1,11,1,5,2
45242,2023,11,12,1,4,153,49,4,1,3,3
45242,2023,11,12,1,4,101,67,11,0,3,2
45242,2023,11,12,1,4,101,67,9,1,2,2
45242,2023,11,12,1,3,116,28,18,0,2,1
45242,2023,11,12,1,4,116,18,21,1,1,1
45242,2023,11,12,1,3,101,49,12,0,4,3
45242,2023,11,12,1,3,40,61,2,1,2,2
45242,2023,11,12,1,4,381,18,20,0,1,1
45242,2023,11,12,1,4,163,11,20,0,2,1
45242,2023,11,12,1,4,386,1,11,0,6,2
45242,2023,11,12,1,4,153,49,11,1,2,2
45242,2023,11,12,1,3,116,11,3,0,1,1
45242,2023,11,12,1,4,277,11,4,0,1,1
45242,2023,11,12,1,4,101,83,4,1,2,1
45242,2023,11,12,1,4,116,33,11,1,3,2
45242,2023,11,12,1,4,116,67,4,1,1,1
45242,2023,11,12,1,4,116,1,4,1,3,2
45242,2023,11,12,1,4,316,80,7,0,3,2
45242,2023,11,12,1,4,116,11,10,0,2,2
45242,2023,11,12,1,4,407,16,12,1,3,2
45201,2023,10,2,2,1,101,11,20,0,1,1
45242,2023,11,12,1,4,60,11,3,0,1,1
45242,2023,11,12,1,4,476,49,12,1,3,2
45242,2023,11,12,1,4,364,56,21,0,2,1
45242,2023,11,12,1,4,116,28,18,0,1,1
45242,2023,11,12,1,4,60,80,7,0,2,2
45242,2023,11,12,1,4,232,82,7,1,2,2
45242,2023,11,12,1,4,386,67,20,0,1,1
45242,2023,11,12,1,4,116,67,12,1,3,2
45242,2023,11,12,1,4,386,49,4,1,1,1
45242,2023,11,12,1,4,116,82,11,1,3,2
45242,2023,11,12,1,4,381,1,11,0,5,2
45243,2023,11,13,2,1,343,11,4,1,2,1
45243,2023,11,13,2,1,381,83,4,1,1,1
45242,2023,11,12,1,4,101,18,21,0,5,1
45243,2023,11,13,2,1,116,18,4,1,4,1
45243,2023,11,13,2,1,101,18,20,1,1,1
45243,2023,11,13,2,1,153,11,4,1,1,1
45243,2023,11,13,2,1,153,67,20,1,1,1
45242,2023,11,12,1,3,262,82,9,0,5,2
45243,2023,11,13,2,1,116,18,20,0,5,1
45242,2023,11,12,1,4,364,9,1,0,2,1
45243,2023,11,13,2,1,40,18,4,1,2,2
45243,2023,11,13,2,1,480,11,20,1,1,1
45242,2023,11,12,1,4,465,2,11,0,3,2
45243,2023,11,13,2,1,40,78,9,0,2,2
45243,2023,11,13,2,2,101,1,9,1,2,2
45243,2023,11,13,2,2,158,15,10,0,3,3
45243,2023,11,13,2,2,116,67,4,1,1,1
45243,2023,11,13,2,2,116,16,12,1,4,3
45243,2023,11,13,2,2,324,67,12,0,5,3
45243,2023,11,13,2,1,470,49,20,1,2,1
45242,2023,11,12,1,4,324,25,12,0,3,2
45243,2023,11,13,2,2,101,16,12,0,2,2
45243,2023,11,13,2,2,101,83,9,0,4,3
45243,2023,11,13,2,2,101,61,2,1,3,2
45243,2023,11,13,2,2,324,16,9,1,2,2
45243,2023,11,13,2,2,116,78,9,1,4,2
45242,2023,11,12,1,3,365,28,20,0,2,1
45243,2023,11,13,2,2,116,83,15,0,3,2
45243,2023,11,13,2,2,428,52,9,0,2,2
45243,2023,11,13,2,2,116,17,11,1,3,2
45243,2023,11,13,2,2,101,35,2,1,3,3
45243,2023,11,13,2,2,116,78,9,1,1,1
45243,2023,11,13,2,2,230,78,9,1,3,2
45242,2023,11,12,1,4,232,9,1,0,1,1
45243,2023,11,13,2,1,116,4,20,0,1,1
45243,2023,11,13,2,2,40,20,11,1,2,2
45243,2023,11,13,2,2,235,16,15,1,3,3
45243,2023,11,13,2,2,393,13,20,1,7,1
45243,2023,11,13,2,2,304,1,11,1,2,2
45243,2023,11,13,2,2,470,1,11,1,2,2
45243,2023,11,13,2,2,101,11,21,1,1,1
45243,2023,11,13,2,1,324,1,11,0,4,2
45243,2023,11,13,2,2,116,78,9,1,3,3
45243,2023,11,13,2,2,101,67,15,1,4,3
45243,2023,11,13,2,2,381,52,12,0,3,2
45243,2023,11,13,2,2,280,1,11,1,3,2
45243,2023,11,13,2,2,262,80,11,1,3,2
45243,2023,11,13,2,2,290,15,20,0,3,1
45243,2023,11,13,2,2,116,16,12,1,2,2
45243,2023,11,13,2,2,116,11,12,0,2,2
45243,2023,11,13,2,2,277,1,11,1,4,2
45243,2023,11,13,2,2,116,13,4,0,2,1
45243,2023,11,13,2,2,376,28,18,1,1,1
45243,2023,11,13,2,2,116,28,21,0,1,1
45243,2023,11,13,2,2,376,83,20,0,4,1
45243,2023,11,13,2,2,101,11,20,0,1,1
45243,2023,11,13,2,2,20,38,20,0,1,1
45242,2023,11,12,1,3,412,11,20,0,1,1
45227,2023,10,28,7,4,116,38,11,1,2,2
45243,2023,11,13,2,2,101,83,12,1,3,2
45243,2023,11,13,2,2,101,1,9,1,2,2
45243,2023,11,13,2,2,153,1,11,1,2,2
45243,2023,11,13,2,2,304,52,11,0,2,2
45243,2023,11,13,2,2,232,11,20,0,1,1
45243,2023,11,13,2,2,80,18,4,0,1,1
45243,2023,11,13,2,2,116,67,20,1,1,1
45243,2023,11,13,2,2,158,1,11,1,3,2
45243,2023,11,13,2,2,280,60,2,1,2,2
45243,2023,11,13,2,2,230,2,11,1,2,2
45243,2023,11,13,2,2,50,11,20,0,1,1
45243,2023,11,13,2,3,116,11,9,1,3,2
45243,2023,11,13,2,3,285,52,7,0,2,2
45243,2023,11,13,2,2,101,35,2,1,3,2
45243,2023,11,13,2,3,101,83,12,1,2,2
45243,2023,11,13,2,3,230,67,12,1,3,2
45243,2023,11,13,2,2,369,15,20,0,3,2
45243,2023,11,13,2,3,40,13,20,0,3,1
45243,2023,11,13,2,3,324,41,20,0,2,1
45243,2023,11,13,2,3,324,18,3,0,1,1
45243,2023,11,13,2,3,364,33,11,1,2,2
45183,2023,9,14,5,3,60,67,15,0,3,3
45243,2023,11,13,2,3,50,67,20,0,1,1
45243,2023,11,13,2,3,116,11,12,1,3,2
45243,2023,11,13,2,3,101,67,4,1,1,1
45243,2023,11,13,2,3,317,2,7,0,6,2
45243,2023,11,13,2,3,277,1,11,0,2,2
45243,2023,11,13,2,3,116,80,7,1,2,2
45243,2023,11,13,2,2,364,28,18,0,1,1
45243,2023,11,13,2,3,282,67,21,1,1,1
45243,2023,11,13,2,3,101,1,11,0,2,2
45243,2023,11,13,2,3,277,16,12,0,2,2
45243,2023,11,13,2,3,116,67,12,1,2,2
45243,2023,11,13,2,3,40,11,2,1,2,2
45243,2023,11,13,2,3,232,36,12,0,2,2
45243,2023,11,13,2,3,116,61,2,1,2,2
45243,2023,11,13,2,3,381,1,21,1,1,1
45243,2023,11,13,2,3,316,49,12,1,2,2
45243,2023,11,13,2,3,101,67,4,1,1,1
45243,2023,11,13,2,3,101,15,12,1,2,2
45243,2023,11,13,2,3,116,78,9,1,4,3
45243,2023,11,13,2,3,277,83,11,1,4,2
45243,2023,11,13,2,3,101,44,21,1,1,1
45243,2023,11,13,2,3,101,67,12,1,2,2
45243,2023,11,13,2,3,101,16,12,0,2,2
45243,2023,11,13,2,3,101,4,21,0,1,1
45243,2023,11,13,2,4,40,11,12,1,5,3
45243,2023,11,13,2,3,110,9,1,0,1,1
45243,2023,11,13,2,3,356,82,9,1,2,2
45243,2023,11,13,2,4,459,35,2,0,2,2
45243,2023,11,13,2,3,376,20,11,1,3,2
45243,2023,11,13,2,4,101,67,12,1,2,2
45243,2023,11,13,2,3,381,67,21,0,2,1
45243,2023,11,13,2,4,242,16,12,0,3,2
45243,2023,11,13,2,4,235,63,21,1,1,1
45243,2023,11,13,2,4,101,61,2,1,2,2
45243,2023,11,13,2,3,364,11,20,0,2,1
45243,2023,11,13,2,3,324,11,11,1,2,2
45223,2023,10,24,3,3,459,67,7,0,6,3
45243,2023,11,13,2,4,116,9,1,1,1,1
45243,2023,11,13,2,4,116,67,12,1,3,2
45243,2023,11,13,2,4,364,5,20,0,3,1
45243,2023,11,13,2,4,280,83,20,0,1,1
45243,2023,11,13,2,4,40,83,21,0,2,2
45243,2023,11,13,2,4,427,67,21,0,2,2
45243,2023,11,13,2,4,423,49,10,0,3,2
45243,2023,11,13,2,3,101,49,12,1,2,2
45243,2023,11,13,2,2,470,1,11,0,2,2
45243,2023,11,13,2,4,230,1,9,1,2,2
45243,2023,11,13,2,4,116,67,9,1,2,2
45243,2023,11,13,2,4,153,49,12,0,2,2
45243,2023,11,13,2,4,174,80,10,0,2,2
45243,2023,11,13,2,4,101,61,2,0,2,2
45243,2023,11,13,2,4,163,67,20,0,1,1
45243,2023,11,13,2,4,435,9,1,0,1,1
45244,2023,11,14,3,1,101,13,20,1,1,1
45244,2023,11,14,3,1,50,18,4,0,6,1
45244,2023,11,14,3,1,262,83,12,0,2,2
45244,2023,11,14,3,2,116,16,12,1,2,2
45244,2023,11,14,3,2,153,67,2,1,2,2
45244,2023,11,14,3,2,116,52,9,0,2,2
45244,2023,11,14,3,2,101,67,15,1,5,5
45244,2023,11,14,3,2,232,11,12,0,4,2
45223,2023,10,24,3,3,230,18,20,0,2,1
45244,2023,11,14,3,1,116,11,21,1,3,2
45244,2023,11,14,3,2,226,11,20,0,2,1
45244,2023,11,14,3,2,116,78,9,1,2,2
45244,2023,11,14,3,1,287,28,18,0,2,1
45240,2023,11,10,6,3,480,35,2,1,3,3
45244,2023,11,14,3,2,381,11,21,1,1,1
45244,2023,11,14,3,2,135,67,20,1,1,1
45244,2023,11,14,3,2,470,51,10,1,3,3
45244,2023,11,14,3,2,101,1,12,1,5,3
45244,2023,11,14,3,2,364,67,12,1,2,2
45244,2023,11,14,3,2,381,83,20,0,3,2
45208,2023,10,9,2,3,267,9,1,0,2,1
45244,2023,11,14,3,2,428,60,2,0,3,2
45244,2023,11,14,3,2,116,52,9,1,2,2
45244,2023,11,14,3,2,280,64,21,1,1,1
45244,2023,11,14,3,2,381,83,20,0,1,1
45244,2023,11,14,3,2,116,67,21,1,1,1
44948,2023,1,22,1,1,135,67,15,1,4,4
45244,2023,11,14,3,2,163,1,11,1,2,2
45244,2023,11,14,3,2,40,16,15,1,3,3
45244,2023,11,14,3,2,369,16,12,0,4,3
45244,2023,11,14,3,2,277,67,21,1,1,1
45244,2023,11,14,3,2,163,13,20,0,3,1
45244,2023,11,14,3,2,381,67,10,0,3,3
45166,2023,8,28,2,4,30,49,7,0,5,2
45244,2023,11,14,3,2,427,1,11,1,3,2
45244,2023,11,14,3,2,101,33,11,0,3,2
45244,2023,11,14,3,2,386,67,9,0,3,2
45244,2023,11,14,3,2,153,52,12,0,2,2
45244,2023,11,14,3,2,230,60,2,0,3,2
45244,2023,11,14,3,2,101,2,11,0,2,2
45244,2023,11,14,3,2,116,67,20,0,1,1
45244,2023,11,14,3,2,410,1,11,1,2,2
45244,2023,11,14,3,2,153,11,20,0,1,1
45244,2023,11,14,3,2,493,64,21,1,1,1
45244,2023,11,14,3,3,116,52,9,1,2,2
45244,2023,11,14,3,3,277,16,12,1,2,2
45196,2023,9,27,4,2,101,11,9,0,2,2
45244,2023,11,14,3,3,116,28,18,1,1,1
45244,2023,11,14,3,2,262,1,11,1,2,2
45244,2023,11,14,3,2,282,15,7,1,4,2
45244,2023,11,14,3,3,101,33,10,1,3,2
45244,2023,11,14,3,3,116,67,4,0,5,1
45244,2023,11,14,3,3,101,11,20,0,1,1
45244,2023,11,14,3,3,282,61,2,0,2,2
45244,2023,11,14,3,3,116,15,20,0,2,1
45244,2023,11,14,3,3,163,83,20,0,1,1
45244,2023,11,14,3,2,116,49,12,1,5,3
45244,2023,11,14,3,3,116,51,4,1,1,1
45244,2023,11,14,3,3,376,83,11,0,2,2
45244,2023,11,14,3,3,364,17,11,1,2,2
45244,2023,11,14,3,3,116,78,12,1,3,2
45244,2023,11,14,3,3,101,78,12,1,2,2
45244,2023,11,14,3,3,101,81,21,1,1,1
45244,2023,11,14,3,3,110,20,11,1,2,2
45164,2023,8,26,7,1,163,67,21,1,1,1
45244,2023,11,14,3,3,282,67,20,0,2,1
45244,2023,11,14,3,2,101,11,20,0,4,1
45244,2023,11,14,3,3,364,17,11,1,3,2
45244,2023,11,14,3,3,116,67,21,0,1,1
45244,2023,11,14,3,3,116,78,9,1,2,2
45244,2023,11,14,3,3,101,15,7,0,4,3
45244,2023,11,14,3,3,365,16,12,1,4,3
45244,2023,11,14,3,3,369,15,12,1,4,3
45244,2023,11,14,3,3,324,35,2,0,2,2
45244,2023,11,14,3,3,280,78,9,1,2,2
45244,2023,11,14,3,3,101,78,9,0,3,3
45244,2023,11,14,3,3,116,28,21,0,1,1
45170,2023,9,1,6,3,262,9,1,0,1,1
45244,2023,11,14,3,3,116,67,12,0,2,2
45244,2023,11,14,3,3,101,11,9,0,2,2
45244,2023,11,14,3,3,116,78,12,1,2,2
45244,2023,11,14,3,3,158,28,11,1,3,2
45244,2023,11,14,3,3,424,1,11,0,6,2
45244,2023,11,14,3,3,110,67,15,1,6,4
45244,2023,11,14,3,3,101,1,11,1,2,2
45244,2023,11,14,3,3,381,28,4,1,2,2
45244,2023,11,14,3,4,101,78,12,0,3,2
45244,2023,11,14,3,3,230,1,11,0,2,2
45244,2023,11,14,3,3,70,82,7,1,3,2
45244,2023,11,14,3,3,381,11,4,0,1,1
45244,2023,11,14,3,2,153,67,20,0,2,1
45181,2023,9,12,3,2,316,16,12,1,2,2
45244,2023,11,14,3,4,406,35,2,1,2,2
45244,2023,11,14,3,4,381,1,11,1,5,2
45244,2023,11,14,3,3,232,16,12,0,3,2
45204,2023,10,5,5,1,324,28,18,0,1,1
45244,2023,11,14,3,4,116,11,4,0,1,1
45244,2023,11,14,3,4,364,1,11,1,4,2
45244,2023,11,14,3,3,376,67,20,0,2,1
45244,2023,11,14,3,3,101,20,11,1,2,2
45244,2023,11,14,3,4,376,49,12,0,2,2
45244,2023,11,14,3,3,230,33,11,1,2,2
45244,2023,11,14,3,4,40,1,11,0,3,2
45244,2023,11,14,3,4,226,1,11,1,2,2
45234,2023,11,4,7,2,158,49,12,0,2,2
45244,2023,11,14,3,3,364,2,7,1,2,2
45244,2023,11,14,3,4,116,9,1,1,1,1
45244,2023,11,14,3,4,116,67,20,0,1,1
45244,2023,11,14,3,3,470,1,11,0,2,2
45244,2023,11,14,3,3,158,83,20,0,1,1
45244,2023,11,14,3,4,101,67,21,0,1,1
45244,2023,11,14,3,4,116,60,2,1,5,2
45244,2023,11,14,3,4,101,64,2,1,3,2
45244,2023,11,14,3,4,376,67,20,0,3,1
45244,2023,11,14,3,4,101,11,20,0,2,1
45244,2023,11,14,3,4,495,11,7,1,2,2
45244,2023,11,14,3,4,381,61,2,0,2,2
45244,2023,11,14,3,4,116,81,2,1,2,2
45194,2023,9,25,2,2,101,67,12,1,2,2
45244,2023,11,14,3,4,116,11,9,0,3,2
45244,2023,11,14,3,4,316,28,18,0,1,1
45244,2023,11,14,3,4,381,80,7,1,2,2
45244,2023,11,14,3,4,470,82,10,1,3,3
45245,2023,11,15,4,1,277,60,2,1,2,2
45244,2023,11,14,3,4,153,1,11,1,2,2
45245,2023,11,15,4,1,101,2,20,1,2,1
45245,2023,11,15,4,1,277,60,2,0,2,2
45245,2023,11,15,4,1,316,35,2,1,2,2
45245,2023,11,15,4,1,386,49,21,0,1,1
45245,2023,11,15,4,1,163,11,4,1,1,1
45245,2023,11,15,4,1,163,1,11,1,2,2
45245,2023,11,15,4,2,285,67,9,0,3,3
45245,2023,11,15,4,1,116,13,4,0,1,1
45245,2023,11,15,4,2,101,11,12,1,2,2
45244,2023,11,14,3,4,361,9,1,0,1,1
45245,2023,11,15,4,1,70,9,1,0,2,1
45245,2023,11,15,4,2,101,17,11,1,2,2
45212,2023,10,13,6,1,230,49,12,1,3,2
45217,2023,10,18,4,4,392,16,12,1,1,1
45213,2023,10,14,7,2,101,11,10,1,1,1
45245,2023,11,15,4,2,376,61,2,1,2,2
45245,2023,11,15,4,2,40,11,9,0,5,2
45245,2023,11,15,4,2,267,67,4,0,2,1
45245,2023,11,15,4,2,50,67,3,0,2,1
45225,2023,10,26,5,3,116,83,12,1,3,2
45245,2023,11,15,4,2,50,48,2,1,2,2
45245,2023,11,15,4,2,40,82,12,1,3,3
45245,2023,11,15,4,2,222,1,11,1,2,2
45245,2023,11,15,4,2,230,16,15,1,3,3
45245,2023,11,15,4,2,116,4,20,0,2,1
45245,2023,11,15,4,2,116,11,21,1,1,1
45245,2023,11,15,4,2,364,1,11,0,2,2
45219,2023,10,20,6,1,101,49,12,1,2,2
45245,2023,11,15,4,2,290,11,20,0,2,1
45245,2023,11,15,4,2,376,67,20,0,1,1
45245,2023,11,15,4,2,158,80,7,1,3,2
45245,2023,11,15,4,2,381,11,3,0,2,1
45213,2023,10,14,7,4,116,11,21,1,1,1
45245,2023,11,15,4,2,343,67,12,0,3,2
45245,2023,11,15,4,2,116,16,9,1,3,2
45174,2023,9,5,3,4,356,11,21,0,1,1
45245,2023,11,15,4,3,40,11,12,1,2,2
45245,2023,11,15,4,2,230,1,11,1,3,2
45245,2023,11,15,4,2,101,11,20,0,2,1
45245,2023,11,15,4,2,230,67,2,0,3,2
45245,2023,11,15,4,2,101,67,12,1,3,2
45237,2023,11,7,3,2,324,16,12,0,3,2
45245,2023,11,15,4,3,290,49,20,0,1,1
45245,2023,11,15,4,3,70,82,11,1,2,2
45245,2023,11,15,4,3,343,1,12,1,3,2
45245,2023,11,15,4,3,407,11,11,0,3,2
45245,2023,11,15,4,3,116,16,12,0,3,2
45245,2023,11,15,4,3,365,13,21,0,1,1
45245,2023,11,15,4,3,381,67,12,1,3,2
45245,2023,11,15,4,3,381,67,12,1,2,2
45245,2023,11,15,4,3,293,16,12,1,2,2
45245,2023,11,15,4,3,262,67,12,0,4,2
45245,2023,11,15,4,3,116,67,4,0,1,1
45245,2023,11,15,4,3,277,67,20,1,1,1
45245,2023,11,15,4,3,470,67,20,0,4,1
45209,2023,10,10,3,3,116,16,12,1,4,3
45245,2023,11,15,4,3,174,52,9,1,3,2
45245,2023,11,15,4,3,493,28,4,0,1,1
45245,2023,11,15,4,3,163,49,12,1,2,2
45245,2023,11,15,4,3,163,82,20,0,2,1
45245,2023,11,15,4,3,365,83,20,0,3,1
45245,2023,11,15,4,3,235,49,12,0,2,2
45242,2023,11,12,1,4,282,83,20,0,1,1
45245,2023,11,15,4,4,280,25,11,0,2,2
45245,2023,11,15,4,3,448,21,20,1,1,1
45245,2023,11,15,4,4,40,83,15,0,12,3
45245,2023,11,15,4,3,174,18,20,0,2,1
45245,2023,11,15,4,3,423,28,20,0,1,1
45245,2023,11,15,4,3,280,11,20,1,1,1
45245,2023,11,15,4,3,386,1,10,0,2,2
45245,2023,11,15,4,4,393,1,11,0,2,2
45245,2023,11,15,4,4,40,61,2,0,3,2
45245,2023,11,15,4,3,406,80,7,0,3,3
45245,2023,11,15,4,3,101,49,4,1,2,2
45245,2023,11,15,4,4,101,82,2,0,2,2
45245,2023,11,15,4,3,116,9,1,0,3,1
45245,2023,11,15,4,4,40,49,11,1,2,2
45245,2023,11,15,4,4,277,11,12,0,3,2
45245,2023,11,15,4,4,40,15,11,0,3,2
45245,2023,11,15,4,4,277,49,7,0,5,2
45245,2023,11,15,4,4,163,49,21,0,1,1
45245,2023,11,15,4,4,60,9,1,0,2,1
45245,2023,11,15,4,2,381,80,7,0,2,2
45245,2023,11,15,4,4,10,67,4,0,1,1
45245,2023,11,15,4,4,101,67,21,1,1,1
45245,2023,11,15,4,4,101,28,18,1,1,1
45245,2023,11,15,4,4,116,80,11,0,3,2
45245,2023,11,15,4,4,50,11,20,0,1,1
45245,2023,11,15,4,4,40,80,9,1,2,2
45245,2023,11,15,4,4,116,67,4,1,1,1
45245,2023,11,15,4,4,367,83,12,0,2,2
45245,2023,11,15,4,4,40,11,12,1,2,2
45245,2023,11,15,4,4,116,51,4,1,2,2
45245,2023,11,15,4,4,381,11,4,0,4,1
45245,2023,11,15,4,4,174,49,11,1,4,3
45245,2023,11,15,4,4,343,11,12,1,2,2
45246,2023,11,16,5,1,285,49,12,0,4,2
45246,2023,11,16,5,1,262,48,20,0,2,1
45246,2023,11,16,5,1,376,9,20,0,2,1
45246,2023,11,16,5,2,324,11,12,1,1,1
45246,2023,11,16,5,1,222,1,11,1,3,2
45246,2023,11,16,5,1,163,83,12,0,2,2
45245,2023,11,15,4,4,60,49,12,0,2,2
45246,2023,11,16,5,2,116,67,12,1,4,3
45246,2023,11,16,5,2,324,1,2,0,2,2
45246,2023,11,16,5,2,324,28,20,0,3,1
45246,2023,11,16,5,2,210,16,12,1,2,2
45246,2023,11,16,5,2,262,83,4,1,1,1
45246,2023,11,16,5,2,376,9,1,0,1,1
45246,2023,11,16,5,2,277,67,4,0,1,1
45245,2023,11,15,4,4,343,49,4,0,1,1
45246,2023,11,16,5,2,472,15,12,0,5,4
45246,2023,11,16,5,2,116,52,12,0,2,2
45246,2023,11,16,5,2,230,81,12,1,2,1
45246,2023,11,16,5,2,277,16,12,1,2,2
45246,2023,11,16,5,2,101,9,1,1,2,1
45246,2023,11,16,5,2,153,1,7,1,2,2
45246,2023,11,16,5,2,381,83,20,0,1,1
45246,2023,11,16,5,2,369,33,11,1,2,2
45246,2023,11,16,5,2,405,38,7,1,2,2
45246,2023,11,16,5,2,116,67,12,1,2,2
45234,2023,11,4,7,3,365,46,2,0,2,2
45157,2023,8,19,7,3,343,3,3,0,1,1
45246,2023,11,16,5,2,163,49,12,0,3,2
45246,2023,11,16,5,2,40,13,21,1,2,1
45246,2023,11,16,5,1,153,71,1,0,2,1
45246,2023,11,16,5,2,343,11,12,1,2,2
45246,2023,11,16,5,2,226,83,3,1,1,1
45246,2023,11,16,5,2,414,51,4,0,3,1
45246,2023,11,16,5,2,392,13,20,1,1,1
45234,2023,11,4,7,3,20,11,12,0,4,4
45246,2023,11,16,5,2,222,11,9,1,3,2
45246,2023,11,16,5,2,135,16,12,1,2,2
45220,2023,10,21,7,1,392,9,1,0,2,1
45246,2023,11,16,5,2,101,11,12,1,2,2
45246,2023,11,16,5,2,101,13,21,0,2,1
45246,2023,11,16,5,2,116,52,9,1,2,2
45241,2023,11,11,7,1,174,11,12,0,1,1
45214,2023,10,15,1,2,174,52,7,0,2,2
45246,2023,11,16,5,2,101,13,3,0,2,1
45230,2023,10,31,3,3,470,67,20,0,2,1
45246,2023,11,16,5,2,101,67,12,0,2,2
45246,2023,11,16,5,2,232,67,15,1,5,3
45246,2023,11,16,5,2,163,67,4,1,1,1
45246,2023,11,16,5,3,101,11,15,0,3,3
45246,2023,11,16,5,3,101,16,9,1,2,2
45246,2023,11,16,5,2,364,11,12,1,2,2
45246,2023,11,16,5,3,40,80,11,1,3,2
45246,2023,11,16,5,3,40,67,4,1,5,1
45246,2023,11,16,5,3,290,19,3,0,1,1
45246,2023,11,16,5,3,222,61,2,1,2,2
45246,2023,11,16,5,3,40,64,20,0,1,1
45246,2023,11,16,5,3,101,1,9,0,3,2