id_data,ano,mes,dia,id_dia_semana,periodo,br,id_causa_acidente,id_tipo_acidente,id_uso_solo,pessoas,veiculos
45246,2023,11,16,5,3,40,1,11,0,2,2
45246,2023,11,16,5,2,101,28,21,1,2,1
45214,2023,10,15,1,2,40,67,15,0,4,4
45246,2023,11,16,5,3,101,33,11,1,2,2
45246,2023,11,16,5,3,153,16,12,0,4,3
45246,2023,11,16,5,3,262,1,12,0,3,2
45246,2023,11,16,5,3,110,80,10,0,3,2
45246,2023,11,16,5,3,251,70,11,0,2,2
45246,2023,11,16,5,3,364,67,2,1,3,2
45246,2023,11,16,5,3,101,1,11,1,3,2
45246,2023,11,16,5,3,101,51,15,0,3,3
45246,2023,11,16,5,3,373,60,2,1,3,2
45246,2023,11,16,5,3,280,67,12,1,2,2
45246,2023,11,16,5,3,163,67,12,0,2,2
45234,2023,11,4,7,2,230,63,20,0,4,1
45246,2023,11,16,5,3,135,67,12,0,2,2
45246,2023,11,16,5,3,101,29,21,1,1,1
45246,2023,11,16,5,2,101,5,20,1,2,2
45246,2023,11,16,5,3,493,28,18,0,1,1
45246,2023,11,16,5,3,101,29,21,1,1,1
45246,2023,11,16,5,3,242,1,7,0,3,2
45246,2023,11,16,5,3,101,67,4,1,2,1
45246,2023,11,16,5,3,232,1,7,0,2,2
45246,2023,11,16,5,3,319,28,20,0,4,2
45246,2023,11,16,5,4,290,11,21,0,1,1
45246,2023,11,16,5,4,20,52,12,1,5,2
45246,2023,11,16,5,4,116,67,12,1,3,2
45246,2023,11,16,5,4,101,11,9,1,2,2
45246,2023,11,16,5,4,101,5,21,0,1,1
45246,2023,11,16,5,4,232,9,1,0,1,1
45238,2023,11,8,4,2,365,28,18,0,1,1
45246,2023,11,16,5,3,40,67,4,0,1,1
45246,2023,11,16,5,4,230,11,4,1,1,1
45201,2023,10,2,2,1,20,11,4,0,1,1
45246,2023,11,16,5,4,101,11,20,1,1,1
45246,2023,11,16,5,4,40,11,12,1,3,2
45246,2023,11,16,5,4,101,16,12,0,2,2
45246,2023,11,16,5,4,116,80,7,1,3,2
45246,2023,11,16,5,4,285,28,18,0,1,1
45217,2023,10,18,4,3,365,67,12,0,2,2
45246,2023,11,16,5,4,381,11,4,1,4,1
45246,2023,11,16,5,4,50,1,11,1,2,2
45246,2023,11,16,5,4,381,13,21,0,1,1
45246,2023,11,16,5,4,10,28,18,0,1,1
45246,2023,11,16,5,4,423,9,12,0,2,2
45246,2023,11,16,5,4,262,67,20,0,1,1
45246,2023,11,16,5,4,153,11,4,0,1,1
45247,2023,11,17,6,1,20,9,1,1,1,1
45247,2023,11,17,6,1,277,49,20,0,1,1
45247,2023,11,17,6,1,20,25,9,0,2,2
45247,2023,11,17,6,1,470,49,7,0,2,2
45247,2023,11,17,6,1,262,44,20,0,5,2
45247,2023,11,17,6,2,153,67,11,1,3,2
45247,2023,11,17,6,1,448,11,20,1,1,1
45247,2023,11,17,6,1,116,18,12,0,3,2
45247,2023,11,17,6,2,101,82,11,1,2,2
45246,2023,11,16,5,4,70,67,12,0,1,1
45246,2023,11,16,5,4,174,18,20,0,1,1
45247,2023,11,17,6,2,262,33,11,1,3,2
45247,2023,11,17,6,1,316,60,2,1,3,2
45247,2023,11,17,6,2,356,33,11,1,2,2
45247,2023,11,17,6,2,101,67,15,1,4,3
45247,2023,11,17,6,2,376,16,12,1,2,2
45247,2023,11,17,6,2,101,1,11,1,3,2
45058,2023,5,12,6,2,376,67,4,1,1,1
45247,2023,11,17,6,2,116,67,12,1,3,2
45247,2023,11,17,6,2,104,13,20,1,1,1
45247,2023,11,17,6,2,277,78,9,1,2,2
45241,2023,11,11,7,1,230,52,7,1,3,2
45242,2023,11,12,1,2,70,1,11,1,3,2
45247,2023,11,17,6,2,470,72,9,1,2,2
45230,2023,10,31,3,3,293,1,9,1,2,2
45247,2023,11,17,6,2,365,18,20,0,2,1
45247,2023,11,17,6,2,101,11,12,1,2,2
45247,2023,11,17,6,2,20,16,12,0,3,2
45175,2023,9,6,4,4,10,11,12,1,6,4
45247,2023,11,17,6,2,174,1,11,1,3,2
45247,2023,11,17,6,2,153,56,4,0,3,2
45247,2023,11,17,6,2,369,67,12,1,2,2
45247,2023,11,17,6,2,101,67,12,1,2,2
45247,2023,11,17,6,2,262,81,11,1,2,2
45013,2023,3,28,3,3,381,35,2,1,2,2
45247,2023,11,17,6,2,369,83,20,0,1,1
45247,2023,11,17,6,2,101,11,20,0,1,1
45247,2023,11,17,6,2,376,56,4,0,1,1
45247,2023,11,17,6,2,495,82,9,1,2,2
45247,2023,11,17,6,2,116,51,4,1,1,1
45247,2023,11,17,6,2,104,1,11,1,2,2
45247,2023,11,17,6,2,116,52,11,1,4,2
45247,2023,11,17,6,2,40,83,3,0,1,1
45247,2023,11,17,6,2,393,33,11,1,2,2
45247,2023,11,17,6,2,277,67,11,1,2,2
45247,2023,11,17,6,2,101,11,11,0,2,2
45243,2023,11,13,2,2,393,1,11,0,2,2
45247,2023,11,17,6,2,386,83,20,0,1,1
45247,2023,11,17,6,2,356,20,10,1,2,2
45247,2023,11,17,6,2,282,4,20,0,1,1
45247,2023,11,17,6,2,101,65,4,1,1,1
45247,2023,11,17,6,2,232,1,9,0,2,2
45230,2023,10,31,3,3,277,15,9,1,3,2
45247,2023,11,17,6,3,101,52,9,1,2,2
45247,2023,11,17,6,2,101,9,1,0,5,1
45247,2023,11,17,6,2,367,82,7,1,2,2
45247,2023,11,17,6,3,381,78,9,1,2,2
45247,2023,11,17,6,3,365,18,21,0,1,1
45243,2023,11,13,2,3,40,82,11,1,3,2
45247,2023,11,17,6,3,116,67,20,0,1,1
45247,2023,11,17,6,3,116,67,12,1,3,2
45247,2023,11,17,6,3,101,83,4,0,2,1
45247,2023,11,17,6,2,116,67,20,0,1,1
45247,2023,11,17,6,2,262,15,10,0,3,2
45247,2023,11,17,6,3,369,18,4,1,2,2
45247,2023,11,17,6,3,101,52,9,1,2,2
45247,2023,11,17,6,3,386,4,7,0,2,2
45247,2023,11,17,6,2,163,48,20,0,2,2
45247,2023,11,17,6,3,50,67,20,0,1,1
45247,2023,11,17,6,3,230,16,9,1,3,2
45247,2023,11,17,6,2,153,18,10,0,3,2
45247,2023,11,17,6,3,116,67,12,1,2,2
45247,2023,11,17,6,3,60,67,20,0,3,1
45247,2023,11,17,6,3,373,81,12,1,2,2
45242,2023,11,12,1,3,116,13,12,0,3,2
45247,2023,11,17,6,3,60,16,12,0,2,2
45247,2023,11,17,6,3,116,83,4,1,4,1
45247,2023,11,17,6,3,20,11,9,0,2,2
45247,2023,11,17,6,3,116,16,12,0,3,2
45247,2023,11,17,6,3,116,11,12,1,2,2
45247,2023,11,17,6,3,101,1,11,0,2,2
45247,2023,11,17,6,3,376,52,9,1,2,2
45247,2023,11,17,6,3,163,1,11,1,2,2
45216,2023,10,17,3,1,116,16,12,1,3,2
45247,2023,11,17,6,3,101,1,11,1,3,2
45247,2023,11,17,6,3,262,1,11,1,3,2
45247,2023,11,17,6,2,40,16,12,1,3,2
45247,2023,11,17,6,3,232,52,9,0,3,2
45247,2023,11,17,6,3,116,64,4,1,1,1
45247,2023,11,17,6,3,116,13,20,0,5,1
45247,2023,11,17,6,3,116,16,15,1,5,4
45247,2023,11,17,6,3,386,1,11,0,2,2
45207,2023,10,8,1,3,101,52,9,1,5,2
45247,2023,11,17,6,3,116,11,9,1,2,2
45247,2023,11,17,6,4,80,28,20,0,2,1
45247,2023,11,17,6,3,447,1,11,1,2,2
45247,2023,11,17,6,4,101,48,3,1,1,1
45247,2023,11,17,6,3,101,83,21,0,1,1
45247,2023,11,17,6,3,40,33,11,0,5,3
45247,2023,11,17,6,4,101,5,21,1,2,1
45247,2023,11,17,6,4,101,83,20,0,1,1
45247,2023,11,17,6,3,367,16,12,1,3,3
45247,2023,11,17,6,3,101,28,21,0,1,1
45247,2023,11,17,6,3,280,67,20,0,2,1
45247,2023,11,17,6,4,393,11,7,1,4,2
45247,2023,11,17,6,3,324,82,7,0,8,2
45239,2023,11,9,5,2,116,67,11,0,3,2
45247,2023,11,17,6,3,116,28,18,1,1,1
45247,2023,11,17,6,4,277,11,3,0,2,1
45247,2023,11,17,6,4,116,78,9,0,2,2
45247,2023,11,17,6,3,116,81,2,1,2,2
45247,2023,11,17,6,4,116,60,2,1,4,3
45247,2023,11,17,6,3,101,36,12,1,2,2
45247,2023,11,17,6,4,277,1,11,1,3,2
45247,2023,11,17,6,2,493,20,11,1,3,2
45247,2023,11,17,6,4,316,1,11,0,2,2
45247,2023,11,17,6,4,116,1,11,1,2,2
45247,2023,11,17,6,4,153,48,2,0,2,2
45247,2023,11,17,6,4,230,1,11,1,2,2
45247,2023,11,17,6,4,101,67,21,0,2,1
45247,2023,11,17,6,4,40,52,9,1,3,2
45248,2023,11,18,7,1,290,11,12,0,2,2
45247,2023,11,17,6,4,242,67,20,0,1,1
45248,2023,11,18,7,1,40,49,12,1,3,2
45248,2023,11,18,7,1,381,18,4,1,2,2
45247,2023,11,17,6,4,470,56,4,0,3,1
45248,2023,11,18,7,1,381,56,4,0,3,1
45248,2023,11,18,7,1,40,18,3,0,1,1
45248,2023,11,18,7,1,153,9,1,0,2,1
45247,2023,11,17,6,4,50,61,2,1,2,2
45248,2023,11,18,7,1,316,49,4,0,1,1
45248,2023,11,18,7,1,163,49,20,0,1,1
45248,2023,11,18,7,1,163,49,20,0,1,1
45248,2023,11,18,7,1,393,60,2,1,2,2
45248,2023,11,18,7,1,282,49,7,0,5,2
45248,2023,11,18,7,1,101,83,20,0,2,1
45248,2023,11,18,7,1,232,49,7,0,2,2
45248,2023,11,18,7,1,101,49,12,0,2,2
45248,2023,11,18,7,1,330,67,3,0,1,1
45248,2023,11,18,7,1,277,16,12,1,2,2
45248,2023,11,18,7,1,101,80,10,0,4,3
45248,2023,11,18,7,1,101,67,10,0,3,2
45248,2023,11,18,7,1,163,83,4,0,1,1
45248,2023,11,18,7,1,386,15,4,0,1,1
45247,2023,11,17,6,4,101,16,12,1,2,2
45248,2023,11,18,7,2,480,49,20,1,3,1
45247,2023,11,17,6,3,158,11,20,0,1,1
45247,2023,11,17,6,4,470,1,12,1,3,2
45248,2023,11,18,7,2,101,11,11,0,2,2
45247,2023,11,17,6,4,101,11,12,1,2,2
45248,2023,11,18,7,1,116,4,4,1,1,1
45248,2023,11,18,7,2,222,17,11,1,3,2
45248,2023,11,18,7,1,163,28,4,1,1,1
45247,2023,11,17,6,3,116,78,12,1,2,2
45248,2023,11,18,7,1,381,18,3,0,5,1
45248,2023,11,18,7,2,316,16,12,1,2,2
45248,2023,11,18,7,2,343,63,20,0,2,1
45248,2023,11,18,7,2,40,52,9,1,2,2
45204,2023,10,5,5,1,468,11,20,0,1,1
45248,2023,11,18,7,1,174,9,1,0,2,1
45172,2023,9,3,1,2,116,83,20,0,2,1
45247,2023,11,17,6,4,60,18,20,0,1,1
45248,2023,11,18,7,1,153,18,20,0,4,1
45248,2023,11,18,7,2,232,16,12,1,2,2
45248,2023,11,18,7,1,40,82,20,0,1,1
45248,2023,11,18,7,2,210,49,12,1,2,2
45248,2023,11,18,7,2,381,67,21,0,1,1
45248,2023,11,18,7,1,414,49,20,0,1,1
45248,2023,11,18,7,2,277,11,12,0,2,2
45248,2023,11,18,7,2,364,16,12,1,2,2
45248,2023,11,18,7,2,116,16,12,1,2,2
45248,2023,11,18,7,2,116,61,2,0,2,2
45248,2023,11,18,7,2,101,1,12,1,2,2
45248,2023,11,18,7,2,101,16,12,1,2,2
45200,2023,10,1,1,1,101,11,20,1,2,1
45248,2023,11,18,7,2,101,18,3,0,1,1
45248,2023,11,18,7,2,116,16,15,0,8,3
45248,2023,11,18,7,2,116,1,11,0,2,2
45248,2023,11,18,7,1,116,9,1,0,1,1
45248,2023,11,18,7,2,222,16,12,1,3,2
45248,2023,11,18,7,2,116,1,11,0,3,2
45248,2023,11,18,7,2,101,52,9,1,2,2
45248,2023,11,18,7,2,386,11,20,1,2,1
45248,2023,11,18,7,2,101,18,20,0,3,1
45248,2023,11,18,7,2,116,83,20,0,1,1
45248,2023,11,18,7,2,40,16,12,1,4,2
45248,2023,11,18,7,2,262,11,21,1,1,1
45248,2023,11,18,7,2,364,20,11,0,3,3
45248,2023,11,18,7,2,414,82,11,0,2,2
45248,2023,11,18,7,3,101,33,12,0,4,3
45237,2023,11,7,3,1,470,76,4,1,1,1
45248,2023,11,18,7,3,40,28,4,0,3,3
45248,2023,11,18,7,2,381,13,21,0,1,1
45248,2023,11,18,7,2,116,80,10,0,3,3
45248,2023,11,18,7,2,262,66,20,0,3,1
45248,2023,11,18,7,3,381,11,12,1,3,2
45248,2023,11,18,7,3,101,1,9,0,2,2
45248,2023,11,18,7,3,116,11,21,0,1,1
45248,2023,11,18,7,3,381,60,2,0,2,2
45248,2023,11,18,7,3,376,83,4,0,1,1
45248,2023,11,18,7,3,230,5,21,1,1,1
45248,2023,11,18,7,3,163,1,11,1,2,2
45248,2023,11,18,7,3,262,1,11,1,3,2
45248,2023,11,18,7,3,262,28,18,0,1,1
45248,2023,11,18,7,3,381,18,20,0,1,1
45233,2023,11,3,6,1,50,83,20,1,2,1
45248,2023,11,18,7,3,116,16,12,1,2,2
45248,2023,11,18,7,3,10,4,9,0,2,2
45248,2023,11,18,7,3,116,11,4,1,4,1
45248,2023,11,18,7,3,282,6,11,0,8,4
45248,2023,11,18,7,3,101,49,21,0,1,1
45248,2023,11,18,7,3,101,13,21,1,1,1
45248,2023,11,18,7,3,101,1,11,0,2,2
45248,2023,11,18,7,3,40,28,18,0,1,1
45248,2023,11,18,7,3,282,82,9,1,4,3
45248,2023,11,18,7,3,235,67,4,0,2,1
45248,2023,11,18,7,2,163,18,4,1,1,1
45248,2023,11,18,7,3,116,49,9,1,2,2
45248,2023,11,18,7,3,230,49,7,0,5,3
45248,2023,11,18,7,3,364,20,11,1,2,2
45248,2023,11,18,7,3,277,6,20,1,1,1
45248,2023,11,18,7,3,101,67,12,1,3,2
45248,2023,11,18,7,3,365,11,20,0,3,2
45248,2023,11,18,7,3,230,67,9,1,2,2
45248,2023,11,18,7,3,116,20,7,0,3,2
45248,2023,11,18,7,3,230,16,12,1,2,2
45248,2023,11,18,7,3,472,1,11,1,2,2
45248,2023,11,18,7,3,304,11,4,1,1,1
45248,2023,11,18,7,3,40,35,2,0,2,2
45248,2023,11,18,7,3,232,67,12,0,2,2
45248,2023,11,18,7,1,414,67,20,0,1,1
45248,2023,11,18,7,3,232,52,10,0,5,2
45248,2023,11,18,7,3,364,13,20,0,5,1
45248,2023,11,18,7,4,101,14,20,0,3,2
45248,2023,11,18,7,3,364,67,21,1,1,1
45248,2023,11,18,7,3,316,67,21,1,2,1
45248,2023,11,18,7,4,153,11,20,1,1,1
45248,2023,11,18,7,2,101,83,20,0,2,1
45248,2023,11,18,7,4,230,49,15,1,4,3
45248,2023,11,18,7,4,116,1,9,1,3,3
45248,2023,11,18,7,4,116,15,9,1,2,2
45248,2023,11,18,7,3,230,82,11,0,2,2
45248,2023,11,18,7,4,381,11,20,0,1,1
45248,2023,11,18,7,4,101,49,12,0,2,2
45248,2023,11,18,7,4,101,1,7,0,3,2
45248,2023,11,18,7,4,153,52,9,1,2,2
45248,2023,11,18,7,4,470,11,4,0,2,1
45248,2023,11,18,7,4,470,49,2,0,3,2
45248,2023,11,18,7,4,10,80,7,0,3,2
45248,2023,11,18,7,4,116,16,21,0,1,1
45248,2023,11,18,7,3,277,67,4,0,3,2
45248,2023,11,18,7,4,290,67,20,0,5,1
45248,2023,11,18,7,4,101,83,4,1,2,1
45248,2023,11,18,7,4,101,67,20,1,1,1
45248,2023,11,18,7,3,364,28,18,0,1,1
45248,2023,11,18,7,4,60,11,4,1,1,1
45248,2023,11,18,7,4,361,81,9,1,4,2
45248,2023,11,18,7,4,10,36,9,1,3,2
45248,2023,11,18,7,4,116,35,2,1,2,2
45248,2023,11,18,7,4,393,67,4,0,1,1
45248,2023,11,18,7,4,30,20,7,0,4,2
45248,2023,11,18,7,4,163,67,4,0,1,1
45248,2023,11,18,7,4,40,11,20,0,1,1
45248,2023,11,18,7,4,235,49,20,1,4,1
45248,2023,11,18,7,4,158,83,20,0,1,1
45248,2023,11,18,7,4,364,1,11,1,2,2
45248,2023,11,18,7,4,50,67,4,0,1,1
45249,2023,11,19,1,1,40,11,21,1,1,1
45248,2023,11,18,7,3,101,49,4,0,1,1
45248,2023,11,18,7,4,116,11,12,0,2,2
45248,2023,11,18,7,4,116,11,12,0,2,2
45249,2023,11,19,1,1,116,67,3,0,3,1
45248,2023,11,18,7,3,317,80,7,0,3,2
45249,2023,11,19,1,1,60,1,11,1,2,2
45248,2023,11,18,7,4,251,15,20,0,2,1
45249,2023,11,19,1,1,230,9,1,0,2,1
45249,2023,11,19,1,1,40,52,9,0,3,2
45249,2023,11,19,1,1,277,49,4,0,1,1
45248,2023,11,18,7,4,174,82,7,0,9,3
45249,2023,11,19,1,1,308,11,12,1,2,2
45249,2023,11,19,1,1,70,48,2,0,2,2
45249,2023,11,19,1,1,290,11,20,0,2,2
45249,2023,11,19,1,1,153,60,2,0,3,2
45249,2023,11,19,1,1,116,49,9,0,3,2
45249,2023,11,19,1,1,101,11,20,0,2,1
45248,2023,11,18,7,4,101,9,1,0,2,1
45249,2023,11,19,1,1,290,50,4,0,2,1
45249,2023,11,19,1,1,369,18,4,1,1,1
45249,2023,11,19,1,1,116,11,4,1,2,1
45249,2023,11,19,1,1,470,11,4,0,1,1
45249,2023,11,19,1,1,230,49,4,1,1,1
45249,2023,11,19,1,1,116,49,4,0,1,1
45249,2023,11,19,1,2,116,49,20,0,1,1
45249,2023,11,19,1,2,116,4,20,1,1,1
45249,2023,11,19,1,1,174,52,7,0,4,2
45248,2023,11,18,7,4,153,28,18,0,1,1
45249,2023,11,19,1,1,262,67,4,1,1,1
45249,2023,11,19,1,1,158,82,7,1,6,2
45249,2023,11,19,1,2,116,67,20,1,1,1
45249,2023,11,19,1,2,376,67,20,1,1,1
45249,2023,11,19,1,1,316,49,4,1,2,1
45249,2023,11,19,1,1,402,80,7,1,2,2
45249,2023,11,19,1,2,60,28,20,1,1,1
45249,2023,11,19,1,2,316,11,4,1,2,1
45249,2023,11,19,1,2,290,11,12,0,2,2
45249,2023,11,19,1,2,116,83,4,0,2,1
45248,2023,11,18,7,4,163,49,20,0,1,1
45249,2023,11,19,1,2,101,80,9,1,2,2
45249,2023,11,19,1,2,381,21,20,0,1,1
45225,2023,10,26,5,3,277,67,12,1,3,2
45235,2023,11,5,1,3,101,67,15,1,7,3
45249,2023,11,19,1,2,116,67,3,0,4,1
45249,2023,11,19,1,2,116,16,15,1,5,3
45249,2023,11,19,1,2,153,28,12,1,4,2
45249,2023,11,19,1,2,101,82,7,1,3,3
45249,2023,11,19,1,2,262,1,11,1,3,3
45249,2023,11,19,1,2,101,16,12,1,2,2
45249,2023,11,19,1,2,408,2,11,0,2,2
45249,2023,11,19,1,2,267,83,7,0,4,2
45249,2023,11,19,1,2,116,67,12,1,2,2
45249,2023,11,19,1,2,116,83,4,0,2,1
45249,2023,11,19,1,2,356,82,4,0,1,1
45249,2023,11,19,1,2,293,56,20,0,6,1
45249,2023,11,19,1,2,101,11,20,0,1,1
45249,2023,11,19,1,2,364,11,20,0,2,1
45249,2023,11,19,1,2,101,49,4,1,1,1
45249,2023,11,19,1,2,116,83,4,0,1,1
45249,2023,11,19,1,2,116,67,3,0,4,1
45249,2023,11,19,1,2,282,52,20,0,4,1
45249,2023,11,19,1,2,163,67,4,0,1,1
45249,2023,11,19,1,2,101,13,21,0,2,1
45249,2023,11,19,1,2,101,16,15,0,6,3
45249,2023,11,19,1,2,158,67,20,0,5,1
45249,2023,11,19,1,2,101,67,21,0,1,1
45249,2023,11,19,1,2,230,61,2,1,2,2
45234,2023,11,4,7,2,272,1,11,1,4,2
45249,2023,11,19,1,2,386,63,20,0,1,1
45249,2023,11,19,1,2,316,41,20,0,2,2
45249,2023,11,19,1,3,116,16,12,0,4,3
45249,2023,11,19,1,2,262,11,7,0,3,3
45248,2023,11,18,7,4,364,11,20,0,1,1
45249,2023,11,19,1,3,101,52,9,0,2,2
45249,2023,11,19,1,3,376,67,7,0,5,2
45249,2023,11,19,1,3,50,67,20,0,2,1
45249,2023,11,19,1,2,101,18,20,1,1,1
45249,2023,11,19,1,2,40,4,20,0,5,1
45249,2023,11,19,1,2,423,29,21,0,2,2
45249,2023,11,19,1,3,101,52,9,0,2,1
45249,2023,11,19,1,3,116,20,9,1,3,2
45249,2023,11,19,1,2,40,6,7,0,5,1
45249,2023,11,19,1,3,101,56,4,1,3,2
45249,2023,11,19,1,3,101,67,4,0,5,1
45249,2023,11,19,1,3,262,83,7,0,3,2
45249,2023,11,19,1,3,316,52,9,1,2,2
45249,2023,11,19,1,3,40,82,7,0,5,2
45249,2023,11,19,1,3,316,20,11,1,4,2
45249,2023,11,19,1,3,40,67,20,0,2,1
45246,2023,11,16,5,1,470,28,18,0,1,1
45249,2023,11,19,1,3,101,20,11,0,4,2
45249,2023,11,19,1,3,101,35,2,0,2,2
45249,2023,11,19,1,2,40,15,20,0,3,1
45249,2023,11,19,1,3,101,1,11,0,4,3
45249,2023,11,19,1,3,470,65,11,1,2,2
45249,2023,11,19,1,3,364,1,11,1,4,3
45185,2023,9,16,7,3,104,80,7,0,2,2
45249,2023,11,19,1,3,101,49,20,0,1,1
45249,2023,11,19,1,3,163,67,20,0,1,1
45249,2023,11,19,1,3,163,49,20,0,1,1
45249,2023,11,19,1,3,330,49,12,1,3,2
45249,2023,11,19,1,3,364,15,20,1,1,1
45249,2023,11,19,1,3,376,67,20,0,1,1
45249,2023,11,19,1,2,40,51,21,0,1,1
45249,2023,11,19,1,3,116,67,9,1,2,2
45221,2023,10,22,1,4,280,80,7,0,3,2
45249,2023,11,19,1,3,60,1,11,1,5,2
45249,2023,11,19,1,3,50,11,20,1,2,1
45249,2023,11,19,1,3,40,83,20,0,3,1
45249,2023,11,19,1,3,277,67,12,0,4,2
45249,2023,11,19,1,3,428,16,12,1,2,2
45249,2023,11,19,1,3,262,83,20,1,1,1
45249,2023,11,19,1,3,116,11,20,0,2,1
45249,2023,11,19,1,3,104,80,7,1,3,2
45249,2023,11,19,1,3,364,4,20,0,2,1
45249,2023,11,19,1,3,116,33,11,0,2,2
45249,2023,11,19,1,3,392,67,20,0,1,1
45249,2023,11,19,1,3,40,35,2,1,2,2
45249,2023,11,19,1,4,381,76,20,0,2,1
45249,2023,11,19,1,3,60,52,12,1,2,2
45241,2023,11,11,7,4,493,81,2,1,3,2
45249,2023,11,19,1,3,316,9,1,0,2,1
45249,2023,11,19,1,4,210,80,10,0,3,2
45249,2023,11,19,1,4,262,49,4,0,1,1
45249,2023,11,19,1,3,406,1,12,0,2,2
45247,2023,11,17,6,2,101,16,11,1,2,2
45249,2023,11,19,1,3,101,49,20,0,1,1
45249,2023,11,19,1,4,393,80,7,0,3,2
45249,2023,11,19,1,4,230,9,1,0,3,1
45249,2023,11,19,1,3,80,65,20,0,4,1
45249,2023,11,19,1,4,381,49,12,0,5,3
45249,2023,11,19,1,4,116,67,3,0,1,1
45249,2023,11,19,1,4,50,67,4,0,1,1
45249,2023,11,19,1,4,116,56,3,0,3,1
45249,2023,11,19,1,4,232,11,12,0,13,2
45249,2023,11,19,1,4,101,16,12,1,2,2
45249,2023,11,19,1,4,158,11,11,0,3,2
45249,2023,11,19,1,4,116,35,2,1,2,2
45249,2023,11,19,1,4,101,11,4,1,1,1
45249,2023,11,19,1,4,101,33,11,1,2,2
45249,2023,11,19,1,4,116,83,21,0,2,1
45249,2023,11,19,1,4,277,56,4,0,1,1
45249,2023,11,19,1,4,472,82,20,0,4,1
45249,2023,11,19,1,4,472,49,7,0,4,3
45249,2023,11,19,1,4,153,67,4,0,1,1
45249,2023,11,19,1,4,470,16,12,1,5,2
45249,2023,11,19,1,4,163,52,9,0,7,3
45249,2023,11,19,1,4,20,83,20,0,1,1
45249,2023,11,19,1,4,235,12,20,0,1,1
45249,2023,11,19,1,3,290,13,20,0,2,1
45249,2023,11,19,1,4,393,49,15,1,5,4
45249,2023,11,19,1,4,101,28,21,0,1,1
45249,2023,11,19,1,4,40,67,11,0,7,2
45249,2023,11,19,1,3,153,52,11,0,6,3
45249,2023,11,19,1,4,135,67,20,0,1,1
45249,2023,11,19,1,4,104,1,21,0,2,2
45249,2023,11,19,1,4,493,67,7,1,3,2
45249,2023,11,19,1,4,116,83,20,1,1,1
45249,2023,11,19,1,4,381,49,20,0,1,1
45249,2023,11,19,1,4,280,33,11,0,3,2
45249,2023,11,19,1,3,428,16,12,1,2,2
45249,2023,11,19,1,4,116,83,4,0,4,3
45249,2023,11,19,1,4,316,4,20,0,5,1
45249,2023,11,19,1,4,70,67,12,1,4,2
45249,2023,11,19,1,4,365,67,20,0,1,1
45250,2023,11,20,2,1,277,18,20,0,1,1
45249,2023,11,19,1,3,163,67,4,1,1,1
45249,2023,11,19,1,4,116,67,12,1,2,2
45249,2023,11,19,1,4,153,1,7,1,4,2
45249,2023,11,19,1,4,70,49,9,1,3,2
45249,2023,11,19,1,4,287,49,3,0,1,1
45250,2023,11,20,2,1,290,49,3,0,1,1
45250,2023,11,20,2,1,232,80,10,0,3,3
45250,2023,11,20,2,1,369,9,1,0,1,1
45250,2023,11,20,2,1,365,83,20,0,1,1
45250,2023,11,20,2,1,365,15,20,0,10,1
45250,2023,11,20,2,1,365,67,4,0,1,1
45250,2023,11,20,2,1,40,18,20,0,2,1
45250,2023,11,20,2,1,40,9,1,1,1,1
45250,2023,11,20,2,1,60,64,20,0,2,1
45250,2023,11,20,2,1,40,13,4,0,1,1
45249,2023,11,19,1,4,101,48,2,1,2,2
45250,2023,11,20,2,1,277,49,12,0,4,2
45250,2023,11,20,2,1,101,11,7,1,2,2
45250,2023,11,20,2,1,282,67,12,1,5,2
45250,2023,11,20,2,1,262,83,3,1,3,1
45250,2023,11,20,2,2,406,16,12,0,1,1
45250,2023,11,20,2,1,101,67,4,0,1,1
45250,2023,11,20,2,2,406,67,12,1,2,2
45250,2023,11,20,2,1,116,11,4,1,2,1
45250,2023,11,20,2,2,285,1,11,0,2,2
45250,2023,11,20,2,2,101,11,12,1,3,2
45250,2023,11,20,2,2,406,67,12,0,4,2
45249,2023,11,19,1,3,316,1,11,0,2,2
45250,2023,11,20,2,2,101,52,9,1,3,2
45250,2023,11,20,2,2,101,52,9,0,2,2
45250,2023,11,20,2,2,70,78,9,1,3,2
45250,2023,11,20,2,2,101,16,12,1,3,2
45250,2023,11,20,2,2,415,20,11,0,2,2
45250,2023,11,20,2,2,20,78,12,0,3,2
45250,2023,11,20,2,2,308,1,11,1,2,2
45250,2023,11,20,2,2,381,83,2,1,2,2
45214,2023,10,15,1,3,232,1,11,0,2,2
45250,2023,11,20,2,2,277,78,9,1,5,3
45200,2023,10,1,1,2,153,13,21,0,2,1
45249,2023,11,19,1,3,163,1,11,1,5,2