id_data,ano,mes,dia,id_dia_semana,periodo,br,id_causa_acidente,id_tipo_acidente,id_uso_solo,pessoas,veiculos
45250,2023,11,20,2,2,280,1,11,1,2,2
45250,2023,11,20,2,2,116,16,12,0,2,2
45238,2023,11,8,4,2,101,82,7,0,2,2
45242,2023,11,12,1,3,101,28,21,0,2,1
45249,2023,11,19,1,4,40,67,20,0,1,1
45250,2023,11,20,2,2,376,61,2,1,2,2
45250,2023,11,20,2,2,232,82,9,1,2,2
45250,2023,11,20,2,2,101,15,12,1,2,2
45249,2023,11,19,1,4,174,12,7,0,2,2
45249,2023,11,19,1,4,364,49,3,0,3,1
45250,2023,11,20,2,2,381,5,21,0,1,1
45250,2023,11,20,2,2,423,1,10,0,3,2
45250,2023,11,20,2,2,101,11,3,0,1,1
45249,2023,11,19,1,4,308,49,7,1,2,2
45250,2023,11,20,2,2,116,15,20,0,3,1
45250,2023,11,20,2,2,40,4,7,0,7,2
45250,2023,11,20,2,2,116,64,21,1,1,1
45250,2023,11,20,2,2,50,13,20,0,1,1
45250,2023,11,20,2,2,376,67,12,0,1,1
45250,2023,11,20,2,2,262,82,10,0,3,3
45250,2023,11,20,2,2,110,80,7,0,2,2
45250,2023,11,20,2,2,70,11,20,1,2,1
45250,2023,11,20,2,2,262,1,11,1,4,2
45250,2023,11,20,2,2,101,16,12,0,4,3
45250,2023,11,20,2,2,343,52,9,0,2,2
45250,2023,11,20,2,3,101,51,21,1,1,1
45250,2023,11,20,2,2,101,11,12,0,3,2
45250,2023,11,20,2,2,324,52,4,1,1,1
45250,2023,11,20,2,2,158,52,20,0,3,1
45239,2023,11,9,5,3,40,52,11,1,2,2
45150,2023,8,12,7,2,381,83,20,1,2,2
45250,2023,11,20,2,2,262,1,11,1,3,2
45250,2023,11,20,2,3,101,13,21,1,2,1
45250,2023,11,20,2,3,251,67,20,0,1,1
45250,2023,11,20,2,3,116,18,20,0,1,1
45250,2023,11,20,2,3,343,49,11,1,2,2
45250,2023,11,20,2,3,116,1,11,1,2,2
45250,2023,11,20,2,2,101,67,4,0,4,1
45250,2023,11,20,2,3,369,16,12,1,2,2
45245,2023,11,15,4,3,163,11,3,0,1,1
45242,2023,11,12,1,4,262,11,1,1,1,1
45250,2023,11,20,2,3,174,33,11,0,4,3
45250,2023,11,20,2,2,116,67,4,0,2,1
45250,2023,11,20,2,3,101,67,20,0,2,1
45250,2023,11,20,2,2,153,67,20,0,1,1
45250,2023,11,20,2,3,101,28,18,1,1,1
45250,2023,11,20,2,3,101,16,12,0,2,2
45250,2023,11,20,2,3,20,1,11,0,2,2
45250,2023,11,20,2,3,60,52,9,0,2,2
45250,2023,11,20,2,3,40,16,9,1,3,2
45250,2023,11,20,2,3,101,11,12,0,2,2
45250,2023,11,20,2,3,116,11,12,1,2,2
45250,2023,11,20,2,3,364,28,20,0,1,1
45250,2023,11,20,2,3,101,11,12,1,2,2
45250,2023,11,20,2,3,116,52,9,1,2,2
45250,2023,11,20,2,3,364,1,9,1,2,2
45250,2023,11,20,2,3,60,33,7,1,2,2
45250,2023,11,20,2,3,376,80,11,1,2,2
45250,2023,11,20,2,3,235,16,12,0,2,2
45250,2023,11,20,2,3,116,15,4,0,3,1
45250,2023,11,20,2,3,70,11,15,1,3,3
45250,2023,11,20,2,3,20,28,12,1,5,2
45250,2023,11,20,2,3,386,67,12,1,2,2
45250,2023,11,20,2,3,153,1,11,1,2,2
45250,2023,11,20,2,2,476,83,20,1,1,1
45250,2023,11,20,2,3,116,15,3,0,1,1
45250,2023,11,20,2,3,101,78,9,1,2,2
45250,2023,11,20,2,3,101,52,9,1,2,2
45250,2023,11,20,2,3,230,35,2,1,2,2
45250,2023,11,20,2,3,282,78,9,1,3,3
45238,2023,11,8,4,2,376,67,21,1,1,1
45250,2023,11,20,2,4,222,13,21,1,3,1
45250,2023,11,20,2,3,101,83,3,0,5,1
45247,2023,11,17,6,1,163,11,18,0,1,1
45250,2023,11,20,2,3,316,67,20,1,1,1
45250,2023,11,20,2,4,277,33,11,1,2,2
45250,2023,11,20,2,4,40,11,2,0,1,1
45250,2023,11,20,2,4,101,78,9,0,2,2
45250,2023,11,20,2,4,163,1,11,0,2,2
45250,2023,11,20,2,4,262,11,4,1,3,1
45250,2023,11,20,2,4,10,1,11,0,2,2
45250,2023,11,20,2,4,163,38,21,0,2,1
45250,2023,11,20,2,2,101,22,21,0,1,1
45250,2023,11,20,2,4,101,2,12,1,3,2
45250,2023,11,20,2,4,101,67,9,0,5,2
45250,2023,11,20,2,4,40,52,4,0,5,1
45250,2023,11,20,2,3,364,1,12,1,2,2
45250,2023,11,20,2,4,101,80,10,1,2,2
45250,2023,11,20,2,4,376,80,7,0,2,2
45250,2023,11,20,2,4,116,15,9,0,2,2
45250,2023,11,20,2,4,364,13,21,0,1,1
45250,2023,11,20,2,4,285,80,7,1,2,2
45220,2023,10,21,7,1,101,80,7,0,9,3
45250,2023,11,20,2,4,153,67,12,0,3,2
45179,2023,9,10,1,4,226,12,12,0,3,2
45250,2023,11,20,2,4,369,83,20,0,1,1
45250,2023,11,20,2,4,381,83,4,0,1,1
45250,2023,11,20,2,3,393,78,21,0,1,1
45251,2023,11,21,3,1,101,67,20,0,1,1
45250,2023,11,20,2,4,101,67,12,0,4,2
45250,2023,11,20,2,2,235,12,7,0,13,4
45251,2023,11,21,3,1,290,18,4,0,2,1
45251,2023,11,21,3,1,282,11,4,1,1,1
45251,2023,11,21,3,1,40,18,3,0,2,1
45251,2023,11,21,3,1,232,9,1,1,1,1
45250,2023,11,20,2,4,40,83,12,0,2,2
45251,2023,11,21,3,1,116,80,7,0,3,3
45251,2023,11,21,3,1,101,33,11,1,2,2
45251,2023,11,21,3,1,101,11,20,0,1,1
45251,2023,11,21,3,1,101,83,20,0,1,1
45250,2023,11,20,2,2,381,4,20,0,1,1
45250,2023,11,20,2,4,116,83,4,0,2,1
45251,2023,11,21,3,1,50,18,20,0,1,1
45251,2023,11,21,3,1,470,67,20,0,1,1
45250,2023,11,20,2,4,235,9,1,0,1,1
45251,2023,11,21,3,2,230,11,9,1,4,3
45251,2023,11,21,3,1,10,83,21,1,2,1
45250,2023,11,20,2,2,324,13,21,1,2,1
45250,2023,11,20,2,4,365,13,21,0,2,1
45251,2023,11,21,3,1,116,9,1,0,3,1
45251,2023,11,21,3,2,116,52,12,0,2,2
45251,2023,11,21,3,2,40,5,12,0,4,3
45251,2023,11,21,3,1,101,83,20,0,4,1
45251,2023,11,21,3,2,343,11,11,1,2,2
45251,2023,11,21,3,2,101,13,4,0,1,1
45251,2023,11,21,3,2,235,1,11,1,2,2
45251,2023,11,21,3,2,116,81,9,0,2,2
45213,2023,10,14,7,3,316,67,4,1,1,1
45232,2023,11,2,5,3,20,64,20,0,2,1
45251,2023,11,21,3,2,116,83,12,0,3,2
45247,2023,11,17,6,3,101,35,2,1,2,2
45251,2023,11,21,3,2,116,67,9,1,2,2
45251,2023,11,21,3,2,381,16,12,1,2,2
45251,2023,11,21,3,2,319,20,12,1,2,2
45251,2023,11,21,3,2,493,11,12,0,9,2
45251,2023,11,21,3,2,101,28,18,1,4,1
45251,2023,11,21,3,2,116,11,7,1,3,3
45251,2023,11,21,3,2,116,33,11,1,2,2
45247,2023,11,17,6,4,153,67,20,0,1,1
45251,2023,11,21,3,2,116,36,12,1,2,2
45242,2023,11,12,1,1,277,49,20,0,2,2
45233,2023,11,3,6,2,330,16,15,0,6,4
45222,2023,10,23,2,2,116,80,7,1,7,3
45251,2023,11,21,3,2,101,83,4,1,1,1
45251,2023,11,21,3,2,101,4,21,1,1,1
45251,2023,11,21,3,2,10,11,12,1,2,2
45251,2023,11,21,3,2,101,83,9,1,2,2
45251,2023,11,21,3,2,262,82,20,0,4,1
45251,2023,11,21,3,3,101,16,12,0,2,2
45251,2023,11,21,3,3,101,16,12,1,2,2
45251,2023,11,21,3,2,435,7,10,0,2,2
45251,2023,11,21,3,2,116,13,4,1,2,1
45251,2023,11,21,3,2,163,67,4,0,1,1
45251,2023,11,21,3,2,429,67,20,1,1,1
45251,2023,11,21,3,2,262,1,11,1,2,2
45251,2023,11,21,3,3,386,11,20,1,2,1
45251,2023,11,21,3,2,101,67,20,0,1,1
45251,2023,11,21,3,2,116,67,12,0,3,2
45251,2023,11,21,3,3,235,1,11,0,2,2
45251,2023,11,21,3,3,376,1,11,0,2,2
45251,2023,11,21,3,2,163,72,20,0,1,1
45251,2023,11,21,3,2,230,67,15,1,5,3
45251,2023,11,21,3,3,316,1,11,1,2,2
45251,2023,11,21,3,3,290,2,11,0,2,2
45203,2023,10,4,4,2,116,15,20,0,2,1
45251,2023,11,21,3,3,101,52,9,0,2,2
45251,2023,11,21,3,3,287,11,12,0,2,2
45251,2023,11,21,3,3,116,33,21,1,1,1
45251,2023,11,21,3,3,364,11,20,0,1,1
45251,2023,11,21,3,3,101,52,9,1,2,2
45251,2023,11,21,3,3,101,49,9,1,3,3
45219,2023,10,20,6,3,381,28,4,0,2,1
45249,2023,11,19,1,4,493,80,10,1,3,2
45251,2023,11,21,3,3,101,1,11,1,3,2
45239,2023,11,9,5,3,163,81,12,0,2,2
45251,2023,11,21,3,3,242,67,20,0,1,1
45251,2023,11,21,3,3,101,83,11,0,2,2
45251,2023,11,21,3,3,153,28,4,0,1,1
45251,2023,11,21,3,3,262,4,20,0,1,1
45251,2023,11,21,3,3,280,82,9,1,2,2
45231,2023,11,1,4,4,116,9,1,0,1,1
45251,2023,11,21,3,2,156,15,20,0,2,1
45251,2023,11,21,3,3,101,1,11,1,2,2
45251,2023,11,21,3,3,381,13,20,0,1,1
45251,2023,11,21,3,3,101,1,11,0,2,2
45251,2023,11,21,3,3,116,11,12,1,2,2
45251,2023,11,21,3,3,262,1,11,0,2,2
45251,2023,11,21,3,3,116,52,12,1,2,2
45251,2023,11,21,3,3,101,67,12,1,2,2
45251,2023,11,21,3,3,235,11,7,0,2,2
45251,2023,11,21,3,3,116,49,9,0,2,2
45251,2023,11,21,3,3,423,11,12,1,2,2
45251,2023,11,21,3,3,365,67,9,1,2,2
45251,2023,11,21,3,3,369,78,9,1,6,2
45150,2023,8,12,7,1,40,67,3,0,1,1
45251,2023,11,21,3,3,101,81,12,1,2,2
45251,2023,11,21,3,3,262,11,2,0,2,2
45251,2023,11,21,3,4,324,1,2,0,2,2
45251,2023,11,21,3,3,110,16,9,1,2,2
45251,2023,11,21,3,4,406,9,1,1,1,1
45251,2023,11,21,3,3,101,61,2,0,5,2
45251,2023,11,21,3,2,470,63,20,0,1,1
45251,2023,11,21,3,4,116,33,11,1,2,2
45251,2023,11,21,3,3,135,11,20,0,1,1
45251,2023,11,21,3,4,365,11,20,0,3,1
45251,2023,11,21,3,3,381,1,9,0,2,2
45251,2023,11,21,3,3,316,33,11,0,3,2
45251,2023,11,21,3,4,50,67,4,0,2,1
45251,2023,11,21,3,4,101,20,11,1,2,2
45251,2023,11,21,3,4,101,1,11,1,4,2
45251,2023,11,21,3,4,116,18,4,1,1,1
45251,2023,11,21,3,4,116,52,9,0,2,2
45251,2023,11,21,3,4,40,29,12,1,5,4
45251,2023,11,21,3,3,381,83,21,1,1,1
45251,2023,11,21,3,4,158,11,20,0,3,2
45251,2023,11,21,3,3,174,16,9,0,1,1
45251,2023,11,21,3,4,365,35,2,1,2,2
45251,2023,11,21,3,4,101,11,20,1,1,1
45251,2023,11,21,3,4,381,48,2,1,2,2
45185,2023,9,16,7,3,364,28,9,0,1,1
45251,2023,11,21,3,4,324,2,11,1,3,2
45251,2023,11,21,3,4,101,1,11,1,2,2
45251,2023,11,21,3,4,222,16,12,1,2,2
45251,2023,11,21,3,4,448,11,4,1,1,1
45252,2023,11,22,4,1,116,9,1,1,1,1
45252,2023,11,22,4,1,282,49,7,1,3,2
45252,2023,11,22,4,1,232,16,12,0,2,2
45251,2023,11,21,3,4,101,16,12,1,2,2
45252,2023,11,22,4,1,153,18,20,0,1,1
45251,2023,11,21,3,3,40,16,12,0,2,2
45247,2023,11,17,6,2,419,5,12,0,6,2
45252,2023,11,22,4,1,101,33,11,0,5,2
45252,2023,11,22,4,1,116,13,21,0,2,1
45252,2023,11,22,4,2,70,78,9,0,3,2
45252,2023,11,22,4,2,116,11,12,1,2,2
45252,2023,11,22,4,2,116,9,12,1,2,2
45252,2023,11,22,4,2,116,11,12,1,2,2
45252,2023,11,22,4,2,277,35,2,1,2,2
45252,2023,11,22,4,2,259,1,11,1,3,2
45252,2023,11,22,4,2,116,52,9,1,4,2
45252,2023,11,22,4,2,116,6,10,1,2,2
45252,2023,11,22,4,2,381,11,20,1,1,1
45252,2023,11,22,4,2,470,2,11,0,2,2
45232,2023,11,2,5,3,232,49,10,1,2,2
45252,2023,11,22,4,2,381,11,21,1,1,1
45252,2023,11,22,4,2,324,16,12,1,3,2
45252,2023,11,22,4,2,70,11,9,0,3,3
45252,2023,11,22,4,2,407,16,12,1,2,2
45252,2023,11,22,4,2,101,16,12,0,2,2
45172,2023,9,3,1,3,277,1,11,0,3,2
45252,2023,11,22,4,2,116,78,9,1,2,2
45241,2023,11,11,7,2,343,1,11,1,2,2
45252,2023,11,22,4,2,316,52,9,1,2,2
45252,2023,11,22,4,2,414,11,12,1,2,2
45252,2023,11,22,4,2,60,18,20,0,2,1
45252,2023,11,22,4,2,343,5,21,1,1,1
45252,2023,11,22,4,2,101,11,21,1,1,1
45229,2023,10,30,2,2,262,64,20,0,2,2
45252,2023,11,22,4,2,267,1,11,0,2,2
45252,2023,11,22,4,2,262,15,7,0,2,2
45209,2023,10,10,3,2,376,1,21,1,1,1
45252,2023,11,22,4,2,319,1,11,1,2,2
45252,2023,11,22,4,2,282,16,12,0,2,2
45252,2023,11,22,4,2,406,16,12,0,3,3
45252,2023,11,22,4,3,381,11,21,0,1,1
45252,2023,11,22,4,2,480,82,9,1,2,2
45252,2023,11,22,4,2,317,80,7,0,2,2
45252,2023,11,22,4,3,10,1,11,1,3,2
45252,2023,11,22,4,2,101,11,15,1,3,3
45252,2023,11,22,4,3,222,16,15,1,3,3
45224,2023,10,25,4,2,251,16,12,0,3,2
45237,2023,11,7,3,2,376,52,9,1,2,2
45252,2023,11,22,4,3,116,11,4,1,2,1
45252,2023,11,22,4,3,101,28,21,1,1,1
45252,2023,11,22,4,3,369,82,9,1,3,2
45252,2023,11,22,4,3,40,67,12,1,2,1
45252,2023,11,22,4,3,116,11,11,1,2,2
45252,2023,11,22,4,3,101,78,9,0,2,2
45252,2023,11,22,4,3,116,78,21,1,1,1
45252,2023,11,22,4,3,101,67,3,0,4,1
45252,2023,11,22,4,3,101,15,4,0,2,1
45252,2023,11,22,4,3,116,83,20,0,2,1
45252,2023,11,22,4,2,101,52,7,0,5,3
45252,2023,11,22,4,3,101,15,21,1,1,1
45252,2023,11,22,4,3,222,1,9,1,2,2
45252,2023,11,22,4,3,381,80,7,1,2,2
45252,2023,11,22,4,3,406,67,2,1,3,2
45244,2023,11,14,3,4,163,60,2,0,2,2
45252,2023,11,22,4,3,392,52,9,0,2,2
45216,2023,10,17,3,2,101,6,21,0,1,1
45252,2023,11,22,4,3,230,1,11,0,2,2
45252,2023,11,22,4,3,470,1,11,1,2,2
45252,2023,11,22,4,3,101,78,12,1,2,2
45252,2023,11,22,4,3,60,83,20,0,1,1
45252,2023,11,22,4,3,381,66,20,0,2,1
45252,2023,11,22,4,3,116,28,3,0,2,1
45252,2023,11,22,4,3,163,4,20,0,2,1
45252,2023,11,22,4,3,116,78,9,1,6,2
45252,2023,11,22,4,3,230,67,20,1,2,2
45252,2023,11,22,4,3,369,83,4,1,1,1
45252,2023,11,22,4,3,230,16,12,1,4,3
45252,2023,11,22,4,3,20,1,2,1,2,2
45252,2023,11,22,4,4,101,52,9,1,2,2
45252,2023,11,22,4,3,50,11,20,0,1,1
45252,2023,11,22,4,4,232,10,2,1,2,2
45252,2023,11,22,4,3,230,11,21,1,1,1
45252,2023,11,22,4,4,116,82,11,1,5,3
45252,2023,11,22,4,3,101,1,11,1,2,2
45252,2023,11,22,4,4,116,11,12,0,2,2
45252,2023,11,22,4,4,155,63,4,0,2,1
45252,2023,11,22,4,4,153,33,11,1,2,2
45252,2023,11,22,4,3,470,1,12,1,2,2
45252,2023,11,22,4,3,101,67,12,0,2,2
45252,2023,11,22,4,4,116,9,1,0,2,2
45252,2023,11,22,4,4,277,33,9,1,2,2
45252,2023,11,22,4,3,364,16,12,1,2,2
45252,2023,11,22,4,4,116,15,20,0,4,1
45252,2023,11,22,4,4,40,80,7,0,6,2
45236,2023,11,6,2,2,101,16,9,1,2,2
45252,2023,11,22,4,4,251,67,4,0,1,1
45252,2023,11,22,4,4,116,67,21,0,1,1
45252,2023,11,22,4,4,153,13,21,0,2,1
45252,2023,11,22,4,4,364,33,12,1,2,2
45253,2023,11,23,5,1,40,49,20,1,1,1
45252,2023,11,22,4,3,277,11,20,0,1,1
45253,2023,11,23,5,1,376,13,21,1,1,1
45252,2023,11,22,4,4,361,49,2,0,3,2
45252,2023,11,22,4,4,364,67,20,0,1,1
45253,2023,11,23,5,1,277,1,11,1,3,2
45252,2023,11,22,4,4,135,67,12,1,2,2
45246,2023,11,16,5,2,101,5,21,1,1,1
45253,2023,11,23,5,1,20,16,12,1,5,2
45253,2023,11,23,5,1,101,28,18,1,1,1
45253,2023,11,23,5,1,101,33,11,1,2,2
45253,2023,11,23,5,2,40,16,12,0,2,2
45253,2023,11,23,5,1,158,13,20,0,2,1
45252,2023,11,22,4,4,468,80,7,0,6,2
45253,2023,11,23,5,2,381,67,2,1,2,2
45253,2023,11,23,5,2,101,52,9,1,2,2
45253,2023,11,23,5,2,230,52,12,1,3,2
45253,2023,11,23,5,2,116,52,9,0,2,2
45253,2023,11,23,5,2,235,67,12,1,3,2
45253,2023,11,23,5,2,50,28,21,0,2,1
45253,2023,11,23,5,2,40,44,4,0,1,1
45253,2023,11,23,5,2,116,18,20,0,1,1
45112,2023,7,5,4,4,116,67,21,1,1,1
45253,2023,11,23,5,2,210,16,12,0,3,2
45253,2023,11,23,5,2,467,15,2,0,2,2
45214,2023,10,15,1,1,116,67,21,0,31,1
45253,2023,11,23,5,2,230,16,12,0,2,2
45253,2023,11,23,5,2,277,67,15,1,3,3
45253,2023,11,23,5,2,116,67,21,0,1,1
45253,2023,11,23,5,2,101,16,12,0,3,2
45202,2023,10,3,3,2,40,78,12,0,4,2
45253,2023,11,23,5,2,101,33,11,0,3,2
45247,2023,11,17,6,4,163,1,9,0,2,2
45249,2023,11,19,1,3,381,83,4,0,1,1
45253,2023,11,23,5,2,230,80,7,1,3,2
45135,2023,7,28,6,4,101,28,18,1,1,1
45253,2023,11,23,5,2,60,67,20,0,1,1
45253,2023,11,23,5,2,381,6,4,0,5,1
45253,2023,11,23,5,2,222,82,7,1,6,3
45246,2023,11,16,5,3,463,1,11,0,2,2
45253,2023,11,23,5,2,101,16,12,1,2,2
45251,2023,11,21,3,2,101,67,4,0,1,1
45253,2023,11,23,5,2,376,13,3,0,2,1
45253,2023,11,23,5,2,101,67,9,1,3,2
45169,2023,8,31,5,1,101,67,20,1,2,1
45253,2023,11,23,5,2,210,82,9,1,3,3
45253,2023,11,23,5,2,230,11,9,0,2,2
45253,2023,11,23,5,2,116,1,9,1,2,2
45142,2023,8,4,6,1,174,52,11,1,3,2
45253,2023,11,23,5,3,277,67,12,1,2,2
45253,2023,11,23,5,2,135,1,11,1,3,2
45253,2023,11,23,5,3,101,52,9,1,5,4
45253,2023,11,23,5,3,116,67,12,1,3,2
45194,2023,9,25,2,1,308,52,7,0,2,2
45206,2023,10,7,7,4,116,67,7,0,5,2
45253,2023,11,23,5,3,101,78,9,1,2,2
45249,2023,11,19,1,3,110,11,20,0,2,1
45253,2023,11,23,5,3,116,28,21,0,2,1
45253,2023,11,23,5,3,262,1,11,1,3,3
45253,2023,11,23,5,2,116,28,18,1,1,1
45222,2023,10,23,2,1,101,67,4,1,1,1
45253,2023,11,23,5,2,259,16,12,0,3,3
45253,2023,11,23,5,3,153,1,11,0,5,2
45253,2023,11,23,5,3,70,15,20,0,1,1
45253,2023,11,23,5,3,277,11,20,0,3,1
45253,2023,11,23,5,3,101,60,2,1,2,2
45253,2023,11,23,5,3,116,83,4,1,2,1
45253,2023,11,23,5,3,116,28,18,0,1,1
45253,2023,11,23,5,3,232,1,7,1,2,2
45253,2023,11,23,5,3,101,52,9,1,3,2
45253,2023,11,23,5,3,407,67,12,1,2,2
45253,2023,11,23,5,3,324,78,12,1,2,2
45253,2023,11,23,5,3,226,1,11,1,2,2
45253,2023,11,23,5,3,365,11,21,0,1,1
45253,2023,11,23,5,3,110,1,9,1,2,2
45253,2023,11,23,5,3,40,52,9,0,5,3
45253,2023,11,23,5,3,282,72,12,1,2,2
45253,2023,11,23,5,3,316,61,2,1,2,2
45253,2023,11,23,5,3,101,1,9,0,2,2
45253,2023,11,23,5,3,158,82,9,0,3,2
45253,2023,11,23,5,3,290,16,12,1,2,2
45253,2023,11,23,5,3,101,28,4,0,2,1
45042,2023,4,26,4,2,116,11,12,1,2,2
45253,2023,11,23,5,3,60,11,20,0,1,1
45253,2023,11,23,5,3,101,9,1,0,2,1
45253,2023,11,23,5,3,381,66,21,0,2,1
45253,2023,11,23,5,3,163,49,4,1,1,1
45253,2023,11,23,5,3,116,33,11,1,2,2
45253,2023,11,23,5,3,262,82,20,0,2,1
45253,2023,11,23,5,4,230,11,12,1,2,2
45253,2023,11,23,5,3,376,16,12,1,3,2
45253,2023,11,23,5,3,101,16,9,0,2,2
45253,2023,11,23,5,3,101,67,9,0,3,2
45253,2023,11,23,5,3,101,11,12,0,2,2
45253,2023,11,23,5,3,101,1,11,1,2,2
45253,2023,11,23,5,3,101,28,18,0,1,1
45253,2023,11,23,5,4,230,78,12,1,3,3
45253,2023,11,23,5,3,104,20,11,0,3,2
45253,2023,11,23,5,3,393,1,11,1,3,2
45253,2023,11,23,5,3,116,82,10,1,2,2
45253,2023,11,23,5,3,364,64,21,0,1,1
45253,2023,11,23,5,4,343,16,12,1,2,2
45253,2023,11,23,5,4,116,50,11,0,2,2
45253,2023,11,23,5,3,324,52,9,1,3,2
45253,2023,11,23,5,4,280,15,21,1,2,1
45253,2023,11,23,5,3,153,67,20,0,32,1
45253,2023,11,23,5,4,116,16,9,1,2,2
45253,2023,11,23,5,4,116,67,4,1,1,1
45253,2023,11,23,5,4,324,20,7,1,2,2
45253,2023,11,23,5,4,407,82,10,0,2,1
45253,2023,11,23,5,3,235,11,12,0,3,2
45253,2023,11,23,5,4,381,35,2,1,2,2
45253,2023,11,23,5,3,407,49,7,0,2,2
45253,2023,11,23,5,4,101,13,21,1,1,1
45253,2023,11,23,5,4,40,29,21,1,2,1
45253,2023,11,23,5,4,116,11,3,0,1,1
45253,2023,11,23,5,4,116,67,11,1,2,2
45253,2023,11,23,5,4,116,11,12,1,2,2
45253,2023,11,23,5,3,104,80,7,0,2,2
45253,2023,11,23,5,4,116,11,12,0,3,3
45253,2023,11,23,5,4,467,49,3,0,1,1
45254,2023,11,24,6,1,386,11,21,0,2,1
45253,2023,11,23,5,4,364,1,12,0,3,2
45253,2023,11,23,5,4,174,80,7,0,2,2
45254,2023,11,24,6,1,487,67,20,0,2,1
45254,2023,11,24,6,1,376,11,20,0,2,1
45254,2023,11,24,6,1,116,67,4,0,2,1
45254,2023,11,24,6,1,101,18,20,0,1,1
45254,2023,11,24,6,1,230,79,2,1,4,2
45254,2023,11,24,6,2,386,16,12,1,2,2
45254,2023,11,24,6,1,101,83,4,0,4,1
45254,2023,11,24,6,1,153,11,20,0,1,1
45219,2023,10,20,6,1,282,67,12,0,4,2
45254,2023,11,24,6,2,230,11,12,1,3,2
45254,2023,11,24,6,2,60,9,21,1,1,1
45244,2023,11,14,3,2,101,20,10,0,5,2
45254,2023,11,24,6,2,116,67,12,1,2,2
45254,2023,11,24,6,2,282,16,12,1,4,4
45254,2023,11,24,6,2,364,67,2,0,3,3
45254,2023,11,24,6,2,101,16,12,1,2,2
45254,2023,11,24,6,2,262,15,20,0,1,1
45254,2023,11,24,6,2,101,16,12,0,3,2
45254,2023,11,24,6,2,158,16,15,1,3,3
45254,2023,11,24,6,2,116,33,11,1,3,2
45254,2023,11,24,6,2,277,16,12,1,2,2
45254,2023,11,24,6,2,393,1,11,1,2,2
45254,2023,11,24,6,2,116,78,12,0,2,2
45254,2023,11,24,6,2,40,64,4,0,2,1
44991,2023,3,6,2,2,10,16,12,0,2,2
45254,2023,11,24,6,2,393,52,9,0,3,3
45254,2023,11,24,6,2,116,13,21,0,2,1
45254,2023,11,24,6,2,376,15,20,0,1,1
45254,2023,11,24,6,2,408,12,12,1,2,2
45254,2023,11,24,6,2,101,28,18,0,1,1
45239,2023,11,9,5,2,174,78,9,0,2,2
45254,2023,11,24,6,2,285,61,2,1,3,2
45254,2023,11,24,6,2,324,13,21,1,2,1
45210,2023,10,11,4,3,101,20,7,0,2,2
45254,2023,11,24,6,2,101,11,12,1,2,2
45254,2023,11,24,6,2,324,67,21,0,2,1
45254,2023,11,24,6,2,316,11,12,1,2,2
45254,2023,11,24,6,3,101,11,21,1,2,2
45254,2023,11,24,6,2,40,1,11,1,4,2
45254,2023,11,24,6,3,116,52,9,1,2,2
45254,2023,11,24,6,3,376,28,20,0,2,1
45254,2023,11,24,6,2,230,67,20,0,2,1
45254,2023,11,24,6,2,480,5,21,0,2,2
45254,2023,11,24,6,2,343,11,12,0,3,3
45254,2023,11,24,6,2,116,1,2,0,21,2
45254,2023,11,24,6,2,116,67,12,1,2,2
45254,2023,11,24,6,3,101,52,9,1,3,3
45254,2023,11,24,6,2,158,13,20,0,2,1
45254,2023,11,24,6,3,70,67,20,0,5,1
45254,2023,11,24,6,2,40,82,10,1,2,2
45194,2023,9,25,2,3,40,13,21,0,2,1
45235,2023,11,5,1,2,174,80,10,0,2,2
45254,2023,11,24,6,3,230,16,15,1,6,5
45254,2023,11,24,6,3,381,16,12,1,2,2
45254,2023,11,24,6,3,101,83,21,0,1,1
45254,2023,11,24,6,3,277,16,12,0,2,2
45254,2023,11,24,6,2,116,33,11,1,2,2
45254,2023,11,24,6,3,116,67,3,0,1,1
45254,2023,11,24,6,3,101,1,9,1,3,2
45254,2023,11,24,6,3,381,83,20,0,2,1
45254,2023,11,24,6,3,101,52,9,0,2,2
45254,2023,11,24,6,3,369,1,11,1,2,2
45254,2023,11,24,6,3,470,11,11,0,2,2
45254,2023,11,24,6,3,20,78,9,1,2,2
45254,2023,11,24,6,2,101,64,3,0,2,1
45254,2023,11,24,6,3,282,20,11,0,2,2
45254,2023,11,24,6,3,343,11,12,1,2,2
45254,2023,11,24,6,3,116,16,9,0,1,1
45254,2023,11,24,6,3,101,72,12,1,2,2
45254,2023,11,24,6,3,101,52,9,1,2,2
45254,2023,11,24,6,3,232,28,4,0,2,1
45254,2023,11,24,6,3,376,78,12,1,3,2
45254,2023,11,24,6,3,163,1,11,1,3,2
45254,2023,11,24,6,3,381,4,20,0,1,1