id_data,ano,mes,dia,id_dia_semana,periodo,br,id_causa_acidente,id_tipo_acidente,id_uso_solo,pessoas,veiculos
45254,2023,11,24,6,3,381,44,15,1,5,3
45254,2023,11,24,6,3,116,67,9,1,2,2
45254,2023,11,24,6,3,116,52,12,0,2,2
45254,2023,11,24,6,3,470,16,9,0,2,2
45254,2023,11,24,6,4,116,49,12,1,3,2
45254,2023,11,24,6,3,116,1,11,1,2,2
45238,2023,11,8,4,4,277,60,2,0,6,2
45254,2023,11,24,6,4,101,16,9,1,3,2
45254,2023,11,24,6,3,222,52,7,1,2,2
45254,2023,11,24,6,3,10,16,12,1,5,3
45254,2023,11,24,6,3,116,1,11,1,3,2
45254,2023,11,24,6,3,262,1,7,1,4,2
45254,2023,11,24,6,4,101,16,9,1,2,2
45254,2023,11,24,6,3,116,35,2,1,3,2
45254,2023,11,24,6,4,410,9,1,1,1,1
45254,2023,11,24,6,3,376,52,10,0,2,2
45254,2023,11,24,6,3,448,28,18,0,1,1
45254,2023,11,24,6,3,101,67,11,1,3,3
45254,2023,11,24,6,3,262,15,20,0,1,1
45254,2023,11,24,6,3,343,1,11,1,2,2
45254,2023,11,24,6,4,316,29,7,1,2,2
45254,2023,11,24,6,3,40,52,9,1,3,2
45254,2023,11,24,6,4,10,11,2,1,2,2
45254,2023,11,24,6,3,116,78,12,1,2,2
45254,2023,11,24,6,4,50,49,4,0,1,1
45254,2023,11,24,6,4,153,82,9,1,3,2
45254,2023,11,24,6,4,101,67,12,1,2,2
45254,2023,11,24,6,3,101,67,9,0,3,3
45254,2023,11,24,6,2,319,11,20,0,1,1
45254,2023,11,24,6,4,163,33,11,0,2,2
45254,2023,11,24,6,4,101,12,9,0,3,2
45254,2023,11,24,6,4,392,9,1,0,2,1
45254,2023,11,24,6,4,408,44,12,0,2,2
45254,2023,11,24,6,4,262,11,2,0,2,2
45254,2023,11,24,6,4,101,11,12,0,1,1
45254,2023,11,24,6,4,277,67,20,0,4,1
45254,2023,11,24,6,4,262,80,7,0,2,2
45254,2023,11,24,6,3,101,11,12,0,4,3
45254,2023,11,24,6,4,116,67,4,1,3,2
45254,2023,11,24,6,4,423,48,2,0,3,2
45254,2023,11,24,6,4,470,49,12,0,2,2
45254,2023,11,24,6,4,101,78,9,0,3,3
45254,2023,11,24,6,4,493,11,20,0,1,1
45254,2023,11,24,6,4,386,18,20,0,3,1
45255,2023,11,25,7,1,116,16,12,0,3,2
45254,2023,11,24,6,4,282,49,10,0,2,2
45254,2023,11,24,6,4,153,9,1,0,3,1
45254,2023,11,24,6,4,410,11,3,0,2,1
45255,2023,11,25,7,1,230,11,4,1,1,1
45255,2023,11,25,7,1,116,28,18,0,1,1
45255,2023,11,25,7,1,101,83,12,0,6,3
45255,2023,11,25,7,1,101,61,2,0,2,2
45242,2023,11,12,1,3,101,16,15,0,4,3
45255,2023,11,25,7,1,116,67,3,0,1,1
45255,2023,11,25,7,1,135,67,9,1,3,3
45255,2023,11,25,7,1,381,11,4,0,68,2
45255,2023,11,25,7,1,262,18,20,0,2,1
45254,2023,11,24,6,4,101,11,15,1,5,4
45255,2023,11,25,7,1,158,11,12,1,2,2
45255,2023,11,25,7,1,476,67,2,1,2,2
45218,2023,10,19,5,3,101,28,18,1,1,1
45255,2023,11,25,7,1,101,83,12,1,3,2
45255,2023,11,25,7,1,101,49,4,1,1,1
45255,2023,11,25,7,1,116,82,9,1,3,2
45255,2023,11,25,7,2,50,11,20,1,1,1
45255,2023,11,25,7,2,465,11,12,1,2,2
45255,2023,11,25,7,1,465,80,7,1,2,2
45255,2023,11,25,7,1,101,67,21,0,1,1
45255,2023,11,25,7,2,282,52,9,1,4,2
45255,2023,11,25,7,1,280,18,4,1,2,1
45255,2023,11,25,7,2,116,11,21,1,1,1
45255,2023,11,25,7,2,376,11,4,0,1,1
45254,2023,11,24,6,4,163,36,12,0,3,2
45255,2023,11,25,7,1,70,83,9,0,3,2
45255,2023,11,25,7,2,101,11,12,1,2,2
45254,2023,11,24,6,4,421,60,2,0,2,2
45255,2023,11,25,7,2,381,83,20,0,1,1
45255,2023,11,25,7,2,101,67,10,0,3,2
45255,2023,11,25,7,2,101,12,11,1,2,2
45254,2023,11,24,6,3,226,52,7,0,4,2
45255,2023,11,25,7,2,116,67,3,0,5,1
45255,2023,11,25,7,2,393,28,20,0,2,1
45251,2023,11,21,3,2,163,11,4,0,1,1
45255,2023,11,25,7,2,101,11,11,1,2,2
45255,2023,11,25,7,2,381,63,4,0,1,1
45254,2023,11,24,6,4,116,6,12,1,2,2
45255,2023,11,25,7,2,101,78,9,0,2,2
45255,2023,11,25,7,2,101,1,11,0,2,2
45255,2023,11,25,7,2,146,2,11,0,3,2
45255,2023,11,25,7,2,116,1,9,1,2,2
45255,2023,11,25,7,2,222,1,11,1,3,3
45251,2023,11,21,3,3,40,52,9,0,2,1
45222,2023,10,23,2,3,470,1,11,0,3,3
45255,2023,11,25,7,2,262,80,7,1,4,3
45255,2023,11,25,7,2,262,11,12,1,2,2
45111,2023,7,4,3,4,116,11,4,0,2,1
45255,2023,11,25,7,2,232,38,21,0,1,1
45255,2023,11,25,7,2,376,51,4,1,1,1
45255,2023,11,25,7,2,101,52,9,0,2,2
45255,2023,11,25,7,2,277,61,2,1,5,4
45255,2023,11,25,7,2,290,44,21,0,1,1
45255,2023,11,25,7,2,470,20,11,1,2,2
45255,2023,11,25,7,2,381,67,4,0,1,1
45254,2023,11,24,6,4,116,9,1,0,3,1
45255,2023,11,25,7,2,470,49,11,0,2,2
45255,2023,11,25,7,3,222,1,11,0,3,2
45255,2023,11,25,7,2,110,16,12,0,6,2
45255,2023,11,25,7,3,222,1,11,1,7,2
45255,2023,11,25,7,3,116,52,12,0,3,2
45255,2023,11,25,7,3,40,1,9,1,2,2
45255,2023,11,25,7,3,101,56,4,0,1,1
45255,2023,11,25,7,3,101,83,20,0,1,1
45255,2023,11,25,7,2,101,14,4,0,2,2
45255,2023,11,25,7,3,101,78,12,0,2,2
45255,2023,11,25,7,3,343,11,4,0,1,1
45255,2023,11,25,7,3,70,49,9,1,2,2
45248,2023,11,18,7,1,163,67,3,0,1,1
45255,2023,11,25,7,2,470,11,3,0,3,1
45255,2023,11,25,7,3,282,11,9,1,4,4
45255,2023,11,25,7,3,116,67,2,1,2,2
45255,2023,11,25,7,3,104,18,10,0,3,2
45255,2023,11,25,7,3,262,72,9,0,2,2
45255,2023,11,25,7,3,101,67,11,1,2,2
45255,2023,11,25,7,3,116,1,11,1,2,2
45255,2023,11,25,7,3,101,11,20,0,1,1
45255,2023,11,25,7,3,70,67,7,0,2,2
45239,2023,11,9,5,3,174,1,11,0,4,2
45255,2023,11,25,7,3,101,67,12,1,5,2
45255,2023,11,25,7,3,230,11,20,0,1,1
45255,2023,11,25,7,3,116,1,11,1,3,2
45255,2023,11,25,7,3,376,83,20,0,1,1
45255,2023,11,25,7,3,230,11,7,1,2,2
45255,2023,11,25,7,3,262,11,12,0,3,2
45255,2023,11,25,7,3,153,11,11,1,4,2
45255,2023,11,25,7,3,470,33,11,0,3,2
45255,2023,11,25,7,3,364,67,4,1,1,1
45255,2023,11,25,7,3,407,9,1,1,1,1
45255,2023,11,25,7,3,343,49,12,0,2,2
45255,2023,11,25,7,3,381,83,21,0,1,1
45255,2023,11,25,7,3,428,9,1,1,1,1
45255,2023,11,25,7,2,420,80,10,0,2,2
45255,2023,11,25,7,3,40,83,20,0,1,1
45255,2023,11,25,7,3,101,15,20,0,2,2
45255,2023,11,25,7,3,40,67,12,0,3,3
45255,2023,11,25,7,3,101,83,12,0,2,2
45255,2023,11,25,7,3,282,78,12,0,2,2
45255,2023,11,25,7,4,116,52,9,1,2,2
45255,2023,11,25,7,3,304,1,11,1,2,2
45255,2023,11,25,7,4,40,82,2,1,4,2
45255,2023,11,25,7,3,101,78,9,0,2,2
45255,2023,11,25,7,4,101,13,21,0,1,1
45255,2023,11,25,7,3,230,21,3,0,5,1
45255,2023,11,25,7,4,101,52,21,1,2,2
45255,2023,11,25,7,3,163,67,21,0,1,1
45255,2023,11,25,7,4,153,82,7,0,4,3
45255,2023,11,25,7,4,50,49,4,0,1,1
45255,2023,11,25,7,3,423,52,7,1,2,2
45255,2023,11,25,7,3,316,81,7,1,3,2
45255,2023,11,25,7,4,116,1,11,0,5,2
45240,2023,11,10,6,3,10,52,11,0,2,2
45255,2023,11,25,7,3,349,82,7,0,3,2
45255,2023,11,25,7,4,110,80,7,1,2,2
45255,2023,11,25,7,4,304,67,12,0,3,2
45255,2023,11,25,7,3,381,67,3,0,2,1
45255,2023,11,25,7,4,369,52,9,1,2,2
45255,2023,11,25,7,3,116,16,12,1,4,2
45255,2023,11,25,7,3,101,28,21,0,2,1
45255,2023,11,25,7,4,116,67,12,0,1,1
45255,2023,11,25,7,4,470,72,12,1,2,2
45255,2023,11,25,7,4,50,67,12,0,2,2
45255,2023,11,25,7,2,365,82,21,0,4,3
45255,2023,11,25,7,3,365,64,20,0,1,1
45255,2023,11,25,7,4,116,67,21,1,2,2
45255,2023,11,25,7,4,153,63,21,0,1,1
45255,2023,11,25,7,3,364,67,11,1,2,2
45255,2023,11,25,7,4,163,28,18,0,1,1
45255,2023,11,25,7,4,116,49,20,0,4,1
45255,2023,11,25,7,4,287,33,11,0,3,2
45255,2023,11,25,7,4,376,67,4,1,2,1
45255,2023,11,25,7,4,470,61,2,1,2,2
45255,2023,11,25,7,4,470,49,3,0,1,1
45255,2023,11,25,7,2,232,67,18,0,1,1
45255,2023,11,25,7,4,262,49,12,0,3,2
45255,2023,11,25,7,4,376,67,20,1,4,1
45255,2023,11,25,7,4,277,67,20,0,1,1
45255,2023,11,25,7,4,158,51,20,0,1,1
45255,2023,11,25,7,4,10,16,12,1,3,2
45255,2023,11,25,7,4,356,83,20,0,6,1
45256,2023,11,26,1,1,381,35,2,1,2,2
45256,2023,11,26,1,1,235,46,4,0,2,2
45255,2023,11,25,7,4,40,9,1,1,1,1
45256,2023,11,26,1,1,277,67,4,0,1,1
45255,2023,11,25,7,4,476,1,11,1,2,2
45256,2023,11,26,1,1,381,67,21,0,1,1
45256,2023,11,26,1,1,230,11,15,1,4,3
45256,2023,11,26,1,1,277,11,20,1,1,1
45256,2023,11,26,1,1,101,48,12,1,2,2
45256,2023,11,26,1,1,116,11,20,0,1,1
45256,2023,11,26,1,1,50,83,20,0,1,1
45256,2023,11,26,1,1,308,49,7,0,2,2
45256,2023,11,26,1,1,104,9,1,0,2,1
45256,2023,11,26,1,1,232,80,7,0,42,2
45256,2023,11,26,1,1,376,18,20,0,2,1
45256,2023,11,26,1,1,116,11,12,1,4,2
45255,2023,11,25,7,4,40,80,7,0,9,3
45256,2023,11,26,1,1,153,49,4,1,1,1
45256,2023,11,26,1,1,174,12,12,0,2,2
45256,2023,11,26,1,1,101,16,9,0,2,2
45256,2023,11,26,1,1,277,28,18,0,1,1
45256,2023,11,26,1,1,40,49,4,0,1,1
45256,2023,11,26,1,1,386,11,4,0,1,1
45256,2023,11,26,1,1,459,49,3,0,1,1
45256,2023,11,26,1,1,116,11,12,0,4,2
45255,2023,11,25,7,4,480,11,4,1,1,1
45256,2023,11,26,1,1,101,17,11,1,2,2
45256,2023,11,26,1,1,101,49,7,0,5,2
45255,2023,11,25,7,2,116,60,2,1,2,2
45256,2023,11,26,1,2,40,18,20,1,1,1
45256,2023,11,26,1,2,50,83,4,1,2,1
45256,2023,11,26,1,2,364,11,4,0,1,1
45255,2023,11,25,7,3,116,20,11,1,2,2
45255,2023,11,25,7,4,153,49,10,0,4,2
45256,2023,11,26,1,2,116,67,4,1,1,1
45256,2023,11,26,1,2,381,18,20,0,1,1
45256,2023,11,26,1,2,376,83,4,1,4,1
45256,2023,11,26,1,1,230,11,3,0,1,1
45254,2023,11,24,6,1,50,13,20,0,1,1
45256,2023,11,26,1,2,373,7,21,1,1,1
45256,2023,11,26,1,2,116,11,21,0,1,1
45256,2023,11,26,1,2,308,67,20,1,1,1
45256,2023,11,26,1,2,408,1,11,1,3,2
45252,2023,11,22,4,2,116,82,9,0,5,2
45256,2023,11,26,1,2,116,11,20,1,1,1
45256,2023,11,26,1,2,101,11,9,0,2,2
45256,2023,11,26,1,1,163,11,20,1,1,1
45256,2023,11,26,1,2,293,18,20,0,1,1
45102,2023,6,25,1,4,343,1,11,0,2,2
45256,2023,11,26,1,2,406,83,20,0,1,1
45256,2023,11,26,1,2,70,51,20,0,2,2
45256,2023,11,26,1,2,116,83,21,0,1,1
45256,2023,11,26,1,2,101,67,20,1,5,1
45256,2023,11,26,1,2,101,44,12,0,4,3
45256,2023,11,26,1,3,101,28,18,0,1,1
45256,2023,11,26,1,2,110,67,12,1,2,2
45256,2023,11,26,1,3,381,18,20,0,2,1
45256,2023,11,26,1,3,153,4,10,0,5,2
45256,2023,11,26,1,2,376,67,9,0,4,3
45256,2023,11,26,1,3,381,11,4,1,1,1
45256,2023,11,26,1,3,230,80,7,0,5,3
45256,2023,11,26,1,2,101,82,20,0,1,1
45256,2023,11,26,1,3,356,1,11,1,2,2
45256,2023,11,26,1,3,116,11,20,0,3,1
45256,2023,11,26,1,3,153,49,20,0,1,1
45256,2023,11,26,1,3,104,1,11,1,2,2
45256,2023,11,26,1,2,174,18,20,0,2,1
45256,2023,11,26,1,3,116,16,12,1,4,2
45256,2023,11,26,1,3,163,11,21,0,1,1
45256,2023,11,26,1,3,381,1,7,0,2,2
45256,2023,11,26,1,3,20,83,12,1,4,2
45256,2023,11,26,1,3,365,16,9,1,2,2
45256,2023,11,26,1,3,101,67,21,1,1,1
45256,2023,11,26,1,3,222,49,21,1,1,1
45256,2023,11,26,1,3,116,35,2,1,2,2
45256,2023,11,26,1,3,50,13,20,0,4,1
45256,2023,11,26,1,3,232,52,3,0,1,1
45256,2023,11,26,1,3,316,2,11,0,4,2
45256,2023,11,26,1,3,262,13,20,0,1,1
45256,2023,11,26,1,3,116,80,7,1,2,2
45256,2023,11,26,1,3,369,67,21,0,1,1
45256,2023,11,26,1,3,381,49,20,0,2,1
45256,2023,11,26,1,3,153,82,7,0,3,3
45256,2023,11,26,1,3,282,67,4,1,2,1
45256,2023,11,26,1,3,230,29,4,1,2,1
45256,2023,11,26,1,3,40,78,12,1,5,2
45256,2023,11,26,1,3,101,14,14,1,2,2
45256,2023,11,26,1,3,135,52,9,1,2,2
45256,2023,11,26,1,3,116,67,20,0,1,1
45256,2023,11,26,1,2,262,49,20,1,1,1
45256,2023,11,26,1,3,381,67,20,0,4,1
45256,2023,11,26,1,3,101,52,11,1,2,2
45256,2023,11,26,1,3,116,67,20,0,2,1
45256,2023,11,26,1,3,316,49,11,1,2,2
45256,2023,11,26,1,3,163,4,20,0,5,1
45256,2023,11,26,1,3,316,82,7,0,6,2
45256,2023,11,26,1,3,116,67,20,0,3,1
45256,2023,11,26,1,4,277,16,12,0,3,2
45256,2023,11,26,1,3,222,67,12,0,2,2
45256,2023,11,26,1,4,381,63,21,1,1,1
45256,2023,11,26,1,4,146,9,1,0,2,1
45256,2023,11,26,1,4,153,42,12,0,5,2
45256,2023,11,26,1,3,70,49,7,0,2,2
45256,2023,11,26,1,3,101,82,7,0,2,2
45256,2023,11,26,1,3,316,18,21,1,1,1
45256,2023,11,26,1,4,101,80,7,0,2,2
45256,2023,11,26,1,4,163,49,21,0,1,1
45256,2023,11,26,1,4,116,11,9,0,2,2
45256,2023,11,26,1,4,101,52,10,1,2,2
45256,2023,11,26,1,4,116,11,21,0,1,1
45256,2023,11,26,1,3,101,15,20,0,1,1
45256,2023,11,26,1,4,381,11,21,0,1,1
45256,2023,11,26,1,4,407,16,12,1,2,2
45256,2023,11,26,1,4,101,44,4,0,1,1
45256,2023,11,26,1,4,277,67,20,0,1,1
45256,2023,11,26,1,4,116,81,21,0,1,1
45256,2023,11,26,1,3,424,80,7,1,2,2
45256,2023,11,26,1,4,476,17,11,1,2,2
45256,2023,11,26,1,4,354,83,20,0,3,1
45256,2023,11,26,1,3,116,82,12,1,6,5
45256,2023,11,26,1,4,116,67,20,0,1,1
45256,2023,11,26,1,3,468,49,20,0,1,1
45256,2023,11,26,1,3,80,85,2,1,2,2
45256,2023,11,26,1,3,330,83,7,0,7,2
45256,2023,11,26,1,4,471,11,20,0,1,1
45256,2023,11,26,1,4,101,11,2,1,2,2
45256,2023,11,26,1,4,467,80,7,1,2,2
45256,2023,11,26,1,4,116,7,21,1,1,1
45256,2023,11,26,1,4,262,49,12,1,5,4
45256,2023,11,26,1,4,163,9,1,0,1,1
45256,2023,11,26,1,4,60,83,20,0,1,1
45256,2023,11,26,1,4,470,1,11,0,4,2
45256,2023,11,26,1,3,365,4,20,0,2,1
45256,2023,11,26,1,4,101,80,7,0,2,2
45256,2023,11,26,1,4,116,35,2,0,2,2
45256,2023,11,26,1,4,20,67,9,1,6,2
45256,2023,11,26,1,2,282,16,12,0,2,2
45256,2023,11,26,1,4,428,17,11,1,2,2
45257,2023,11,27,2,1,116,11,12,1,2,2
45256,2023,11,26,1,4,101,49,10,0,2,2
45256,2023,11,26,1,4,349,11,4,0,1,1
45257,2023,11,27,2,1,290,49,12,1,3,2
45256,2023,11,26,1,4,210,41,20,0,2,1
45257,2023,11,27,2,1,262,11,10,1,2,2
45256,2023,11,26,1,4,135,60,2,0,2,2
45257,2023,11,27,2,1,101,5,4,0,1,1
45257,2023,11,27,2,1,40,18,4,0,1,1
45256,2023,11,26,1,3,290,49,9,0,2,2
45257,2023,11,27,2,1,343,49,21,1,1,1
45257,2023,11,27,2,1,101,11,20,0,1,1
45257,2023,11,27,2,1,116,67,12,0,3,2
45257,2023,11,27,2,2,116,67,4,0,1,1
45257,2023,11,27,2,1,135,11,12,1,2,2
45257,2023,11,27,2,1,376,11,9,0,2,2
45256,2023,11,26,1,4,116,37,10,0,6,2
45173,2023,9,4,2,2,116,52,9,1,2,2
45257,2023,11,27,2,1,287,83,1,1,1,1
45257,2023,11,27,2,2,116,67,12,1,2,2
45257,2023,11,27,2,2,116,16,9,1,3,3
45257,2023,11,27,2,2,470,20,12,1,3,2
45257,2023,11,27,2,2,116,11,2,0,2,2
45257,2023,11,27,2,2,101,78,12,0,5,2
45257,2023,11,27,2,2,116,67,12,1,2,2
45257,2023,11,27,2,1,153,18,20,0,1,1
45257,2023,11,27,2,2,381,1,9,0,3,3
45257,2023,11,27,2,1,476,83,20,0,1,1
45257,2023,11,27,2,2,40,35,2,1,2,2
45257,2023,11,27,2,2,70,52,21,0,2,2
45257,2023,11,27,2,2,280,80,10,0,5,2
45257,2023,11,27,2,2,407,82,12,1,2,1
45155,2023,8,17,5,3,376,67,12,0,1,1
45257,2023,11,27,2,2,40,78,12,1,4,3
45185,2023,9,16,7,3,267,21,3,0,2,1
45254,2023,11,24,6,2,101,16,12,1,2,2
45257,2023,11,27,2,2,153,83,20,0,5,2
45257,2023,11,27,2,2,364,11,12,0,2,2
45257,2023,11,27,2,2,116,67,20,0,1,1
45257,2023,11,27,2,2,101,72,11,0,2,2
45257,2023,11,27,2,2,101,52,12,0,2,2
45257,2023,11,27,2,2,101,80,7,0,2,2
45257,2023,11,27,2,2,158,83,20,0,1,1
45257,2023,11,27,2,2,163,11,9,0,3,2
45257,2023,11,27,2,2,101,72,11,1,2,2
45233,2023,11,3,6,3,116,16,9,0,2,2
45156,2023,8,18,6,3,101,52,9,0,3,2
45256,2023,11,26,1,4,316,9,1,0,1,1
45257,2023,11,27,2,2,343,33,11,1,2,2
45257,2023,11,27,2,2,116,33,11,1,3,2
45257,2023,11,27,2,2,222,61,2,1,2,2
45257,2023,11,27,2,2,101,67,4,1,1,1
45257,2023,11,27,2,2,381,11,12,0,5,3
45257,2023,11,27,2,2,381,82,7,0,4,2
45249,2023,11,19,1,1,163,9,1,0,3,1
45248,2023,11,18,7,2,369,11,12,1,3,2
45257,2023,11,27,2,2,230,16,12,1,4,2
45257,2023,11,27,2,2,101,11,7,0,5,2
45257,2023,11,27,2,2,101,16,12,0,2,2
45257,2023,11,27,2,2,101,13,21,1,1,1
45257,2023,11,27,2,2,364,1,11,1,2,2
45257,2023,11,27,2,3,153,11,15,1,4,3
45257,2023,11,27,2,2,153,56,20,0,2,1
45254,2023,11,24,6,2,101,5,21,1,1,1
45257,2023,11,27,2,3,285,13,20,0,3,1
45257,2023,11,27,2,2,282,83,20,0,1,1
45257,2023,11,27,2,2,101,16,15,0,3,3
45257,2023,11,27,2,2,232,67,4,0,1,1
45240,2023,11,10,6,4,40,9,1,0,1,1
45257,2023,11,27,2,3,381,15,20,0,1,1
45257,2023,11,27,2,3,163,11,4,0,1,1
45257,2023,11,27,2,3,101,67,12,0,3,2
45257,2023,11,27,2,2,435,67,9,1,2,2
45257,2023,11,27,2,3,101,15,20,0,1,1
45257,2023,11,27,2,3,316,1,11,1,3,2
45257,2023,11,27,2,3,101,33,11,1,2,2
45257,2023,11,27,2,3,116,52,4,0,2,1
45257,2023,11,27,2,3,101,16,12,0,2,2
45257,2023,11,27,2,3,153,28,18,1,1,1
45257,2023,11,27,2,3,116,1,9,1,2,2
45257,2023,11,27,2,3,277,28,18,1,1,1
45257,2023,11,27,2,3,101,52,9,0,2,2
45257,2023,11,27,2,3,116,7,21,0,2,1
45257,2023,11,27,2,3,70,16,12,1,2,2
45257,2023,11,27,2,3,155,67,20,0,1,1
45257,2023,11,27,2,3,40,28,12,1,2,2
45257,2023,11,27,2,3,235,64,21,0,4,1
45257,2023,11,27,2,3,364,72,11,0,2,2
45257,2023,11,27,2,3,376,9,1,1,1,1
45257,2023,11,27,2,3,40,1,9,0,2,2
45257,2023,11,27,2,3,277,1,11,1,2,2
45257,2023,11,27,2,3,277,67,9,1,3,2
45257,2023,11,27,2,3,40,11,20,0,2,1
45257,2023,11,27,2,3,101,11,7,0,4,2
45257,2023,11,27,2,2,101,13,21,1,2,1
45203,2023,10,4,4,1,364,11,20,0,1,1
45257,2023,11,27,2,3,116,67,12,1,3,3
45257,2023,11,27,2,3,101,16,9,1,2,2
45257,2023,11,27,2,3,324,1,9,0,3,2
45257,2023,11,27,2,3,226,16,12,1,4,2
45257,2023,11,27,2,3,116,16,12,1,3,3
45257,2023,11,27,2,3,101,67,12,1,3,3
45257,2023,11,27,2,2,116,2,7,0,2,2
45257,2023,11,27,2,4,116,67,21,0,1,1
45257,2023,11,27,2,3,308,49,10,1,2,2
45257,2023,11,27,2,3,153,67,15,1,4,3
45257,2023,11,27,2,3,101,67,12,1,4,2
45257,2023,11,27,2,4,40,35,2,0,2,2
45257,2023,11,27,2,4,324,72,7,0,3,2
45257,2023,11,27,2,4,174,11,12,0,3,2
45257,2023,11,27,2,4,369,80,7,0,4,2
45257,2023,11,27,2,4,222,49,20,0,1,1
45257,2023,11,27,2,3,116,64,20,0,3,1
45257,2023,11,27,2,3,101,67,12,0,2,2
45257,2023,11,27,2,4,280,11,12,1,2,2
45257,2023,11,27,2,3,316,4,4,0,1,1
45257,2023,11,27,2,4,101,83,20,0,1,1
45257,2023,11,27,2,4,101,80,20,0,1,1
45257,2023,11,27,2,4,230,20,11,1,2,2
45258,2023,11,28,3,1,116,15,4,0,2,1
45257,2023,11,27,2,4,317,11,12,0,2,2
45258,2023,11,28,3,1,101,15,20,0,1,1
45257,2023,11,27,2,4,222,1,9,1,2,1
45258,2023,11,28,3,1,153,9,1,0,1,1
45258,2023,11,28,3,1,369,13,12,1,3,3
45258,2023,11,28,3,1,459,18,3,0,1,1
45258,2023,11,28,3,1,101,15,4,0,1,1
45258,2023,11,28,3,1,381,11,20,0,1,1
45258,2023,11,28,3,1,277,18,20,1,2,1
45258,2023,11,28,3,1,101,18,20,0,1,1
45258,2023,11,28,3,2,116,13,21,1,1,1
45158,2023,8,20,1,2,262,82,9,0,2,2
45258,2023,11,28,3,1,262,67,3,0,1,1
45258,2023,11,28,3,2,101,38,9,1,2,2
45258,2023,11,28,3,2,381,61,2,1,2,2
45258,2023,11,28,3,2,470,1,7,1,2,2
45258,2023,11,28,3,2,70,1,11,0,4,2
45258,2023,11,28,3,2,40,1,9,0,2,2
45258,2023,11,28,3,2,116,11,9,1,2,2
45258,2023,11,28,3,2,110,55,21,1,1,1
45230,2023,10,31,3,3,116,67,4,0,2,1
45258,2023,11,28,3,2,232,67,21,1,3,2
45258,2023,11,28,3,2,448,67,12,0,3,3
45258,2023,11,28,3,2,163,1,11,1,2,2
45258,2023,11,28,3,2,116,78,12,1,2,2
45258,2023,11,28,3,2,116,67,21,1,1,1
45258,2023,11,28,3,2,116,16,12,1,5,4
45258,2023,11,28,3,2,116,52,12,1,2,2
45258,2023,11,28,3,2,116,78,12,1,3,2
45258,2023,11,28,3,2,116,1,7,1,6,2
45258,2023,11,28,3,2,222,49,12,1,2,2
45258,2023,11,28,3,2,364,72,11,0,3,2
45258,2023,11,28,3,2,101,1,9,0,4,2
45258,2023,11,28,3,2,230,52,4,1,2,2
45258,2023,11,28,3,2,230,15,20,0,1,1
45258,2023,11,28,3,2,386,67,20,0,4,1
45258,2023,11,28,3,2,101,4,20,1,1,1
45258,2023,11,28,3,2,116,16,12,1,2,2
45258,2023,11,28,3,2,101,67,12,1,2,2
45254,2023,11,24,6,3,101,1,11,1,3,2
45258,2023,11,28,3,2,101,1,11,0,2,2
45258,2023,11,28,3,2,101,28,21,0,2,1
45258,2023,11,28,3,2,60,1,11,1,2,2
45258,2023,11,28,3,2,381,44,15,1,6,6
45258,2023,11,28,3,3,101,16,12,1,2,2
45258,2023,11,28,3,2,116,11,15,1,3,3
45258,2023,11,28,3,2,101,18,3,0,1,1
45258,2023,11,28,3,2,101,12,4,1,5,3
45242,2023,11,12,1,3,476,83,9,0,7,3
45245,2023,11,15,4,2,116,1,11,0,2,2
45258,2023,11,28,3,2,290,15,3,0,2,2
45258,2023,11,28,3,3,343,33,11,1,2,2
45174,2023,9,5,3,3,493,80,7,1,2,2
45258,2023,11,28,3,3,101,61,2,1,2,2
45258,2023,11,28,3,2,101,83,20,1,2,1
45258,2023,11,28,3,2,364,1,11,1,2,2
45258,2023,11,28,3,3,280,1,9,1,2,2
45258,2023,11,28,3,2,381,67,12,0,3,2
45258,2023,11,28,3,3,381,64,20,0,2,1
45258,2023,11,28,3,3,101,1,9,1,2,2
45227,2023,10,28,7,4,242,49,7,0,2,2
45258,2023,11,28,3,3,101,85,2,1,2,2
45258,2023,11,28,3,3,40,11,20,0,2,1
45234,2023,11,4,7,4,40,67,21,1,1,1
45258,2023,11,28,3,3,343,1,11,1,2,2
45258,2023,11,28,3,3,277,82,9,1,2,2
45258,2023,11,28,3,3,364,82,11,1,2,2
45258,2023,11,28,3,3,116,11,9,0,2,2
45258,2023,11,28,3,3,470,83,20,0,1,1
45258,2023,11,28,3,3,40,28,18,1,1,1
45258,2023,11,28,3,3,116,52,9,1,2,2
45258,2023,11,28,3,3,364,13,21,1,1,1
45258,2023,11,28,3,3,222,81,4,0,1,1
45258,2023,11,28,3,3,101,78,9,1,3,3
45258,2023,11,28,3,3,230,72,11,1,2,2