id_data,ano,mes,dia,id_dia_semana,periodo,br,id_causa_acidente,id_tipo_acidente,id_uso_solo,pessoas,veiculos
45258,2023,11,28,3,3,226,83,11,1,3,2
45258,2023,11,28,3,3,60,16,12,1,2,2
45258,2023,11,28,3,3,425,1,20,1,5,2
45210,2023,10,11,4,3,110,63,21,0,1,1
45258,2023,11,28,3,3,101,11,9,1,2,2
45258,2023,11,28,3,3,376,13,4,1,1,1
45258,2023,11,28,3,3,116,52,9,1,2,2
45258,2023,11,28,3,3,116,78,12,1,3,2
45258,2023,11,28,3,4,101,1,2,0,2,2
45258,2023,11,28,3,4,448,67,4,0,2,1
45258,2023,11,28,3,4,101,49,9,1,2,2
45258,2023,11,28,3,3,470,1,11,1,3,2
45258,2023,11,28,3,4,343,35,2,1,2,2
45258,2023,11,28,3,4,414,10,2,1,2,2
45258,2023,11,28,3,4,381,82,7,1,2,2
45258,2023,11,28,3,4,116,83,7,1,2,2
45258,2023,11,28,3,4,316,35,2,1,2,2
45258,2023,11,28,3,4,242,9,1,0,1,1
45258,2023,11,28,3,4,262,1,9,1,3,3
45258,2023,11,28,3,3,163,52,9,0,3,2
45258,2023,11,28,3,4,101,16,9,1,3,3
45258,2023,11,28,3,4,116,28,18,0,1,1
45258,2023,11,28,3,4,116,67,9,1,5,2
45258,2023,11,28,3,4,230,80,7,1,2,2
45258,2023,11,28,3,4,376,13,21,0,1,1
45258,2023,11,28,3,4,287,49,9,0,6,2
45258,2023,11,28,3,4,101,1,2,1,2,2
45258,2023,11,28,3,4,110,27,12,0,2,1
45258,2023,11,28,3,3,40,18,20,0,1,1
45258,2023,11,28,3,4,470,1,7,0,2,2
45258,2023,11,28,3,4,324,18,4,1,1,1
45258,2023,11,28,3,4,495,1,11,1,2,2
45225,2023,10,26,5,2,101,67,2,1,2,2
45234,2023,11,4,7,3,277,67,20,0,1,1
45186,2023,9,17,1,4,40,9,1,0,1,1
45258,2023,11,28,3,3,367,82,20,0,1,1
45259,2023,11,29,4,1,60,67,20,0,2,1
45258,2023,11,28,3,4,70,20,20,1,2,2
45258,2023,11,28,3,3,163,67,20,0,3,1
45259,2023,11,29,4,2,50,1,11,1,2,2
45259,2023,11,29,4,2,40,11,12,1,2,2
45259,2023,11,29,4,2,116,78,9,1,2,2
45223,2023,10,24,3,3,104,80,7,0,3,3
45259,2023,11,29,4,2,324,67,9,1,2,2
45259,2023,11,29,4,2,230,11,12,1,2,2
45256,2023,11,26,1,1,293,80,7,1,2,2
45187,2023,9,18,2,3,101,67,12,0,2,2
45231,2023,11,1,4,3,428,9,1,1,1,1
45259,2023,11,29,4,2,414,67,12,0,4,3
45259,2023,11,29,4,2,101,33,11,1,2,2
45259,2023,11,29,4,2,232,21,21,1,2,1
45259,2023,11,29,4,2,393,28,20,1,1,1
45259,2023,11,29,4,2,472,52,9,0,2,2
45244,2023,11,14,3,4,376,67,12,1,2,2
45070,2023,5,24,4,1,476,83,4,1,1,1
45259,2023,11,29,4,2,324,16,12,1,2,2
45259,2023,11,29,4,2,153,67,12,1,3,2
45259,2023,11,29,4,2,230,28,21,1,1,1
45259,2023,11,29,4,2,381,67,3,1,2,2
45259,2023,11,29,4,2,101,67,12,0,3,3
45259,2023,11,29,4,1,262,9,1,0,4,1
45258,2023,11,28,3,3,153,52,4,1,2,2
45259,2023,11,29,4,2,40,11,4,0,1,1
45259,2023,11,29,4,2,381,11,21,0,2,1
45259,2023,11,29,4,2,104,67,12,1,2,2
45259,2023,11,29,4,2,163,1,11,1,2,2
45259,2023,11,29,4,2,40,83,12,1,3,2
45259,2023,11,29,4,2,381,83,20,1,3,1
45259,2023,11,29,4,2,60,28,3,0,1,1
45232,2023,11,2,5,4,319,46,20,0,2,1
45259,2023,11,29,4,2,163,11,12,1,2,2
45259,2023,11,29,4,2,230,80,10,0,2,2
45259,2023,11,29,4,2,60,28,4,0,8,3
45112,2023,7,5,4,2,40,1,2,0,2,2
45259,2023,11,29,4,2,364,1,11,1,2,2
45109,2023,7,2,1,4,251,82,3,0,3,3
45259,2023,11,29,4,3,406,1,9,1,2,2
45259,2023,11,29,4,3,116,35,2,1,2,2
45259,2023,11,29,4,2,251,11,20,0,3,1
45171,2023,9,2,7,3,493,52,7,0,3,2
45259,2023,11,29,4,3,293,3,20,0,1,1
45259,2023,11,29,4,3,101,52,9,1,4,2
45259,2023,11,29,4,3,414,2,10,1,2,2
45259,2023,11,29,4,3,101,1,9,0,2,2
45259,2023,11,29,4,3,116,78,9,1,3,2
45259,2023,11,29,4,2,319,1,11,1,3,2
45259,2023,11,29,4,2,316,33,11,1,3,2
45150,2023,8,12,7,3,101,52,9,1,3,2
45259,2023,11,29,4,3,40,80,7,1,3,2
45259,2023,11,29,4,3,135,16,12,1,2,2
45259,2023,11,29,4,3,364,67,9,1,2,2
45259,2023,11,29,4,3,230,11,12,1,2,2
45259,2023,11,29,4,3,405,67,20,0,3,2
45259,2023,11,29,4,3,116,67,12,1,2,2
45259,2023,11,29,4,3,230,11,12,1,2,2
45259,2023,11,29,4,3,101,52,9,1,2,2
45259,2023,11,29,4,3,232,11,20,0,4,1
45259,2023,11,29,4,3,116,13,21,0,2,1
45251,2023,11,21,3,3,364,29,20,0,1,1
45259,2023,11,29,4,2,381,35,2,1,2,2
45259,2023,11,29,4,3,40,67,9,1,2,2
45259,2023,11,29,4,2,116,67,21,1,2,1
45259,2023,11,29,4,3,20,28,20,1,3,2
45259,2023,11,29,4,3,163,11,21,1,1,1
45259,2023,11,29,4,3,280,28,18,0,1,1
45259,2023,11,29,4,3,50,13,3,0,1,1
45259,2023,11,29,4,3,343,2,11,1,3,2
45259,2023,11,29,4,2,381,28,18,1,1,1
45259,2023,11,29,4,3,277,82,20,0,1,1
45259,2023,11,29,4,3,472,67,10,0,2,2
45259,2023,11,29,4,2,381,83,20,0,3,1
45259,2023,11,29,4,3,40,35,2,1,3,2
45259,2023,11,29,4,3,262,67,7,0,2,2
45259,2023,11,29,4,3,116,17,11,1,5,2
45259,2023,11,29,4,3,116,11,12,1,3,3
45259,2023,11,29,4,4,101,78,9,1,2,2
45254,2023,11,24,6,1,101,28,20,0,1,1
45259,2023,11,29,4,3,448,11,21,0,1,1
45259,2023,11,29,4,4,116,80,7,0,2,2
45259,2023,11,29,4,4,381,78,12,1,3,2
45259,2023,11,29,4,3,40,1,11,1,3,2
45259,2023,11,29,4,4,116,27,2,0,2,2
45259,2023,11,29,4,3,116,28,18,0,2,1
45259,2023,11,29,4,3,40,83,12,1,2,2
45259,2023,11,29,4,4,280,80,10,1,2,2
45259,2023,11,29,4,4,290,1,11,0,3,2
45259,2023,11,29,4,3,316,52,7,1,2,2
45259,2023,11,29,4,4,285,67,11,0,3,2
45259,2023,11,29,4,3,493,82,7,1,2,2
45259,2023,11,29,4,3,412,49,7,1,2,2
45259,2023,11,29,4,3,407,28,18,0,1,1
45259,2023,11,29,4,4,60,67,11,1,3,2
45259,2023,11,29,4,4,222,1,11,1,2,2
45259,2023,11,29,4,4,101,12,20,0,5,1
45259,2023,11,29,4,4,70,83,12,0,2,2
45259,2023,11,29,4,4,101,1,11,1,2,2
45259,2023,11,29,4,4,158,33,11,1,4,2
45259,2023,11,29,4,4,40,49,20,1,1,1
45256,2023,11,26,1,2,470,11,20,0,1,1
45248,2023,11,18,7,2,317,83,20,0,1,1
45259,2023,11,29,4,4,230,9,1,0,2,2
45259,2023,11,29,4,4,285,25,12,0,2,2
45259,2023,11,29,4,4,376,60,2,1,3,2
45260,2023,11,30,5,1,280,72,11,1,5,2
45260,2023,11,30,5,1,116,11,4,1,1,1
45260,2023,11,30,5,1,376,63,21,0,1,1
45260,2023,11,30,5,1,50,28,18,1,2,1
45259,2023,11,29,4,4,463,80,7,0,3,2
45260,2023,11,30,5,1,101,11,4,1,1,1
45260,2023,11,30,5,1,476,2,2,1,2,2
45260,2023,11,30,5,2,101,80,7,1,2,2
45260,2023,11,30,5,2,40,52,9,1,2,2
45259,2023,11,29,4,3,40,64,21,1,1,1
45260,2023,11,30,5,2,116,78,12,1,2,2
45260,2023,11,30,5,2,153,67,2,1,3,2
45225,2023,10,26,5,2,110,52,11,1,3,2
45260,2023,11,30,5,2,101,16,12,1,2,2
45260,2023,11,30,5,1,316,9,1,0,1,1
45260,2023,11,30,5,2,282,16,15,0,3,3
45260,2023,11,30,5,2,277,11,12,0,2,2
45260,2023,11,30,5,2,116,61,2,1,1,1
45260,2023,11,30,5,2,116,11,12,1,2,2
45259,2023,11,29,4,4,262,28,18,1,1,1
45260,2023,11,30,5,1,476,18,3,0,2,1
45260,2023,11,30,5,2,381,11,21,1,2,1
45241,2023,11,11,7,3,280,59,9,0,2,2
45260,2023,11,30,5,2,101,1,11,1,3,2
45260,2023,11,30,5,2,101,83,12,0,3,2
45260,2023,11,30,5,2,101,11,12,1,2,2
45260,2023,11,30,5,2,174,6,21,1,1,1
45251,2023,11,21,3,2,290,11,4,1,1,1
45260,2023,11,30,5,1,316,9,1,0,1,1
45260,2023,11,30,5,2,101,81,12,0,3,3
45260,2023,11,30,5,2,414,51,3,0,2,1
45260,2023,11,30,5,2,101,16,12,1,3,2
45260,2023,11,30,5,2,101,1,11,0,2,2
45260,2023,11,30,5,2,280,52,11,1,2,2
45260,2023,11,30,5,2,153,11,4,1,1,1
45260,2023,11,30,5,2,262,1,11,0,2,2
45216,2023,10,17,3,1,465,86,20,1,1,1
45260,2023,11,30,5,2,316,1,11,0,2,2
45255,2023,11,25,7,4,282,5,21,0,2,1
45260,2023,11,30,5,2,153,80,11,0,2,2
45260,2023,11,30,5,2,50,67,12,0,2,2
45260,2023,11,30,5,2,101,1,12,1,2,2
45154,2023,8,16,4,2,381,22,21,0,1,1
45260,2023,11,30,5,2,40,44,12,1,5,2
45260,2023,11,30,5,3,40,13,20,0,1,1
45260,2023,11,30,5,2,116,67,9,0,2,2
45260,2023,11,30,5,3,116,11,9,1,3,2
45260,2023,11,30,5,3,116,67,15,1,4,3
45260,2023,11,30,5,3,226,20,11,0,6,2
45260,2023,11,30,5,3,230,67,12,1,6,2
45260,2023,11,30,5,3,116,67,20,0,1,1
45260,2023,11,30,5,3,116,52,9,1,2,2
45250,2023,11,20,2,1,101,15,3,0,2,1
45260,2023,11,30,5,3,230,14,7,0,2,2
45260,2023,11,30,5,3,10,6,14,1,2,1
45197,2023,9,28,5,2,101,61,2,1,2,2
45260,2023,11,30,5,3,116,78,12,1,2,2
45260,2023,11,30,5,3,101,16,12,1,3,3
45260,2023,11,30,5,2,324,67,3,1,5,2
45206,2023,10,7,7,2,116,52,9,1,2,2
45260,2023,11,30,5,3,316,11,12,0,2,2
45256,2023,11,26,1,1,101,11,20,1,1,1
45260,2023,11,30,5,3,101,67,20,0,3,1
45260,2023,11,30,5,3,316,67,4,1,3,3
45260,2023,11,30,5,3,60,13,4,1,1,1
45260,2023,11,30,5,2,163,35,2,0,2,2
45260,2023,11,30,5,3,153,52,20,1,4,2
45260,2023,11,30,5,2,319,11,20,0,1,1
45260,2023,11,30,5,3,116,1,11,1,3,2
45260,2023,11,30,5,3,116,20,11,1,2,2
45223,2023,10,24,3,1,116,86,2,1,2,2
45260,2023,11,30,5,3,280,28,21,0,2,1
45260,2023,11,30,5,3,376,67,12,0,2,2
45260,2023,11,30,5,3,101,52,9,1,4,3
45260,2023,11,30,5,3,116,10,2,1,2,2
45260,2023,11,30,5,3,277,80,10,1,2,2
45260,2023,11,30,5,3,116,78,9,1,3,3
45260,2023,11,30,5,3,116,1,11,1,2,2
45260,2023,11,30,5,3,282,78,12,1,2,2
45260,2023,11,30,5,3,267,1,11,0,2,2
45260,2023,11,30,5,4,101,67,21,1,2,1
45260,2023,11,30,5,3,277,11,7,0,2,2
45260,2023,11,30,5,3,392,13,20,0,4,1
45260,2023,11,30,5,2,163,11,20,0,1,1
45260,2023,11,30,5,4,116,80,7,1,2,2
45260,2023,11,30,5,3,232,82,7,0,7,2
45260,2023,11,30,5,4,101,9,1,1,1,1
45260,2023,11,30,5,3,40,1,11,1,2,2
45260,2023,11,30,5,3,116,82,7,0,3,2
45260,2023,11,30,5,4,116,52,9,1,2,2
45260,2023,11,30,5,3,50,11,12,0,4,3
45260,2023,11,30,5,3,280,1,11,0,2,2
45260,2023,11,30,5,4,232,25,12,0,2,2
45260,2023,11,30,5,4,101,83,4,0,2,1
45260,2023,11,30,5,4,277,46,2,1,2,2
45260,2023,11,30,5,4,163,1,11,1,2,2
45260,2023,11,30,5,4,101,67,21,0,1,1
45260,2023,11,30,5,4,101,73,11,1,5,2
45260,2023,11,30,5,4,101,5,21,1,1,1
45260,2023,11,30,5,4,386,5,21,1,1,1
45260,2023,11,30,5,4,101,2,11,0,2,2
45260,2023,11,30,5,4,290,11,12,0,3,3
45202,2023,10,3,3,2,402,1,11,1,2,2
45260,2023,11,30,5,4,101,67,12,1,3,2
45260,2023,11,30,5,4,10,49,7,1,4,2
45260,2023,11,30,5,4,116,80,7,1,2,2
45260,2023,11,30,5,4,40,11,4,0,1,1
45260,2023,11,30,5,4,116,83,3,1,2,1
45260,2023,11,30,5,4,101,16,12,0,2,2
45260,2023,11,30,5,4,116,16,12,0,2,2
45260,2023,11,30,5,4,174,82,7,0,8,2
45242,2023,11,12,1,1,471,18,20,0,4,2
45261,2023,12,1,6,1,381,83,4,1,1,1
45260,2023,11,30,5,3,116,11,4,1,1,1
45261,2023,12,1,6,1,101,52,11,1,2,2
45261,2023,12,1,6,1,406,9,1,0,1,1
45261,2023,12,1,6,1,101,49,21,0,2,1
45261,2023,12,1,6,1,365,18,20,0,1,1
45261,2023,12,1,6,1,40,11,4,0,2,1
45261,2023,12,1,6,1,381,49,4,0,1,1
45261,2023,12,1,6,1,101,49,7,0,2,2
45261,2023,12,1,6,1,116,11,4,1,2,1
45261,2023,12,1,6,1,153,18,20,0,1,1
45261,2023,12,1,6,1,116,83,20,0,1,1
45229,2023,10,30,2,4,101,11,9,0,3,2
45261,2023,12,1,6,1,116,28,18,0,1,1
45260,2023,11,30,5,3,369,16,12,1,2,2
45260,2023,11,30,5,4,364,28,18,0,1,1
45261,2023,12,1,6,2,428,11,11,0,3,2
45261,2023,12,1,6,2,101,1,11,1,2,2
45261,2023,12,1,6,2,156,1,11,1,2,2
45261,2023,12,1,6,2,153,52,9,0,3,2
45261,2023,12,1,6,2,101,78,11,1,5,3
45261,2023,12,1,6,2,101,67,20,0,3,2
45261,2023,12,1,6,1,230,64,4,0,2,1
45261,2023,12,1,6,2,116,11,9,1,2,2
45261,2023,12,1,6,2,277,67,9,1,2,2
45261,2023,12,1,6,2,101,33,11,1,2,2
45261,2023,12,1,6,2,343,16,12,1,2,2
45261,2023,12,1,6,2,324,16,15,1,4,4
45261,2023,12,1,6,2,101,52,9,1,2,2
45261,2023,12,1,6,2,101,28,21,1,2,1
45261,2023,12,1,6,2,70,33,11,1,2,2
45260,2023,11,30,5,2,282,16,12,0,1,1
45261,2023,12,1,6,2,101,52,9,1,2,2
45261,2023,12,1,6,2,101,52,9,1,2,2
45261,2023,12,1,6,2,282,1,11,1,3,2
45261,2023,12,1,6,2,101,16,12,0,4,2
45261,2023,12,1,6,2,40,78,9,1,3,2
45261,2023,12,1,6,2,101,11,20,0,5,1
45261,2023,12,1,6,2,101,28,15,0,5,4
45261,2023,12,1,6,2,423,11,12,0,3,3
45261,2023,12,1,6,2,116,67,4,0,2,2
45261,2023,12,1,6,2,116,11,9,0,2,2
45261,2023,12,1,6,2,381,83,3,0,1,1
45261,2023,12,1,6,2,432,52,20,0,5,1
45261,2023,12,1,6,2,407,11,12,0,3,3
45236,2023,11,6,2,2,290,5,3,0,2,1
45261,2023,12,1,6,2,235,80,11,0,2,2
45261,2023,12,1,6,2,282,52,9,1,2,2
45261,2023,12,1,6,2,262,1,11,1,2,2
45261,2023,12,1,6,2,116,11,15,1,5,4
45261,2023,12,1,6,2,282,1,11,0,5,2
45261,2023,12,1,6,2,10,1,10,1,2,2
45261,2023,12,1,6,2,235,18,20,0,2,2
45261,2023,12,1,6,3,282,78,11,1,2,2
45261,2023,12,1,6,2,393,1,11,1,3,2
45261,2023,12,1,6,3,101,11,12,1,2,2
45261,2023,12,1,6,3,116,16,12,1,2,2
45261,2023,12,1,6,2,232,1,9,0,2,2
45260,2023,11,30,5,4,316,67,4,0,1,1
45261,2023,12,1,6,3,40,28,21,0,1,1
45261,2023,12,1,6,3,101,1,11,1,2,2
45261,2023,12,1,6,3,70,1,12,1,4,2
45261,2023,12,1,6,3,470,78,10,0,2,2
45261,2023,12,1,6,2,40,11,20,0,1,1
45261,2023,12,1,6,3,232,49,20,1,1,1
45261,2023,12,1,6,2,324,16,12,1,3,2
45261,2023,12,1,6,3,116,11,12,1,3,2
45261,2023,12,1,6,3,230,11,12,1,3,2
45261,2023,12,1,6,3,20,33,11,0,5,3
45261,2023,12,1,6,3,367,29,11,1,2,2
45261,2023,12,1,6,3,230,11,21,1,2,1
45261,2023,12,1,6,3,40,16,12,1,1,1
45261,2023,12,1,6,2,472,51,20,0,1,1
45261,2023,12,1,6,3,116,28,18,0,2,1
45261,2023,12,1,6,3,101,16,9,1,2,2
45261,2023,12,1,6,3,40,11,12,1,2,2
45261,2023,12,1,6,3,60,35,2,1,3,2
45261,2023,12,1,6,3,381,18,20,0,3,1
45261,2023,12,1,6,3,116,67,12,1,2,2
45261,2023,12,1,6,3,381,52,9,1,2,2
45261,2023,12,1,6,3,232,28,4,0,1,1
45261,2023,12,1,6,3,101,33,11,0,2,2
45261,2023,12,1,6,3,381,83,4,0,1,1
45261,2023,12,1,6,3,116,67,12,1,2,2
45261,2023,12,1,6,3,282,67,12,0,2,2
45261,2023,12,1,6,3,365,11,12,0,4,2
45223,2023,10,24,3,3,376,83,9,1,9,4
45261,2023,12,1,6,3,392,28,4,0,3,3
45261,2023,12,1,6,3,470,49,12,1,2,2
45261,2023,12,1,6,3,116,78,12,1,2,2
45261,2023,12,1,6,3,381,11,12,1,2,2
45261,2023,12,1,6,3,493,16,12,0,3,2
45261,2023,12,1,6,3,116,52,9,0,2,2
45261,2023,12,1,6,3,101,78,9,0,2,2
45261,2023,12,1,6,3,470,67,12,1,3,2
45261,2023,12,1,6,3,116,67,12,1,2,2
45261,2023,12,1,6,3,428,1,11,0,2,2
45261,2023,12,1,6,3,381,63,21,0,1,1
45261,2023,12,1,6,3,376,52,9,0,2,2
45261,2023,12,1,6,3,210,9,1,1,1,1
45261,2023,12,1,6,3,101,82,9,1,2,2
45261,2023,12,1,6,4,116,67,9,1,2,2
45261,2023,12,1,6,3,470,78,11,1,3,2
45261,2023,12,1,6,3,101,16,15,1,3,3
45261,2023,12,1,6,3,230,20,12,1,3,2
45261,2023,12,1,6,3,230,11,12,0,2,2
45261,2023,12,1,6,3,470,1,12,0,2,2
45261,2023,12,1,6,3,364,1,12,1,2,2
45261,2023,12,1,6,3,101,20,11,0,2,2
45261,2023,12,1,6,3,116,67,9,0,4,2
45261,2023,12,1,6,3,282,1,11,0,2,2
45261,2023,12,1,6,4,101,11,12,0,2,2
45261,2023,12,1,6,3,20,11,15,0,5,4
45261,2023,12,1,6,4,232,16,12,1,3,2
45261,2023,12,1,6,4,40,49,15,1,7,4
45261,2023,12,1,6,4,116,56,18,0,5,1
45261,2023,12,1,6,4,116,9,1,1,1,1
45261,2023,12,1,6,4,153,11,12,0,5,2
45261,2023,12,1,6,3,262,82,9,1,2,2
45261,2023,12,1,6,3,116,1,11,0,2,2
45261,2023,12,1,6,4,116,18,12,1,2,2
45261,2023,12,1,6,3,104,81,12,0,2,2
45261,2023,12,1,6,4,369,48,2,1,2,2
45261,2023,12,1,6,4,174,11,12,0,4,2
45261,2023,12,1,6,4,316,11,12,1,3,2
45261,2023,12,1,6,4,116,11,12,0,3,2
45261,2023,12,1,6,4,101,52,9,1,2,2
45261,2023,12,1,6,4,101,11,21,0,1,1
45261,2023,12,1,6,4,163,1,11,1,5,2
45261,2023,12,1,6,4,101,82,11,1,3,2
45261,2023,12,1,6,4,116,80,7,0,2,2
45261,2023,12,1,6,3,40,67,4,0,1,1
45261,2023,12,1,6,4,369,49,20,1,1,1
45261,2023,12,1,6,3,262,12,12,0,6,2
45261,2023,12,1,6,4,267,9,1,0,1,1
45261,2023,12,1,6,4,116,52,9,0,3,3
45261,2023,12,1,6,4,60,52,12,0,3,2
45261,2023,12,1,6,4,364,33,11,1,3,2
45261,2023,12,1,6,4,408,11,18,0,1,1
45261,2023,12,1,6,4,493,20,11,0,2,2
45261,2023,12,1,6,4,282,67,20,0,1,1
45262,2023,12,2,7,1,101,49,11,1,3,2
45261,2023,12,1,6,4,232,1,11,1,2,2
45262,2023,12,2,7,1,101,9,1,1,2,1
45262,2023,12,2,7,1,316,18,4,1,1,1
45261,2023,12,1,6,4,317,63,20,0,3,1
45262,2023,12,2,7,1,101,67,20,1,1,1
45262,2023,12,2,7,1,277,67,21,1,2,1
45262,2023,12,2,7,1,116,67,12,1,3,3
45262,2023,12,2,7,1,116,9,1,0,2,1
45262,2023,12,2,7,1,465,46,2,1,2,2
45262,2023,12,2,7,1,116,67,12,1,3,2
45261,2023,12,1,6,4,116,11,21,1,2,1
45262,2023,12,2,7,1,20,67,4,0,1,1
45262,2023,12,2,7,1,116,28,21,0,1,1
45262,2023,12,2,7,1,158,11,12,1,2,2
45261,2023,12,1,6,4,116,11,4,1,1,1
45262,2023,12,2,7,1,101,67,4,0,1,1
45262,2023,12,2,7,1,470,63,21,1,1,1
45262,2023,12,2,7,1,376,11,20,1,2,1
45262,2023,12,2,7,1,101,11,20,0,1,1
45262,2023,12,2,7,1,364,67,4,0,1,1
45207,2023,10,8,1,1,116,11,9,1,7,2
45245,2023,11,15,4,4,40,11,9,1,2,2
45262,2023,12,2,7,2,40,11,12,0,2,2
45262,2023,12,2,7,1,40,11,4,1,1,1
45261,2023,12,1,6,3,116,66,20,0,1,1
45262,2023,12,2,7,1,493,18,3,0,3,1
45261,2023,12,1,6,3,376,11,20,0,1,1
45262,2023,12,2,7,2,277,13,3,0,3,1
45261,2023,12,1,6,4,316,16,7,1,1,1
45262,2023,12,2,7,2,277,18,12,0,4,2
45262,2023,12,2,7,1,40,67,3,1,1,1
45262,2023,12,2,7,2,101,5,20,0,3,1
45262,2023,12,2,7,2,135,64,21,1,3,2
45262,2023,12,2,7,2,232,81,12,0,2,2
45262,2023,12,2,7,2,116,11,12,1,2,2
45155,2023,8,17,5,2,282,67,4,0,1,1
45262,2023,12,2,7,2,465,72,11,1,2,2
45262,2023,12,2,7,2,280,1,11,0,3,2
45262,2023,12,2,7,1,135,67,20,1,4,1
45262,2023,12,2,7,2,60,1,12,1,2,2
45262,2023,12,2,7,2,230,67,11,1,2,2
45241,2023,11,11,7,2,101,82,20,0,4,1
45262,2023,12,2,7,2,101,11,20,0,1,1
45258,2023,11,28,3,3,116,72,11,1,2,2
45262,2023,12,2,7,2,230,49,21,1,1,1
45262,2023,12,2,7,2,70,11,12,1,3,3
45262,2023,12,2,7,2,116,11,2,1,3,2
45262,2023,12,2,7,2,50,11,20,0,1,1
45262,2023,12,2,7,2,369,83,20,0,2,1
45262,2023,12,2,7,2,230,49,4,0,1,1
45262,2023,12,2,7,2,316,1,9,1,2,2
45262,2023,12,2,7,2,242,83,12,0,2,2
45258,2023,11,28,3,2,101,11,12,0,3,2
45262,2023,12,2,7,2,470,67,12,1,2,2
45262,2023,12,2,7,2,222,16,12,1,4,3
45262,2023,12,2,7,2,101,82,9,1,2,2
45262,2023,12,2,7,2,116,67,12,1,5,2
45262,2023,12,2,7,2,101,16,15,0,3,3
45262,2023,12,2,7,2,101,67,9,0,2,2
45262,2023,12,2,7,2,116,67,12,1,3,2
45262,2023,12,2,7,2,393,33,11,0,2,2
45262,2023,12,2,7,2,381,67,12,0,2,2
45262,2023,12,2,7,3,381,35,2,0,3,2
45262,2023,12,2,7,2,10,80,10,0,2,2
45262,2023,12,2,7,3,153,20,9,1,3,3
45262,2023,12,2,7,3,101,11,20,0,4,1
45210,2023,10,11,4,4,493,61,2,1,2,2
45262,2023,12,2,7,2,425,1,11,1,2,2
45262,2023,12,2,7,3,101,1,12,1,6,3
45262,2023,12,2,7,3,232,52,9,1,2,2
45262,2023,12,2,7,3,101,1,11,1,3,2
45262,2023,12,2,7,3,101,16,15,1,6,6
45262,2023,12,2,7,3,277,33,11,1,2,2
45262,2023,12,2,7,3,101,51,4,1,2,2
45262,2023,12,2,7,3,210,52,9,1,2,2
45262,2023,12,2,7,3,40,52,9,1,3,2
45262,2023,12,2,7,3,101,11,20,0,1,1
45262,2023,12,2,7,3,116,72,11,1,2,2
45262,2023,12,2,7,3,262,18,20,0,2,1
45262,2023,12,2,7,3,116,13,21,1,2,1
45262,2023,12,2,7,3,414,49,20,1,3,1
45262,2023,12,2,7,3,50,18,20,0,2,1
45262,2023,12,2,7,3,101,82,9,1,2,2
45262,2023,12,2,7,3,163,11,4,1,1,1
45262,2023,12,2,7,3,101,1,11,0,2,2
45262,2023,12,2,7,2,364,60,11,1,2,2
45262,2023,12,2,7,3,304,12,3,0,1,1
45262,2023,12,2,7,3,376,67,12,0,6,2
45262,2023,12,2,7,3,364,67,21,0,1,1
45262,2023,12,2,7,3,101,16,12,0,4,2
45262,2023,12,2,7,3,10,82,7,0,3,2
45262,2023,12,2,7,3,381,11,21,1,2,1
45262,2023,12,2,7,3,101,1,11,1,2,2
45262,2023,12,2,7,3,423,1,7,0,2,2
45262,2023,12,2,7,3,101,20,9,1,2,2
45262,2023,12,2,7,3,116,67,20,1,1,1
45262,2023,12,2,7,3,280,61,2,1,2,2
45262,2023,12,2,7,3,230,1,7,1,4,3
45262,2023,12,2,7,3,153,82,20,0,4,1
45262,2023,12,2,7,3,116,52,9,1,2,2
45262,2023,12,2,7,3,116,1,11,1,2,2
45262,2023,12,2,7,3,101,11,4,1,1,1
45262,2023,12,2,7,3,277,28,21,0,2,1
45262,2023,12,2,7,3,367,1,11,0,2,2
45262,2023,12,2,7,3,153,11,3,0,3,1
45262,2023,12,2,7,3,210,80,11,1,2,2
45262,2023,12,2,7,3,116,11,21,1,1,1
45262,2023,12,2,7,3,452,28,18,0,1,1
45262,2023,12,2,7,3,343,11,4,0,1,1
45262,2023,12,2,7,2,471,20,11,1,2,2
45262,2023,12,2,7,3,277,28,18,0,4,1
45262,2023,12,2,7,3,163,1,9,1,2,2
45262,2023,12,2,7,3,50,11,20,1,1,1
45262,2023,12,2,7,3,324,16,12,0,5,3
45262,2023,12,2,7,3,116,78,12,0,4,3
45262,2023,12,2,7,3,116,49,9,1,3,2
45262,2023,12,2,7,3,101,48,2,1,2,2
45262,2023,12,2,7,3,163,1,2,1,2,2
45262,2023,12,2,7,3,101,67,20,1,1,1
45262,2023,12,2,7,4,116,11,12,1,5,2
45262,2023,12,2,7,3,343,1,12,1,2,2
45262,2023,12,2,7,4,116,20,9,0,9,2
45262,2023,12,2,7,3,369,16,12,0,2,2
45262,2023,12,2,7,4,104,80,7,0,2,2
45262,2023,12,2,7,4,101,83,12,1,4,2
45262,2023,12,2,7,3,158,11,12,0,7,3
45262,2023,12,2,7,3,324,11,4,1,2,1
45262,2023,12,2,7,2,317,11,20,0,12,5
45262,2023,12,2,7,3,153,49,20,0,1,1
45246,2023,11,16,5,2,116,20,11,1,2,2
45262,2023,12,2,7,3,282,52,7,0,3,2