id_data,ano,mes,dia,id_dia_semana,periodo,br,id_causa_acidente,id_tipo_acidente,id_uso_solo,pessoas,veiculos
45262,2023,12,2,7,3,116,49,11,1,2,2
45262,2023,12,2,7,4,222,16,15,1,4,4
45262,2023,12,2,7,4,10,11,12,0,3,3
45262,2023,12,2,7,4,101,61,2,0,3,2
45262,2023,12,2,7,4,101,16,12,1,3,2
45262,2023,12,2,7,4,101,16,12,0,3,3
45262,2023,12,2,7,4,316,9,1,0,2,1
45262,2023,12,2,7,4,116,16,12,1,3,2
45262,2023,12,2,7,4,101,16,12,1,2,2
45262,2023,12,2,7,4,101,52,9,1,3,2
45262,2023,12,2,7,4,50,49,20,0,1,1
45262,2023,12,2,7,4,316,80,7,0,2,2
45262,2023,12,2,7,4,376,49,20,1,1,1
45262,2023,12,2,7,4,116,80,7,1,5,2
45262,2023,12,2,7,4,110,67,12,0,3,2
45262,2023,12,2,7,4,324,49,21,0,1,1
45262,2023,12,2,7,4,116,82,12,1,4,3
45262,2023,12,2,7,4,101,11,21,0,1,1
45262,2023,12,2,7,4,282,33,11,1,4,2
45262,2023,12,2,7,4,101,49,20,1,1,1
45262,2023,12,2,7,4,153,83,20,1,3,1
45262,2023,12,2,7,4,116,11,12,1,2,2
45262,2023,12,2,7,4,364,60,2,0,2,2
45262,2023,12,2,7,4,101,80,7,0,2,2
45262,2023,12,2,7,4,50,11,4,0,1,1
45262,2023,12,2,7,4,232,45,18,0,1,1
45262,2023,12,2,7,4,10,20,10,1,2,2
45262,2023,12,2,7,4,101,61,2,1,3,2
45258,2023,11,28,3,4,232,49,7,1,3,2
45262,2023,12,2,7,4,376,11,20,0,2,1
45262,2023,12,2,7,4,364,67,4,1,1,1
45262,2023,12,2,7,4,174,9,1,0,1,1
45263,2023,12,3,1,1,101,49,20,0,3,1
45262,2023,12,2,7,4,277,67,20,0,1,1
45263,2023,12,3,1,1,116,11,21,1,1,1
45262,2023,12,2,7,4,282,67,4,0,1,1
45262,2023,12,2,7,3,369,11,20,0,1,1
45262,2023,12,2,7,4,287,9,1,0,5,2
45263,2023,12,3,1,1,101,83,20,0,2,1
45263,2023,12,3,1,1,376,11,11,1,7,2
45263,2023,12,3,1,1,116,11,9,1,2,2
45263,2023,12,3,1,1,414,49,9,0,5,2
45263,2023,12,3,1,1,116,67,12,1,3,2
45263,2023,12,3,1,1,364,67,20,0,1,1
45263,2023,12,3,1,1,386,49,20,1,1,1
45263,2023,12,3,1,1,101,49,20,0,1,1
45242,2023,11,12,1,3,381,67,12,0,3,2
45263,2023,12,3,1,1,262,83,10,0,3,2
45263,2023,12,3,1,1,101,28,20,1,1,1
45263,2023,12,3,1,1,393,49,7,1,2,2
45263,2023,12,3,1,1,277,82,7,0,11,3
45263,2023,12,3,1,2,20,18,3,1,1,1
45262,2023,12,2,7,3,230,11,9,0,2,2
45263,2023,12,3,1,2,392,11,20,0,1,1
45263,2023,12,3,1,1,285,49,10,0,3,2
45263,2023,12,3,1,1,101,82,7,0,4,3
45262,2023,12,2,7,4,468,11,20,1,1,1
45263,2023,12,3,1,2,40,2,2,1,2,2
45263,2023,12,3,1,2,40,16,9,1,2,2
45263,2023,12,3,1,2,101,67,3,1,1,1
45263,2023,12,3,1,1,153,18,20,0,1,1
45263,2023,12,3,1,1,304,48,4,0,2,1
45263,2023,12,3,1,2,153,83,20,0,2,1
45263,2023,12,3,1,2,20,52,9,1,3,2
45263,2023,12,3,1,1,277,80,7,0,5,3
45263,2023,12,3,1,2,376,1,11,1,2,2
45263,2023,12,3,1,2,369,11,12,0,3,2
45245,2023,11,15,4,1,101,49,3,0,2,1
45263,2023,12,3,1,2,116,67,12,1,2,2
45263,2023,12,3,1,1,101,67,7,0,2,1
45263,2023,12,3,1,2,40,83,12,0,2,2
45263,2023,12,3,1,1,361,61,2,1,2,2
45263,2023,12,3,1,2,432,52,20,0,5,1
45263,2023,12,3,1,2,116,11,20,0,2,2
45263,2023,12,3,1,2,101,52,9,1,2,2
45263,2023,12,3,1,2,101,20,11,0,2,2
45263,2023,12,3,1,2,262,80,7,1,2,2
45263,2023,12,3,1,2,40,1,12,1,2,2
45256,2023,11,26,1,3,163,11,12,0,3,2
45263,2023,12,3,1,2,116,1,11,1,3,2
45263,2023,12,3,1,2,40,9,21,0,1,1
45263,2023,12,3,1,2,116,52,9,0,5,3
45263,2023,12,3,1,2,101,33,11,0,3,2
45263,2023,12,3,1,2,40,16,12,0,9,2
45263,2023,12,3,1,2,290,83,20,0,4,1
45263,2023,12,3,1,2,470,20,11,1,2,2
45263,2023,12,3,1,2,376,1,11,0,3,2
45263,2023,12,3,1,2,277,67,21,0,2,1
45263,2023,12,3,1,2,116,67,21,0,2,1
45263,2023,12,3,1,2,381,18,20,0,3,1
45263,2023,12,3,1,2,153,1,12,1,3,2
45263,2023,12,3,1,2,290,1,11,0,4,3
45263,2023,12,3,1,2,277,1,7,0,4,3
45263,2023,12,3,1,2,116,1,11,0,2,2
45263,2023,12,3,1,2,262,51,21,0,1,1
45263,2023,12,3,1,2,259,16,12,0,2,2
45263,2023,12,3,1,2,408,18,3,0,3,1
45263,2023,12,3,1,2,40,16,15,1,5,3
45263,2023,12,3,1,1,135,11,20,0,1,1
45263,2023,12,3,1,2,373,49,20,0,1,1
45263,2023,12,3,1,2,135,3,20,0,1,1
45263,2023,12,3,1,2,135,67,3,1,2,1
45263,2023,12,3,1,3,393,82,9,0,2,1
45263,2023,12,3,1,3,376,83,4,0,2,1
45263,2023,12,3,1,3,153,28,20,0,2,1
45263,2023,12,3,1,3,232,83,12,0,4,3
45263,2023,12,3,1,2,153,67,20,0,2,1
45231,2023,11,1,4,3,324,67,9,1,2,2
45263,2023,12,3,1,2,381,16,12,0,3,3
45263,2023,12,3,1,3,259,20,9,1,2,2
45263,2023,12,3,1,3,406,28,18,1,1,1
45263,2023,12,3,1,3,101,13,21,1,1,1
45263,2023,12,3,1,3,60,28,18,0,2,1
45263,2023,12,3,1,3,101,52,9,1,3,2
45263,2023,12,3,1,3,50,67,20,0,1,1
45263,2023,12,3,1,3,101,67,12,1,2,2
45263,2023,12,3,1,3,277,67,20,0,1,1
45263,2023,12,3,1,3,101,83,12,0,5,4
45263,2023,12,3,1,3,277,1,11,0,7,2
45263,2023,12,3,1,3,393,21,21,0,2,1
45263,2023,12,3,1,3,116,83,12,1,2,2
45263,2023,12,3,1,3,101,11,21,0,2,1
45263,2023,12,3,1,3,116,83,9,1,2,2
45263,2023,12,3,1,3,277,11,21,0,1,1
45227,2023,10,28,7,4,262,80,7,1,2,2
45263,2023,12,3,1,3,101,80,11,1,2,2
45263,2023,12,3,1,3,226,49,12,0,3,2
45263,2023,12,3,1,3,101,11,12,1,4,4
45263,2023,12,3,1,3,158,64,4,1,3,2
45263,2023,12,3,1,3,116,1,11,1,3,2
45263,2023,12,3,1,3,101,35,2,0,2,2
45263,2023,12,3,1,3,277,16,12,0,2,2
45263,2023,12,3,1,3,104,67,7,0,2,2
45263,2023,12,3,1,3,324,11,9,1,2,2
45263,2023,12,3,1,3,116,49,12,1,6,2
45263,2023,12,3,1,3,153,49,20,1,1,1
45263,2023,12,3,1,3,101,2,11,0,2,2
45237,2023,11,7,3,3,324,1,12,1,2,2
45263,2023,12,3,1,3,70,1,11,0,3,2
45263,2023,12,3,1,3,230,11,12,1,4,2
45263,2023,12,3,1,3,101,11,20,0,1,1
45263,2023,12,3,1,3,232,49,11,0,2,2
45263,2023,12,3,1,3,381,28,21,0,2,1
45263,2023,12,3,1,3,381,49,9,1,2,2
45263,2023,12,3,1,3,153,11,20,0,1,1
45263,2023,12,3,1,3,116,16,15,0,5,4
45263,2023,12,3,1,3,408,2,12,1,4,2
45263,2023,12,3,1,3,230,11,20,0,1,1
45263,2023,12,3,1,4,232,11,12,1,3,2
45263,2023,12,3,1,4,381,11,12,1,2,2
45263,2023,12,3,1,4,40,49,9,0,3,2
45263,2023,12,3,1,4,101,35,2,1,2,2
45263,2023,12,3,1,3,282,15,7,0,7,2
45263,2023,12,3,1,4,364,67,12,1,2,2
45263,2023,12,3,1,4,60,1,12,1,5,2
45263,2023,12,3,1,3,101,17,7,0,2,2
45263,2023,12,3,1,4,116,11,20,0,2,1
45263,2023,12,3,1,4,101,67,12,0,7,3
45263,2023,12,3,1,3,282,15,3,0,1,1
45263,2023,12,3,1,4,116,1,9,1,5,2
45263,2023,12,3,1,4,364,67,20,0,1,1
45263,2023,12,3,1,4,364,35,2,1,2,2
45263,2023,12,3,1,4,262,11,4,0,2,1
45263,2023,12,3,1,4,465,20,11,0,6,2
45263,2023,12,3,1,4,381,51,4,1,2,1
45263,2023,12,3,1,4,116,67,21,0,2,1
45263,2023,12,3,1,3,373,21,11,0,4,2
45263,2023,12,3,1,4,116,80,20,1,1,1
45263,2023,12,3,1,3,381,60,2,0,4,2
45263,2023,12,3,1,4,373,1,11,0,3,2
45263,2023,12,3,1,4,163,11,20,1,1,1
45263,2023,12,3,1,4,376,2,9,1,6,2
45263,2023,12,3,1,4,393,16,12,1,3,2
45263,2023,12,3,1,4,40,67,12,1,5,2
45263,2023,12,3,1,4,316,46,12,0,2,2
45263,2023,12,3,1,4,116,67,20,0,2,1
45263,2023,12,3,1,4,163,1,11,1,2,2
45263,2023,12,3,1,4,116,67,4,0,4,1
45264,2023,12,4,2,1,386,1,11,0,4,2
45263,2023,12,3,1,4,163,1,11,1,2,2
45264,2023,12,4,2,1,40,85,10,0,2,2
45263,2023,12,3,1,4,376,11,20,0,1,1
45264,2023,12,4,2,1,116,11,20,1,2,1
45264,2023,12,4,2,1,116,18,3,0,1,1
45264,2023,12,4,2,1,101,67,4,0,1,1
45263,2023,12,3,1,4,316,11,21,0,1,1
45264,2023,12,4,2,1,277,11,4,1,2,1
45263,2023,12,3,1,4,116,11,10,0,2,2
45263,2023,12,3,1,4,230,67,12,0,3,2
45264,2023,12,4,2,1,376,49,20,1,1,1
45264,2023,12,4,2,1,282,28,20,0,1,1
45264,2023,12,4,2,1,101,18,4,1,2,1
45264,2023,12,4,2,2,101,20,2,1,2,2
45263,2023,12,3,1,4,280,83,7,0,6,2
45264,2023,12,4,2,1,262,82,7,0,3,2
45264,2023,12,4,2,1,101,11,20,0,1,1
45264,2023,12,4,2,1,316,49,20,0,1,1
45264,2023,12,4,2,1,101,16,21,1,1,1
45264,2023,12,4,2,2,50,67,20,0,2,1
45264,2023,12,4,2,2,116,81,14,0,2,2
45264,2023,12,4,2,2,381,11,9,1,3,2
45264,2023,12,4,2,2,324,51,12,1,6,3
45264,2023,12,4,2,1,163,83,12,1,3,2
45264,2023,12,4,2,2,277,5,4,0,2,1
45264,2023,12,4,2,2,324,16,12,0,5,5
45264,2023,12,4,2,2,101,78,9,1,3,3
45264,2023,12,4,2,2,101,78,11,1,2,2
45264,2023,12,4,2,2,101,16,9,0,2,2
45264,2023,12,4,2,2,101,67,20,0,4,1
45264,2023,12,4,2,2,282,67,9,1,2,2
45264,2023,12,4,2,2,101,67,12,1,2,2
45264,2023,12,4,2,2,116,11,12,1,2,2
45264,2023,12,4,2,2,423,1,11,1,2,2
45264,2023,12,4,2,2,376,83,4,1,1,1
45264,2023,12,4,2,2,40,78,9,0,2,2
45260,2023,11,30,5,1,282,83,20,0,1,1
45264,2023,12,4,2,2,381,16,15,1,3,3
45264,2023,12,4,2,2,230,16,12,1,3,2
45264,2023,12,4,2,2,153,4,20,0,4,1
45264,2023,12,4,2,2,153,18,20,0,2,1
45236,2023,11,6,2,2,277,18,12,1,3,3
45264,2023,12,4,2,2,277,67,15,0,13,6
45208,2023,10,9,2,3,101,16,15,1,3,3
45264,2023,12,4,2,2,101,78,9,0,4,2
45264,2023,12,4,2,2,316,16,15,1,6,5
45264,2023,12,4,2,2,470,35,2,1,2,2
45264,2023,12,4,2,2,262,83,20,0,1,1
45264,2023,12,4,2,1,364,67,4,1,2,1
45263,2023,12,3,1,4,116,67,4,0,1,1
45264,2023,12,4,2,2,101,16,12,0,2,2
45264,2023,12,4,2,2,40,11,21,1,1,1
45264,2023,12,4,2,2,277,16,12,0,2,2
45220,2023,10,21,7,3,364,52,9,1,2,2
45264,2023,12,4,2,1,101,11,20,0,1,1
45264,2023,12,4,2,2,277,13,20,0,2,1
45264,2023,12,4,2,2,393,82,9,1,2,2
45264,2023,12,4,2,2,101,1,11,0,5,2
45217,2023,10,18,4,2,376,1,2,0,2,2
45264,2023,12,4,2,2,40,52,9,0,3,2
45207,2023,10,8,1,3,343,49,12,1,2,2
45264,2023,12,4,2,2,40,52,12,0,3,2
45264,2023,12,4,2,2,101,1,11,1,2,2
45264,2023,12,4,2,2,290,18,2,0,3,3
45264,2023,12,4,2,2,226,16,12,0,2,2
45264,2023,12,4,2,2,364,33,11,0,3,3
45176,2023,9,7,5,3,101,4,3,1,2,1
45264,2023,12,4,2,2,101,11,15,1,3,3
45264,2023,12,4,2,2,50,83,21,1,2,1
45264,2023,12,4,2,2,116,67,9,1,2,2
45264,2023,12,4,2,2,381,83,20,0,1,1
45264,2023,12,4,2,2,116,11,12,0,2,2
45264,2023,12,4,2,2,470,11,9,1,2,2
45264,2023,12,4,2,2,469,2,11,1,3,3
45264,2023,12,4,2,3,381,11,15,1,5,5
45264,2023,12,4,2,2,459,4,3,0,3,2
45264,2023,12,4,2,2,163,1,9,1,2,2
45224,2023,10,25,4,2,40,67,21,1,1,1
45264,2023,12,4,2,3,369,1,11,1,4,2
45264,2023,12,4,2,3,101,11,12,0,4,2
45264,2023,12,4,2,3,101,52,9,1,2,2
45264,2023,12,4,2,2,364,1,12,1,2,2
45264,2023,12,4,2,3,40,1,11,0,4,2
45241,2023,11,11,7,1,232,11,12,0,3,2
45264,2023,12,4,2,3,381,83,20,0,1,1
45264,2023,12,4,2,3,414,10,2,1,2,2
45264,2023,12,4,2,3,20,83,20,0,4,1
45264,2023,12,4,2,3,101,28,20,0,1,1
45264,2023,12,4,2,3,493,28,18,1,1,1
45264,2023,12,4,2,3,101,67,9,1,3,2
45262,2023,12,2,7,3,135,13,20,0,1,1
45264,2023,12,4,2,3,101,82,9,1,3,2
45264,2023,12,4,2,3,50,33,11,1,4,2
45264,2023,12,4,2,3,364,52,9,1,3,2
45264,2023,12,4,2,3,376,67,4,0,2,1
45264,2023,12,4,2,3,116,38,2,1,4,4
45264,2023,12,4,2,3,101,52,9,1,2,2
45264,2023,12,4,2,3,101,52,9,1,3,2
45264,2023,12,4,2,3,376,35,2,1,2,2
45264,2023,12,4,2,3,235,52,12,1,2,2
45264,2023,12,4,2,3,381,11,20,0,2,1
45264,2023,12,4,2,3,163,15,3,0,2,1
45264,2023,12,4,2,3,210,83,20,0,4,1
45264,2023,12,4,2,3,163,11,15,0,5,3
45264,2023,12,4,2,3,116,1,11,1,2,2
45264,2023,12,4,2,2,230,48,2,1,2,2
45264,2023,12,4,2,3,101,67,11,1,3,2
45264,2023,12,4,2,3,116,11,12,0,2,2
45264,2023,12,4,2,3,116,11,21,1,1,1
45264,2023,12,4,2,3,40,61,2,1,2,2
45264,2023,12,4,2,3,280,20,11,1,3,2
45264,2023,12,4,2,3,101,52,11,1,2,2
45264,2023,12,4,2,3,50,28,18,0,1,1
45264,2023,12,4,2,3,365,83,12,1,2,2
45264,2023,12,4,2,3,232,44,12,1,4,3
45244,2023,11,14,3,4,324,67,12,0,2,2
45264,2023,12,4,2,3,40,67,9,0,2,2
45264,2023,12,4,2,3,116,33,9,0,2,2
45264,2023,12,4,2,3,356,80,11,1,4,2
45263,2023,12,3,1,4,153,67,20,0,2,1
45264,2023,12,4,2,3,407,33,11,0,2,2
45263,2023,12,3,1,4,262,49,20,0,1,1
45260,2023,11,30,5,4,101,1,21,0,2,1
45264,2023,12,4,2,3,104,1,11,0,3,2
45264,2023,12,4,2,4,381,56,21,1,1,1
45264,2023,12,4,2,3,262,11,9,1,3,2
45264,2023,12,4,2,4,222,18,20,0,1,1
45264,2023,12,4,2,4,101,52,9,1,4,3
45264,2023,12,4,2,4,101,67,9,1,3,2
45264,2023,12,4,2,4,101,1,2,1,2,2
45185,2023,9,16,7,2,230,49,11,1,2,2
45264,2023,12,4,2,4,116,67,12,1,2,2
45204,2023,10,5,5,2,101,67,2,1,2,2
45264,2023,12,4,2,4,101,67,4,0,2,1
45264,2023,12,4,2,4,116,11,2,0,2,2
45264,2023,12,4,2,4,101,1,9,0,4,2
45264,2023,12,4,2,3,40,4,21,0,1,1
45264,2023,12,4,2,4,324,20,11,1,2,2
45264,2023,12,4,2,4,373,11,3,1,2,2
45264,2023,12,4,2,3,465,52,9,1,2,2
45264,2023,12,4,2,4,163,56,4,0,4,1
45264,2023,12,4,2,4,418,52,12,1,2,2
45264,2023,12,4,2,4,101,67,20,0,2,1
45264,2023,12,4,2,3,476,83,20,0,2,1
45264,2023,12,4,2,4,101,80,7,0,4,2
45264,2023,12,4,2,4,116,11,4,1,1,1
45265,2023,12,5,3,1,163,11,21,0,1,1
45265,2023,12,5,3,1,116,67,2,0,3,2
45265,2023,12,5,3,1,101,83,4,1,2,1
45190,2023,9,21,5,2,316,11,12,0,2,2
45265,2023,12,5,3,1,101,64,21,1,1,1
45265,2023,12,5,3,1,242,52,7,0,22,2
45265,2023,12,5,3,2,101,52,12,1,2,2
45265,2023,12,5,3,1,40,18,20,0,1,1
45265,2023,12,5,3,2,153,80,7,1,2,2
45265,2023,12,5,3,2,459,83,20,0,1,1
45265,2023,12,5,3,2,232,67,12,0,3,3
45265,2023,12,5,3,2,20,11,12,0,4,3
45264,2023,12,4,2,4,428,9,1,0,2,1
45240,2023,11,10,6,3,470,60,2,1,2,2
45265,2023,12,5,3,2,40,52,9,0,4,2
45265,2023,12,5,3,2,210,20,11,1,3,2
45265,2023,12,5,3,2,116,52,9,1,2,2
45264,2023,12,4,2,3,282,1,11,1,3,2
45265,2023,12,5,3,2,101,83,20,0,3,1
45265,2023,12,5,3,1,163,11,3,0,1,1
45265,2023,12,5,3,2,101,1,11,0,4,3
45265,2023,12,5,3,2,116,11,12,1,2,2
45265,2023,12,5,3,2,101,52,9,1,2,2
45234,2023,11,4,7,3,376,1,9,1,2,2
45265,2023,12,5,3,2,101,11,12,1,3,3
45265,2023,12,5,3,2,101,16,12,1,2,2
45265,2023,12,5,3,2,381,11,12,1,2,2
45265,2023,12,5,3,2,381,52,9,1,2,2
45204,2023,10,5,5,3,304,56,4,1,3,2
45265,2023,12,5,3,2,364,52,9,0,2,2
45046,2023,4,30,1,1,70,49,20,0,3,1
45265,2023,12,5,3,2,101,16,12,1,2,2
45238,2023,11,8,4,4,470,82,21,0,2,2
45265,2023,12,5,3,2,262,61,2,1,4,2
45261,2023,12,1,6,4,70,15,20,0,5,1
45265,2023,12,5,3,2,459,1,9,0,2,2
45265,2023,12,5,3,2,381,16,12,0,4,2
45265,2023,12,5,3,2,381,11,12,1,1,1
45265,2023,12,5,3,2,381,11,12,0,6,2
45265,2023,12,5,3,2,40,67,12,1,2,2
45265,2023,12,5,3,2,101,16,12,0,2,2
45144,2023,8,6,1,3,230,28,18,0,4,2
45265,2023,12,5,3,2,272,33,11,0,3,2
45265,2023,12,5,3,2,324,16,12,1,2,2
45265,2023,12,5,3,2,163,11,20,0,1,1
45265,2023,12,5,3,2,369,72,9,1,2,2
45265,2023,12,5,3,2,153,9,4,1,1,1
45265,2023,12,5,3,2,356,16,12,1,3,2
45265,2023,12,5,3,3,116,78,9,1,2,2
45265,2023,12,5,3,3,153,18,3,0,1,1
45246,2023,11,16,5,1,174,11,20,0,5,1
45265,2023,12,5,3,3,101,49,11,0,3,3
45265,2023,12,5,3,3,116,67,12,1,3,2
45265,2023,12,5,3,2,101,85,2,0,2,2
45265,2023,12,5,3,2,101,11,9,0,3,2
45265,2023,12,5,3,2,364,20,11,0,3,2
45265,2023,12,5,3,2,101,67,9,1,3,2
45265,2023,12,5,3,3,393,16,12,1,3,2
45265,2023,12,5,3,2,480,11,7,1,5,4
45265,2023,12,5,3,3,101,11,12,0,3,2
45265,2023,12,5,3,2,242,82,20,0,4,1
45265,2023,12,5,3,2,101,80,12,0,2,2
45265,2023,12,5,3,3,101,11,11,1,3,2
45265,2023,12,5,3,3,116,20,11,1,2,2
45258,2023,11,28,3,4,262,56,4,0,3,1
45265,2023,12,5,3,3,381,83,20,0,4,1
45265,2023,12,5,3,3,60,4,4,0,1,1
45265,2023,12,5,3,3,365,28,18,0,1,1
45265,2023,12,5,3,3,101,64,21,1,1,1
45265,2023,12,5,3,3,116,11,9,1,2,2
45265,2023,12,5,3,2,381,80,7,0,3,2
45265,2023,12,5,3,3,476,1,9,0,2,2
45265,2023,12,5,3,3,101,11,20,0,2,1
45265,2023,12,5,3,3,476,16,12,0,6,2
45265,2023,12,5,3,3,116,1,11,0,2,2
45265,2023,12,5,3,3,101,78,12,1,2,2
45265,2023,12,5,3,3,369,83,20,0,1,1
45265,2023,12,5,3,3,365,83,4,1,1,1
45265,2023,12,5,3,3,116,1,11,0,2,2
45265,2023,12,5,3,3,116,28,21,1,1,1
45265,2023,12,5,3,3,116,16,12,1,2,2
45265,2023,12,5,3,3,282,16,12,0,4,3
45265,2023,12,5,3,3,153,11,20,0,5,1
45265,2023,12,5,3,3,381,4,20,0,2,1
45265,2023,12,5,3,3,381,16,12,1,2,2
45265,2023,12,5,3,3,153,16,12,1,3,2
45265,2023,12,5,3,3,471,1,11,1,2,2
45265,2023,12,5,3,2,135,82,7,1,7,2
45265,2023,12,5,3,3,101,1,9,1,2,2
45265,2023,12,5,3,3,116,2,11,1,4,2
45265,2023,12,5,3,3,277,4,4,0,3,1
45265,2023,12,5,3,3,110,33,11,1,2,2
45230,2023,10,31,3,1,280,67,11,0,1,1
45265,2023,12,5,3,3,277,15,4,0,1,1
45265,2023,12,5,3,3,232,67,10,1,2,2
45265,2023,12,5,3,3,116,44,21,1,1,1
45265,2023,12,5,3,2,343,11,20,0,2,1
45265,2023,12,5,3,3,365,28,18,1,3,1
45265,2023,12,5,3,4,470,11,21,1,1,1
45265,2023,12,5,3,4,50,52,9,1,2,2
45265,2023,12,5,3,4,393,1,11,1,4,2
45265,2023,12,5,3,4,116,14,12,1,4,4
45265,2023,12,5,3,3,251,67,20,0,1,1
45265,2023,12,5,3,2,40,67,21,0,1,1
45265,2023,12,5,3,1,116,28,18,0,1,1
45260,2023,11,30,5,3,101,17,11,1,2,2
45265,2023,12,5,3,4,316,80,7,1,2,2
45265,2023,12,5,3,4,101,16,12,1,2,2
45265,2023,12,5,3,3,343,52,11,1,2,2
45265,2023,12,5,3,4,226,49,12,0,2,2
45265,2023,12,5,3,4,262,11,21,1,1,1
45265,2023,12,5,3,4,101,67,21,0,1,1
45265,2023,12,5,3,4,153,49,12,1,3,2
45265,2023,12,5,3,4,262,5,21,1,2,2
45265,2023,12,5,3,4,277,1,2,1,2,2
45265,2023,12,5,3,4,110,33,11,1,2,2
45265,2023,12,5,3,3,116,52,9,1,2,2
45265,2023,12,5,3,3,262,38,11,0,2,2
45265,2023,12,5,3,4,163,83,20,0,1,1
45265,2023,12,5,3,4,210,49,10,1,3,2
45265,2023,12,5,3,4,153,61,2,0,3,2
45265,2023,12,5,3,4,392,49,20,0,2,1
45265,2023,12,5,3,4,116,16,12,1,2,2
45265,2023,12,5,3,4,116,49,12,1,2,2
45265,2023,12,5,3,4,316,51,20,0,1,1
45266,2023,12,6,4,1,101,67,12,0,2,2
45266,2023,12,6,4,1,40,2,7,0,2,2
45266,2023,12,6,4,1,267,80,7,0,2,2
45266,2023,12,6,4,1,153,11,20,1,1,1
45266,2023,12,6,4,1,116,60,2,0,3,2
45266,2023,12,6,4,1,40,11,21,1,2,2
45265,2023,12,5,3,3,116,18,20,0,1,1
45266,2023,12,6,4,2,470,11,9,1,2,2
45266,2023,12,6,4,2,101,11,12,1,3,2
45266,2023,12,6,4,2,116,83,12,0,2,2
45265,2023,12,5,3,3,174,25,2,0,6,2
45266,2023,12,6,4,2,381,1,11,0,2,2
45265,2023,12,5,3,4,222,49,21,0,4,2
45266,2023,12,6,4,2,116,78,9,1,2,2
45266,2023,12,6,4,2,40,81,21,1,2,2
45266,2023,12,6,4,2,381,44,12,1,2,2
45266,2023,12,6,4,2,282,52,9,1,2,2
45266,2023,12,6,4,2,280,44,9,1,2,2
45266,2023,12,6,4,2,472,83,20,0,2,1
45266,2023,12,6,4,2,116,1,11,1,3,2
45266,2023,12,6,4,2,40,11,12,1,5,5
45266,2023,12,6,4,2,277,1,12,1,2,2
45266,2023,12,6,4,2,470,52,9,1,3,3
45266,2023,12,6,4,2,40,20,11,0,2,2
45186,2023,9,17,1,3,101,83,20,0,1,1
45266,2023,12,6,4,2,381,11,20,0,2,1
45266,2023,12,6,4,2,135,67,9,1,2,2
45266,2023,12,6,4,2,116,1,2,1,2,2
45260,2023,11,30,5,2,230,52,7,1,2,2
45266,2023,12,6,4,2,324,28,12,1,3,2
45209,2023,10,10,3,4,101,16,12,1,2,2
45266,2023,12,6,4,2,381,28,18,1,2,1
45209,2023,10,10,3,2,101,16,12,1,3,2
45266,2023,12,6,4,2,316,52,9,1,2,2
45201,2023,10,2,2,2,101,66,20,0,5,1
45266,2023,12,6,4,2,356,20,11,1,2,2
45266,2023,12,6,4,2,282,67,4,1,2,1
45222,2023,10,23,2,2,262,67,20,0,1,1
45266,2023,12,6,4,1,470,28,18,0,1,1
45266,2023,12,6,4,2,40,81,2,0,3,2
45266,2023,12,6,4,2,392,83,20,0,1,1
45266,2023,12,6,4,2,153,11,12,1,3,2
45142,2023,8,4,6,3,222,80,7,1,4,3
45266,2023,12,6,4,2,101,33,11,1,3,2
45266,2023,12,6,4,2,101,1,7,0,3,3
45266,2023,12,6,4,2,116,67,12,1,2,2
45266,2023,12,6,4,2,116,11,15,1,4,3
45266,2023,12,6,4,2,163,1,9,0,7,3
45266,2023,12,6,4,2,70,67,3,0,1,1
45266,2023,12,6,4,2,101,52,9,1,2,2
45266,2023,12,6,4,2,226,80,7,1,2,2
45266,2023,12,6,4,2,101,14,20,0,3,1
45266,2023,12,6,4,2,381,83,20,0,1,1
45266,2023,12,6,4,2,101,67,21,0,1,1
45266,2023,12,6,4,2,459,82,9,0,2,2
45266,2023,12,6,4,2,40,67,21,1,1,1
45266,2023,12,6,4,2,116,67,12,0,2,2
45262,2023,12,2,7,2,232,5,4,0,2,1
45266,2023,12,6,4,3,20,11,11,0,6,2
45266,2023,12,6,4,3,364,33,11,1,3,2
45266,2023,12,6,4,3,470,1,11,0,2,2
45266,2023,12,6,4,3,402,16,12,1,3,3
45266,2023,12,6,4,3,116,11,12,1,2,2
45266,2023,12,6,4,3,101,52,9,1,4,3
45266,2023,12,6,4,3,40,11,20,0,1,1
45266,2023,12,6,4,2,158,67,3,0,2,1
45266,2023,12,6,4,3,364,67,20,0,1,1
44970,2023,2,13,2,2,20,67,12,0,5,2
45266,2023,12,6,4,3,101,16,9,1,2,2
45266,2023,12,6,4,3,101,1,11,0,2,2
45266,2023,12,6,4,2,364,67,4,1,1,1
45266,2023,12,6,4,3,60,11,20,0,2,1
45262,2023,12,2,7,4,493,11,20,1,1,1
45266,2023,12,6,4,3,101,16,15,1,5,5
45266,2023,12,6,4,3,101,83,12,0,2,2
45266,2023,12,6,4,3,40,67,12,1,4,2
45266,2023,12,6,4,3,101,11,12,0,2,2
45266,2023,12,6,4,3,101,11,12,0,7,2
45266,2023,12,6,4,3,280,33,11,1,2,2
45250,2023,11,20,2,2,381,28,18,0,1,1
45266,2023,12,6,4,3,465,11,12,1,3,2
45266,2023,12,6,4,3,101,11,21,1,1,1
45266,2023,12,6,4,3,364,49,20,0,1,1