id_data,ano,mes,dia,id_dia_semana,periodo,br,id_causa_acidente,id_tipo_acidente,id_uso_solo,pessoas,veiculos
45266,2023,12,6,4,3,101,67,12,1,2,2
45266,2023,12,6,4,3,470,11,7,0,3,2
45266,2023,12,6,4,3,376,51,12,1,2,2
45266,2023,12,6,4,3,277,52,9,1,3,2
45266,2023,12,6,4,3,470,1,11,0,2,2
45266,2023,12,6,4,3,280,1,11,1,3,3
45266,2023,12,6,4,3,40,52,12,1,2,2
45266,2023,12,6,4,3,235,11,2,0,2,2
45266,2023,12,6,4,3,101,81,9,1,2,2
45266,2023,12,6,4,3,101,13,20,0,1,1
45266,2023,12,6,4,3,235,11,2,1,2,2
45266,2023,12,6,4,2,158,67,4,0,2,1
45266,2023,12,6,4,3,319,16,12,1,3,2
45266,2023,12,6,4,3,116,67,20,0,3,1
45266,2023,12,6,4,3,70,11,9,1,3,2
45266,2023,12,6,4,4,324,28,21,0,1,1
45266,2023,12,6,4,3,277,33,9,1,2,2
45266,2023,12,6,4,3,116,13,20,1,1,1
45266,2023,12,6,4,4,381,35,2,1,3,2
45266,2023,12,6,4,4,153,9,1,1,3,1
45266,2023,12,6,4,4,381,67,4,1,1,1
45266,2023,12,6,4,4,101,1,11,1,2,2
45266,2023,12,6,4,3,381,49,20,0,1,1
45266,2023,12,6,4,4,101,60,2,0,2,2
45266,2023,12,6,4,4,101,16,9,1,3,3
45266,2023,12,6,4,4,116,61,2,0,3,3
45266,2023,12,6,4,4,101,67,12,0,4,2
45266,2023,12,6,4,4,232,1,11,1,3,3
45266,2023,12,6,4,3,277,56,4,0,2,1
45266,2023,12,6,4,4,40,35,2,0,2,2
45266,2023,12,6,4,3,163,1,11,1,2,2
45266,2023,12,6,4,4,369,49,4,1,1,1
45266,2023,12,6,4,3,343,11,12,0,2,2
45266,2023,12,6,4,4,406,9,1,0,2,1
45266,2023,12,6,4,4,277,52,12,1,4,3
45266,2023,12,6,4,4,470,80,7,1,2,2
45266,2023,12,6,4,4,116,11,4,1,1,1
45267,2023,12,7,5,1,101,49,21,1,1,1
45266,2023,12,6,4,4,163,36,9,1,5,4
45266,2023,12,6,4,4,101,67,7,1,2,2
45266,2023,12,6,4,4,135,1,11,1,4,2
45266,2023,12,6,4,4,163,9,1,0,3,2
45267,2023,12,7,5,1,365,49,20,0,1,1
45266,2023,12,6,4,4,101,61,2,0,5,2
45267,2023,12,7,5,1,232,11,20,0,3,1
45267,2023,12,7,5,1,116,60,2,1,2,2
45267,2023,12,7,5,1,40,56,4,1,2,1
45267,2023,12,7,5,1,222,52,7,0,2,2
45266,2023,12,6,4,3,116,67,21,0,1,1
45267,2023,12,7,5,1,282,67,20,1,2,1
45267,2023,12,7,5,2,232,67,12,1,2,2
45267,2023,12,7,5,2,101,67,12,1,3,2
45267,2023,12,7,5,2,376,2,9,0,2,2
45267,2023,12,7,5,2,116,76,4,1,2,1
45267,2023,12,7,5,2,116,67,12,0,3,2
45267,2023,12,7,5,2,116,34,4,0,2,2
45267,2023,12,7,5,2,101,1,9,1,2,2
45267,2023,12,7,5,2,116,1,11,1,2,2
45262,2023,12,2,7,3,282,1,12,1,3,2
45267,2023,12,7,5,2,40,67,4,0,1,1
45241,2023,11,11,7,2,230,18,20,0,1,1
45267,2023,12,7,5,2,262,1,11,1,2,2
45267,2023,12,7,5,2,163,33,11,1,2,2
45267,2023,12,7,5,2,116,1,11,1,2,2
45267,2023,12,7,5,2,101,72,11,0,7,2
45267,2023,12,7,5,2,116,1,12,0,2,2
45267,2023,12,7,5,2,465,80,7,0,2,2
45267,2023,12,7,5,2,381,67,9,1,3,3
45267,2023,12,7,5,2,101,16,9,0,2,2
45267,2023,12,7,5,2,364,16,12,1,2,2
45267,2023,12,7,5,2,290,11,12,0,3,2
45267,2023,12,7,5,2,101,16,12,1,2,2
45267,2023,12,7,5,2,376,52,20,0,1,1
45267,2023,12,7,5,2,282,1,7,1,2,2
45267,2023,12,7,5,2,101,81,9,0,2,2
45259,2023,11,29,4,4,116,67,12,1,2,2
45194,2023,9,25,2,3,282,83,20,0,1,1
45267,2023,12,7,5,2,222,11,11,1,2,2
45236,2023,11,6,2,2,116,52,9,0,2,2
45267,2023,12,7,5,2,470,16,12,0,2,2
45260,2023,11,30,5,2,116,78,9,0,2,2
45267,2023,12,7,5,2,101,11,12,1,2,2
45267,2023,12,7,5,2,116,78,9,1,2,2
45267,2023,12,7,5,2,381,56,20,1,8,1
45267,2023,12,7,5,2,101,67,12,0,4,3
45267,2023,12,7,5,2,287,49,12,1,2,2
45267,2023,12,7,5,2,153,16,15,1,4,4
45267,2023,12,7,5,2,101,78,9,1,2,2
45267,2023,12,7,5,2,40,11,12,1,3,2
45267,2023,12,7,5,2,101,11,10,0,2,2
45267,2023,12,7,5,2,101,67,12,1,4,2
45267,2023,12,7,5,2,230,64,3,0,2,1
45267,2023,12,7,5,2,470,15,20,1,1,1
45267,2023,12,7,5,3,60,83,3,1,1,1
45267,2023,12,7,5,3,476,1,11,0,2,2
45267,2023,12,7,5,3,101,49,12,0,5,2
45267,2023,12,7,5,2,101,82,9,1,3,3
45267,2023,12,7,5,3,40,2,11,0,3,2
45267,2023,12,7,5,2,232,63,20,1,1,1
45267,2023,12,7,5,3,135,6,20,0,1,1
45267,2023,12,7,5,3,470,1,9,1,4,2
45267,2023,12,7,5,3,101,33,11,1,2,2
45267,2023,12,7,5,2,319,17,11,0,2,2
45267,2023,12,7,5,2,285,1,9,1,2,2
45267,2023,12,7,5,3,101,80,10,1,4,2
45243,2023,11,13,2,3,364,1,9,0,2,2
45267,2023,12,7,5,3,174,79,11,1,3,2
45267,2023,12,7,5,3,101,67,21,0,1,1
45267,2023,12,7,5,3,40,72,11,1,3,2
45267,2023,12,7,5,3,101,11,15,1,3,3
45267,2023,12,7,5,3,70,18,11,1,2,2
45267,2023,12,7,5,3,381,67,20,0,2,1
45267,2023,12,7,5,3,101,18,4,0,1,1
45267,2023,12,7,5,3,101,66,4,0,2,1
45267,2023,12,7,5,3,40,11,12,0,3,3
45267,2023,12,7,5,3,230,11,21,0,1,1
45267,2023,12,7,5,3,116,11,20,0,2,1
45267,2023,12,7,5,3,319,17,11,1,2,2
45267,2023,12,7,5,3,381,81,7,0,3,2
45267,2023,12,7,5,3,60,67,10,1,2,1
45267,2023,12,7,5,3,116,16,21,1,2,2
45267,2023,12,7,5,3,364,1,9,1,2,2
45040,2023,4,24,2,1,381,49,4,1,3,2
45267,2023,12,7,5,3,101,52,9,1,4,2
45267,2023,12,7,5,3,293,1,11,1,2,2
45267,2023,12,7,5,3,110,35,2,0,2,2
45267,2023,12,7,5,3,393,16,9,1,2,2
45267,2023,12,7,5,3,101,33,11,1,2,2
45267,2023,12,7,5,3,343,1,12,0,3,2
45267,2023,12,7,5,3,316,1,9,0,2,2
45267,2023,12,7,5,3,116,20,11,1,3,2
45267,2023,12,7,5,2,428,1,10,1,2,2
45267,2023,12,7,5,3,232,80,7,0,2,2
45267,2023,12,7,5,3,116,11,12,1,5,4
45267,2023,12,7,5,4,153,11,9,1,3,3
45267,2023,12,7,5,3,116,67,20,0,1,1
45267,2023,12,7,5,4,381,72,11,0,2,2
45243,2023,11,13,2,3,101,78,9,0,3,2
45267,2023,12,7,5,4,40,52,21,1,1,1
45267,2023,12,7,5,4,101,1,11,1,3,2
45267,2023,12,7,5,3,230,9,1,1,3,2
45267,2023,12,7,5,4,101,1,11,1,2,2
45267,2023,12,7,5,4,163,11,20,0,1,1
45267,2023,12,7,5,3,282,11,4,1,1,1
45267,2023,12,7,5,3,401,25,12,0,3,2
45267,2023,12,7,5,4,116,11,21,1,1,1
45255,2023,11,25,7,3,242,16,9,0,6,3
45267,2023,12,7,5,4,153,1,11,1,2,2
45267,2023,12,7,5,3,101,28,18,1,1,1
45267,2023,12,7,5,4,101,9,1,0,1,1
45267,2023,12,7,5,2,101,64,7,0,6,2
45267,2023,12,7,5,2,116,81,9,1,2,2
45267,2023,12,7,5,4,101,49,12,1,2,2
45267,2023,12,7,5,4,232,12,20,0,1,1
45267,2023,12,7,5,4,470,11,11,0,2,2
45267,2023,12,7,5,4,116,33,11,0,2,2
45267,2023,12,7,5,4,116,1,11,1,3,2
45267,2023,12,7,5,4,493,11,12,1,2,2
45267,2023,12,7,5,4,101,1,9,1,2,2
45267,2023,12,7,5,4,116,9,1,0,2,1
45267,2023,12,7,5,3,364,52,9,1,4,2
45267,2023,12,7,5,4,153,80,7,0,3,2
45267,2023,12,7,5,4,40,67,7,1,3,1
45267,2023,12,7,5,4,101,67,12,1,3,2
45267,2023,12,7,5,4,163,49,11,1,2,2
45267,2023,12,7,5,4,470,67,10,0,2,2
45267,2023,12,7,5,4,476,11,20,0,4,1
45267,2023,12,7,5,4,158,67,20,0,1,1
45267,2023,12,7,5,4,101,44,21,1,1,1
45267,2023,12,7,5,3,369,15,20,0,1,1
45268,2023,12,8,6,1,101,60,2,1,2,2
45268,2023,12,8,6,1,101,11,20,1,1,1
45267,2023,12,7,5,3,101,67,9,0,2,2
45267,2023,12,7,5,4,365,11,20,0,1,1
45268,2023,12,8,6,1,116,11,4,0,1,1
45267,2023,12,7,5,4,262,67,21,0,1,1
45268,2023,12,8,6,1,116,60,2,0,2,2
45268,2023,12,8,6,1,60,49,4,0,1,1
45268,2023,12,8,6,1,116,36,12,1,2,2
45267,2023,12,7,5,3,20,60,2,0,2,2
45267,2023,12,7,5,4,251,9,1,0,1,1
45268,2023,12,8,6,2,101,67,7,0,2,2
45267,2023,12,7,5,4,163,9,1,0,1,1
45268,2023,12,8,6,2,101,16,15,0,4,3
45268,2023,12,8,6,2,386,1,11,1,2,2
45268,2023,12,8,6,2,230,11,9,1,2,2
45268,2023,12,8,6,2,381,83,21,0,2,1
45268,2023,12,8,6,2,20,52,9,1,3,2
45268,2023,12,8,6,2,116,16,12,1,2,2
45268,2023,12,8,6,2,60,1,9,0,2,2
45268,2023,12,8,6,2,369,83,20,0,1,1
45268,2023,12,8,6,2,116,67,12,1,2,2
45267,2023,12,7,5,4,163,9,1,0,1,1
45268,2023,12,8,6,2,163,1,9,0,5,2
45268,2023,12,8,6,2,428,1,11,0,2,2
45248,2023,11,18,7,2,101,52,9,1,2,2
45268,2023,12,8,6,2,70,52,12,1,3,2
45268,2023,12,8,6,2,153,1,11,1,2,2
45268,2023,12,8,6,2,232,67,20,0,1,1
45268,2023,12,8,6,2,319,83,11,0,2,2
45268,2023,12,8,6,2,101,16,12,1,3,2
45264,2023,12,4,2,4,373,9,1,0,1,1
45268,2023,12,8,6,2,101,11,11,1,2,2
45268,2023,12,8,6,2,290,11,12,1,2,2
45268,2023,12,8,6,2,381,1,20,0,4,1
45268,2023,12,8,6,2,101,44,21,1,1,1
45268,2023,12,8,6,2,101,78,9,1,2,2
45268,2023,12,8,6,2,468,33,11,0,3,3
45268,2023,12,8,6,2,101,1,11,1,2,2
45208,2023,10,9,2,2,10,1,9,0,3,2
45264,2023,12,4,2,2,116,44,21,0,1,1
45268,2023,12,8,6,2,110,16,12,0,2,2
45268,2023,12,8,6,2,40,11,12,0,5,3
45228,2023,10,29,1,4,101,15,12,1,3,2
45268,2023,12,8,6,2,50,11,12,0,3,3
45268,2023,12,8,6,2,480,33,11,0,2,2
45180,2023,9,11,2,3,101,11,4,1,2,1
45220,2023,10,21,7,2,101,11,4,1,5,1
45268,2023,12,8,6,2,101,1,12,0,4,2
45268,2023,12,8,6,2,277,1,11,1,4,2
45268,2023,12,8,6,2,116,80,4,0,2,2
45268,2023,12,8,6,2,101,67,12,0,3,2
45268,2023,12,8,6,2,116,51,4,1,1,1
45268,2023,12,8,6,2,101,14,3,0,2,1
45268,2023,12,8,6,2,101,1,9,1,2,2
45268,2023,12,8,6,2,470,67,15,1,5,3
45268,2023,12,8,6,2,101,1,11,1,2,2
45268,2023,12,8,6,2,40,16,9,0,2,2
45255,2023,11,25,7,2,116,67,12,0,2,2
45224,2023,10,25,4,3,40,67,12,0,2,1
45268,2023,12,8,6,3,116,33,11,1,2,2
45268,2023,12,8,6,3,381,67,4,0,1,1
45252,2023,11,22,4,3,470,1,11,1,2,2
45268,2023,12,8,6,3,304,3,21,1,1,1
45268,2023,12,8,6,3,101,16,12,0,2,2
45268,2023,12,8,6,3,153,11,20,0,2,1
45268,2023,12,8,6,2,365,11,20,0,1,1
45268,2023,12,8,6,3,110,11,9,0,2,2
45268,2023,12,8,6,3,316,67,20,0,2,1
45268,2023,12,8,6,3,101,1,9,1,2,2
45245,2023,11,15,4,4,277,60,2,0,3,2
45268,2023,12,8,6,2,476,82,9,1,1,1
45268,2023,12,8,6,3,116,64,3,1,4,1
45268,2023,12,8,6,3,324,18,3,0,1,1
45268,2023,12,8,6,3,40,18,20,0,2,1
45268,2023,12,8,6,3,101,18,20,0,3,1
45268,2023,12,8,6,3,432,11,20,0,2,1
45268,2023,12,8,6,3,104,83,20,0,5,2
45267,2023,12,7,5,4,40,1,9,1,3,2
45268,2023,12,8,6,3,381,11,20,1,1,1
45268,2023,12,8,6,3,470,67,12,1,3,2
45268,2023,12,8,6,3,116,35,2,1,2,2
45268,2023,12,8,6,3,381,16,12,1,3,2
45268,2023,12,8,6,3,101,11,9,0,2,2
45268,2023,12,8,6,3,101,16,12,1,3,3
45268,2023,12,8,6,2,101,52,12,0,2,2
45268,2023,12,8,6,3,101,11,12,0,2,2
45268,2023,12,8,6,3,101,83,12,0,3,2
45268,2023,12,8,6,3,116,11,3,0,1,1
45268,2023,12,8,6,3,285,1,11,1,5,2
45268,2023,12,8,6,3,101,67,15,1,3,3
45268,2023,12,8,6,3,381,16,12,1,3,2
45268,2023,12,8,6,3,153,5,20,0,4,1
45268,2023,12,8,6,3,226,11,21,0,1,1
45268,2023,12,8,6,3,101,11,12,0,3,2
45228,2023,10,29,1,1,116,11,12,1,3,3
45268,2023,12,8,6,3,376,33,2,1,3,2
45268,2023,12,8,6,3,101,28,18,0,1,1
45268,2023,12,8,6,3,153,67,21,0,1,1
45268,2023,12,8,6,2,40,52,9,1,3,2
45268,2023,12,8,6,3,369,50,11,1,2,2
45268,2023,12,8,6,3,163,82,20,0,1,1
45268,2023,12,8,6,3,290,16,12,0,2,2
45268,2023,12,8,6,3,101,67,12,1,2,2
45268,2023,12,8,6,3,116,67,4,0,1,1
45268,2023,12,8,6,3,277,16,15,0,4,4
45268,2023,12,8,6,3,70,67,12,0,2,2
45268,2023,12,8,6,3,116,67,3,0,1,1
45268,2023,12,8,6,3,163,20,7,0,4,2
45268,2023,12,8,6,4,101,81,9,0,2,2
45268,2023,12,8,6,4,116,20,11,0,2,2
45268,2023,12,8,6,3,381,51,20,1,2,2
45268,2023,12,8,6,3,40,18,3,0,1,1
45236,2023,11,6,2,3,116,11,12,0,3,2
45255,2023,11,25,7,3,116,86,2,0,2,2
45268,2023,12,8,6,2,365,83,7,1,1,1
45268,2023,12,8,6,4,381,83,3,0,1,1
45268,2023,12,8,6,4,101,16,12,0,4,2
45268,2023,12,8,6,4,369,67,12,0,6,2
45268,2023,12,8,6,3,163,2,11,0,2,2
45268,2023,12,8,6,3,465,81,2,0,2,2
45268,2023,12,8,6,4,101,78,12,1,2,2
45268,2023,12,8,6,4,153,49,11,0,4,3
45268,2023,12,8,6,3,232,11,7,0,2,2
45268,2023,12,8,6,4,101,11,12,1,3,2
45268,2023,12,8,6,4,153,11,21,1,1,1
45268,2023,12,8,6,4,40,64,12,0,3,2
45268,2023,12,8,6,4,40,33,11,0,6,3
45268,2023,12,8,6,4,230,11,9,1,2,2
45268,2023,12,8,6,4,101,67,2,1,2,2
45268,2023,12,8,6,3,104,9,1,0,1,1
45268,2023,12,8,6,3,50,15,20,0,1,1
45268,2023,12,8,6,4,290,1,11,0,3,2
45101,2023,6,24,7,1,70,80,7,0,2,2
45268,2023,12,8,6,4,101,11,12,0,6,3
45268,2023,12,8,6,4,153,7,4,0,2,1
45268,2023,12,8,6,3,50,2,11,0,2,2
45268,2023,12,8,6,4,101,11,15,0,4,3
45268,2023,12,8,6,4,277,16,12,0,2,2
45268,2023,12,8,6,3,101,28,20,0,1,1
45268,2023,12,8,6,4,116,16,9,0,5,3
45268,2023,12,8,6,4,40,1,2,1,2,2
45268,2023,12,8,6,4,280,67,20,0,1,1
45268,2023,12,8,6,4,116,5,21,1,1,1
45268,2023,12,8,6,4,316,49,4,1,1,1
45268,2023,12,8,6,4,101,33,11,0,4,2
45268,2023,12,8,6,4,470,49,20,0,1,1
45268,2023,12,8,6,4,110,67,4,0,1,1
45268,2023,12,8,6,4,230,49,20,0,1,1
45268,2023,12,8,6,4,163,18,20,0,1,1
45269,2023,12,9,7,1,40,11,12,1,3,2
45269,2023,12,9,7,1,101,44,20,0,1,1
45269,2023,12,9,7,1,116,67,4,1,1,1
45269,2023,12,9,7,1,381,60,2,1,5,5
45029,2023,4,13,5,3,101,20,11,1,2,2
45268,2023,12,8,6,4,230,67,20,0,2,1
45269,2023,12,9,7,1,381,49,20,1,5,2
45269,2023,12,9,7,1,116,49,12,0,2,2
45269,2023,12,9,7,1,116,67,3,0,1,1
45269,2023,12,9,7,1,381,11,12,0,5,2
45269,2023,12,9,7,1,373,83,20,0,1,1
45269,2023,12,9,7,1,70,18,20,1,2,1
45269,2023,12,9,7,1,116,18,20,0,1,1
45269,2023,12,9,7,1,116,67,4,1,1,1
45269,2023,12,9,7,1,10,16,12,0,3,2
45269,2023,12,9,7,1,158,52,10,0,2,2
45268,2023,12,8,6,4,155,11,4,0,2,1
45269,2023,12,9,7,1,101,49,20,1,1,1
45269,2023,12,9,7,1,20,83,4,1,2,2
45269,2023,12,9,7,1,116,49,4,0,1,1
45269,2023,12,9,7,1,369,49,10,0,2,2
45268,2023,12,8,6,4,153,83,20,0,1,1
45269,2023,12,9,7,1,60,67,20,0,2,2
45269,2023,12,9,7,1,116,11,4,1,1,1
45268,2023,12,8,6,4,116,1,11,0,3,2
45269,2023,12,9,7,1,101,16,12,0,2,2
45269,2023,12,9,7,1,116,67,4,0,3,1
45269,2023,12,9,7,1,222,52,12,1,3,3
45269,2023,12,9,7,2,101,18,20,0,1,1
45269,2023,12,9,7,2,304,2,21,0,1,1
45268,2023,12,8,6,4,116,11,4,0,1,1
45269,2023,12,9,7,2,116,52,9,1,3,3
45269,2023,12,9,7,2,262,11,20,1,1,1
45269,2023,12,9,7,2,101,52,9,1,2,2
45269,2023,12,9,7,2,470,18,7,1,4,2
45269,2023,12,9,7,2,40,28,20,0,1,1
45269,2023,12,9,7,1,116,18,4,1,1,1
45269,2023,12,9,7,2,364,11,20,0,1,1
45269,2023,12,9,7,2,60,35,2,1,2,2
45268,2023,12,8,6,4,465,1,9,0,2,2
45269,2023,12,9,7,2,277,82,12,0,11,5
45269,2023,12,9,7,2,476,11,12,1,2,2
45269,2023,12,9,7,2,423,67,7,1,2,2
45269,2023,12,9,7,2,280,1,11,0,2,2
45269,2023,12,9,7,2,163,11,12,0,3,3
45269,2023,12,9,7,2,101,16,12,1,2,2
45269,2023,12,9,7,1,174,18,20,0,1,1
45206,2023,10,7,7,4,365,2,7,0,3,2
45269,2023,12,9,7,2,101,1,11,1,4,2
45269,2023,12,9,7,2,116,16,12,1,5,3
45269,2023,12,9,7,2,376,52,9,1,2,2
45269,2023,12,9,7,2,367,33,11,1,4,2
45269,2023,12,9,7,2,101,28,21,1,2,1
45269,2023,12,9,7,2,101,67,12,1,3,2
45269,2023,12,9,7,2,367,1,11,1,4,2
45269,2023,12,9,7,2,364,1,11,1,2,2
45269,2023,12,9,7,2,101,16,12,1,2,2
45269,2023,12,9,7,2,354,82,11,1,2,2
45269,2023,12,9,7,2,381,78,12,1,2,2
45269,2023,12,9,7,2,101,1,9,0,2,2
45269,2023,12,9,7,2,153,28,20,1,1,1
45269,2023,12,9,7,2,282,11,20,0,1,1
45269,2023,12,9,7,2,101,15,7,0,4,2
45269,2023,12,9,7,2,381,67,4,0,5,1
45269,2023,12,9,7,2,343,16,9,1,2,2
45269,2023,12,9,7,2,40,16,12,1,3,2
45269,2023,12,9,7,1,343,11,20,0,1,1
45269,2023,12,9,7,2,376,67,20,0,2,1
45269,2023,12,9,7,3,40,35,2,0,2,2
45269,2023,12,9,7,3,40,81,2,1,2,2
45269,2023,12,9,7,3,262,83,3,0,4,1
45269,2023,12,9,7,3,116,83,7,0,5,2
45269,2023,12,9,7,3,101,4,4,0,2,1
45269,2023,12,9,7,2,116,67,4,0,2,1
45269,2023,12,9,7,3,277,28,21,1,2,1
45269,2023,12,9,7,3,110,81,12,1,2,2
45269,2023,12,9,7,2,40,13,4,1,1,1
45269,2023,12,9,7,3,163,83,20,0,1,1
45269,2023,12,9,7,2,116,67,3,0,3,1
45269,2023,12,9,7,3,376,16,9,0,2,2
45269,2023,12,9,7,3,101,52,9,1,2,2
45269,2023,12,9,7,3,470,1,11,1,5,3
45269,2023,12,9,7,3,104,11,12,0,5,2
45269,2023,12,9,7,3,101,80,7,0,6,2
45269,2023,12,9,7,3,163,80,7,1,4,3
45269,2023,12,9,7,3,116,67,7,1,4,2
45269,2023,12,9,7,3,116,78,9,1,3,2
45269,2023,12,9,7,3,364,1,12,0,4,2
45269,2023,12,9,7,3,116,56,4,1,1,1
45269,2023,12,9,7,3,101,67,20,0,2,1
45269,2023,12,9,7,3,469,67,15,0,3,3
45269,2023,12,9,7,3,101,50,21,0,1,1
45269,2023,12,9,7,2,116,81,12,0,4,2
45269,2023,12,9,7,3,40,1,11,1,5,2
45269,2023,12,9,7,3,40,67,20,0,1,1
45269,2023,12,9,7,3,101,49,9,1,2,2
45269,2023,12,9,7,3,235,60,2,0,2,2
45269,2023,12,9,7,3,116,78,9,1,3,2
45269,2023,12,9,7,3,40,4,3,0,2,1
45269,2023,12,9,7,3,50,44,9,1,3,2
45269,2023,12,9,7,3,30,49,12,1,2,2
45269,2023,12,9,7,4,381,16,12,0,2,2
45269,2023,12,9,7,3,40,16,12,1,3,2
45269,2023,12,9,7,3,116,11,11,1,4,3
45269,2023,12,9,7,3,101,33,20,0,2,2
45269,2023,12,9,7,3,424,82,9,0,2,2
45269,2023,12,9,7,3,210,52,11,1,3,3
45269,2023,12,9,7,3,101,16,12,1,2,2
45257,2023,11,27,2,2,282,15,3,0,2,1
45269,2023,12,9,7,4,101,48,4,0,2,2
45269,2023,12,9,7,4,116,67,20,0,1,1
45269,2023,12,9,7,4,101,11,4,1,1,1
45269,2023,12,9,7,3,381,60,2,1,3,2
45269,2023,12,9,7,3,262,20,11,0,3,2
45265,2023,12,5,3,4,407,80,7,0,3,2
45269,2023,12,9,7,3,356,80,10,0,3,2
45269,2023,12,9,7,4,222,11,15,1,3,3
45269,2023,12,9,7,3,153,52,20,0,3,1
45269,2023,12,9,7,4,101,35,2,1,3,2
45269,2023,12,9,7,4,386,67,12,1,2,2
45269,2023,12,9,7,4,70,49,12,1,3,2
45269,2023,12,9,7,4,116,81,2,1,3,2
45269,2023,12,9,7,3,40,67,20,0,3,1
45269,2023,12,9,7,3,425,1,11,0,5,2
45269,2023,12,9,7,4,116,11,9,0,3,2
45269,2023,12,9,7,4,40,1,2,1,4,2
45269,2023,12,9,7,3,280,83,3,0,2,1
45269,2023,12,9,7,4,101,49,10,0,3,2
45269,2023,12,9,7,4,381,16,12,0,2,2
45269,2023,12,9,7,4,470,11,11,0,2,2
45269,2023,12,9,7,3,104,11,10,0,2,2
45269,2023,12,9,7,4,285,11,12,0,4,3
45269,2023,12,9,7,4,369,67,12,1,6,3
45269,2023,12,9,7,4,70,11,12,1,4,2
45269,2023,12,9,7,4,369,35,2,0,3,2
45269,2023,12,9,7,3,230,60,2,1,2,2
45269,2023,12,9,7,4,343,11,9,1,2,2
45269,2023,12,9,7,3,232,61,2,1,3,2
45269,2023,12,9,7,4,232,1,7,1,3,2
45269,2023,12,9,7,4,116,81,2,0,2,2
45269,2023,12,9,7,4,230,67,2,1,2,2
45269,2023,12,9,7,4,101,83,3,1,1,1
45269,2023,12,9,7,4,116,16,12,1,4,2
45269,2023,12,9,7,3,116,83,4,0,2,2
45269,2023,12,9,7,3,153,16,12,1,3,2
45269,2023,12,9,7,4,40,83,12,1,4,2
45269,2023,12,9,7,4,101,15,21,0,1,1
45269,2023,12,9,7,4,116,67,12,0,1,1
45269,2023,12,9,7,3,470,82,7,0,2,2
45269,2023,12,9,7,4,135,67,7,0,5,2
45269,2023,12,9,7,4,116,18,4,0,2,1
45269,2023,12,9,7,4,101,52,9,1,2,2
45269,2023,12,9,7,4,392,36,12,0,2,2
45270,2023,12,10,1,1,50,49,11,0,6,2
45269,2023,12,9,7,4,222,80,7,1,3,3
45269,2023,12,9,7,4,110,1,10,1,3,3
45269,2023,12,9,7,4,10,35,2,0,2,2
45269,2023,12,9,7,4,101,9,1,0,1,1
45269,2023,12,9,7,4,407,67,7,1,2,2
45270,2023,12,10,1,1,50,67,20,1,2,1
45270,2023,12,10,1,1,116,48,12,0,2,2
45269,2023,12,9,7,4,163,11,20,0,1,1
45270,2023,12,10,1,1,116,49,20,1,1,1
45270,2023,12,10,1,1,381,11,4,0,1,1
45270,2023,12,10,1,1,343,49,4,1,2,1
45269,2023,12,9,7,4,316,49,4,1,3,3
45270,2023,12,10,1,1,163,11,20,0,1,1
45270,2023,12,10,1,1,369,18,7,0,2,2
45270,2023,12,10,1,1,163,67,20,0,1,1
45270,2023,12,10,1,1,101,48,3,0,2,2
45270,2023,12,10,1,1,163,67,20,0,2,1
45269,2023,12,9,7,4,101,82,9,1,2,2
45270,2023,12,10,1,1,101,52,9,0,2,2
45270,2023,12,10,1,1,116,49,21,1,1,1
45270,2023,12,10,1,1,277,83,20,0,1,1
45270,2023,12,10,1,1,282,35,2,0,3,3
45270,2023,12,10,1,1,230,49,12,1,2,2
45270,2023,12,10,1,1,163,67,20,0,1,1
45270,2023,12,10,1,1,116,67,20,0,5,1
45270,2023,12,10,1,1,470,15,21,0,1,1
45270,2023,12,10,1,1,277,49,4,0,1,1
45270,2023,12,10,1,1,101,83,3,0,4,1
45270,2023,12,10,1,1,80,49,12,0,2,2
45270,2023,12,10,1,1,392,1,11,1,5,2
45270,2023,12,10,1,1,101,67,20,1,1,1
45270,2023,12,10,1,1,101,18,4,0,1,1
45270,2023,12,10,1,2,393,83,20,0,1,1
45270,2023,12,10,1,1,459,49,12,0,3,3
45270,2023,12,10,1,1,174,49,20,0,1,1
45270,2023,12,10,1,2,232,11,12,0,2,2
45270,2023,12,10,1,2,101,49,4,0,2,1
45270,2023,12,10,1,1,319,9,1,0,3,2
45270,2023,12,10,1,1,153,11,7,1,3,2
45270,2023,12,10,1,2,480,83,20,1,1,1
45270,2023,12,10,1,2,392,11,12,0,2,2
45270,2023,12,10,1,1,116,80,10,1,5,2
45270,2023,12,10,1,2,174,11,20,0,1,1
45270,2023,12,10,1,2,376,49,4,0,2,1
45270,2023,12,10,1,2,232,11,12,0,2,2
45270,2023,12,10,1,2,60,11,12,0,3,3
45270,2023,12,10,1,2,116,20,11,1,2,2
45207,2023,10,8,1,2,40,67,12,1,2,2
45270,2023,12,10,1,2,230,16,12,1,2,2
45270,2023,12,10,1,2,40,16,12,1,2,2
45270,2023,12,10,1,2,116,67,12,1,2,2
45270,2023,12,10,1,2,262,83,12,0,4,3
45270,2023,12,10,1,2,101,16,12,1,3,2
45270,2023,12,10,1,2,285,49,20,0,1,1
45270,2023,12,10,1,1,101,49,20,0,1,1
45270,2023,12,10,1,2,116,78,12,1,3,2
45270,2023,12,10,1,1,364,18,20,0,1,1
45270,2023,12,10,1,2,101,18,4,0,1,1
45270,2023,12,10,1,2,277,16,12,1,2,2
45270,2023,12,10,1,2,282,83,20,0,1,1