id_data,ano,mes,dia,id_dia_semana,periodo,br,id_causa_acidente,id_tipo_acidente,id_uso_solo,pessoas,veiculos
45277,2023,12,17,1,2,116,13,21,1,2,1
45277,2023,12,17,1,1,116,18,4,1,1,1
45276,2023,12,16,7,4,465,2,7,1,3,2
45276,2023,12,16,7,3,493,83,20,0,2,1
45277,2023,12,17,1,2,101,1,2,0,2,2
45277,2023,12,17,1,2,364,67,12,0,2,2
45277,2023,12,17,1,2,101,18,20,0,1,1
45277,2023,12,17,1,2,116,67,15,1,8,5
45277,2023,12,17,1,2,116,16,12,1,3,2
45277,2023,12,17,1,2,116,44,9,1,3,2
45277,2023,12,17,1,2,381,11,4,0,4,1
45277,2023,12,17,1,2,116,83,20,0,4,1
45277,2023,12,17,1,2,40,80,10,0,3,2
45277,2023,12,17,1,2,470,11,3,0,1,1
45277,2023,12,17,1,2,135,1,11,1,3,2
45277,2023,12,17,1,2,116,66,20,0,2,1
45277,2023,12,17,1,2,101,33,11,1,2,2
45277,2023,12,17,1,2,365,29,21,1,3,2
45277,2023,12,17,1,1,122,20,11,0,3,3
45277,2023,12,17,1,2,364,67,12,0,4,2
45277,2023,12,17,1,2,277,52,20,0,1,1
45277,2023,12,17,1,2,381,2,12,0,4,2
45277,2023,12,17,1,2,153,28,18,0,1,1
45276,2023,12,16,7,4,40,52,12,1,2,2
45277,2023,12,17,1,3,158,11,11,1,2,2
45277,2023,12,17,1,2,470,33,11,1,5,2
45277,2023,12,17,1,2,116,67,9,0,4,2
45277,2023,12,17,1,3,116,17,11,1,7,3
45277,2023,12,17,1,3,381,67,11,0,5,2
45277,2023,12,17,1,3,277,67,3,0,1,1
45277,2023,12,17,1,3,101,83,21,0,1,1
45277,2023,12,17,1,3,116,67,12,1,2,2
45277,2023,12,17,1,3,116,18,20,0,1,1
45277,2023,12,17,1,3,101,11,4,0,2,2
45277,2023,12,17,1,3,381,11,7,0,2,2
45277,2023,12,17,1,3,470,67,20,0,2,2
45277,2023,12,17,1,3,280,33,11,0,2,2
45277,2023,12,17,1,3,392,4,20,0,1,1
45277,2023,12,17,1,2,356,67,3,0,1,1
45277,2023,12,17,1,3,116,67,4,0,2,1
45277,2023,12,17,1,3,316,11,20,0,2,1
45277,2023,12,17,1,2,343,72,11,1,2,2
45277,2023,12,17,1,3,153,67,12,0,4,3
45277,2023,12,17,1,2,40,11,21,0,1,1
45277,2023,12,17,1,3,376,48,20,0,1,1
45277,2023,12,17,1,3,40,67,9,1,2,2
45277,2023,12,17,1,3,116,21,3,0,1,1
45277,2023,12,17,1,3,415,12,12,0,4,2
45277,2023,12,17,1,3,277,11,4,0,5,2
45277,2023,12,17,1,3,324,81,2,1,2,2
45277,2023,12,17,1,3,116,1,7,0,3,2
45221,2023,10,22,1,3,40,1,12,0,3,2
45277,2023,12,17,1,3,101,28,20,0,6,1
45277,2023,12,17,1,3,369,18,12,0,3,2
45277,2023,12,17,1,3,40,49,21,0,1,1
45277,2023,12,17,1,3,163,11,4,0,1,1
45277,2023,12,17,1,3,163,1,11,0,2,2
45277,2023,12,17,1,3,163,67,20,0,4,1
45277,2023,12,17,1,3,316,33,11,1,3,2
45277,2023,12,17,1,3,116,33,11,1,3,2
45277,2023,12,17,1,3,277,49,11,1,2,2
45277,2023,12,17,1,2,435,82,12,0,6,4
45277,2023,12,17,1,3,282,28,18,0,1,1
45277,2023,12,17,1,3,116,67,21,1,2,1
45277,2023,12,17,1,4,459,11,20,0,2,1
45277,2023,12,17,1,3,251,67,20,0,2,2
45270,2023,12,10,1,1,20,46,18,0,51,1
45277,2023,12,17,1,4,116,2,4,1,1,1
45277,2023,12,17,1,3,60,51,20,0,3,1
45277,2023,12,17,1,3,20,1,12,0,5,2
45277,2023,12,17,1,3,316,13,20,0,1,1
45277,2023,12,17,1,4,101,33,11,0,3,2
45277,2023,12,17,1,3,40,1,20,0,1,1
45277,2023,12,17,1,3,174,80,4,0,2,2
45277,2023,12,17,1,3,232,1,12,0,2,2
45277,2023,12,17,1,4,280,67,12,1,3,2
45277,2023,12,17,1,4,40,11,4,0,2,1
45277,2023,12,17,1,4,40,1,2,1,2,2
45277,2023,12,17,1,4,232,35,2,1,2,2
45277,2023,12,17,1,4,235,83,12,1,4,3
45277,2023,12,17,1,4,163,11,2,0,2,2
45277,2023,12,17,1,3,163,2,11,1,3,2
45277,2023,12,17,1,3,222,28,12,1,2,2
45277,2023,12,17,1,3,116,13,21,1,3,2
45277,2023,12,17,1,4,285,12,4,1,2,1
45277,2023,12,17,1,3,402,67,4,0,3,2
45277,2023,12,17,1,4,110,33,11,1,2,2
45277,2023,12,17,1,3,369,29,4,1,1,1
45277,2023,12,17,1,3,242,67,20,0,6,1
45277,2023,12,17,1,3,20,52,9,1,50,5
45277,2023,12,17,1,4,163,49,20,0,1,1
45277,2023,12,17,1,4,116,11,12,1,13,4
45277,2023,12,17,1,4,40,83,12,1,5,2
45277,2023,12,17,1,3,101,13,21,0,2,1
45277,2023,12,17,1,4,470,80,7,1,2,2
45277,2023,12,17,1,3,277,49,12,0,2,2
45277,2023,12,17,1,2,251,67,21,0,2,1
45277,2023,12,17,1,4,40,16,12,1,3,3
45277,2023,12,17,1,3,101,11,15,0,3,3
45277,2023,12,17,1,3,116,83,21,0,2,2
45277,2023,12,17,1,4,146,50,10,0,4,2
45277,2023,12,17,1,4,50,67,21,0,1,1
45277,2023,12,17,1,4,419,49,20,0,3,1
45277,2023,12,17,1,4,40,11,20,0,1,1
45277,2023,12,17,1,4,163,67,21,0,1,1
45277,2023,12,17,1,4,407,11,12,0,4,1
45277,2023,12,17,1,3,402,82,9,0,3,3
45277,2023,12,17,1,4,116,11,11,0,6,2
45277,2023,12,17,1,4,116,60,2,0,2,2
45277,2023,12,17,1,4,406,49,12,0,2,2
45277,2023,12,17,1,4,116,83,12,1,2,2
45277,2023,12,17,1,4,277,1,2,1,2,2
45277,2023,12,17,1,4,319,17,11,1,5,2
45277,2023,12,17,1,4,232,80,7,0,4,2
45277,2023,12,17,1,4,277,16,12,0,2,2
45277,2023,12,17,1,4,470,67,20,0,1,1
45277,2023,12,17,1,4,376,80,10,0,6,2
45277,2023,12,17,1,4,116,67,2,0,2,2
45277,2023,12,17,1,4,116,9,1,0,2,1
45277,2023,12,17,1,4,40,80,10,0,5,2
45277,2023,12,17,1,3,242,82,7,0,8,2
45277,2023,12,17,1,4,116,49,4,1,1,1
45277,2023,12,17,1,4,110,80,7,1,3,2
45277,2023,12,17,1,1,343,80,7,1,3,2
45277,2023,12,17,1,4,116,46,2,0,5,2
45277,2023,12,17,1,2,40,67,4,0,1,1
45277,2023,12,17,1,4,10,52,10,0,3,2
45277,2023,12,17,1,4,277,11,4,1,1,1
45277,2023,12,17,1,4,116,67,20,0,4,1
45277,2023,12,17,1,4,135,52,9,1,2,2
45277,2023,12,17,1,4,116,49,12,1,2,2
45277,2023,12,17,1,4,277,49,20,0,1,1
45277,2023,12,17,1,4,116,67,21,1,1,1
45277,2023,12,17,1,4,40,80,7,0,2,2
45278,2023,12,18,2,1,277,9,20,0,2,2
45278,2023,12,18,2,1,226,49,21,0,2,1
45278,2023,12,18,2,1,290,49,4,0,1,1
45278,2023,12,18,2,1,316,52,9,0,2,2
45278,2023,12,18,2,1,262,83,20,0,2,1
45278,2023,12,18,2,1,282,49,4,0,1,1
45278,2023,12,18,2,1,251,18,20,0,4,1
45278,2023,12,18,2,1,135,11,4,0,46,1
45278,2023,12,18,2,1,101,61,2,0,2,2
45278,2023,12,18,2,1,316,11,20,0,2,1
45278,2023,12,18,2,1,163,6,21,1,1,1
45278,2023,12,18,2,2,101,18,20,0,4,1
45278,2023,12,18,2,2,101,13,21,1,2,1
45278,2023,12,18,2,1,116,11,20,0,1,1
45278,2023,12,18,2,1,459,11,20,0,1,1
45278,2023,12,18,2,2,101,52,9,1,2,2
45277,2023,12,17,1,1,101,11,4,0,2,1
45278,2023,12,18,2,2,40,1,20,0,3,1
45278,2023,12,18,2,2,101,1,11,1,2,2
45278,2023,12,18,2,2,116,52,12,1,3,2
45278,2023,12,18,2,2,40,1,21,0,1,1
45278,2023,12,18,2,2,40,1,10,0,2,2
45278,2023,12,18,2,1,282,49,20,0,1,1
45278,2023,12,18,2,2,40,11,20,0,1,1
45278,2023,12,18,2,2,354,80,10,1,2,2
45278,2023,12,18,2,2,470,80,7,0,2,2
45278,2023,12,18,2,2,386,72,11,0,2,2
45278,2023,12,18,2,2,20,78,12,1,4,4
45278,2023,12,18,2,2,470,11,11,0,2,2
45278,2023,12,18,2,2,153,16,9,1,2,2
45277,2023,12,17,1,4,493,11,20,0,2,1
45278,2023,12,18,2,2,476,44,12,1,2,2
45278,2023,12,18,2,2,480,11,12,1,3,3
45278,2023,12,18,2,2,40,1,21,0,1,1
45278,2023,12,18,2,2,364,52,9,0,2,2
45277,2023,12,17,1,4,163,49,20,1,1,1
45278,2023,12,18,2,2,101,80,7,1,2,2
45269,2023,12,9,7,2,280,28,7,0,3,2
45278,2023,12,18,2,2,116,78,9,1,4,2
45278,2023,12,18,2,2,364,67,3,0,6,1
45278,2023,12,18,2,2,40,52,9,0,2,2
45269,2023,12,9,7,4,230,11,9,1,3,2
45278,2023,12,18,2,2,174,1,11,1,2,2
45278,2023,12,18,2,2,364,33,11,1,2,2
45278,2023,12,18,2,2,101,11,12,1,2,2
45278,2023,12,18,2,2,282,11,12,0,2,2
45170,2023,9,1,6,4,135,9,1,1,2,1
45274,2023,12,14,5,2,116,16,12,1,2,2
45278,2023,12,18,2,2,135,78,12,1,2,2
45278,2023,12,18,2,2,101,52,9,1,3,2
45278,2023,12,18,2,1,116,44,12,1,3,2
45133,2023,7,26,4,3,381,28,20,0,2,1
45278,2023,12,18,2,2,222,44,12,1,3,2
45278,2023,12,18,2,2,153,67,21,0,2,1
45278,2023,12,18,2,2,101,67,20,0,2,1
45278,2023,12,18,2,2,20,82,9,0,6,2
45278,2023,12,18,2,2,163,52,9,0,3,2
45278,2023,12,18,2,2,101,16,12,0,3,3
45278,2023,12,18,2,2,412,52,7,0,5,2
45278,2023,12,18,2,2,153,9,20,0,1,1
45278,2023,12,18,2,2,101,16,9,1,3,2
45278,2023,12,18,2,2,282,67,15,1,4,4
45278,2023,12,18,2,2,282,67,11,1,2,2
45278,2023,12,18,2,2,230,67,20,0,5,1
45278,2023,12,18,2,2,101,83,9,0,2,2
45278,2023,12,18,2,3,40,18,9,1,3,2
45278,2023,12,18,2,3,290,78,9,1,2,2
45278,2023,12,18,2,3,116,20,11,1,3,2
45261,2023,12,1,6,3,116,12,11,1,2,2
45278,2023,12,18,2,3,10,83,4,0,1,1
45278,2023,12,18,2,2,262,13,20,1,2,1
45278,2023,12,18,2,3,40,11,12,0,2,2
45278,2023,12,18,2,2,425,67,20,0,1,1
45278,2023,12,18,2,3,101,1,9,0,2,2
45278,2023,12,18,2,3,104,20,11,0,2,2
45278,2023,12,18,2,3,10,67,4,1,1,1
45278,2023,12,18,2,3,369,11,12,0,2,2
45278,2023,12,18,2,3,324,52,21,0,1,1
45184,2023,9,15,6,3,116,9,1,0,1,1
45278,2023,12,18,2,3,163,28,18,0,1,1
45278,2023,12,18,2,3,116,67,12,0,3,3
45278,2023,12,18,2,3,101,52,9,1,4,2
45278,2023,12,18,2,3,40,1,11,0,5,2
45278,2023,12,18,2,2,153,67,20,0,1,1
45242,2023,11,12,1,4,116,67,20,1,4,3
45278,2023,12,18,2,3,101,67,21,0,2,1
45278,2023,12,18,2,3,116,19,12,1,3,2
45278,2023,12,18,2,3,465,1,7,1,2,2
45278,2023,12,18,2,3,60,1,11,1,2,2
45278,2023,12,18,2,3,427,11,4,0,1,1
45278,2023,12,18,2,3,10,1,11,1,3,2
45278,2023,12,18,2,3,101,12,11,1,3,2
45278,2023,12,18,2,3,405,16,12,1,2,2
45278,2023,12,18,2,3,116,67,4,0,1,1
45278,2023,12,18,2,3,259,67,20,0,1,1
45278,2023,12,18,2,3,316,4,3,0,4,1
45278,2023,12,18,2,3,381,28,18,1,1,1
45278,2023,12,18,2,3,365,51,20,1,1,1
45278,2023,12,18,2,3,70,11,12,1,2,2
45278,2023,12,18,2,3,116,1,9,1,3,3
45278,2023,12,18,2,3,116,75,4,0,1,1
45278,2023,12,18,2,3,101,61,2,1,4,2
45278,2023,12,18,2,2,262,51,21,0,1,1
45278,2023,12,18,2,3,153,1,11,1,2,2
45278,2023,12,18,2,3,354,82,12,1,2,2
45278,2023,12,18,2,3,116,82,7,0,3,2
45278,2023,12,18,2,3,277,11,12,1,3,2
45278,2023,12,18,2,4,262,83,20,0,2,1
45278,2023,12,18,2,4,116,76,12,1,4,3
45278,2023,12,18,2,3,116,67,1,1,2,2
45278,2023,12,18,2,3,267,16,12,0,2,2
45278,2023,12,18,2,3,470,13,3,1,1,1
45278,2023,12,18,2,4,153,1,11,1,5,2
45278,2023,12,18,2,3,230,5,21,1,1,1
45278,2023,12,18,2,4,40,15,9,0,6,3
45278,2023,12,18,2,4,343,82,7,0,4,2
45278,2023,12,18,2,4,381,16,9,0,4,3
45278,2023,12,18,2,3,30,28,20,0,1,1
45278,2023,12,18,2,4,60,49,9,0,7,2
45278,2023,12,18,2,4,116,11,12,1,3,2
45278,2023,12,18,2,4,392,67,7,1,4,2
45278,2023,12,18,2,3,135,72,12,1,5,2
45278,2023,12,18,2,4,277,1,11,1,2,2
45278,2023,12,18,2,4,232,16,12,1,3,2
45278,2023,12,18,2,3,40,81,9,0,3,3
45278,2023,12,18,2,4,381,13,21,0,1,1
45278,2023,12,18,2,4,280,80,7,1,5,2
45278,2023,12,18,2,4,317,11,12,0,3,2
45278,2023,12,18,2,4,101,11,20,0,14,1
45278,2023,12,18,2,4,116,28,18,1,1,1
45278,2023,12,18,2,4,101,80,12,1,3,2
45278,2023,12,18,2,4,40,28,18,1,1,1
45278,2023,12,18,2,4,40,11,12,0,4,3
45278,2023,12,18,2,4,163,67,2,0,2,2
45278,2023,12,18,2,4,465,80,11,1,2,2
45278,2023,12,18,2,4,280,49,12,1,2,2
45278,2023,12,18,2,4,101,67,10,0,2,2
45278,2023,12,18,2,4,163,49,3,1,2,2
45255,2023,11,25,7,1,407,16,12,0,2,2
45278,2023,12,18,2,4,364,49,10,0,4,2
45279,2023,12,19,3,1,153,28,18,0,26,1
45278,2023,12,18,2,4,316,11,20,0,1,1
45279,2023,12,19,3,1,381,46,2,0,4,3
45279,2023,12,19,3,1,262,9,20,0,5,1
45279,2023,12,19,3,1,101,83,20,1,1,1
45278,2023,12,18,2,4,493,20,7,1,2,2
45279,2023,12,19,3,1,40,18,21,1,1,1
45274,2023,12,14,5,2,116,11,21,0,1,1
45279,2023,12,19,3,2,101,67,9,1,2,2
45279,2023,12,19,3,1,316,67,4,0,2,1
45279,2023,12,19,3,2,116,78,9,0,2,2
45278,2023,12,18,2,4,381,72,12,0,6,2
45278,2023,12,18,2,3,116,11,21,0,1,1
45279,2023,12,19,3,2,324,78,9,1,3,3
45279,2023,12,19,3,2,50,18,20,0,1,1
45279,2023,12,19,3,2,101,2,11,0,2,2
45279,2023,12,19,3,2,101,78,9,1,3,2
45279,2023,12,19,3,2,285,83,20,1,1,1
45279,2023,12,19,3,2,101,1,11,1,2,2
45278,2023,12,18,2,4,262,68,20,0,1,1
45279,2023,12,19,3,2,364,82,9,0,2,2
45279,2023,12,19,3,2,235,13,21,1,1,1
45279,2023,12,19,3,2,230,16,12,1,2,2
45279,2023,12,19,3,2,116,78,9,1,2,2
45279,2023,12,19,3,2,116,52,12,1,2,2
45279,2023,12,19,3,2,40,52,9,1,3,3
45279,2023,12,19,3,2,235,67,11,1,2,2
45279,2023,12,19,3,2,101,4,21,0,1,1
45279,2023,12,19,3,2,163,11,12,1,3,3
45279,2023,12,19,3,2,101,16,12,1,2,2
45279,2023,12,19,3,2,153,11,12,0,3,3
45278,2023,12,18,2,4,135,80,7,0,2,2
45279,2023,12,19,3,2,101,11,9,0,2,2
45279,2023,12,19,3,1,163,28,21,0,2,1
45279,2023,12,19,3,2,282,67,21,1,1,1
45278,2023,12,18,2,4,40,67,20,0,1,1
45279,2023,12,19,3,2,116,78,9,0,4,4
45279,2023,12,19,3,2,235,67,12,0,2,2
45279,2023,12,19,3,2,101,80,11,1,2,2
45279,2023,12,19,3,2,40,28,21,1,1,1
45279,2023,12,19,3,2,369,80,7,0,8,2
45279,2023,12,19,3,2,40,80,7,0,4,2
45279,2023,12,19,3,2,116,28,21,0,2,1
45279,2023,12,19,3,2,376,11,12,1,4,4
45279,2023,12,19,3,2,116,80,7,0,2,2
45277,2023,12,17,1,4,153,49,20,0,1,1
45279,2023,12,19,3,2,230,18,10,0,5,2
45279,2023,12,19,3,2,222,67,4,0,1,1
45271,2023,12,11,2,4,174,9,1,0,1,1
45274,2023,12,14,5,4,158,28,18,0,1,1
45279,2023,12,19,3,2,40,81,9,1,3,2
45279,2023,12,19,3,2,293,18,7,1,2,2
45279,2023,12,19,3,2,101,67,9,1,2,2
45279,2023,12,19,3,2,116,17,11,1,3,2
45279,2023,12,19,3,2,381,36,9,1,3,3
45279,2023,12,19,3,2,230,16,12,1,2,2
45279,2023,12,19,3,2,290,52,9,0,3,2
45279,2023,12,19,3,2,135,11,9,1,3,2
45279,2023,12,19,3,2,101,2,12,0,2,2
45279,2023,12,19,3,2,319,1,11,1,2,2
45265,2023,12,5,3,2,20,20,11,0,2,2
45279,2023,12,19,3,2,101,1,9,1,2,2
45155,2023,8,17,5,3,101,11,12,1,2,2
45279,2023,12,19,3,3,101,67,4,0,4,1
45279,2023,12,19,3,3,101,17,11,0,4,2
45279,2023,12,19,3,3,230,78,12,0,3,3
45262,2023,12,2,7,4,369,20,11,1,2,2
45279,2023,12,19,3,3,101,18,4,0,1,1
45278,2023,12,18,2,3,222,9,1,0,2,2
45279,2023,12,19,3,3,381,67,21,1,1,1
45275,2023,12,15,6,4,116,2,12,0,3,1
45279,2023,12,19,3,2,20,52,11,1,2,2
45279,2023,12,19,3,2,493,67,15,1,10,3
45279,2023,12,19,3,2,116,64,21,1,2,1
45279,2023,12,19,3,3,262,16,12,1,4,2
45279,2023,12,19,3,3,222,52,11,1,2,2
45279,2023,12,19,3,2,277,18,20,0,1,1
45279,2023,12,19,3,3,262,18,4,1,2,2
45279,2023,12,19,3,3,116,28,9,1,2,2
45279,2023,12,19,3,3,316,64,3,0,5,1
45279,2023,12,19,3,3,232,16,12,0,2,2
45279,2023,12,19,3,3,386,35,2,0,2,1
45279,2023,12,19,3,3,290,67,12,0,2,2
45279,2023,12,19,3,3,153,20,11,1,2,2
45135,2023,7,28,6,3,116,1,11,0,2,2
45279,2023,12,19,3,2,470,16,12,1,2,2
45264,2023,12,4,2,2,116,11,12,1,4,4
45279,2023,12,19,3,3,376,80,7,1,2,2
45279,2023,12,19,3,2,163,67,12,1,2,2
45279,2023,12,19,3,3,101,28,18,1,1,1
45279,2023,12,19,3,3,50,13,3,0,1,1
45279,2023,12,19,3,3,230,11,20,0,1,1
45279,2023,12,19,3,3,364,1,11,1,4,2
45279,2023,12,19,3,3,116,67,12,0,2,2
45279,2023,12,19,3,3,101,78,10,0,4,3
45279,2023,12,19,3,3,324,28,20,0,1,1
45279,2023,12,19,3,3,470,2,7,1,2,2
45279,2023,12,19,3,3,376,72,11,1,3,3
45279,2023,12,19,3,3,262,1,7,0,4,2
45279,2023,12,19,3,3,70,1,11,1,3,2
45279,2023,12,19,3,3,364,16,9,1,3,2
45279,2023,12,19,3,3,262,1,11,1,2,2
45279,2023,12,19,3,3,277,78,9,1,2,2
45279,2023,12,19,3,3,101,48,12,1,2,2
45279,2023,12,19,3,3,40,35,2,1,6,2
45279,2023,12,19,3,3,469,1,11,1,3,2
45279,2023,12,19,3,3,364,9,20,1,1,1
45267,2023,12,7,5,2,324,81,11,1,2,2
45279,2023,12,19,3,4,40,67,4,0,1,1
45279,2023,12,19,3,3,262,1,11,0,2,2
45271,2023,12,11,2,2,116,78,9,1,2,2
45279,2023,12,19,3,3,381,67,20,0,3,1
45279,2023,12,19,3,3,226,12,12,0,2,2
45179,2023,9,10,1,1,262,9,1,0,1,1
45279,2023,12,19,3,3,364,80,7,0,8,3
45279,2023,12,19,3,3,101,11,21,0,2,2
45279,2023,12,19,3,4,101,25,4,0,1,1
45279,2023,12,19,3,4,20,35,2,0,2,2
45279,2023,12,19,3,4,153,9,1,0,1,1
45271,2023,12,11,2,2,101,28,12,0,2,2
45279,2023,12,19,3,3,361,48,2,1,2,2
45279,2023,12,19,3,4,116,28,21,0,1,1
45279,2023,12,19,3,3,101,11,12,0,2,2
45279,2023,12,19,3,4,20,11,12,0,4,4
45279,2023,12,19,3,4,280,7,21,1,1,1
45279,2023,12,19,3,3,101,64,7,0,4,2
45279,2023,12,19,3,3,158,52,9,0,4,2
45279,2023,12,19,3,4,101,49,20,1,1,1
45279,2023,12,19,3,4,376,49,4,1,1,1
45279,2023,12,19,3,4,101,83,21,0,1,1
45279,2023,12,19,3,4,116,11,20,1,1,1
45279,2023,12,19,3,4,101,28,18,0,1,1
45279,2023,12,19,3,4,386,52,12,0,2,2
45279,2023,12,19,3,4,393,61,2,0,2,2
45279,2023,12,19,3,3,40,67,12,1,3,2
45279,2023,12,19,3,4,285,56,20,0,1,1
45279,2023,12,19,3,4,365,1,12,0,6,2
45279,2023,12,19,3,4,116,67,20,0,13,1
45279,2023,12,19,3,4,324,83,4,1,1,1
45279,2023,12,19,3,4,101,9,1,0,2,1
45279,2023,12,19,3,4,423,80,10,0,3,2
45279,2023,12,19,3,3,70,4,20,0,1,1
45280,2023,12,20,4,1,116,1,9,1,3,2
45280,2023,12,20,4,1,423,18,4,0,3,2
45279,2023,12,19,3,3,365,67,12,0,2,2
45280,2023,12,20,4,1,381,18,3,0,4,1
45279,2023,12,19,3,3,116,61,2,1,3,2
45280,2023,12,20,4,1,60,4,21,0,2,1
45280,2023,12,20,4,2,101,49,4,1,1,1
45279,2023,12,19,3,4,316,1,11,1,2,2
45280,2023,12,20,4,2,282,83,20,0,3,1
45279,2023,12,19,3,4,365,18,20,0,1,1
45280,2023,12,20,4,2,116,11,9,1,3,3
45280,2023,12,20,4,2,101,1,11,1,3,2
45160,2023,8,22,3,4,116,48,2,0,2,2
45280,2023,12,20,4,2,290,52,9,0,2,2
45280,2023,12,20,4,2,101,16,12,0,2,2
45280,2023,12,20,4,2,110,33,11,0,2,2
45280,2023,12,20,4,2,20,64,20,0,1,1
45280,2023,12,20,4,2,40,67,9,1,5,2
45280,2023,12,20,4,2,116,13,4,0,2,1
45280,2023,12,20,4,1,163,11,12,0,7,2
45132,2023,7,25,3,2,262,5,20,0,4,1
45280,2023,12,20,4,2,472,83,20,0,2,1
45280,2023,12,20,4,1,230,67,21,0,1,1
45280,2023,12,20,4,2,101,11,3,0,2,1
45280,2023,12,20,4,2,153,15,20,0,3,1
45280,2023,12,20,4,2,40,20,21,0,3,2
45280,2023,12,20,4,2,343,1,11,1,3,2
45280,2023,12,20,4,2,251,15,12,0,3,2
45280,2023,12,20,4,2,316,1,11,1,3,2
45280,2023,12,20,4,2,116,11,12,1,3,2
45280,2023,12,20,4,2,101,1,9,1,2,2
45280,2023,12,20,4,2,50,13,20,0,2,1
45280,2023,12,20,4,2,364,67,9,1,2,2
45280,2023,12,20,4,2,101,28,4,1,1,1
45280,2023,12,20,4,2,423,82,7,1,2,2
45280,2023,12,20,4,2,230,67,12,1,2,2
45280,2023,12,20,4,2,365,83,20,0,4,1
45280,2023,12,20,4,2,364,16,15,1,4,3
45280,2023,12,20,4,2,235,52,9,1,3,2
45280,2023,12,20,4,2,116,11,15,0,4,4
45280,2023,12,20,4,2,364,1,11,0,3,2
45280,2023,12,20,4,2,101,67,12,1,2,2
45280,2023,12,20,4,2,116,16,9,1,2,2
45280,2023,12,20,4,2,343,33,11,1,3,2
45280,2023,12,20,4,2,116,51,20,0,1,1
45280,2023,12,20,4,2,153,1,11,1,3,3
45280,2023,12,20,4,2,20,83,20,0,2,1
45280,2023,12,20,4,2,116,1,11,0,2,2
45278,2023,12,18,2,3,70,11,12,1,2,2
45280,2023,12,20,4,2,364,15,3,0,1,1
45280,2023,12,20,4,2,101,83,4,0,2,1
45280,2023,12,20,4,2,101,21,20,0,4,1
45280,2023,12,20,4,2,235,16,12,1,2,2
45280,2023,12,20,4,2,316,1,11,1,2,2
45280,2023,12,20,4,3,158,67,11,1,2,2
45280,2023,12,20,4,3,116,67,20,0,1,1
45280,2023,12,20,4,2,251,52,7,0,5,2
45280,2023,12,20,4,2,381,11,20,0,2,1
45280,2023,12,20,4,3,376,1,11,1,3,3
45280,2023,12,20,4,3,282,16,12,0,3,2
45280,2023,12,20,4,3,476,20,11,1,3,2
45280,2023,12,20,4,3,369,52,9,1,2,2
45280,2023,12,20,4,2,163,11,12,0,7,3
45275,2023,12,15,6,4,210,16,12,1,2,2
45280,2023,12,20,4,3,101,13,21,1,2,1
45280,2023,12,20,4,3,381,80,7,1,2,2
45280,2023,12,20,4,3,101,52,12,1,2,2
45280,2023,12,20,4,3,262,67,20,1,1,1
45280,2023,12,20,4,3,280,67,12,1,2,2
45280,2023,12,20,4,3,158,82,9,0,5,2
45280,2023,12,20,4,3,60,13,20,0,4,1
45280,2023,12,20,4,3,116,81,9,1,3,2
45280,2023,12,20,4,2,40,28,18,0,1,1
45280,2023,12,20,4,3,153,28,21,1,3,2
45280,2023,12,20,4,3,493,5,12,0,2,2
45280,2023,12,20,4,3,101,11,9,1,2,2
45280,2023,12,20,4,3,230,28,21,1,2,1
45280,2023,12,20,4,3,467,56,20,0,3,3
45280,2023,12,20,4,3,285,1,11,1,2,2
45280,2023,12,20,4,3,316,11,4,1,3,2
45280,2023,12,20,4,3,277,11,12,1,2,2
45280,2023,12,20,4,2,316,11,3,0,1,1
45280,2023,12,20,4,3,70,78,9,1,2,2
45280,2023,12,20,4,3,163,1,11,1,2,2
45280,2023,12,20,4,3,163,16,12,0,13,3
45280,2023,12,20,4,3,101,78,9,1,5,4
45280,2023,12,20,4,3,376,11,21,1,2,1
45280,2023,12,20,4,3,364,82,7,0,7,2
45240,2023,11,10,6,4,324,82,7,0,7,3
45280,2023,12,20,4,3,40,52,9,1,1,1
45280,2023,12,20,4,3,40,16,9,1,2,2
45280,2023,12,20,4,3,101,1,9,1,2,2
45280,2023,12,20,4,3,235,3,21,0,2,2
45280,2023,12,20,4,3,101,83,20,0,2,1
45280,2023,12,20,4,3,485,20,9,1,2,2
45204,2023,10,5,5,3,365,1,11,1,2,2
45280,2023,12,20,4,3,364,11,12,0,4,2
45280,2023,12,20,4,3,101,49,15,1,3,3
45280,2023,12,20,4,3,381,11,15,1,5,4
45280,2023,12,20,4,3,280,16,12,0,2,2
45280,2023,12,20,4,3,101,11,12,1,3,2
45280,2023,12,20,4,3,116,11,9,1,2,1
45279,2023,12,19,3,4,174,11,20,0,1,1
45280,2023,12,20,4,3,116,52,9,1,3,3
45280,2023,12,20,4,3,262,9,20,0,1,1