id_data,ano,mes,dia,id_dia_semana,periodo,br,id_causa_acidente,id_tipo_acidente,id_uso_solo,pessoas,veiculos
45290,2023,12,30,7,3,316,16,12,0,2,2
45290,2023,12,30,7,3,101,20,9,0,2,2
45290,2023,12,30,7,3,262,1,10,1,2,2
45290,2023,12,30,7,2,101,82,20,0,3,1
45290,2023,12,30,7,3,285,67,20,0,2,2
45290,2023,12,30,7,3,40,5,12,1,4,3
45290,2023,12,30,7,2,101,83,7,0,8,3
45290,2023,12,30,7,3,116,11,20,0,1,1
45290,2023,12,30,7,3,381,11,20,0,1,1
45290,2023,12,30,7,3,369,18,20,0,2,1
45290,2023,12,30,7,3,116,67,12,0,4,2
45290,2023,12,30,7,3,70,1,11,1,2,2
45290,2023,12,30,7,3,101,67,4,1,1,1
45290,2023,12,30,7,3,116,1,11,0,3,2
45290,2023,12,30,7,3,222,28,18,1,1,1
45290,2023,12,30,7,3,70,49,20,0,1,1
45290,2023,12,30,7,3,365,4,20,0,5,1
45290,2023,12,30,7,3,381,15,3,0,4,2
45290,2023,12,30,7,3,277,49,20,0,1,1
45290,2023,12,30,7,3,386,1,11,0,2,2
45290,2023,12,30,7,3,40,64,4,1,2,1
45290,2023,12,30,7,3,381,51,4,1,2,2
45290,2023,12,30,7,3,282,60,2,1,2,2
45290,2023,12,30,7,3,116,28,21,0,2,1
45290,2023,12,30,7,2,116,83,3,0,2,1
45290,2023,12,30,7,2,381,67,4,0,1,1
45290,2023,12,30,7,3,364,67,20,0,4,1
45290,2023,12,30,7,3,381,18,9,0,2,1
45290,2023,12,30,7,3,316,9,1,0,1,1
45290,2023,12,30,7,4,101,28,18,1,1,1
45290,2023,12,30,7,3,70,83,3,0,5,1
45290,2023,12,30,7,4,116,1,11,1,6,2
45290,2023,12,30,7,4,153,67,20,0,1,1
45290,2023,12,30,7,3,116,25,12,0,3,2
45290,2023,12,30,7,4,116,33,7,1,3,2
45290,2023,12,30,7,4,116,11,20,0,2,1
45290,2023,12,30,7,4,116,11,12,1,3,2
45290,2023,12,30,7,2,101,11,12,1,2,2
45290,2023,12,30,7,3,262,49,11,1,2,2
45290,2023,12,30,7,4,116,1,11,1,3,2
45290,2023,12,30,7,4,280,1,11,1,2,2
45290,2023,12,30,7,4,262,1,11,1,2,2
45290,2023,12,30,7,4,101,19,12,1,2,2
45290,2023,12,30,7,4,116,83,12,0,3,2
45290,2023,12,30,7,4,163,11,20,0,4,1
45290,2023,12,30,7,4,153,1,11,1,2,2
45290,2023,12,30,7,4,365,67,7,1,2,2
45290,2023,12,30,7,4,116,11,12,1,2,2
45290,2023,12,30,7,4,406,80,11,0,3,2
45290,2023,12,30,7,4,20,4,20,0,5,1
45290,2023,12,30,7,3,285,1,11,0,4,2
45290,2023,12,30,7,4,235,49,4,1,1,1
45290,2023,12,30,7,4,319,1,11,1,3,3
45290,2023,12,30,7,4,101,9,1,1,1,1
45290,2023,12,30,7,3,230,49,20,1,1,1
45290,2023,12,30,7,4,40,83,20,0,1,1
45290,2023,12,30,7,4,242,67,12,0,3,2
45290,2023,12,30,7,4,101,9,11,1,4,2
45290,2023,12,30,7,4,158,67,20,0,2,1
45290,2023,12,30,7,4,316,9,1,0,2,1
45290,2023,12,30,7,4,324,11,12,0,3,2
45290,2023,12,30,7,4,230,11,20,1,1,1
45290,2023,12,30,7,4,424,80,7,0,2,2
45290,2023,12,30,7,4,280,80,7,1,4,2
45290,2023,12,30,7,4,364,4,3,0,1,1
45290,2023,12,30,7,4,230,9,1,1,2,1
45290,2023,12,30,7,4,343,1,9,0,2,2
45291,2023,12,31,1,1,70,83,20,0,1,1
45291,2023,12,31,1,1,414,49,20,0,2,1
45290,2023,12,30,7,4,230,9,1,0,2,1
45291,2023,12,31,1,1,424,67,20,1,2,1
45291,2023,12,31,1,1,101,64,21,0,1,1
45291,2023,12,31,1,1,116,49,2,0,2,2
45291,2023,12,31,1,1,116,67,4,1,1,1
45291,2023,12,31,1,1,376,83,9,0,2,2
45291,2023,12,31,1,1,101,67,4,0,1,1
45291,2023,12,31,1,1,230,11,4,1,1,1
45291,2023,12,31,1,1,158,11,9,1,2,2
45291,2023,12,31,1,1,101,49,12,0,4,2
45291,2023,12,31,1,1,101,52,20,0,5,1
45291,2023,12,31,1,1,101,49,20,0,1,1
45291,2023,12,31,1,1,116,15,20,0,2,1
45291,2023,12,31,1,1,369,83,4,1,1,1
45291,2023,12,31,1,1,101,49,20,1,1,1
45291,2023,12,31,1,1,101,49,4,0,1,1
45291,2023,12,31,1,1,376,21,4,0,1,1
45291,2023,12,31,1,1,158,49,12,0,2,2
45291,2023,12,31,1,2,459,49,20,0,1,1
45291,2023,12,31,1,1,116,83,20,0,1,1
45291,2023,12,31,1,1,40,61,2,1,2,2
45291,2023,12,31,1,2,40,15,20,0,2,1
45291,2023,12,31,1,1,324,11,20,1,1,1
45291,2023,12,31,1,2,290,52,12,0,2,2
45291,2023,12,31,1,2,116,11,2,1,2,2
45291,2023,12,31,1,1,316,1,9,1,2,1
45291,2023,12,31,1,2,290,11,12,0,2,2
45291,2023,12,31,1,2,116,83,4,1,4,1
45291,2023,12,31,1,2,135,60,2,1,3,2
45291,2023,12,31,1,1,230,9,1,0,5,1
45291,2023,12,31,1,2,280,11,7,0,6,2
45290,2023,12,30,7,3,174,67,20,0,3,2
45291,2023,12,31,1,2,40,64,4,0,4,1
45291,2023,12,31,1,2,40,4,4,0,1,1
45291,2023,12,31,1,2,116,67,20,0,4,1
45291,2023,12,31,1,1,280,11,20,0,2,1
45291,2023,12,31,1,2,20,67,3,0,4,1
45291,2023,12,31,1,2,116,67,20,1,1,1
45291,2023,12,31,1,2,116,11,9,1,6,2
45291,2023,12,31,1,2,232,61,2,1,2,2
45291,2023,12,31,1,2,101,33,11,1,2,2
45291,2023,12,31,1,2,277,16,12,0,2,2
45291,2023,12,31,1,2,101,11,3,0,2,1
45291,2023,12,31,1,2,101,9,12,1,4,3
45276,2023,12,16,7,2,277,16,12,1,5,2
45291,2023,12,31,1,2,116,16,12,1,2,2
45291,2023,12,31,1,2,290,1,12,0,8,2
45291,2023,12,31,1,2,316,11,4,1,1,1
45291,2023,12,31,1,2,381,18,20,0,1,1
45291,2023,12,31,1,2,50,13,20,0,4,1
45291,2023,12,31,1,1,30,83,4,0,1,1
45291,2023,12,31,1,2,280,64,20,0,3,1
45291,2023,12,31,1,2,277,11,3,0,1,1
45290,2023,12,30,7,2,101,67,20,0,3,1
45291,2023,12,31,1,2,324,52,9,0,3,2
45291,2023,12,31,1,2,101,1,12,1,3,2
45291,2023,12,31,1,3,101,67,20,0,1,1
45291,2023,12,31,1,2,381,83,20,0,3,1
45291,2023,12,31,1,3,116,64,20,0,6,1
45291,2023,12,31,1,2,376,67,21,0,1,1
45291,2023,12,31,1,3,135,16,12,1,3,2
45291,2023,12,31,1,2,470,20,21,0,2,2
45291,2023,12,31,1,3,101,16,12,1,3,3
45291,2023,12,31,1,3,277,67,20,0,4,1
45122,2023,7,15,7,3,277,67,21,0,2,1
45291,2023,12,31,1,3,70,18,20,0,3,1
45291,2023,12,31,1,3,277,15,4,0,4,2
45291,2023,12,31,1,3,365,15,20,0,5,1
45291,2023,12,31,1,3,153,1,12,0,3,2
45291,2023,12,31,1,3,116,81,12,1,3,2
45291,2023,12,31,1,3,381,28,18,0,2,1
45291,2023,12,31,1,2,251,4,20,0,4,1
45291,2023,12,31,1,1,324,67,3,1,1,1
45291,2023,12,31,1,3,476,83,11,0,4,2
45291,2023,12,31,1,2,242,1,11,0,4,2
45291,2023,12,31,1,3,101,16,2,1,3,3
45291,2023,12,31,1,3,158,11,20,0,1,1
45291,2023,12,31,1,3,40,67,21,1,1,1
45291,2023,12,31,1,3,277,18,20,0,5,1
45291,2023,12,31,1,3,50,83,20,0,5,1
45291,2023,12,31,1,4,101,49,20,0,1,1
45291,2023,12,31,1,4,116,11,9,0,2,2
45291,2023,12,31,1,4,116,20,7,1,2,2
45291,2023,12,31,1,4,316,49,12,0,2,2
45291,2023,12,31,1,4,465,78,11,1,3,2
45291,2023,12,31,1,4,116,20,11,1,2,2
45291,2023,12,31,1,3,343,67,20,0,1,1
45291,2023,12,31,1,4,101,16,12,1,2,2
45291,2023,12,31,1,4,230,67,9,1,4,3
45291,2023,12,31,1,3,230,11,20,1,1,1
45291,2023,12,31,1,3,40,67,4,0,1,1
45291,2023,12,31,1,4,356,49,10,1,2,2
45291,2023,12,31,1,3,429,28,18,0,2,1
45291,2023,12,31,1,3,50,67,20,0,2,1
45291,2023,12,31,1,4,163,67,20,0,1,1
45291,2023,12,31,1,4,277,67,2,0,7,2
45291,2023,12,31,1,4,20,28,18,0,1,1
45291,2023,12,31,1,4,232,1,11,0,2,2
45291,2023,12,31,1,4,116,60,2,1,3,2
45291,2023,12,31,1,4,316,67,4,0,1,1
45291,2023,12,31,1,4,116,67,20,0,2,2
45291,2023,12,31,1,4,472,9,1,0,4,1
45291,2023,12,31,1,4,472,9,1,0,2,1
45291,2023,12,31,1,4,101,49,20,0,1,1
45291,2023,12,31,1,4,20,11,2,0,2,2
45291,2023,12,31,1,4,116,49,12,1,2,2
45291,2023,12,31,1,4,153,11,20,0,1,1
45291,2023,12,31,1,4,262,15,21,0,1,1
45291,2023,12,31,1,4,101,9,1,1,2,1
45291,2023,12,31,1,4,280,67,4,0,4,2
45291,2023,12,31,1,4,101,83,21,0,2,1
45291,2023,12,31,1,4,361,67,7,1,2,2
45291,2023,12,31,1,1,282,11,20,0,1,1
45291,2023,12,31,1,4,364,11,12,0,2,2
45291,2023,12,31,1,4,50,49,12,0,5,2
45291,2023,12,31,1,3,153,16,9,1,2,2
45291,2023,12,31,1,4,365,9,1,0,1,1
45228,2023,10,29,1,4,101,49,12,1,3,2
45241,2023,11,11,7,2,60,1,11,1,7,3
45284,2023,12,24,1,1,267,49,12,0,4,2
45288,2023,12,28,5,2,317,2,12,0,2,2
45253,2023,11,23,5,3,101,52,9,1,3,2
45101,2023,6,24,7,4,262,11,10,0,3,2
45044,2023,4,28,6,4,262,20,10,1,2,2
45291,2023,12,31,1,1,101,60,2,1,2,2
45226,2023,10,27,6,3,116,15,9,1,2,2
45204,2023,10,5,5,3,386,67,20,0,1,1
45176,2023,9,7,5,2,386,67,20,1,1,1
45177,2023,9,8,6,2,40,78,12,0,2,2
45275,2023,12,15,6,1,381,67,3,1,1,1
45275,2023,12,15,6,2,101,11,12,1,2,1
45104,2023,6,27,3,4,116,49,7,0,4,2
45172,2023,9,3,1,2,101,1,11,1,3,2
45274,2023,12,14,5,2,40,16,21,1,2,1
45281,2023,12,21,5,2,163,1,9,0,4,2
45285,2023,12,25,2,1,364,83,12,1,2,2
44929,2023,1,3,3,4,153,9,1,0,3,1
45291,2023,12,31,1,3,381,72,11,0,4,2
45291,2023,12,31,1,3,116,67,4,0,1,1
45255,2023,11,25,7,4,280,83,20,0,1,1
45284,2023,12,24,1,1,153,11,12,0,3,2
45289,2023,12,29,6,4,101,52,9,1,3,2
45271,2023,12,11,2,4,285,81,4,0,1,1
45273,2023,12,13,4,3,101,16,12,1,2,2
45097,2023,6,20,3,3,116,67,12,1,3,3
45233,2023,11,3,6,2,386,67,20,0,2,1
45287,2023,12,27,4,2,110,80,10,0,4,2
45235,2023,11,5,1,3,386,11,12,1,2,2
45276,2023,12,16,7,2,381,52,9,1,4,2
45270,2023,12,10,1,3,287,33,11,1,2,2
45208,2023,10,9,2,2,230,9,1,0,1,1
45267,2023,12,7,5,4,116,11,4,1,2,2
45219,2023,10,20,6,3,116,11,9,0,2,2
44989,2023,3,4,7,3,316,63,7,1,2,2
45283,2023,12,23,7,3,116,67,4,0,2,1
45271,2023,12,11,2,2,407,1,9,1,2,2
45244,2023,11,14,3,1,153,83,12,0,2,2
45253,2023,11,23,5,2,262,9,21,1,1,1
45266,2023,12,6,4,4,364,11,21,0,1,1
45087,2023,6,10,7,2,316,5,4,0,2,1
45130,2023,7,23,1,2,316,67,20,0,1,1
45275,2023,12,15,6,3,101,67,4,0,5,3
45258,2023,11,28,3,3,282,38,9,1,2,2
45275,2023,12,15,6,2,324,67,20,0,2,1
45255,2023,11,25,7,4,267,1,11,0,2,2
45288,2023,12,28,5,2,101,11,12,1,3,3
45154,2023,8,16,4,3,232,28,18,0,1,1
45287,2023,12,27,4,3,364,67,7,0,2,2
45272,2023,12,12,3,2,116,78,12,1,3,2
45288,2023,12,28,5,4,101,16,12,1,2,2
45275,2023,12,15,6,3,393,1,11,0,6,2
45242,2023,11,12,1,2,316,20,11,0,4,2
45240,2023,11,10,6,3,101,11,15,0,5,4
45280,2023,12,20,4,2,381,78,12,1,3,2
45288,2023,12,28,5,3,116,78,9,1,3,3
45237,2023,11,7,3,2,116,51,21,1,1,1
45273,2023,12,13,4,2,116,11,9,0,2,2
45186,2023,9,17,1,3,60,49,12,1,3,2
45289,2023,12,29,6,2,428,52,12,0,2,2
44974,2023,2,17,6,2,116,49,11,0,4,2
44997,2023,3,12,1,2,101,29,21,1,1,1
45278,2023,12,18,2,1,476,9,1,0,1,1
45291,2023,12,31,1,4,316,28,18,0,3,1
45284,2023,12,24,1,3,101,67,20,0,2,1
45211,2023,10,12,5,2,101,49,4,1,2,1
45010,2023,3,25,7,1,235,67,2,0,2,2
45190,2023,9,21,5,1,104,49,20,1,1,1
45259,2023,11,29,4,2,343,81,12,1,2,2
45059,2023,5,13,7,4,434,67,12,0,2,2
45250,2023,11,20,2,3,262,83,4,0,1,1
45263,2023,12,3,1,1,50,80,7,0,4,2
45234,2023,11,4,7,4,50,11,4,0,1,1
45262,2023,12,2,7,2,369,67,12,0,2,2
45266,2023,12,6,4,3,381,1,7,0,2,2
45262,2023,12,2,7,3,470,67,20,0,5,1
45218,2023,10,19,5,4,101,67,12,0,2,2
45182,2023,9,13,4,2,262,18,7,0,3,2
45284,2023,12,24,1,4,116,1,12,0,4,2
45165,2023,8,27,1,4,272,10,2,1,3,2
45136,2023,7,29,7,3,135,52,20,1,1,1
45159,2023,8,21,2,2,476,1,12,1,2,2
45011,2023,3,26,1,3,101,49,20,0,1,1
45025,2023,4,9,1,1,381,11,20,0,1,1
45087,2023,6,10,7,3,20,49,10,0,4,2
45261,2023,12,1,6,4,267,60,2,1,2,2
45280,2023,12,20,4,2,406,20,7,1,2,2
45291,2023,12,31,1,2,116,67,20,0,3,1
45059,2023,5,13,7,1,316,49,4,0,1,1
44960,2023,2,3,6,3,116,52,11,1,2,2
45287,2023,12,27,4,4,101,50,11,1,4,3
45273,2023,12,13,4,4,470,1,11,1,2,2
45269,2023,12,9,7,4,376,1,11,1,2,2
45272,2023,12,12,3,2,381,72,11,0,2,2
45269,2023,12,9,7,2,470,49,20,1,1,1
45220,2023,10,21,7,3,267,1,11,1,3,2
45254,2023,11,24,6,4,364,41,20,1,1,1
45289,2023,12,29,6,2,365,1,11,0,3,2
45290,2023,12,30,7,2,381,16,12,0,3,2
45264,2023,12,4,2,3,277,67,20,0,2,1
45261,2023,12,1,6,3,116,16,12,1,3,2
45278,2023,12,18,2,4,153,28,18,0,6,1
45200,2023,10,1,1,3,406,49,3,0,3,1
45290,2023,12,30,7,4,316,80,7,0,6,2
45180,2023,9,11,2,2,70,67,21,0,1,1
45283,2023,12,23,7,1,60,9,3,0,4,1
45218,2023,10,19,5,2,116,78,12,1,2,2
45220,2023,10,21,7,3,369,83,4,1,2,1
45274,2023,12,14,5,3,40,11,12,1,2,2
45289,2023,12,29,6,1,230,11,21,1,1,1
45242,2023,11,12,1,2,262,20,11,0,2,2
45242,2023,11,12,1,2,101,67,7,0,7,3
45267,2023,12,7,5,2,381,56,4,0,1,1
45290,2023,12,30,7,2,101,52,20,0,6,2
45263,2023,12,3,1,3,101,16,12,0,4,3
45287,2023,12,27,4,3,101,67,12,0,2,2
45249,2023,11,19,1,4,110,11,20,0,1,1
45288,2023,12,28,5,4,324,1,11,0,2,2
45288,2023,12,28,5,4,101,35,2,0,3,2
45260,2023,11,30,5,4,290,11,20,0,1,1
45231,2023,11,1,4,2,280,80,7,0,2,2
45269,2023,12,9,7,2,364,61,2,1,2,2
45276,2023,12,16,7,4,116,78,12,1,2,2
45271,2023,12,11,2,3,116,16,12,1,2,2
45269,2023,12,9,7,3,277,1,11,0,3,3
45231,2023,11,1,4,3,101,28,18,0,1,1
45289,2023,12,29,6,3,280,16,9,1,2,2
45265,2023,12,5,3,2,101,20,12,0,3,2
45278,2023,12,18,2,3,174,1,11,1,3,3
45236,2023,11,6,2,4,135,83,20,0,2,1
45280,2023,12,20,4,3,376,11,9,1,4,3
45176,2023,9,7,5,3,116,49,12,1,2,2
45271,2023,12,11,2,3,230,11,9,1,3,2
45262,2023,12,2,7,4,101,36,12,1,5,2
45263,2023,12,3,1,2,104,16,12,1,2,2
45257,2023,11,27,2,2,343,35,2,0,2,2
45291,2023,12,31,1,3,104,35,2,0,2,2
45151,2023,8,13,1,1,343,11,4,1,2,1
45240,2023,11,10,6,3,343,11,12,1,2,2
45273,2023,12,13,4,4,407,67,11,1,2,2
45271,2023,12,11,2,2,392,1,11,1,3,2
45277,2023,12,17,1,1,116,67,12,0,2,2
45288,2023,12,28,5,3,376,16,12,0,5,5
45232,2023,11,2,5,4,376,46,21,1,1,1
45176,2023,9,7,5,2,116,2,9,1,3,3
45285,2023,12,25,2,3,153,52,15,0,4,3
45287,2023,12,27,4,2,369,63,21,1,1,1
45287,2023,12,27,4,4,242,9,1,0,2,1
44982,2023,2,25,7,1,282,49,20,0,1,1
45241,2023,11,11,7,3,262,2,21,1,3,2
45288,2023,12,28,5,3,116,72,11,1,3,3
45291,2023,12,31,1,2,230,80,7,1,2,2
45249,2023,11,19,1,2,153,52,12,1,4,1
45218,2023,10,19,5,3,101,49,20,0,1,1
45282,2023,12,22,6,3,471,2,9,1,2,2
45275,2023,12,15,6,3,316,33,7,0,3,2
45274,2023,12,14,5,4,116,28,4,1,1,1
45273,2023,12,13,4,2,242,28,18,0,1,1
45284,2023,12,24,1,4,343,67,20,0,5,1
45256,2023,11,26,1,3,101,72,11,1,2,2
45262,2023,12,2,7,1,230,80,7,0,4,3
45265,2023,12,5,3,3,381,7,21,1,1,1
45269,2023,12,9,7,4,153,11,12,1,2,2
45089,2023,6,12,2,4,369,11,21,0,2,1
45231,2023,11,1,4,2,110,28,21,0,4,1
45208,2023,10,9,2,3,101,16,12,0,2,2
44977,2023,2,20,2,4,20,49,9,0,4,2
45003,2023,3,18,7,2,101,49,12,1,3,3
45005,2023,3,20,2,4,412,49,20,0,1,1
45243,2023,11,13,2,2,230,49,4,1,3,2
45286,2023,12,26,3,3,101,67,2,0,2,2
45289,2023,12,29,6,2,465,20,12,0,2,2
45277,2023,12,17,1,1,116,83,20,1,1,1
45270,2023,12,10,1,2,174,52,11,0,7,2
45221,2023,10,22,1,2,324,83,3,0,2,1
45228,2023,10,29,1,3,277,82,7,0,8,2
45241,2023,11,11,7,3,153,4,20,0,2,1
45278,2023,12,18,2,4,101,64,21,0,1,1
45290,2023,12,30,7,4,40,67,11,0,2,2
45290,2023,12,30,7,3,493,72,11,0,2,2
45288,2023,12,28,5,2,290,52,9,0,3,2
45282,2023,12,22,6,3,135,82,11,0,2,2
45000,2023,3,15,4,3,101,67,21,1,3,2
45265,2023,12,5,3,2,262,13,20,0,2,1
45282,2023,12,22,6,3,60,28,21,1,1,1
45109,2023,7,2,1,2,20,11,12,1,2,2
45277,2023,12,17,1,1,116,52,12,1,4,3
45277,2023,12,17,1,2,304,1,9,0,6,2
45280,2023,12,20,4,3,40,51,12,1,2,2
45273,2023,12,13,4,2,324,16,12,1,2,2
45092,2023,6,15,5,2,101,11,20,1,1,1
45068,2023,5,22,2,4,262,6,21,0,1,1
45280,2023,12,20,4,2,101,19,12,1,4,2
45276,2023,12,16,7,3,343,56,4,0,1,1
45215,2023,10,16,2,2,116,67,21,1,1,1
45274,2023,12,14,5,1,101,60,2,1,2,2
45280,2023,12,20,4,3,304,1,7,0,2,2
45234,2023,11,4,7,2,101,67,12,0,3,2
45272,2023,12,12,3,3,369,82,20,0,1,1
45270,2023,12,10,1,1,101,49,7,0,3,3
45245,2023,11,15,4,3,101,1,2,1,5,2
45278,2023,12,18,2,2,101,16,15,1,3,3
45266,2023,12,6,4,2,369,80,7,0,5,2
45247,2023,11,17,6,2,232,1,11,1,3,2
45290,2023,12,30,7,3,259,16,12,0,3,2
45284,2023,12,24,1,2,316,11,9,1,4,2
45231,2023,11,1,4,3,116,52,9,1,3,2
45279,2023,12,19,3,3,364,49,9,1,2,2
45261,2023,12,1,6,4,101,1,11,0,2,2
45276,2023,12,16,7,3,101,11,12,0,2,2
45260,2023,11,30,5,2,316,11,20,0,1,1
44939,2023,1,13,6,4,70,1,10,1,2,2
45220,2023,10,21,7,3,40,64,20,0,3,1
45276,2023,12,16,7,3,101,78,9,0,3,3
45276,2023,12,16,7,1,40,49,11,1,2,2
45289,2023,12,29,6,2,116,82,9,1,3,2
45276,2023,12,16,7,4,386,1,7,0,4,2
45284,2023,12,24,1,3,364,12,4,0,2,1
45205,2023,10,6,6,2,319,82,9,1,2,2
45158,2023,8,20,1,2,153,49,20,0,1,1
45228,2023,10,29,1,4,381,48,9,1,3,3
45218,2023,10,19,5,3,277,1,12,1,2,2
45107,2023,6,30,6,3,324,1,10,0,2,2
45210,2023,10,11,4,4,376,67,9,1,2,2
45220,2023,10,21,7,3,381,6,20,0,1,1
45116,2023,7,9,1,1,174,67,20,0,2,2
45261,2023,12,1,6,2,116,67,2,0,2,2
45290,2023,12,30,7,4,324,52,9,0,3,2
45277,2023,12,17,1,3,116,67,15,1,3,3
45264,2023,12,4,2,1,116,11,20,0,1,1
45289,2023,12,29,6,1,277,67,21,1,1,1
45277,2023,12,17,1,4,153,80,7,1,2,2
45291,2023,12,31,1,3,381,83,20,0,3,1
45021,2023,4,5,4,3,262,1,11,0,2,2
45146,2023,8,8,3,2,427,16,10,0,2,2
45270,2023,12,10,1,3,262,11,12,0,4,2
45195,2023,9,26,3,3,70,44,21,1,1,1
45132,2023,7,25,3,2,116,11,12,1,2,2
45276,2023,12,16,7,2,235,33,11,1,3,2
45217,2023,10,18,4,4,116,11,2,1,7,2
45143,2023,8,5,7,4,70,67,20,1,1,1
45288,2023,12,28,5,3,101,28,18,0,1,1
45280,2023,12,20,4,3,470,1,11,1,2,2
45250,2023,11,20,2,2,376,67,21,1,1,1
45257,2023,11,27,2,2,116,61,2,1,2,2
45290,2023,12,30,7,2,116,67,21,0,2,1
45210,2023,10,11,4,1,364,67,3,1,1,1
45281,2023,12,21,5,4,427,48,2,1,2,2
45271,2023,12,11,2,4,135,60,2,1,4,2
45261,2023,12,1,6,4,153,11,15,1,3,3
45282,2023,12,22,6,4,376,82,7,0,29,3
45179,2023,9,10,1,1,40,18,4,1,1,1
45275,2023,12,15,6,1,116,1,9,1,2,2
45193,2023,9,24,1,3,210,82,9,1,3,2
45034,2023,4,18,3,3,412,63,21,0,1,1
45268,2023,12,8,6,3,70,85,20,0,1,1
45263,2023,12,3,1,4,465,67,7,1,1,1
45263,2023,12,3,1,2,386,67,7,0,4,2
45254,2023,11,24,6,4,290,16,12,1,4,3
45082,2023,6,5,2,2,40,82,20,0,2,1
45278,2023,12,18,2,3,282,4,12,0,3,3
44974,2023,2,17,6,1,290,11,20,0,1,1
45275,2023,12,15,6,3,406,1,9,1,2,2
45154,2023,8,16,4,4,50,81,12,1,3,3
45287,2023,12,27,4,2,116,83,9,1,2,2
45289,2023,12,29,6,3,251,11,12,0,2,2
45144,2023,8,6,1,3,174,49,12,1,5,2
45227,2023,10,28,7,2,104,51,7,0,10,4
45265,2023,12,5,3,4,304,49,20,1,1,1
45257,2023,11,27,2,4,282,60,2,1,4,3
45276,2023,12,16,7,2,423,16,12,0,6,2
45074,2023,5,28,1,1,235,83,20,1,1,1
44947,2023,1,21,7,3,304,49,12,1,3,2
45187,2023,9,18,2,1,364,7,20,0,2,1
45255,2023,11,25,7,2,101,81,2,0,5,2
45192,2023,9,23,7,3,242,49,7,1,2,2
45114,2023,7,7,6,3,406,82,15,0,9,6
45264,2023,12,4,2,1,324,18,20,1,1,1
45053,2023,5,7,1,3,101,49,12,0,2,2
45209,2023,10,10,3,2,376,67,21,0,1,1
45206,2023,10,7,7,3,116,67,9,0,3,2
45241,2023,11,11,7,4,343,49,21,1,1,1
45234,2023,11,4,7,4,116,18,20,0,1,1
45089,2023,6,12,2,3,116,11,12,1,3,3
45132,2023,7,25,3,2,70,61,2,1,3,3
45136,2023,7,29,7,2,242,28,20,0,2,1
45060,2023,5,14,1,3,364,16,12,0,2,2
45059,2023,5,13,7,3,369,67,9,0,3,2
45053,2023,5,7,1,2,70,49,20,0,1,1
45236,2023,11,6,2,4,392,11,1,0,2,1
45285,2023,12,25,2,3,364,4,20,1,4,1
45057,2023,5,11,5,3,116,11,21,0,1,1
45129,2023,7,22,7,3,116,78,11,0,2,2
45127,2023,7,20,5,2,277,67,2,1,2,2
45231,2023,11,1,4,4,153,49,20,0,1,1
45280,2023,12,20,4,2,386,83,20,0,1,1
45265,2023,12,5,3,4,101,10,2,1,2,2
44934,2023,1,8,1,2,343,52,7,1,2,2
45270,2023,12,10,1,3,40,28,18,1,3,1
45192,2023,9,23,7,2,101,51,11,0,2,2
45213,2023,10,14,7,3,70,67,2,1,2,2
45252,2023,11,22,4,3,101,67,1,1,3,2
45241,2023,11,11,7,4,230,52,7,0,5,4
45179,2023,9,10,1,4,381,11,9,1,5,3
45172,2023,9,3,1,2,376,80,10,0,3,2
45221,2023,10,22,1,3,381,83,20,0,1,1
44998,2023,3,13,2,2,116,35,2,0,2,2
45238,2023,11,8,4,3,153,67,12,0,1,1
45272,2023,12,12,3,4,101,16,12,1,2,2
45290,2023,12,30,7,4,476,64,21,0,1,1
45088,2023,6,11,1,4,319,9,21,1,1,1
45277,2023,12,17,1,2,393,72,12,1,2,2
45123,2023,7,16,1,4,226,52,11,1,2,2
45265,2023,12,5,3,3,101,11,21,0,1,1
45285,2023,12,25,2,3,343,20,11,0,2,2
45283,2023,12,23,7,2,470,11,11,0,3,2
45242,2023,11,12,1,4,277,63,21,1,2,1
45278,2023,12,18,2,2,116,33,11,1,2,2
45290,2023,12,30,7,2,101,16,15,0,3,3
45073,2023,5,27,7,2,251,80,7,0,6,2
45236,2023,11,6,2,2,70,49,15,1,3,3
44995,2023,3,10,6,2,376,49,20,1,1,1
45045,2023,4,29,7,3,230,49,9,1,4,2
45238,2023,11,8,4,4,324,61,2,1,2,2
45208,2023,10,9,2,3,262,11,12,1,2,2
45163,2023,8,25,6,2,277,11,21,0,2,2
45174,2023,9,5,3,1,392,49,4,0,1,1
45175,2023,9,6,4,3,101,1,11,1,2,2
45198,2023,9,29,6,3,316,82,10,0,11,3
45268,2023,12,8,6,2,316,67,3,0,1,1
45239,2023,11,9,5,2,153,82,11,0,3,2
45284,2023,12,24,1,3,163,7,21,0,2,2
45276,2023,12,16,7,3,381,16,15,0,5,4
45158,2023,8,20,1,1,101,11,12,0,2,2
45235,2023,11,5,1,3,60,16,3,0,3,2
44930,2023,1,4,4,4,381,11,2,0,3,3
45266,2023,12,6,4,3,116,2,11,1,2,2